stable_reference	noun	short_description	full_description	size	quality	weight_grams	cost	material	tags	components	builder_notes	category
renaissance_medical_barber_surgeon_case_001	case	a barber surgeon case	This barber surgeon case is made chiefly from leather for clinical surgery work in the renaissance period. Its case form is fitted for ordinary handling, storage, and inspection. The leather surface carries practical wear where this barber surgeon case is gripped, opened, or set down.	Normal	Standard	1800.0	48.0	leather	Era / Renaissance Era;Market / Medicine / Surgical Supplies;Functions / Tools / Surgical Tools	Holdable;Destroyable_Misc;FieldMedkit	Renaissance medical catalogue; category Clinical surgery.	Clinical surgery
renaissance_medical_folding_lancet_002	lancet	a folding lancet	This folding lancet is made chiefly from wrought iron for clinical surgery work in the renaissance period. Its lancet form is fitted for ordinary handling, storage, and inspection. The wrought iron surface carries practical wear where this folding lancet is gripped, opened, or set down.	Small	Standard	180.0	20.0	wrought iron	Era / Renaissance Era;Market / Medicine / Surgical Supplies;Functions / Medical Treatment / Bloodletting;Functions / Repairing / Medical Instrument	Holdable;Destroyable_Misc	Renaissance medical catalogue; category Clinical surgery.	Clinical surgery
renaissance_medical_cupping_glass_003	glass	a cupping glass	This cupping glass is made chiefly from glass for clinical surgery work in the renaissance period. Its glass form is fitted for ordinary handling, storage, and inspection. The glass surface carries practical wear where this cupping glass is gripped, opened, or set down.	Small	Standard	160.0	18.0	glass	Era / Renaissance Era;Market / Medicine / Surgical Supplies;Functions / Medical Treatment / Cupping;Functions / Repairing / Medical Instrument	Holdable;Destroyable_Misc	Renaissance medical catalogue; category Clinical surgery.	Clinical surgery
renaissance_medical_trephine_004	trephine	a trephine	This trephine is made chiefly from wrought iron for clinical surgery work in the renaissance period. Its trephine form is fitted for ordinary handling, storage, and inspection. The wrought iron surface carries practical wear where this trephine is gripped, opened, or set down.	Small	Standard	180.0	20.0	wrought iron	Era / Renaissance Era;Market / Medicine / Surgical Supplies;Functions / Tools / Surgical Tools;Functions / Repairing / Medical Instrument	Holdable;Destroyable_Misc	Renaissance medical catalogue; category Clinical surgery.	Clinical surgery
renaissance_medical_bone_saw_005	saw	a bone saw	This bone saw is made chiefly from wrought iron for clinical surgery work in the renaissance period. Its saw form is fitted for ordinary handling, storage, and inspection. The wrought iron surface carries practical wear where this bone saw is gripped, opened, or set down.	Small	Standard	180.0	20.0	wrought iron	Era / Renaissance Era;Market / Medicine / Surgical Supplies;Functions / Tools / Surgical Tools / Bonesaw;Functions / Repairing / Medical Instrument	Holdable;Destroyable_Misc	Renaissance medical catalogue; category Clinical surgery.	Clinical surgery
renaissance_medical_amputation_knife_006	knife	an amputation knife	This amputation knife is made chiefly from wrought iron for clinical surgery work in the renaissance period. Its knife form is fitted for ordinary handling, storage, and inspection. The wrought iron surface carries practical wear where this amputation knife is gripped, opened, or set down.	Small	Standard	180.0	20.0	wrought iron	Era / Renaissance Era;Market / Medicine / Surgical Supplies;Functions / Tools / Surgical Tools / Scalpel;Functions / Repairing / Medical Instrument	Holdable;Destroyable_Misc	Renaissance medical catalogue; category Clinical surgery.	Clinical surgery
renaissance_medical_wound_probe_007	probe	a wound probe	This wound probe is made chiefly from wrought iron for clinical surgery work in the renaissance period. Its probe form is fitted for ordinary handling, storage, and inspection. The wrought iron surface carries practical wear where this wound probe is gripped, opened, or set down.	Small	Standard	180.0	20.0	wrought iron	Era / Renaissance Era;Market / Medicine / Surgical Supplies;Functions / Tools / Surgical Tools / Surgical Probe;Functions / Repairing / Medical Instrument	Holdable;Destroyable_Misc	Renaissance medical catalogue; category Clinical surgery.	Clinical surgery
renaissance_medical_bullet_extractor_008	extractor	a bullet extractor	This bullet extractor is made chiefly from wrought iron for clinical surgery work in the renaissance period. Its extractor form is fitted for ordinary handling, storage, and inspection. The wrought iron surface carries practical wear where this bullet extractor is gripped, opened, or set down.	Small	Standard	180.0	20.0	wrought iron	Era / Renaissance Era;Market / Medicine / Surgical Supplies;Functions / Tools / Surgical Tools;Functions / Repairing / Medical Instrument	Holdable;Destroyable_Misc	Renaissance medical catalogue; category Clinical surgery.	Clinical surgery
renaissance_medical_artery_forceps_009	forceps	an artery forceps	This artery forceps is made chiefly from wrought iron for clinical surgery work in the renaissance period. Its forceps form is fitted for ordinary handling, storage, and inspection. The wrought iron surface carries practical wear where this artery forceps is gripped, opened, or set down.	Small	Standard	180.0	20.0	wrought iron	Era / Renaissance Era;Market / Medicine / Surgical Supplies;Functions / Tools / Surgical Tools / Forceps;Functions / Repairing / Medical Instrument	Holdable;Destroyable_Misc	Renaissance medical catalogue; category Clinical surgery.	Clinical surgery
renaissance_medical_cautery_iron_010	iron	a cautery iron	This cautery iron is made chiefly from wrought iron for clinical surgery work in the renaissance period. Its iron form is fitted for ordinary handling, storage, and inspection. The wrought iron surface carries practical wear where this cautery iron is gripped, opened, or set down.	Small	Standard	180.0	20.0	wrought iron	Era / Renaissance Era;Market / Medicine / Surgical Supplies;Functions / Tools / Surgical Tools / Cautery Iron;Functions / Repairing / Medical Instrument	Holdable;Destroyable_Misc	Renaissance medical catalogue; category Clinical surgery.	Clinical surgery
renaissance_medical_suture_needle_011	needle	a suture needle	This suture needle is made chiefly from wrought iron for clinical surgery work in the renaissance period. Its needle form is fitted for ordinary handling, storage, and inspection. The wrought iron surface carries practical wear where this suture needle is gripped, opened, or set down.	Small	Standard	180.0	20.0	wrought iron	Era / Renaissance Era;Market / Medicine / Surgical Supplies;Functions / Tools / Surgical Tools / Surgical Suture Needle;Functions / Repairing / Medical Instrument	Holdable;Destroyable_Misc;Suture_Single	Renaissance medical catalogue; category Clinical surgery.	Clinical surgery
renaissance_medical_surgical_scissors_012	scissors	a surgical scissors	This surgical scissors is made chiefly from wrought iron for clinical surgery work in the renaissance period. Its scissors form is fitted for ordinary handling, storage, and inspection. The wrought iron surface carries practical wear where this surgical scissors is gripped, opened, or set down.	Small	Standard	180.0	20.0	wrought iron	Era / Renaissance Era;Market / Medicine / Surgical Supplies;Functions / Tools / Surgical Tools;Functions / Repairing / Medical Instrument	Holdable;Destroyable_Misc	Renaissance medical catalogue; category Clinical surgery.	Clinical surgery
renaissance_medical_dental_pelican_013	pelican	a dental pelican	This dental pelican is made chiefly from wrought iron for clinical surgery work in the renaissance period. Its pelican form is fitted for ordinary handling, storage, and inspection. The wrought iron surface carries practical wear where this dental pelican is gripped, opened, or set down.	Small	Standard	180.0	20.0	wrought iron	Era / Renaissance Era;Market / Medicine / Surgical Supplies;Functions / Medical Treatment / Dental Treatment;Functions / Repairing / Medical Instrument	Holdable;Destroyable_Misc	Renaissance medical catalogue; category Clinical surgery.	Clinical surgery
renaissance_medical_dental_forceps_014	forceps	a dental forceps	This dental forceps is made chiefly from wrought iron for clinical surgery work in the renaissance period. Its forceps form is fitted for ordinary handling, storage, and inspection. The wrought iron surface carries practical wear where this dental forceps is gripped, opened, or set down.	Small	Standard	180.0	20.0	wrought iron	Era / Renaissance Era;Market / Medicine / Surgical Supplies;Functions / Medical Treatment / Dental Treatment;Functions / Repairing / Medical Instrument	Holdable;Destroyable_Misc	Renaissance medical catalogue; category Clinical surgery.	Clinical surgery
renaissance_medical_birthing_stool_015	stool	a birthing stool	This birthing stool is made chiefly from oak for clinical surgery work in the renaissance period. Its stool form is fitted for ordinary handling, storage, and inspection. The oak surface carries practical wear where this birthing stool is gripped, opened, or set down.	Normal	Standard	1800.0	48.0	oak	Era / Renaissance Era;Market / Medicine / Surgical Supplies;Functions / Medical Treatment / Obstetric Aid;Functions / Repairing / Medical Instrument	Holdable;Destroyable_Misc	Renaissance medical catalogue; category Clinical surgery.	Clinical surgery
renaissance_medical_midwife_hook_016	hook	a midwife hook	This midwife hook is made chiefly from brass for clinical surgery work in the renaissance period. Its hook form is fitted for ordinary handling, storage, and inspection. The brass surface carries practical wear where this midwife hook is gripped, opened, or set down.	Normal	Standard	1250.0	44.0	brass	Era / Renaissance Era;Market / Medicine / Surgical Supplies;Functions / Medical Treatment / Obstetric Aid;Functions / Repairing / Medical Instrument	Holdable;Destroyable_Misc	Renaissance medical catalogue; category Clinical surgery.	Clinical surgery
renaissance_medical_catheter_017	catheter	a catheter	This catheter is made chiefly from wrought iron for clinical surgery work in the renaissance period. Its catheter form is fitted for ordinary handling, storage, and inspection. The wrought iron surface carries practical wear where this catheter is gripped, opened, or set down.	Small	Standard	180.0	20.0	wrought iron	Era / Renaissance Era;Market / Medicine / Surgical Supplies;Functions / Tools / Surgical Tools;Functions / Repairing / Medical Instrument	Holdable;Destroyable_Misc	Renaissance medical catalogue; category Clinical surgery.	Clinical surgery
renaissance_medical_speculum_018	speculum	a speculum	This speculum is made chiefly from wrought iron for clinical surgery work in the renaissance period. Its speculum form is fitted for ordinary handling, storage, and inspection. The wrought iron surface carries practical wear where this speculum is gripped, opened, or set down.	Small	Standard	180.0	20.0	wrought iron	Era / Renaissance Era;Market / Medicine / Surgical Supplies;Functions / Tools / Surgical Tools / Speculum;Functions / Repairing / Medical Instrument	Holdable;Destroyable_Misc	Renaissance medical catalogue; category Clinical surgery.	Clinical surgery
renaissance_medical_enema_syringe_019	syringe	an enema syringe	This enema syringe is made chiefly from wrought iron for clinical surgery work in the renaissance period. Its syringe form is fitted for ordinary handling, storage, and inspection. The wrought iron surface carries practical wear where this enema syringe is gripped, opened, or set down.	Small	Standard	180.0	20.0	wrought iron	Era / Renaissance Era;Market / Medicine / Surgical Supplies;Functions / Tools / Surgical Tools;Functions / Repairing / Medical Instrument	Holdable;Destroyable_Misc	Renaissance medical catalogue; category Clinical surgery.	Clinical surgery
renaissance_medical_leech_jar_020	jar	a leech jar	This leech jar is made chiefly from glass for clinical surgery work in the renaissance period. Its jar form is fitted for ordinary handling, storage, and inspection. The glass surface carries practical wear where this leech jar is gripped, opened, or set down.	Small	Standard	160.0	18.0	glass	Era / Renaissance Era;Market / Medicine / Surgical Supplies;Functions / Tools / Surgical Tools;Functions / Repairing / Medical Instrument	Holdable;Destroyable_Misc	Renaissance medical catalogue; category Clinical surgery.	Clinical surgery
renaissance_medical_town_barber_surgeon_case_021	case	a town barber surgeon case	This town barber surgeon case is made chiefly from leather for clinical surgery work in the renaissance period. Its case form is fitted for town handling, storage, and inspection. The leather surface carries practical wear where this barber surgeon case is gripped, opened, or set down.	Normal	Good	1800.0	48.0	leather	Era / Renaissance Era;Market / Medicine / Surgical Supplies;Functions / Tools / Surgical Tools	Holdable;Destroyable_Misc;FieldMedkit	Renaissance medical catalogue; category Clinical surgery.	Clinical surgery
renaissance_medical_town_folding_lancet_022	lancet	a town folding lancet	This town folding lancet is made chiefly from wrought iron for clinical surgery work in the renaissance period. Its lancet form is fitted for town handling, storage, and inspection. The wrought iron surface carries practical wear where this folding lancet is gripped, opened, or set down.	Small	Good	180.0	20.0	wrought iron	Era / Renaissance Era;Market / Medicine / Surgical Supplies;Functions / Medical Treatment / Bloodletting;Functions / Repairing / Medical Instrument	Holdable;Destroyable_Misc	Renaissance medical catalogue; category Clinical surgery.	Clinical surgery
renaissance_medical_town_cupping_glass_023	glass	a town cupping glass	This town cupping glass is made chiefly from glass for clinical surgery work in the renaissance period. Its glass form is fitted for town handling, storage, and inspection. The glass surface carries practical wear where this cupping glass is gripped, opened, or set down.	Small	Good	160.0	18.0	glass	Era / Renaissance Era;Market / Medicine / Surgical Supplies;Functions / Medical Treatment / Cupping;Functions / Repairing / Medical Instrument	Holdable;Destroyable_Misc	Renaissance medical catalogue; category Clinical surgery.	Clinical surgery
renaissance_medical_town_trephine_024	trephine	a town trephine	This town trephine is made chiefly from wrought iron for clinical surgery work in the renaissance period. Its trephine form is fitted for town handling, storage, and inspection. The wrought iron surface carries practical wear where this trephine is gripped, opened, or set down.	Small	Good	180.0	20.0	wrought iron	Era / Renaissance Era;Market / Medicine / Surgical Supplies;Functions / Tools / Surgical Tools;Functions / Repairing / Medical Instrument	Holdable;Destroyable_Misc	Renaissance medical catalogue; category Clinical surgery.	Clinical surgery
renaissance_medical_town_bone_saw_025	saw	a town bone saw	This town bone saw is made chiefly from wrought iron for clinical surgery work in the renaissance period. Its saw form is fitted for town handling, storage, and inspection. The wrought iron surface carries practical wear where this bone saw is gripped, opened, or set down.	Small	Good	180.0	20.0	wrought iron	Era / Renaissance Era;Market / Medicine / Surgical Supplies;Functions / Tools / Surgical Tools / Bonesaw;Functions / Repairing / Medical Instrument	Holdable;Destroyable_Misc	Renaissance medical catalogue; category Clinical surgery.	Clinical surgery
renaissance_medical_town_amputation_knife_026	knife	a town amputation knife	This town amputation knife is made chiefly from wrought iron for clinical surgery work in the renaissance period. Its knife form is fitted for town handling, storage, and inspection. The wrought iron surface carries practical wear where this amputation knife is gripped, opened, or set down.	Small	Good	180.0	20.0	wrought iron	Era / Renaissance Era;Market / Medicine / Surgical Supplies;Functions / Tools / Surgical Tools / Scalpel;Functions / Repairing / Medical Instrument	Holdable;Destroyable_Misc	Renaissance medical catalogue; category Clinical surgery.	Clinical surgery
renaissance_medical_town_wound_probe_027	probe	a town wound probe	This town wound probe is made chiefly from wrought iron for clinical surgery work in the renaissance period. Its probe form is fitted for town handling, storage, and inspection. The wrought iron surface carries practical wear where this wound probe is gripped, opened, or set down.	Small	Good	180.0	20.0	wrought iron	Era / Renaissance Era;Market / Medicine / Surgical Supplies;Functions / Tools / Surgical Tools / Surgical Probe;Functions / Repairing / Medical Instrument	Holdable;Destroyable_Misc	Renaissance medical catalogue; category Clinical surgery.	Clinical surgery
renaissance_medical_town_bullet_extractor_028	extractor	a town bullet extractor	This town bullet extractor is made chiefly from wrought iron for clinical surgery work in the renaissance period. Its extractor form is fitted for town handling, storage, and inspection. The wrought iron surface carries practical wear where this bullet extractor is gripped, opened, or set down.	Small	Good	180.0	20.0	wrought iron	Era / Renaissance Era;Market / Medicine / Surgical Supplies;Functions / Tools / Surgical Tools;Functions / Repairing / Medical Instrument	Holdable;Destroyable_Misc	Renaissance medical catalogue; category Clinical surgery.	Clinical surgery
renaissance_medical_town_artery_forceps_029	forceps	a town artery forceps	This town artery forceps is made chiefly from wrought iron for clinical surgery work in the renaissance period. Its forceps form is fitted for town handling, storage, and inspection. The wrought iron surface carries practical wear where this artery forceps is gripped, opened, or set down.	Small	Good	180.0	20.0	wrought iron	Era / Renaissance Era;Market / Medicine / Surgical Supplies;Functions / Tools / Surgical Tools / Forceps;Functions / Repairing / Medical Instrument	Holdable;Destroyable_Misc	Renaissance medical catalogue; category Clinical surgery.	Clinical surgery
renaissance_medical_town_cautery_iron_030	iron	a town cautery iron	This town cautery iron is made chiefly from wrought iron for clinical surgery work in the renaissance period. Its iron form is fitted for town handling, storage, and inspection. The wrought iron surface carries practical wear where this cautery iron is gripped, opened, or set down.	Small	Good	180.0	20.0	wrought iron	Era / Renaissance Era;Market / Medicine / Surgical Supplies;Functions / Tools / Surgical Tools / Cautery Iron;Functions / Repairing / Medical Instrument	Holdable;Destroyable_Misc	Renaissance medical catalogue; category Clinical surgery.	Clinical surgery
renaissance_medical_town_suture_needle_031	needle	a town suture needle	This town suture needle is made chiefly from wrought iron for clinical surgery work in the renaissance period. Its needle form is fitted for town handling, storage, and inspection. The wrought iron surface carries practical wear where this suture needle is gripped, opened, or set down.	Small	Good	180.0	20.0	wrought iron	Era / Renaissance Era;Market / Medicine / Surgical Supplies;Functions / Tools / Surgical Tools / Surgical Suture Needle;Functions / Repairing / Medical Instrument	Holdable;Destroyable_Misc;Suture_Single	Renaissance medical catalogue; category Clinical surgery.	Clinical surgery
renaissance_medical_town_surgical_scissors_032	scissors	a town surgical scissors	This town surgical scissors is made chiefly from wrought iron for clinical surgery work in the renaissance period. Its scissors form is fitted for town handling, storage, and inspection. The wrought iron surface carries practical wear where this surgical scissors is gripped, opened, or set down.	Small	Good	180.0	20.0	wrought iron	Era / Renaissance Era;Market / Medicine / Surgical Supplies;Functions / Tools / Surgical Tools;Functions / Repairing / Medical Instrument	Holdable;Destroyable_Misc	Renaissance medical catalogue; category Clinical surgery.	Clinical surgery
renaissance_medical_town_dental_pelican_033	pelican	a town dental pelican	This town dental pelican is made chiefly from wrought iron for clinical surgery work in the renaissance period. Its pelican form is fitted for town handling, storage, and inspection. The wrought iron surface carries practical wear where this dental pelican is gripped, opened, or set down.	Small	Good	180.0	20.0	wrought iron	Era / Renaissance Era;Market / Medicine / Surgical Supplies;Functions / Medical Treatment / Dental Treatment;Functions / Repairing / Medical Instrument	Holdable;Destroyable_Misc	Renaissance medical catalogue; category Clinical surgery.	Clinical surgery
renaissance_medical_town_dental_forceps_034	forceps	a town dental forceps	This town dental forceps is made chiefly from wrought iron for clinical surgery work in the renaissance period. Its forceps form is fitted for town handling, storage, and inspection. The wrought iron surface carries practical wear where this dental forceps is gripped, opened, or set down.	Small	Good	180.0	20.0	wrought iron	Era / Renaissance Era;Market / Medicine / Surgical Supplies;Functions / Medical Treatment / Dental Treatment;Functions / Repairing / Medical Instrument	Holdable;Destroyable_Misc	Renaissance medical catalogue; category Clinical surgery.	Clinical surgery
renaissance_medical_town_birthing_stool_035	stool	a town birthing stool	This town birthing stool is made chiefly from oak for clinical surgery work in the renaissance period. Its stool form is fitted for town handling, storage, and inspection. The oak surface carries practical wear where this birthing stool is gripped, opened, or set down.	Normal	Good	1800.0	48.0	oak	Era / Renaissance Era;Market / Medicine / Surgical Supplies;Functions / Medical Treatment / Obstetric Aid;Functions / Repairing / Medical Instrument	Holdable;Destroyable_Misc	Renaissance medical catalogue; category Clinical surgery.	Clinical surgery
renaissance_medical_town_midwife_hook_036	hook	a town midwife hook	This town midwife hook is made chiefly from brass for clinical surgery work in the renaissance period. Its hook form is fitted for town handling, storage, and inspection. The brass surface carries practical wear where this midwife hook is gripped, opened, or set down.	Normal	Good	1250.0	44.0	brass	Era / Renaissance Era;Market / Medicine / Surgical Supplies;Functions / Medical Treatment / Obstetric Aid;Functions / Repairing / Medical Instrument	Holdable;Destroyable_Misc	Renaissance medical catalogue; category Clinical surgery.	Clinical surgery
renaissance_medical_town_catheter_037	catheter	a town catheter	This town catheter is made chiefly from wrought iron for clinical surgery work in the renaissance period. Its catheter form is fitted for town handling, storage, and inspection. The wrought iron surface carries practical wear where this catheter is gripped, opened, or set down.	Small	Good	180.0	20.0	wrought iron	Era / Renaissance Era;Market / Medicine / Surgical Supplies;Functions / Tools / Surgical Tools;Functions / Repairing / Medical Instrument	Holdable;Destroyable_Misc	Renaissance medical catalogue; category Clinical surgery.	Clinical surgery
renaissance_medical_town_speculum_038	speculum	a town speculum	This town speculum is made chiefly from wrought iron for clinical surgery work in the renaissance period. Its speculum form is fitted for town handling, storage, and inspection. The wrought iron surface carries practical wear where this speculum is gripped, opened, or set down.	Small	Good	180.0	20.0	wrought iron	Era / Renaissance Era;Market / Medicine / Surgical Supplies;Functions / Tools / Surgical Tools / Speculum;Functions / Repairing / Medical Instrument	Holdable;Destroyable_Misc	Renaissance medical catalogue; category Clinical surgery.	Clinical surgery
renaissance_medical_town_enema_syringe_039	syringe	a town enema syringe	This town enema syringe is made chiefly from wrought iron for clinical surgery work in the renaissance period. Its syringe form is fitted for town handling, storage, and inspection. The wrought iron surface carries practical wear where this enema syringe is gripped, opened, or set down.	Small	Good	180.0	20.0	wrought iron	Era / Renaissance Era;Market / Medicine / Surgical Supplies;Functions / Tools / Surgical Tools;Functions / Repairing / Medical Instrument	Holdable;Destroyable_Misc	Renaissance medical catalogue; category Clinical surgery.	Clinical surgery
renaissance_medical_town_leech_jar_040	jar	a town leech jar	This town leech jar is made chiefly from glass for clinical surgery work in the renaissance period. Its jar form is fitted for town handling, storage, and inspection. The glass surface carries practical wear where this leech jar is gripped, opened, or set down.	Small	Good	160.0	18.0	glass	Era / Renaissance Era;Market / Medicine / Surgical Supplies;Functions / Tools / Surgical Tools;Functions / Repairing / Medical Instrument	Holdable;Destroyable_Misc	Renaissance medical catalogue; category Clinical surgery.	Clinical surgery
renaissance_medical_hospital_barber_surgeon_case_041	case	a hospital barber surgeon case	This hospital barber surgeon case is made chiefly from leather for clinical surgery work in the renaissance period. Its case form is fitted for hospital handling, storage, and inspection. The leather surface carries practical wear where this barber surgeon case is gripped, opened, or set down.	Normal	VeryGood	1980.0000000000002	64.80000000000001	leather	Era / Renaissance Era;Market / Medicine / Surgical Supplies;Functions / Tools / Surgical Tools	Holdable;Destroyable_Misc;FieldMedkit	Renaissance medical catalogue; category Clinical surgery.	Clinical surgery
renaissance_medical_hospital_folding_lancet_042	lancet	a hospital folding lancet	This hospital folding lancet is made chiefly from wrought iron for clinical surgery work in the renaissance period. Its lancet form is fitted for hospital handling, storage, and inspection. The wrought iron surface carries practical wear where this folding lancet is gripped, opened, or set down.	Small	VeryGood	198.00000000000003	27.0	wrought iron	Era / Renaissance Era;Market / Medicine / Surgical Supplies;Functions / Medical Treatment / Bloodletting;Functions / Repairing / Medical Instrument	Holdable;Destroyable_Misc	Renaissance medical catalogue; category Clinical surgery.	Clinical surgery
renaissance_medical_hospital_cupping_glass_043	glass	a hospital cupping glass	This hospital cupping glass is made chiefly from glass for clinical surgery work in the renaissance period. Its glass form is fitted for hospital handling, storage, and inspection. The glass surface carries practical wear where this cupping glass is gripped, opened, or set down.	Small	VeryGood	176.0	24.3	glass	Era / Renaissance Era;Market / Medicine / Surgical Supplies;Functions / Medical Treatment / Cupping;Functions / Repairing / Medical Instrument	Holdable;Destroyable_Misc	Renaissance medical catalogue; category Clinical surgery.	Clinical surgery
renaissance_medical_hospital_trephine_044	trephine	a hospital trephine	This hospital trephine is made chiefly from wrought iron for clinical surgery work in the renaissance period. Its trephine form is fitted for hospital handling, storage, and inspection. The wrought iron surface carries practical wear where this trephine is gripped, opened, or set down.	Small	VeryGood	198.00000000000003	27.0	wrought iron	Era / Renaissance Era;Market / Medicine / Surgical Supplies;Functions / Tools / Surgical Tools;Functions / Repairing / Medical Instrument	Holdable;Destroyable_Misc	Renaissance medical catalogue; category Clinical surgery.	Clinical surgery
renaissance_medical_hospital_bone_saw_045	saw	a hospital bone saw	This hospital bone saw is made chiefly from wrought iron for clinical surgery work in the renaissance period. Its saw form is fitted for hospital handling, storage, and inspection. The wrought iron surface carries practical wear where this bone saw is gripped, opened, or set down.	Small	VeryGood	198.00000000000003	27.0	wrought iron	Era / Renaissance Era;Market / Medicine / Surgical Supplies;Functions / Tools / Surgical Tools / Bonesaw;Functions / Repairing / Medical Instrument	Holdable;Destroyable_Misc	Renaissance medical catalogue; category Clinical surgery.	Clinical surgery
renaissance_medical_hospital_amputation_knife_046	knife	a hospital amputation knife	This hospital amputation knife is made chiefly from wrought iron for clinical surgery work in the renaissance period. Its knife form is fitted for hospital handling, storage, and inspection. The wrought iron surface carries practical wear where this amputation knife is gripped, opened, or set down.	Small	VeryGood	198.00000000000003	27.0	wrought iron	Era / Renaissance Era;Market / Medicine / Surgical Supplies;Functions / Tools / Surgical Tools / Scalpel;Functions / Repairing / Medical Instrument	Holdable;Destroyable_Misc	Renaissance medical catalogue; category Clinical surgery.	Clinical surgery
renaissance_medical_hospital_wound_probe_047	probe	a hospital wound probe	This hospital wound probe is made chiefly from wrought iron for clinical surgery work in the renaissance period. Its probe form is fitted for hospital handling, storage, and inspection. The wrought iron surface carries practical wear where this wound probe is gripped, opened, or set down.	Small	VeryGood	198.00000000000003	27.0	wrought iron	Era / Renaissance Era;Market / Medicine / Surgical Supplies;Functions / Tools / Surgical Tools / Surgical Probe;Functions / Repairing / Medical Instrument	Holdable;Destroyable_Misc	Renaissance medical catalogue; category Clinical surgery.	Clinical surgery
renaissance_medical_hospital_bullet_extractor_048	extractor	a hospital bullet extractor	This hospital bullet extractor is made chiefly from wrought iron for clinical surgery work in the renaissance period. Its extractor form is fitted for hospital handling, storage, and inspection. The wrought iron surface carries practical wear where this bullet extractor is gripped, opened, or set down.	Small	VeryGood	198.00000000000003	27.0	wrought iron	Era / Renaissance Era;Market / Medicine / Surgical Supplies;Functions / Tools / Surgical Tools;Functions / Repairing / Medical Instrument	Holdable;Destroyable_Misc	Renaissance medical catalogue; category Clinical surgery.	Clinical surgery
renaissance_medical_hospital_artery_forceps_049	forceps	a hospital artery forceps	This hospital artery forceps is made chiefly from wrought iron for clinical surgery work in the renaissance period. Its forceps form is fitted for hospital handling, storage, and inspection. The wrought iron surface carries practical wear where this artery forceps is gripped, opened, or set down.	Small	VeryGood	198.00000000000003	27.0	wrought iron	Era / Renaissance Era;Market / Medicine / Surgical Supplies;Functions / Tools / Surgical Tools / Forceps;Functions / Repairing / Medical Instrument	Holdable;Destroyable_Misc	Renaissance medical catalogue; category Clinical surgery.	Clinical surgery
renaissance_medical_hospital_cautery_iron_050	iron	a hospital cautery iron	This hospital cautery iron is made chiefly from wrought iron for clinical surgery work in the renaissance period. Its iron form is fitted for hospital handling, storage, and inspection. The wrought iron surface carries practical wear where this cautery iron is gripped, opened, or set down.	Small	VeryGood	198.00000000000003	27.0	wrought iron	Era / Renaissance Era;Market / Medicine / Surgical Supplies;Functions / Tools / Surgical Tools / Cautery Iron;Functions / Repairing / Medical Instrument	Holdable;Destroyable_Misc	Renaissance medical catalogue; category Clinical surgery.	Clinical surgery
renaissance_medical_hospital_suture_needle_051	needle	a hospital suture needle	This hospital suture needle is made chiefly from wrought iron for clinical surgery work in the renaissance period. Its needle form is fitted for hospital handling, storage, and inspection. The wrought iron surface carries practical wear where this suture needle is gripped, opened, or set down.	Small	VeryGood	198.00000000000003	27.0	wrought iron	Era / Renaissance Era;Market / Medicine / Surgical Supplies;Functions / Tools / Surgical Tools / Surgical Suture Needle;Functions / Repairing / Medical Instrument	Holdable;Destroyable_Misc;Suture_Single	Renaissance medical catalogue; category Clinical surgery.	Clinical surgery
renaissance_medical_hospital_surgical_scissors_052	scissors	a hospital surgical scissors	This hospital surgical scissors is made chiefly from wrought iron for clinical surgery work in the renaissance period. Its scissors form is fitted for hospital handling, storage, and inspection. The wrought iron surface carries practical wear where this surgical scissors is gripped, opened, or set down.	Small	VeryGood	198.00000000000003	27.0	wrought iron	Era / Renaissance Era;Market / Medicine / Surgical Supplies;Functions / Tools / Surgical Tools;Functions / Repairing / Medical Instrument	Holdable;Destroyable_Misc	Renaissance medical catalogue; category Clinical surgery.	Clinical surgery
renaissance_medical_hospital_dental_pelican_053	pelican	a hospital dental pelican	This hospital dental pelican is made chiefly from wrought iron for clinical surgery work in the renaissance period. Its pelican form is fitted for hospital handling, storage, and inspection. The wrought iron surface carries practical wear where this dental pelican is gripped, opened, or set down.	Small	VeryGood	198.00000000000003	27.0	wrought iron	Era / Renaissance Era;Market / Medicine / Surgical Supplies;Functions / Medical Treatment / Dental Treatment;Functions / Repairing / Medical Instrument	Holdable;Destroyable_Misc	Renaissance medical catalogue; category Clinical surgery.	Clinical surgery
renaissance_medical_hospital_dental_forceps_054	forceps	a hospital dental forceps	This hospital dental forceps is made chiefly from wrought iron for clinical surgery work in the renaissance period. Its forceps form is fitted for hospital handling, storage, and inspection. The wrought iron surface carries practical wear where this dental forceps is gripped, opened, or set down.	Small	VeryGood	198.00000000000003	27.0	wrought iron	Era / Renaissance Era;Market / Medicine / Surgical Supplies;Functions / Medical Treatment / Dental Treatment;Functions / Repairing / Medical Instrument	Holdable;Destroyable_Misc	Renaissance medical catalogue; category Clinical surgery.	Clinical surgery
renaissance_medical_hospital_birthing_stool_055	stool	a hospital birthing stool	This hospital birthing stool is made chiefly from oak for clinical surgery work in the renaissance period. Its stool form is fitted for hospital handling, storage, and inspection. The oak surface carries practical wear where this birthing stool is gripped, opened, or set down.	Normal	VeryGood	1980.0000000000002	64.80000000000001	oak	Era / Renaissance Era;Market / Medicine / Surgical Supplies;Functions / Medical Treatment / Obstetric Aid;Functions / Repairing / Medical Instrument	Holdable;Destroyable_Misc	Renaissance medical catalogue; category Clinical surgery.	Clinical surgery
renaissance_medical_hospital_midwife_hook_056	hook	a hospital midwife hook	This hospital midwife hook is made chiefly from brass for clinical surgery work in the renaissance period. Its hook form is fitted for hospital handling, storage, and inspection. The brass surface carries practical wear where this midwife hook is gripped, opened, or set down.	Normal	VeryGood	1375.0	59.400000000000006	brass	Era / Renaissance Era;Market / Medicine / Surgical Supplies;Functions / Medical Treatment / Obstetric Aid;Functions / Repairing / Medical Instrument	Holdable;Destroyable_Misc	Renaissance medical catalogue; category Clinical surgery.	Clinical surgery
renaissance_medical_hospital_catheter_057	catheter	a hospital catheter	This hospital catheter is made chiefly from wrought iron for clinical surgery work in the renaissance period. Its catheter form is fitted for hospital handling, storage, and inspection. The wrought iron surface carries practical wear where this catheter is gripped, opened, or set down.	Small	VeryGood	198.00000000000003	27.0	wrought iron	Era / Renaissance Era;Market / Medicine / Surgical Supplies;Functions / Tools / Surgical Tools;Functions / Repairing / Medical Instrument	Holdable;Destroyable_Misc	Renaissance medical catalogue; category Clinical surgery.	Clinical surgery
renaissance_medical_hospital_speculum_058	speculum	a hospital speculum	This hospital speculum is made chiefly from wrought iron for clinical surgery work in the renaissance period. Its speculum form is fitted for hospital handling, storage, and inspection. The wrought iron surface carries practical wear where this speculum is gripped, opened, or set down.	Small	VeryGood	198.00000000000003	27.0	wrought iron	Era / Renaissance Era;Market / Medicine / Surgical Supplies;Functions / Tools / Surgical Tools / Speculum;Functions / Repairing / Medical Instrument	Holdable;Destroyable_Misc	Renaissance medical catalogue; category Clinical surgery.	Clinical surgery
renaissance_medical_hospital_enema_syringe_059	syringe	a hospital enema syringe	This hospital enema syringe is made chiefly from wrought iron for clinical surgery work in the renaissance period. Its syringe form is fitted for hospital handling, storage, and inspection. The wrought iron surface carries practical wear where this enema syringe is gripped, opened, or set down.	Small	VeryGood	198.00000000000003	27.0	wrought iron	Era / Renaissance Era;Market / Medicine / Surgical Supplies;Functions / Tools / Surgical Tools;Functions / Repairing / Medical Instrument	Holdable;Destroyable_Misc	Renaissance medical catalogue; category Clinical surgery.	Clinical surgery
renaissance_medical_hospital_leech_jar_060	jar	a hospital leech jar	This hospital leech jar is made chiefly from glass for clinical surgery work in the renaissance period. Its jar form is fitted for hospital handling, storage, and inspection. The glass surface carries practical wear where this leech jar is gripped, opened, or set down.	Small	VeryGood	176.0	24.3	glass	Era / Renaissance Era;Market / Medicine / Surgical Supplies;Functions / Tools / Surgical Tools;Functions / Repairing / Medical Instrument	Holdable;Destroyable_Misc	Renaissance medical catalogue; category Clinical surgery.	Clinical surgery
renaissance_medical_naval_barber_surgeon_case_061	case	a naval barber surgeon case	This naval barber surgeon case is made chiefly from leather for clinical surgery work in the renaissance period. Its case form is fitted for naval handling, storage, and inspection. The leather surface carries practical wear where this barber surgeon case is gripped, opened, or set down.	Normal	Good	1530.0	57.599999999999994	leather	Era / Renaissance Era;Market / Medicine / Surgical Supplies;Functions / Tools / Surgical Tools;Institution / Maritime	Holdable;Destroyable_Misc;FieldMedkit	Renaissance medical catalogue; category Clinical surgery.	Clinical surgery
renaissance_medical_naval_folding_lancet_062	lancet	a naval folding lancet	This naval folding lancet is made chiefly from wrought iron for clinical surgery work in the renaissance period. Its lancet form is fitted for naval handling, storage, and inspection. The wrought iron surface carries practical wear where this folding lancet is gripped, opened, or set down.	Small	Good	153.0	24.0	wrought iron	Era / Renaissance Era;Market / Medicine / Surgical Supplies;Functions / Medical Treatment / Bloodletting;Institution / Maritime;Functions / Repairing / Medical Instrument	Holdable;Destroyable_Misc	Renaissance medical catalogue; category Clinical surgery.	Clinical surgery
renaissance_medical_naval_cupping_glass_063	glass	a naval cupping glass	This naval cupping glass is made chiefly from glass for clinical surgery work in the renaissance period. Its glass form is fitted for naval handling, storage, and inspection. The glass surface carries practical wear where this cupping glass is gripped, opened, or set down.	Small	Good	136.0	21.599999999999998	glass	Era / Renaissance Era;Market / Medicine / Surgical Supplies;Functions / Medical Treatment / Cupping;Institution / Maritime;Functions / Repairing / Medical Instrument	Holdable;Destroyable_Misc	Renaissance medical catalogue; category Clinical surgery.	Clinical surgery
renaissance_medical_naval_trephine_064	trephine	a naval trephine	This naval trephine is made chiefly from wrought iron for clinical surgery work in the renaissance period. Its trephine form is fitted for naval handling, storage, and inspection. The wrought iron surface carries practical wear where this trephine is gripped, opened, or set down.	Small	Good	153.0	24.0	wrought iron	Era / Renaissance Era;Market / Medicine / Surgical Supplies;Functions / Tools / Surgical Tools;Institution / Maritime;Functions / Repairing / Medical Instrument	Holdable;Destroyable_Misc	Renaissance medical catalogue; category Clinical surgery.	Clinical surgery
renaissance_medical_naval_bone_saw_065	saw	a naval bone saw	This naval bone saw is made chiefly from wrought iron for clinical surgery work in the renaissance period. Its saw form is fitted for naval handling, storage, and inspection. The wrought iron surface carries practical wear where this bone saw is gripped, opened, or set down.	Small	Good	153.0	24.0	wrought iron	Era / Renaissance Era;Market / Medicine / Surgical Supplies;Functions / Tools / Surgical Tools / Bonesaw;Institution / Maritime;Functions / Repairing / Medical Instrument	Holdable;Destroyable_Misc	Renaissance medical catalogue; category Clinical surgery.	Clinical surgery
renaissance_medical_naval_amputation_knife_066	knife	a naval amputation knife	This naval amputation knife is made chiefly from wrought iron for clinical surgery work in the renaissance period. Its knife form is fitted for naval handling, storage, and inspection. The wrought iron surface carries practical wear where this amputation knife is gripped, opened, or set down.	Small	Good	153.0	24.0	wrought iron	Era / Renaissance Era;Market / Medicine / Surgical Supplies;Functions / Tools / Surgical Tools / Scalpel;Institution / Maritime;Functions / Repairing / Medical Instrument	Holdable;Destroyable_Misc	Renaissance medical catalogue; category Clinical surgery.	Clinical surgery
renaissance_medical_naval_wound_probe_067	probe	a naval wound probe	This naval wound probe is made chiefly from wrought iron for clinical surgery work in the renaissance period. Its probe form is fitted for naval handling, storage, and inspection. The wrought iron surface carries practical wear where this wound probe is gripped, opened, or set down.	Small	Good	153.0	24.0	wrought iron	Era / Renaissance Era;Market / Medicine / Surgical Supplies;Functions / Tools / Surgical Tools / Surgical Probe;Institution / Maritime;Functions / Repairing / Medical Instrument	Holdable;Destroyable_Misc	Renaissance medical catalogue; category Clinical surgery.	Clinical surgery
renaissance_medical_naval_bullet_extractor_068	extractor	a naval bullet extractor	This naval bullet extractor is made chiefly from wrought iron for clinical surgery work in the renaissance period. Its extractor form is fitted for naval handling, storage, and inspection. The wrought iron surface carries practical wear where this bullet extractor is gripped, opened, or set down.	Small	Good	153.0	24.0	wrought iron	Era / Renaissance Era;Market / Medicine / Surgical Supplies;Functions / Tools / Surgical Tools;Institution / Maritime;Functions / Repairing / Medical Instrument	Holdable;Destroyable_Misc	Renaissance medical catalogue; category Clinical surgery.	Clinical surgery
renaissance_medical_naval_artery_forceps_069	forceps	a naval artery forceps	This naval artery forceps is made chiefly from wrought iron for clinical surgery work in the renaissance period. Its forceps form is fitted for naval handling, storage, and inspection. The wrought iron surface carries practical wear where this artery forceps is gripped, opened, or set down.	Small	Good	153.0	24.0	wrought iron	Era / Renaissance Era;Market / Medicine / Surgical Supplies;Functions / Tools / Surgical Tools / Forceps;Institution / Maritime;Functions / Repairing / Medical Instrument	Holdable;Destroyable_Misc	Renaissance medical catalogue; category Clinical surgery.	Clinical surgery
renaissance_medical_naval_cautery_iron_070	iron	a naval cautery iron	This naval cautery iron is made chiefly from wrought iron for clinical surgery work in the renaissance period. Its iron form is fitted for naval handling, storage, and inspection. The wrought iron surface carries practical wear where this cautery iron is gripped, opened, or set down.	Small	Good	153.0	24.0	wrought iron	Era / Renaissance Era;Market / Medicine / Surgical Supplies;Functions / Tools / Surgical Tools / Cautery Iron;Institution / Maritime;Functions / Repairing / Medical Instrument	Holdable;Destroyable_Misc	Renaissance medical catalogue; category Clinical surgery.	Clinical surgery
renaissance_medical_naval_suture_needle_071	needle	a naval suture needle	This naval suture needle is made chiefly from wrought iron for clinical surgery work in the renaissance period. Its needle form is fitted for naval handling, storage, and inspection. The wrought iron surface carries practical wear where this suture needle is gripped, opened, or set down.	Small	Good	153.0	24.0	wrought iron	Era / Renaissance Era;Market / Medicine / Surgical Supplies;Functions / Tools / Surgical Tools / Surgical Suture Needle;Institution / Maritime;Functions / Repairing / Medical Instrument	Holdable;Destroyable_Misc;Suture_Single	Renaissance medical catalogue; category Clinical surgery.	Clinical surgery
renaissance_medical_naval_surgical_scissors_072	scissors	a naval surgical scissors	This naval surgical scissors is made chiefly from wrought iron for clinical surgery work in the renaissance period. Its scissors form is fitted for naval handling, storage, and inspection. The wrought iron surface carries practical wear where this surgical scissors is gripped, opened, or set down.	Small	Good	153.0	24.0	wrought iron	Era / Renaissance Era;Market / Medicine / Surgical Supplies;Functions / Tools / Surgical Tools;Institution / Maritime;Functions / Repairing / Medical Instrument	Holdable;Destroyable_Misc	Renaissance medical catalogue; category Clinical surgery.	Clinical surgery
renaissance_medical_naval_dental_pelican_073	pelican	a naval dental pelican	This naval dental pelican is made chiefly from wrought iron for clinical surgery work in the renaissance period. Its pelican form is fitted for naval handling, storage, and inspection. The wrought iron surface carries practical wear where this dental pelican is gripped, opened, or set down.	Small	Good	153.0	24.0	wrought iron	Era / Renaissance Era;Market / Medicine / Surgical Supplies;Functions / Medical Treatment / Dental Treatment;Institution / Maritime;Functions / Repairing / Medical Instrument	Holdable;Destroyable_Misc	Renaissance medical catalogue; category Clinical surgery.	Clinical surgery
renaissance_medical_naval_dental_forceps_074	forceps	a naval dental forceps	This naval dental forceps is made chiefly from wrought iron for clinical surgery work in the renaissance period. Its forceps form is fitted for naval handling, storage, and inspection. The wrought iron surface carries practical wear where this dental forceps is gripped, opened, or set down.	Small	Good	153.0	24.0	wrought iron	Era / Renaissance Era;Market / Medicine / Surgical Supplies;Functions / Medical Treatment / Dental Treatment;Institution / Maritime;Functions / Repairing / Medical Instrument	Holdable;Destroyable_Misc	Renaissance medical catalogue; category Clinical surgery.	Clinical surgery
renaissance_medical_naval_birthing_stool_075	stool	a naval birthing stool	This naval birthing stool is made chiefly from oak for clinical surgery work in the renaissance period. Its stool form is fitted for naval handling, storage, and inspection. The oak surface carries practical wear where this birthing stool is gripped, opened, or set down.	Normal	Good	1530.0	57.599999999999994	oak	Era / Renaissance Era;Market / Medicine / Surgical Supplies;Functions / Medical Treatment / Obstetric Aid;Institution / Maritime;Functions / Repairing / Medical Instrument	Holdable;Destroyable_Misc	Renaissance medical catalogue; category Clinical surgery.	Clinical surgery
renaissance_medical_naval_midwife_hook_076	hook	a naval midwife hook	This naval midwife hook is made chiefly from brass for clinical surgery work in the renaissance period. Its hook form is fitted for naval handling, storage, and inspection. The brass surface carries practical wear where this midwife hook is gripped, opened, or set down.	Normal	Good	1062.5	52.8	brass	Era / Renaissance Era;Market / Medicine / Surgical Supplies;Functions / Medical Treatment / Obstetric Aid;Institution / Maritime;Functions / Repairing / Medical Instrument	Holdable;Destroyable_Misc	Renaissance medical catalogue; category Clinical surgery.	Clinical surgery
renaissance_medical_naval_catheter_077	catheter	a naval catheter	This naval catheter is made chiefly from wrought iron for clinical surgery work in the renaissance period. Its catheter form is fitted for naval handling, storage, and inspection. The wrought iron surface carries practical wear where this catheter is gripped, opened, or set down.	Small	Good	153.0	24.0	wrought iron	Era / Renaissance Era;Market / Medicine / Surgical Supplies;Functions / Tools / Surgical Tools;Institution / Maritime;Functions / Repairing / Medical Instrument	Holdable;Destroyable_Misc	Renaissance medical catalogue; category Clinical surgery.	Clinical surgery
renaissance_medical_naval_speculum_078	speculum	a naval speculum	This naval speculum is made chiefly from wrought iron for clinical surgery work in the renaissance period. Its speculum form is fitted for naval handling, storage, and inspection. The wrought iron surface carries practical wear where this speculum is gripped, opened, or set down.	Small	Good	153.0	24.0	wrought iron	Era / Renaissance Era;Market / Medicine / Surgical Supplies;Functions / Tools / Surgical Tools / Speculum;Institution / Maritime;Functions / Repairing / Medical Instrument	Holdable;Destroyable_Misc	Renaissance medical catalogue; category Clinical surgery.	Clinical surgery
renaissance_medical_naval_enema_syringe_079	syringe	a naval enema syringe	This naval enema syringe is made chiefly from wrought iron for clinical surgery work in the renaissance period. Its syringe form is fitted for naval handling, storage, and inspection. The wrought iron surface carries practical wear where this enema syringe is gripped, opened, or set down.	Small	Good	153.0	24.0	wrought iron	Era / Renaissance Era;Market / Medicine / Surgical Supplies;Functions / Tools / Surgical Tools;Institution / Maritime;Functions / Repairing / Medical Instrument	Holdable;Destroyable_Misc	Renaissance medical catalogue; category Clinical surgery.	Clinical surgery
renaissance_medical_naval_leech_jar_080	jar	a naval leech jar	This naval leech jar is made chiefly from glass for clinical surgery work in the renaissance period. Its jar form is fitted for naval handling, storage, and inspection. The glass surface carries practical wear where this leech jar is gripped, opened, or set down.	Small	Good	136.0	21.599999999999998	glass	Era / Renaissance Era;Market / Medicine / Surgical Supplies;Functions / Tools / Surgical Tools;Institution / Maritime;Functions / Repairing / Medical Instrument	Holdable;Destroyable_Misc	Renaissance medical catalogue; category Clinical surgery.	Clinical surgery
renaissance_medical_workshop_barber_surgeon_case_081	case	a workshop barber surgeon case	This workshop barber surgeon case is made chiefly from leather for clinical surgery work in the renaissance period. Its case form is fitted for workshop handling, storage, and inspection. The leather surface carries practical wear where this barber surgeon case is gripped, opened, or set down.	Normal	Good	1800.0	55.199999999999996	leather	Era / Renaissance Era;Market / Medicine / Surgical Supplies;Functions / Tools / Surgical Tools;Institution / Guild	Holdable;Destroyable_Misc;FieldMedkit	Renaissance medical catalogue; category Clinical surgery.	Clinical surgery
renaissance_medical_workshop_folding_lancet_082	lancet	a workshop folding lancet	This workshop folding lancet is made chiefly from wrought iron for clinical surgery work in the renaissance period. Its lancet form is fitted for workshop handling, storage, and inspection. The wrought iron surface carries practical wear where this folding lancet is gripped, opened, or set down.	Small	Good	180.0	23.0	wrought iron	Era / Renaissance Era;Market / Medicine / Surgical Supplies;Functions / Medical Treatment / Bloodletting;Institution / Guild;Functions / Repairing / Medical Instrument	Holdable;Destroyable_Misc	Renaissance medical catalogue; category Clinical surgery.	Clinical surgery
renaissance_medical_workshop_cupping_glass_083	glass	a workshop cupping glass	This workshop cupping glass is made chiefly from glass for clinical surgery work in the renaissance period. Its glass form is fitted for workshop handling, storage, and inspection. The glass surface carries practical wear where this cupping glass is gripped, opened, or set down.	Small	Good	160.0	20.7	glass	Era / Renaissance Era;Market / Medicine / Surgical Supplies;Functions / Medical Treatment / Cupping;Institution / Guild;Functions / Repairing / Medical Instrument	Holdable;Destroyable_Misc	Renaissance medical catalogue; category Clinical surgery.	Clinical surgery
renaissance_medical_workshop_trephine_084	trephine	a workshop trephine	This workshop trephine is made chiefly from wrought iron for clinical surgery work in the renaissance period. Its trephine form is fitted for workshop handling, storage, and inspection. The wrought iron surface carries practical wear where this trephine is gripped, opened, or set down.	Small	Good	180.0	23.0	wrought iron	Era / Renaissance Era;Market / Medicine / Surgical Supplies;Functions / Tools / Surgical Tools;Institution / Guild;Functions / Repairing / Medical Instrument	Holdable;Destroyable_Misc	Renaissance medical catalogue; category Clinical surgery.	Clinical surgery
renaissance_medical_workshop_bone_saw_085	saw	a workshop bone saw	This workshop bone saw is made chiefly from wrought iron for clinical surgery work in the renaissance period. Its saw form is fitted for workshop handling, storage, and inspection. The wrought iron surface carries practical wear where this bone saw is gripped, opened, or set down.	Small	Good	180.0	23.0	wrought iron	Era / Renaissance Era;Market / Medicine / Surgical Supplies;Functions / Tools / Surgical Tools / Bonesaw;Institution / Guild;Functions / Repairing / Medical Instrument	Holdable;Destroyable_Misc	Renaissance medical catalogue; category Clinical surgery.	Clinical surgery
renaissance_medical_workshop_amputation_knife_086	knife	a workshop amputation knife	This workshop amputation knife is made chiefly from wrought iron for clinical surgery work in the renaissance period. Its knife form is fitted for workshop handling, storage, and inspection. The wrought iron surface carries practical wear where this amputation knife is gripped, opened, or set down.	Small	Good	180.0	23.0	wrought iron	Era / Renaissance Era;Market / Medicine / Surgical Supplies;Functions / Tools / Surgical Tools / Scalpel;Institution / Guild;Functions / Repairing / Medical Instrument	Holdable;Destroyable_Misc	Renaissance medical catalogue; category Clinical surgery.	Clinical surgery
renaissance_medical_workshop_wound_probe_087	probe	a workshop wound probe	This workshop wound probe is made chiefly from wrought iron for clinical surgery work in the renaissance period. Its probe form is fitted for workshop handling, storage, and inspection. The wrought iron surface carries practical wear where this wound probe is gripped, opened, or set down.	Small	Good	180.0	23.0	wrought iron	Era / Renaissance Era;Market / Medicine / Surgical Supplies;Functions / Tools / Surgical Tools / Surgical Probe;Institution / Guild;Functions / Repairing / Medical Instrument	Holdable;Destroyable_Misc	Renaissance medical catalogue; category Clinical surgery.	Clinical surgery
renaissance_medical_workshop_bullet_extractor_088	extractor	a workshop bullet extractor	This workshop bullet extractor is made chiefly from wrought iron for clinical surgery work in the renaissance period. Its extractor form is fitted for workshop handling, storage, and inspection. The wrought iron surface carries practical wear where this bullet extractor is gripped, opened, or set down.	Small	Good	180.0	23.0	wrought iron	Era / Renaissance Era;Market / Medicine / Surgical Supplies;Functions / Tools / Surgical Tools;Institution / Guild;Functions / Repairing / Medical Instrument	Holdable;Destroyable_Misc	Renaissance medical catalogue; category Clinical surgery.	Clinical surgery
renaissance_medical_workshop_artery_forceps_089	forceps	a workshop artery forceps	This workshop artery forceps is made chiefly from wrought iron for clinical surgery work in the renaissance period. Its forceps form is fitted for workshop handling, storage, and inspection. The wrought iron surface carries practical wear where this artery forceps is gripped, opened, or set down.	Small	Good	180.0	23.0	wrought iron	Era / Renaissance Era;Market / Medicine / Surgical Supplies;Functions / Tools / Surgical Tools / Forceps;Institution / Guild;Functions / Repairing / Medical Instrument	Holdable;Destroyable_Misc	Renaissance medical catalogue; category Clinical surgery.	Clinical surgery
renaissance_medical_workshop_cautery_iron_090	iron	a workshop cautery iron	This workshop cautery iron is made chiefly from wrought iron for clinical surgery work in the renaissance period. Its iron form is fitted for workshop handling, storage, and inspection. The wrought iron surface carries practical wear where this cautery iron is gripped, opened, or set down.	Small	Good	180.0	23.0	wrought iron	Era / Renaissance Era;Market / Medicine / Surgical Supplies;Functions / Tools / Surgical Tools / Cautery Iron;Institution / Guild;Functions / Repairing / Medical Instrument	Holdable;Destroyable_Misc	Renaissance medical catalogue; category Clinical surgery.	Clinical surgery
renaissance_medical_workshop_suture_needle_091	needle	a workshop suture needle	This workshop suture needle is made chiefly from wrought iron for clinical surgery work in the renaissance period. Its needle form is fitted for workshop handling, storage, and inspection. The wrought iron surface carries practical wear where this suture needle is gripped, opened, or set down.	Small	Good	180.0	23.0	wrought iron	Era / Renaissance Era;Market / Medicine / Surgical Supplies;Functions / Tools / Surgical Tools / Surgical Suture Needle;Institution / Guild;Functions / Repairing / Medical Instrument	Holdable;Destroyable_Misc;Suture_Single	Renaissance medical catalogue; category Clinical surgery.	Clinical surgery
renaissance_medical_workshop_surgical_scissors_092	scissors	a workshop surgical scissors	This workshop surgical scissors is made chiefly from wrought iron for clinical surgery work in the renaissance period. Its scissors form is fitted for workshop handling, storage, and inspection. The wrought iron surface carries practical wear where this surgical scissors is gripped, opened, or set down.	Small	Good	180.0	23.0	wrought iron	Era / Renaissance Era;Market / Medicine / Surgical Supplies;Functions / Tools / Surgical Tools;Institution / Guild;Functions / Repairing / Medical Instrument	Holdable;Destroyable_Misc	Renaissance medical catalogue; category Clinical surgery.	Clinical surgery
renaissance_medical_workshop_dental_pelican_093	pelican	a workshop dental pelican	This workshop dental pelican is made chiefly from wrought iron for clinical surgery work in the renaissance period. Its pelican form is fitted for workshop handling, storage, and inspection. The wrought iron surface carries practical wear where this dental pelican is gripped, opened, or set down.	Small	Good	180.0	23.0	wrought iron	Era / Renaissance Era;Market / Medicine / Surgical Supplies;Functions / Medical Treatment / Dental Treatment;Institution / Guild;Functions / Repairing / Medical Instrument	Holdable;Destroyable_Misc	Renaissance medical catalogue; category Clinical surgery.	Clinical surgery
renaissance_medical_workshop_dental_forceps_094	forceps	a workshop dental forceps	This workshop dental forceps is made chiefly from wrought iron for clinical surgery work in the renaissance period. Its forceps form is fitted for workshop handling, storage, and inspection. The wrought iron surface carries practical wear where this dental forceps is gripped, opened, or set down.	Small	Good	180.0	23.0	wrought iron	Era / Renaissance Era;Market / Medicine / Surgical Supplies;Functions / Medical Treatment / Dental Treatment;Institution / Guild;Functions / Repairing / Medical Instrument	Holdable;Destroyable_Misc	Renaissance medical catalogue; category Clinical surgery.	Clinical surgery
renaissance_medical_workshop_birthing_stool_095	stool	a workshop birthing stool	This workshop birthing stool is made chiefly from oak for clinical surgery work in the renaissance period. Its stool form is fitted for workshop handling, storage, and inspection. The oak surface carries practical wear where this birthing stool is gripped, opened, or set down.	Normal	Good	1800.0	55.199999999999996	oak	Era / Renaissance Era;Market / Medicine / Surgical Supplies;Functions / Medical Treatment / Obstetric Aid;Institution / Guild;Functions / Repairing / Medical Instrument	Holdable;Destroyable_Misc	Renaissance medical catalogue; category Clinical surgery.	Clinical surgery
renaissance_medical_workshop_midwife_hook_096	hook	a workshop midwife hook	This workshop midwife hook is made chiefly from brass for clinical surgery work in the renaissance period. Its hook form is fitted for workshop handling, storage, and inspection. The brass surface carries practical wear where this midwife hook is gripped, opened, or set down.	Normal	Good	1250.0	50.599999999999994	brass	Era / Renaissance Era;Market / Medicine / Surgical Supplies;Functions / Medical Treatment / Obstetric Aid;Institution / Guild;Functions / Repairing / Medical Instrument	Holdable;Destroyable_Misc	Renaissance medical catalogue; category Clinical surgery.	Clinical surgery
renaissance_medical_albarello_drug_jar_001	jar	an albarello drug jar	This albarello drug jar is made chiefly from glass for apothecary work in the renaissance period. Its jar form is fitted for ordinary handling, storage, and inspection. The glass surface carries practical wear where this albarello drug jar is gripped, opened, or set down.	Small	Standard	160.0	18.0	glass	Era / Renaissance Era;Market / Medicine / Apothecary Goods;Functions / Medical Treatment / Chemical Remedy	Holdable;Destroyable_Misc	Renaissance medical catalogue; category Apothecary.	Apothecary
renaissance_medical_labelled_gallipot_002	gallipot	a labelled gallipot	This labelled gallipot is made chiefly from glass for apothecary work in the renaissance period. Its gallipot form is fitted for ordinary handling, storage, and inspection. The glass surface carries practical wear where this labelled gallipot is gripped, opened, or set down.	Small	Standard	160.0	18.0	glass	Era / Renaissance Era;Market / Medicine / Apothecary Goods;Functions / Medical Treatment / Chemical Remedy	Holdable;Destroyable_Misc	Renaissance medical catalogue; category Apothecary.	Apothecary
renaissance_medical_powder_paper_003	paper	a powder paper	This powder paper is made chiefly from glass for apothecary work in the renaissance period. Its paper form is fitted for ordinary handling, storage, and inspection. The glass surface carries practical wear where this powder paper is gripped, opened, or set down.	Small	Standard	110.0	22.0	glass	Era / Renaissance Era;Market / Medicine / Apothecary Goods;Functions / Medical Treatment / Chemical Remedy	Holdable;Destroyable_Misc	Renaissance medical catalogue; category Apothecary.	Apothecary
renaissance_medical_waxed_medicine_vial_004	vial	a waxed medicine vial	This waxed medicine vial is made chiefly from glass for apothecary work in the renaissance period. Its vial form is fitted for ordinary handling, storage, and inspection. The glass surface carries practical wear where this waxed medicine vial is gripped, opened, or set down.	Small	Standard	160.0	18.0	glass	Era / Renaissance Era;Market / Medicine / Apothecary Goods;Functions / Medical Treatment / Chemical Remedy	Holdable;Destroyable_Misc	Renaissance medical catalogue; category Apothecary.	Apothecary
renaissance_medical_stoppered_cordial_bottle_005	bottle	a stoppered cordial bottle	This stoppered cordial bottle is made chiefly from glass for apothecary work in the renaissance period. Its bottle form is fitted for ordinary handling, storage, and inspection. The glass surface carries practical wear where this stoppered cordial bottle is gripped, opened, or set down.	Small	Standard	160.0	18.0	glass	Era / Renaissance Era;Market / Medicine / Apothecary Goods;Functions / Medical Treatment / Chemical Remedy	Holdable;Destroyable_Misc	Renaissance medical catalogue; category Apothecary.	Apothecary
renaissance_medical_apothecary_mortar_006	mortar	an apothecary mortar	This apothecary mortar is made chiefly from granite for apothecary work in the renaissance period. Its mortar form is fitted for ordinary handling, storage, and inspection. The granite surface carries practical wear where this apothecary mortar is gripped, opened, or set down.	Small	Standard	1250.0	16.0	granite	Era / Renaissance Era;Market / Medicine / Apothecary Goods;Functions / Medical Treatment / Chemical Remedy	Holdable;Destroyable_Misc	Renaissance medical catalogue; category Apothecary.	Apothecary
renaissance_medical_brass_balance_007	balance	a brass balance	This brass balance is made chiefly from brass for apothecary work in the renaissance period. Its balance form is fitted for ordinary handling, storage, and inspection. The brass surface carries practical wear where this brass balance is gripped, opened, or set down.	Small	Standard	420.0	28.0	brass	Era / Renaissance Era;Market / Medicine / Apothecary Goods;Functions / Medical Treatment / Chemical Remedy;Functions / Repairing / Scientific Instrument	Holdable;Destroyable_Misc	Renaissance medical catalogue; category Apothecary.	Apothecary
renaissance_medical_nested_weight_set_008	set	a nested weight set	This nested weight set is made chiefly from brass for apothecary work in the renaissance period. Its set form is fitted for ordinary handling, storage, and inspection. The brass surface carries practical wear where this nested weight set is gripped, opened, or set down.	Small	Standard	420.0	28.0	brass	Era / Renaissance Era;Market / Medicine / Apothecary Goods;Functions / Medical Treatment / Chemical Remedy	Holdable;Destroyable_Misc	Renaissance medical catalogue; category Apothecary.	Apothecary
renaissance_medical_pill_tile_009	tile	a pill tile	This pill tile is made chiefly from ceramic for apothecary work in the renaissance period. Its tile form is fitted for ordinary handling, storage, and inspection. The ceramic surface carries practical wear where this pill tile is gripped, opened, or set down.	Small	Standard	240.0	9.0	ceramic	Era / Renaissance Era;Market / Medicine / Apothecary Goods;Functions / Medical Treatment / Chemical Remedy	Holdable;Destroyable_Misc	Renaissance medical catalogue; category Apothecary.	Apothecary
renaissance_medical_herb_drying_rack_010	rack	a herb drying rack	This herb drying rack is made chiefly from oak for apothecary work in the renaissance period. Its rack form is fitted for ordinary handling, storage, and inspection. The oak surface carries practical wear where this herb drying rack is gripped, opened, or set down.	Normal	Standard	1800.0	48.0	oak	Era / Renaissance Era;Market / Medicine / Apothecary Goods;Functions / Medical Treatment / Chemical Remedy	Holdable;Destroyable_Misc	Renaissance medical catalogue; category Apothecary.	Apothecary
renaissance_medical_distillation_alembic_011	alembic	a distillation alembic	This distillation alembic is made chiefly from glass for apothecary work in the renaissance period. Its alembic form is fitted for ordinary handling, storage, and inspection. The glass surface carries practical wear where this distillation alembic is gripped, opened, or set down.	Small	Standard	160.0	18.0	glass	Era / Renaissance Era;Market / Medicine / Apothecary Goods;Functions / Medical Treatment / Chemical Remedy;Functions / Repairing / Scientific Instrument	Holdable;Destroyable_Misc	Renaissance medical catalogue; category Apothecary.	Apothecary
renaissance_medical_glass_retort_012	retort	a glass retort	This glass retort is made chiefly from glass for apothecary work in the renaissance period. Its retort form is fitted for ordinary handling, storage, and inspection. The glass surface carries practical wear where this glass retort is gripped, opened, or set down.	Small	Standard	160.0	18.0	glass	Era / Renaissance Era;Market / Medicine / Apothecary Goods;Functions / Medical Treatment / Chemical Remedy;Functions / Repairing / Scientific Instrument	Holdable;Destroyable_Misc	Renaissance medical catalogue; category Apothecary.	Apothecary
renaissance_medical_optical_lens_case_013	case	an optical lens case	This optical lens case is made chiefly from glass for apothecary work in the renaissance period. Its case form is fitted for ordinary handling, storage, and inspection. The glass surface carries practical wear where this optical lens case is gripped, opened, or set down.	Small	Standard	160.0	18.0	glass	Era / Renaissance Era;Market / Medicine / Apothecary Goods;Functions / Medical Treatment / Chemical Remedy;Functions / Repairing / Optical Instrument	Holdable;Destroyable_Misc	Renaissance medical catalogue; category Apothecary.	Apothecary
renaissance_medical_watchmaker_balance_014	balance	a watchmaker balance	This watchmaker balance is made chiefly from brass for apothecary work in the renaissance period. Its balance form is fitted for ordinary handling, storage, and inspection. The brass surface carries practical wear where this watchmaker balance is gripped, opened, or set down.	Small	Standard	420.0	28.0	brass	Era / Renaissance Era;Market / Medicine / Apothecary Goods;Functions / Medical Treatment / Chemical Remedy;Functions / Repairing / Clockwork;Functions / Repairing / Scientific Instrument	Holdable;Destroyable_Misc	Renaissance medical catalogue; category Apothecary.	Apothecary
renaissance_medical_type_height_gauge_015	gauge	a type height gauge	This type height gauge is made chiefly from brass for apothecary work in the renaissance period. Its gauge form is fitted for ordinary handling, storage, and inspection. The brass surface carries practical wear where this type height gauge is gripped, opened, or set down.	Small	Standard	420.0	28.0	brass	Era / Renaissance Era;Market / Medicine / Apothecary Goods;Functions / Medical Treatment / Chemical Remedy;Functions / Repairing / Printing Equipment	Holdable;Destroyable_Misc	Renaissance medical catalogue; category Apothecary.	Apothecary
renaissance_medical_gunmaker_sight_gauge_016	gauge	a gunmaker sight gauge	This gunmaker sight gauge is made chiefly from brass for apothecary work in the renaissance period. Its gauge form is fitted for ordinary handling, storage, and inspection. The brass surface carries practical wear where this gunmaker sight gauge is gripped, opened, or set down.	Small	Standard	420.0	28.0	brass	Era / Renaissance Era;Market / Medicine / Apothecary Goods;Functions / Medical Treatment / Chemical Remedy;Functions / Repairing / Firearm	Holdable;Destroyable_Misc	Renaissance medical catalogue; category Apothecary.	Apothecary
renaissance_medical_drug_sieve_017	sieve	a drug sieve	This drug sieve is made chiefly from brass for apothecary work in the renaissance period. Its sieve form is fitted for ordinary handling, storage, and inspection. The brass surface carries practical wear where this drug sieve is gripped, opened, or set down.	Small	Standard	420.0	28.0	brass	Era / Renaissance Era;Market / Medicine / Apothecary Goods;Functions / Medical Treatment / Chemical Remedy	Holdable;Destroyable_Misc	Renaissance medical catalogue; category Apothecary.	Apothecary
renaissance_medical_ointment_spatula_018	spatula	an ointment spatula	This ointment spatula is made chiefly from beeswax for apothecary work in the renaissance period. Its spatula form is fitted for ordinary handling, storage, and inspection. The beeswax surface carries practical wear where this ointment spatula is gripped, opened, or set down.	Small	Standard	95.0	16.0	beeswax	Era / Renaissance Era;Market / Medicine / Apothecary Goods;Functions / Medical Treatment / Chemical Remedy	Holdable;Destroyable_Misc	Renaissance medical catalogue; category Apothecary.	Apothecary
renaissance_medical_travelling_medicine_chest_019	chest	a travelling medicine chest	This travelling medicine chest is made chiefly from oak for apothecary work in the renaissance period. Its chest form is fitted for ordinary handling, storage, and inspection. The oak surface carries practical wear where this travelling medicine chest is gripped, opened, or set down.	Normal	Standard	1800.0	48.0	oak	Era / Renaissance Era;Market / Medicine / Apothecary Goods;Functions / Medical Treatment / Chemical Remedy	Holdable;Destroyable_Misc;Container_PreIndustrial_CompartmentBox	Renaissance medical catalogue; category Apothecary.	Apothecary
renaissance_medical_syrup_funnel_020	funnel	a syrup funnel	This syrup funnel is made chiefly from glass for apothecary work in the renaissance period. Its funnel form is fitted for ordinary handling, storage, and inspection. The glass surface carries practical wear where this syrup funnel is gripped, opened, or set down.	Small	Standard	160.0	18.0	glass	Era / Renaissance Era;Market / Medicine / Apothecary Goods;Functions / Medical Treatment / Chemical Remedy	Holdable;Destroyable_Misc	Renaissance medical catalogue; category Apothecary.	Apothecary
renaissance_medical_parchment_dose_packet_021	packet	a parchment dose packet	This parchment dose packet is made chiefly from parchment for apothecary work in the renaissance period. Its packet form is fitted for ordinary handling, storage, and inspection. The parchment surface carries practical wear where this parchment dose packet is gripped, opened, or set down.	Small	Standard	70.0	6.0	parchment	Era / Renaissance Era;Market / Medicine / Apothecary Goods;Functions / Medical Treatment / Chemical Remedy	Holdable;Destroyable_Misc	Renaissance medical catalogue; category Apothecary.	Apothecary
renaissance_medical_tincture_flask_022	flask	a tincture flask	This tincture flask is made chiefly from glass for apothecary work in the renaissance period. Its flask form is fitted for ordinary handling, storage, and inspection. The glass surface carries practical wear where this tincture flask is gripped, opened, or set down.	Small	Standard	160.0	18.0	glass	Era / Renaissance Era;Market / Medicine / Apothecary Goods;Functions / Medical Treatment / Chemical Remedy	Holdable;Destroyable_Misc	Renaissance medical catalogue; category Apothecary.	Apothecary
renaissance_medical_mummy_powder_jar_023	jar	a mummy powder jar	This mummy powder jar is made chiefly from bone for apothecary work in the renaissance period. Its jar form is fitted for ordinary handling, storage, and inspection. The bone surface carries practical wear where this mummy powder jar is gripped, opened, or set down.	Small	Standard	35.0	24.0	bone	Era / Renaissance Era;Market / Medicine / Apothecary Goods;Functions / Medical Treatment / Chemical Remedy	Holdable;Destroyable_Misc	Renaissance medical catalogue; category Apothecary.	Apothecary
renaissance_medical_powdered_pearl_packet_024	packet	a powdered pearl packet	This powdered pearl packet is made chiefly from pearl for apothecary work in the renaissance period. Its packet form is fitted for ordinary handling, storage, and inspection. The pearl surface carries practical wear where this powdered pearl packet is gripped, opened, or set down.	Small	Standard	20.0	85.0	pearl	Era / Renaissance Era;Market / Medicine / Apothecary Goods;Functions / Medical Treatment / Chemical Remedy	Holdable;Destroyable_Misc	Renaissance medical catalogue; category Apothecary.	Apothecary
renaissance_medical_sympathetic_powder_vial_025	vial	a sympathetic powder vial	This sympathetic powder vial is made chiefly from green vitriol for apothecary work in the renaissance period. Its vial form is fitted for ordinary handling, storage, and inspection. The green vitriol surface carries practical wear where this sympathetic powder vial is gripped, opened, or set down.	Small	Standard	30.0	18.0	green vitriol	Era / Renaissance Era;Market / Medicine / Apothecary Goods;Functions / Medical Treatment / Chemical Remedy	Holdable;Destroyable_Misc	Renaissance medical catalogue; category Apothecary.	Apothecary
renaissance_medical_weapon_salve_pot_026	pot	a weapon salve pot	This weapon salve pot is made chiefly from beeswax for apothecary work in the renaissance period. Its pot form is fitted for ordinary handling, storage, and inspection. The beeswax surface carries practical wear where this weapon salve pot is gripped, opened, or set down.	Small	Standard	90.0	20.0	beeswax	Era / Renaissance Era;Market / Medicine / Apothecary Goods;Functions / Medical Treatment / Chemical Remedy	Holdable;Destroyable_Misc	Renaissance medical catalogue; category Apothecary.	Apothecary
renaissance_medical_astrological_diagnostic_glass_027	glass	an astrological diagnostic glass	This astrological diagnostic glass is made chiefly from glass for apothecary work in the renaissance period. Its glass form is fitted for ordinary handling, storage, and inspection. The glass surface carries practical wear where this astrological diagnostic glass is gripped, opened, or set down.	Small	Standard	210.0	42.0	glass	Era / Renaissance Era;Market / Medicine / Apothecary Goods;Functions / Medical Treatment / Diagnostic Prop	Holdable;Destroyable_Misc	Renaissance medical catalogue; category Apothecary.	Apothecary
renaissance_medical_town_albarello_drug_jar_028	jar	a town albarello drug jar	This town albarello drug jar is made chiefly from glass for apothecary work in the renaissance period. Its jar form is fitted for town handling, storage, and inspection. The glass surface carries practical wear where this albarello drug jar is gripped, opened, or set down.	Small	Good	160.0	18.0	glass	Era / Renaissance Era;Market / Medicine / Apothecary Goods;Functions / Medical Treatment / Chemical Remedy	Holdable;Destroyable_Misc	Renaissance medical catalogue; category Apothecary.	Apothecary
renaissance_medical_town_labelled_gallipot_029	gallipot	a town labelled gallipot	This town labelled gallipot is made chiefly from glass for apothecary work in the renaissance period. Its gallipot form is fitted for town handling, storage, and inspection. The glass surface carries practical wear where this labelled gallipot is gripped, opened, or set down.	Small	Good	160.0	18.0	glass	Era / Renaissance Era;Market / Medicine / Apothecary Goods;Functions / Medical Treatment / Chemical Remedy	Holdable;Destroyable_Misc	Renaissance medical catalogue; category Apothecary.	Apothecary
renaissance_medical_town_powder_paper_030	paper	a town powder paper	This town powder paper is made chiefly from glass for apothecary work in the renaissance period. Its paper form is fitted for town handling, storage, and inspection. The glass surface carries practical wear where this powder paper is gripped, opened, or set down.	Small	Good	110.0	22.0	glass	Era / Renaissance Era;Market / Medicine / Apothecary Goods;Functions / Medical Treatment / Chemical Remedy	Holdable;Destroyable_Misc	Renaissance medical catalogue; category Apothecary.	Apothecary
renaissance_medical_town_waxed_medicine_vial_031	vial	a town waxed medicine vial	This town waxed medicine vial is made chiefly from glass for apothecary work in the renaissance period. Its vial form is fitted for town handling, storage, and inspection. The glass surface carries practical wear where this waxed medicine vial is gripped, opened, or set down.	Small	Good	160.0	18.0	glass	Era / Renaissance Era;Market / Medicine / Apothecary Goods;Functions / Medical Treatment / Chemical Remedy	Holdable;Destroyable_Misc	Renaissance medical catalogue; category Apothecary.	Apothecary
renaissance_medical_town_stoppered_cordial_bottle_032	bottle	a town stoppered cordial bottle	This town stoppered cordial bottle is made chiefly from glass for apothecary work in the renaissance period. Its bottle form is fitted for town handling, storage, and inspection. The glass surface carries practical wear where this stoppered cordial bottle is gripped, opened, or set down.	Small	Good	160.0	18.0	glass	Era / Renaissance Era;Market / Medicine / Apothecary Goods;Functions / Medical Treatment / Chemical Remedy	Holdable;Destroyable_Misc	Renaissance medical catalogue; category Apothecary.	Apothecary
renaissance_medical_town_apothecary_mortar_033	mortar	a town apothecary mortar	This town apothecary mortar is made chiefly from granite for apothecary work in the renaissance period. Its mortar form is fitted for town handling, storage, and inspection. The granite surface carries practical wear where this apothecary mortar is gripped, opened, or set down.	Small	Good	1250.0	16.0	granite	Era / Renaissance Era;Market / Medicine / Apothecary Goods;Functions / Medical Treatment / Chemical Remedy	Holdable;Destroyable_Misc	Renaissance medical catalogue; category Apothecary.	Apothecary
renaissance_medical_town_brass_balance_034	balance	a town brass balance	This town brass balance is made chiefly from brass for apothecary work in the renaissance period. Its balance form is fitted for town handling, storage, and inspection. The brass surface carries practical wear where this brass balance is gripped, opened, or set down.	Small	Good	420.0	28.0	brass	Era / Renaissance Era;Market / Medicine / Apothecary Goods;Functions / Medical Treatment / Chemical Remedy;Functions / Repairing / Scientific Instrument	Holdable;Destroyable_Misc	Renaissance medical catalogue; category Apothecary.	Apothecary
renaissance_medical_town_nested_weight_set_035	set	a town nested weight set	This town nested weight set is made chiefly from brass for apothecary work in the renaissance period. Its set form is fitted for town handling, storage, and inspection. The brass surface carries practical wear where this nested weight set is gripped, opened, or set down.	Small	Good	420.0	28.0	brass	Era / Renaissance Era;Market / Medicine / Apothecary Goods;Functions / Medical Treatment / Chemical Remedy	Holdable;Destroyable_Misc	Renaissance medical catalogue; category Apothecary.	Apothecary
renaissance_medical_town_pill_tile_036	tile	a town pill tile	This town pill tile is made chiefly from ceramic for apothecary work in the renaissance period. Its tile form is fitted for town handling, storage, and inspection. The ceramic surface carries practical wear where this pill tile is gripped, opened, or set down.	Small	Good	240.0	9.0	ceramic	Era / Renaissance Era;Market / Medicine / Apothecary Goods;Functions / Medical Treatment / Chemical Remedy	Holdable;Destroyable_Misc	Renaissance medical catalogue; category Apothecary.	Apothecary
renaissance_medical_town_herb_drying_rack_037	rack	a town herb drying rack	This town herb drying rack is made chiefly from oak for apothecary work in the renaissance period. Its rack form is fitted for town handling, storage, and inspection. The oak surface carries practical wear where this herb drying rack is gripped, opened, or set down.	Normal	Good	1800.0	48.0	oak	Era / Renaissance Era;Market / Medicine / Apothecary Goods;Functions / Medical Treatment / Chemical Remedy	Holdable;Destroyable_Misc	Renaissance medical catalogue; category Apothecary.	Apothecary
renaissance_medical_town_distillation_alembic_038	alembic	a town distillation alembic	This town distillation alembic is made chiefly from glass for apothecary work in the renaissance period. Its alembic form is fitted for town handling, storage, and inspection. The glass surface carries practical wear where this distillation alembic is gripped, opened, or set down.	Small	Good	160.0	18.0	glass	Era / Renaissance Era;Market / Medicine / Apothecary Goods;Functions / Medical Treatment / Chemical Remedy;Functions / Repairing / Scientific Instrument	Holdable;Destroyable_Misc	Renaissance medical catalogue; category Apothecary.	Apothecary
renaissance_medical_town_glass_retort_039	retort	a town glass retort	This town glass retort is made chiefly from glass for apothecary work in the renaissance period. Its retort form is fitted for town handling, storage, and inspection. The glass surface carries practical wear where this glass retort is gripped, opened, or set down.	Small	Good	160.0	18.0	glass	Era / Renaissance Era;Market / Medicine / Apothecary Goods;Functions / Medical Treatment / Chemical Remedy;Functions / Repairing / Scientific Instrument	Holdable;Destroyable_Misc	Renaissance medical catalogue; category Apothecary.	Apothecary
renaissance_medical_town_optical_lens_case_040	case	a town optical lens case	This town optical lens case is made chiefly from glass for apothecary work in the renaissance period. Its case form is fitted for town handling, storage, and inspection. The glass surface carries practical wear where this optical lens case is gripped, opened, or set down.	Small	Good	160.0	18.0	glass	Era / Renaissance Era;Market / Medicine / Apothecary Goods;Functions / Medical Treatment / Chemical Remedy;Functions / Repairing / Optical Instrument	Holdable;Destroyable_Misc	Renaissance medical catalogue; category Apothecary.	Apothecary
renaissance_medical_town_watchmaker_balance_041	balance	a town watchmaker balance	This town watchmaker balance is made chiefly from brass for apothecary work in the renaissance period. Its balance form is fitted for town handling, storage, and inspection. The brass surface carries practical wear where this watchmaker balance is gripped, opened, or set down.	Small	Good	420.0	28.0	brass	Era / Renaissance Era;Market / Medicine / Apothecary Goods;Functions / Medical Treatment / Chemical Remedy;Functions / Repairing / Clockwork;Functions / Repairing / Scientific Instrument	Holdable;Destroyable_Misc	Renaissance medical catalogue; category Apothecary.	Apothecary
renaissance_medical_town_type_height_gauge_042	gauge	a town type height gauge	This town type height gauge is made chiefly from brass for apothecary work in the renaissance period. Its gauge form is fitted for town handling, storage, and inspection. The brass surface carries practical wear where this type height gauge is gripped, opened, or set down.	Small	Good	420.0	28.0	brass	Era / Renaissance Era;Market / Medicine / Apothecary Goods;Functions / Medical Treatment / Chemical Remedy;Functions / Repairing / Printing Equipment	Holdable;Destroyable_Misc	Renaissance medical catalogue; category Apothecary.	Apothecary
renaissance_medical_town_gunmaker_sight_gauge_043	gauge	a town gunmaker sight gauge	This town gunmaker sight gauge is made chiefly from brass for apothecary work in the renaissance period. Its gauge form is fitted for town handling, storage, and inspection. The brass surface carries practical wear where this gunmaker sight gauge is gripped, opened, or set down.	Small	Good	420.0	28.0	brass	Era / Renaissance Era;Market / Medicine / Apothecary Goods;Functions / Medical Treatment / Chemical Remedy;Functions / Repairing / Firearm	Holdable;Destroyable_Misc	Renaissance medical catalogue; category Apothecary.	Apothecary
renaissance_medical_town_drug_sieve_044	sieve	a town drug sieve	This town drug sieve is made chiefly from brass for apothecary work in the renaissance period. Its sieve form is fitted for town handling, storage, and inspection. The brass surface carries practical wear where this drug sieve is gripped, opened, or set down.	Small	Good	420.0	28.0	brass	Era / Renaissance Era;Market / Medicine / Apothecary Goods;Functions / Medical Treatment / Chemical Remedy	Holdable;Destroyable_Misc	Renaissance medical catalogue; category Apothecary.	Apothecary
renaissance_medical_town_ointment_spatula_045	spatula	a town ointment spatula	This town ointment spatula is made chiefly from beeswax for apothecary work in the renaissance period. Its spatula form is fitted for town handling, storage, and inspection. The beeswax surface carries practical wear where this ointment spatula is gripped, opened, or set down.	Small	Good	95.0	16.0	beeswax	Era / Renaissance Era;Market / Medicine / Apothecary Goods;Functions / Medical Treatment / Chemical Remedy	Holdable;Destroyable_Misc	Renaissance medical catalogue; category Apothecary.	Apothecary
renaissance_medical_town_travelling_medicine_chest_046	chest	a town travelling medicine chest	This town travelling medicine chest is made chiefly from oak for apothecary work in the renaissance period. Its chest form is fitted for town handling, storage, and inspection. The oak surface carries practical wear where this travelling medicine chest is gripped, opened, or set down.	Normal	Good	1800.0	48.0	oak	Era / Renaissance Era;Market / Medicine / Apothecary Goods;Functions / Medical Treatment / Chemical Remedy	Holdable;Destroyable_Misc;Container_PreIndustrial_CompartmentBox	Renaissance medical catalogue; category Apothecary.	Apothecary
renaissance_medical_town_syrup_funnel_047	funnel	a town syrup funnel	This town syrup funnel is made chiefly from glass for apothecary work in the renaissance period. Its funnel form is fitted for town handling, storage, and inspection. The glass surface carries practical wear where this syrup funnel is gripped, opened, or set down.	Small	Good	160.0	18.0	glass	Era / Renaissance Era;Market / Medicine / Apothecary Goods;Functions / Medical Treatment / Chemical Remedy	Holdable;Destroyable_Misc	Renaissance medical catalogue; category Apothecary.	Apothecary
renaissance_medical_town_parchment_dose_packet_048	packet	a town parchment dose packet	This town parchment dose packet is made chiefly from parchment for apothecary work in the renaissance period. Its packet form is fitted for town handling, storage, and inspection. The parchment surface carries practical wear where this parchment dose packet is gripped, opened, or set down.	Small	Good	70.0	6.0	parchment	Era / Renaissance Era;Market / Medicine / Apothecary Goods;Functions / Medical Treatment / Chemical Remedy	Holdable;Destroyable_Misc	Renaissance medical catalogue; category Apothecary.	Apothecary
renaissance_medical_town_tincture_flask_049	flask	a town tincture flask	This town tincture flask is made chiefly from glass for apothecary work in the renaissance period. Its flask form is fitted for town handling, storage, and inspection. The glass surface carries practical wear where this tincture flask is gripped, opened, or set down.	Small	Good	160.0	18.0	glass	Era / Renaissance Era;Market / Medicine / Apothecary Goods;Functions / Medical Treatment / Chemical Remedy	Holdable;Destroyable_Misc	Renaissance medical catalogue; category Apothecary.	Apothecary
renaissance_medical_town_mummy_powder_jar_050	jar	a town mummy powder jar	This town mummy powder jar is made chiefly from bone for apothecary work in the renaissance period. Its jar form is fitted for town handling, storage, and inspection. The bone surface carries practical wear where this mummy powder jar is gripped, opened, or set down.	Small	Good	35.0	24.0	bone	Era / Renaissance Era;Market / Medicine / Apothecary Goods;Functions / Medical Treatment / Chemical Remedy	Holdable;Destroyable_Misc	Renaissance medical catalogue; category Apothecary.	Apothecary
renaissance_medical_town_powdered_pearl_packet_051	packet	a town powdered pearl packet	This town powdered pearl packet is made chiefly from pearl for apothecary work in the renaissance period. Its packet form is fitted for town handling, storage, and inspection. The pearl surface carries practical wear where this powdered pearl packet is gripped, opened, or set down.	Small	Good	20.0	85.0	pearl	Era / Renaissance Era;Market / Medicine / Apothecary Goods;Functions / Medical Treatment / Chemical Remedy	Holdable;Destroyable_Misc	Renaissance medical catalogue; category Apothecary.	Apothecary
renaissance_medical_town_sympathetic_powder_vial_052	vial	a town sympathetic powder vial	This town sympathetic powder vial is made chiefly from green vitriol for apothecary work in the renaissance period. Its vial form is fitted for town handling, storage, and inspection. The green vitriol surface carries practical wear where this sympathetic powder vial is gripped, opened, or set down.	Small	Good	30.0	18.0	green vitriol	Era / Renaissance Era;Market / Medicine / Apothecary Goods;Functions / Medical Treatment / Chemical Remedy	Holdable;Destroyable_Misc	Renaissance medical catalogue; category Apothecary.	Apothecary
renaissance_medical_town_weapon_salve_pot_053	pot	a town weapon salve pot	This town weapon salve pot is made chiefly from beeswax for apothecary work in the renaissance period. Its pot form is fitted for town handling, storage, and inspection. The beeswax surface carries practical wear where this weapon salve pot is gripped, opened, or set down.	Small	Good	90.0	20.0	beeswax	Era / Renaissance Era;Market / Medicine / Apothecary Goods;Functions / Medical Treatment / Chemical Remedy	Holdable;Destroyable_Misc	Renaissance medical catalogue; category Apothecary.	Apothecary
renaissance_medical_town_astrological_diagnostic_glass_054	glass	a town astrological diagnostic glass	This town astrological diagnostic glass is made chiefly from glass for apothecary work in the renaissance period. Its glass form is fitted for town handling, storage, and inspection. The glass surface carries practical wear where this astrological diagnostic glass is gripped, opened, or set down.	Small	Good	210.0	42.0	glass	Era / Renaissance Era;Market / Medicine / Apothecary Goods;Functions / Medical Treatment / Diagnostic Prop	Holdable;Destroyable_Misc	Renaissance medical catalogue; category Apothecary.	Apothecary
renaissance_medical_hospital_albarello_drug_jar_055	jar	a hospital albarello drug jar	This hospital albarello drug jar is made chiefly from glass for apothecary work in the renaissance period. Its jar form is fitted for hospital handling, storage, and inspection. The glass surface carries practical wear where this albarello drug jar is gripped, opened, or set down.	Small	VeryGood	176.0	24.3	glass	Era / Renaissance Era;Market / Medicine / Apothecary Goods;Functions / Medical Treatment / Chemical Remedy	Holdable;Destroyable_Misc	Renaissance medical catalogue; category Apothecary.	Apothecary
renaissance_medical_hospital_labelled_gallipot_056	gallipot	a hospital labelled gallipot	This hospital labelled gallipot is made chiefly from glass for apothecary work in the renaissance period. Its gallipot form is fitted for hospital handling, storage, and inspection. The glass surface carries practical wear where this labelled gallipot is gripped, opened, or set down.	Small	VeryGood	176.0	24.3	glass	Era / Renaissance Era;Market / Medicine / Apothecary Goods;Functions / Medical Treatment / Chemical Remedy	Holdable;Destroyable_Misc	Renaissance medical catalogue; category Apothecary.	Apothecary
renaissance_medical_hospital_powder_paper_057	paper	a hospital powder paper	This hospital powder paper is made chiefly from glass for apothecary work in the renaissance period. Its paper form is fitted for hospital handling, storage, and inspection. The glass surface carries practical wear where this powder paper is gripped, opened, or set down.	Small	VeryGood	121.00000000000001	29.700000000000003	glass	Era / Renaissance Era;Market / Medicine / Apothecary Goods;Functions / Medical Treatment / Chemical Remedy	Holdable;Destroyable_Misc	Renaissance medical catalogue; category Apothecary.	Apothecary
renaissance_medical_hospital_waxed_medicine_vial_058	vial	a hospital waxed medicine vial	This hospital waxed medicine vial is made chiefly from glass for apothecary work in the renaissance period. Its vial form is fitted for hospital handling, storage, and inspection. The glass surface carries practical wear where this waxed medicine vial is gripped, opened, or set down.	Small	VeryGood	176.0	24.3	glass	Era / Renaissance Era;Market / Medicine / Apothecary Goods;Functions / Medical Treatment / Chemical Remedy	Holdable;Destroyable_Misc	Renaissance medical catalogue; category Apothecary.	Apothecary
renaissance_medical_hospital_stoppered_cordial_bottle_059	bottle	a hospital stoppered cordial bottle	This hospital stoppered cordial bottle is made chiefly from glass for apothecary work in the renaissance period. Its bottle form is fitted for hospital handling, storage, and inspection. The glass surface carries practical wear where this stoppered cordial bottle is gripped, opened, or set down.	Small	VeryGood	176.0	24.3	glass	Era / Renaissance Era;Market / Medicine / Apothecary Goods;Functions / Medical Treatment / Chemical Remedy	Holdable;Destroyable_Misc	Renaissance medical catalogue; category Apothecary.	Apothecary
renaissance_medical_hospital_apothecary_mortar_060	mortar	a hospital apothecary mortar	This hospital apothecary mortar is made chiefly from granite for apothecary work in the renaissance period. Its mortar form is fitted for hospital handling, storage, and inspection. The granite surface carries practical wear where this apothecary mortar is gripped, opened, or set down.	Small	VeryGood	1375.0	21.6	granite	Era / Renaissance Era;Market / Medicine / Apothecary Goods;Functions / Medical Treatment / Chemical Remedy	Holdable;Destroyable_Misc	Renaissance medical catalogue; category Apothecary.	Apothecary
renaissance_medical_hospital_brass_balance_061	balance	a hospital brass balance	This hospital brass balance is made chiefly from brass for apothecary work in the renaissance period. Its balance form is fitted for hospital handling, storage, and inspection. The brass surface carries practical wear where this brass balance is gripped, opened, or set down.	Small	VeryGood	462.00000000000006	37.800000000000004	brass	Era / Renaissance Era;Market / Medicine / Apothecary Goods;Functions / Medical Treatment / Chemical Remedy;Functions / Repairing / Scientific Instrument	Holdable;Destroyable_Misc	Renaissance medical catalogue; category Apothecary.	Apothecary
renaissance_medical_hospital_nested_weight_set_062	set	a hospital nested weight set	This hospital nested weight set is made chiefly from brass for apothecary work in the renaissance period. Its set form is fitted for hospital handling, storage, and inspection. The brass surface carries practical wear where this nested weight set is gripped, opened, or set down.	Small	VeryGood	462.00000000000006	37.800000000000004	brass	Era / Renaissance Era;Market / Medicine / Apothecary Goods;Functions / Medical Treatment / Chemical Remedy	Holdable;Destroyable_Misc	Renaissance medical catalogue; category Apothecary.	Apothecary
renaissance_medical_hospital_pill_tile_063	tile	a hospital pill tile	This hospital pill tile is made chiefly from ceramic for apothecary work in the renaissance period. Its tile form is fitted for hospital handling, storage, and inspection. The ceramic surface carries practical wear where this pill tile is gripped, opened, or set down.	Small	VeryGood	264.0	12.15	ceramic	Era / Renaissance Era;Market / Medicine / Apothecary Goods;Functions / Medical Treatment / Chemical Remedy	Holdable;Destroyable_Misc	Renaissance medical catalogue; category Apothecary.	Apothecary
renaissance_medical_hospital_herb_drying_rack_064	rack	a hospital herb drying rack	This hospital herb drying rack is made chiefly from oak for apothecary work in the renaissance period. Its rack form is fitted for hospital handling, storage, and inspection. The oak surface carries practical wear where this herb drying rack is gripped, opened, or set down.	Normal	VeryGood	1980.0000000000002	64.80000000000001	oak	Era / Renaissance Era;Market / Medicine / Apothecary Goods;Functions / Medical Treatment / Chemical Remedy	Holdable;Destroyable_Misc	Renaissance medical catalogue; category Apothecary.	Apothecary
renaissance_medical_hospital_distillation_alembic_065	alembic	a hospital distillation alembic	This hospital distillation alembic is made chiefly from glass for apothecary work in the renaissance period. Its alembic form is fitted for hospital handling, storage, and inspection. The glass surface carries practical wear where this distillation alembic is gripped, opened, or set down.	Small	VeryGood	176.0	24.3	glass	Era / Renaissance Era;Market / Medicine / Apothecary Goods;Functions / Medical Treatment / Chemical Remedy;Functions / Repairing / Scientific Instrument	Holdable;Destroyable_Misc	Renaissance medical catalogue; category Apothecary.	Apothecary
renaissance_medical_hospital_glass_retort_066	retort	a hospital glass retort	This hospital glass retort is made chiefly from glass for apothecary work in the renaissance period. Its retort form is fitted for hospital handling, storage, and inspection. The glass surface carries practical wear where this glass retort is gripped, opened, or set down.	Small	VeryGood	176.0	24.3	glass	Era / Renaissance Era;Market / Medicine / Apothecary Goods;Functions / Medical Treatment / Chemical Remedy;Functions / Repairing / Scientific Instrument	Holdable;Destroyable_Misc	Renaissance medical catalogue; category Apothecary.	Apothecary
renaissance_medical_hospital_optical_lens_case_067	case	a hospital optical lens case	This hospital optical lens case is made chiefly from glass for apothecary work in the renaissance period. Its case form is fitted for hospital handling, storage, and inspection. The glass surface carries practical wear where this optical lens case is gripped, opened, or set down.	Small	VeryGood	176.0	24.3	glass	Era / Renaissance Era;Market / Medicine / Apothecary Goods;Functions / Medical Treatment / Chemical Remedy;Functions / Repairing / Optical Instrument	Holdable;Destroyable_Misc	Renaissance medical catalogue; category Apothecary.	Apothecary
renaissance_medical_hospital_watchmaker_balance_068	balance	a hospital watchmaker balance	This hospital watchmaker balance is made chiefly from brass for apothecary work in the renaissance period. Its balance form is fitted for hospital handling, storage, and inspection. The brass surface carries practical wear where this watchmaker balance is gripped, opened, or set down.	Small	VeryGood	462.00000000000006	37.800000000000004	brass	Era / Renaissance Era;Market / Medicine / Apothecary Goods;Functions / Medical Treatment / Chemical Remedy;Functions / Repairing / Clockwork;Functions / Repairing / Scientific Instrument	Holdable;Destroyable_Misc	Renaissance medical catalogue; category Apothecary.	Apothecary
renaissance_medical_hospital_type_height_gauge_069	gauge	a hospital type height gauge	This hospital type height gauge is made chiefly from brass for apothecary work in the renaissance period. Its gauge form is fitted for hospital handling, storage, and inspection. The brass surface carries practical wear where this type height gauge is gripped, opened, or set down.	Small	VeryGood	462.00000000000006	37.800000000000004	brass	Era / Renaissance Era;Market / Medicine / Apothecary Goods;Functions / Medical Treatment / Chemical Remedy;Functions / Repairing / Printing Equipment	Holdable;Destroyable_Misc	Renaissance medical catalogue; category Apothecary.	Apothecary
renaissance_medical_hospital_gunmaker_sight_gauge_070	gauge	a hospital gunmaker sight gauge	This hospital gunmaker sight gauge is made chiefly from brass for apothecary work in the renaissance period. Its gauge form is fitted for hospital handling, storage, and inspection. The brass surface carries practical wear where this gunmaker sight gauge is gripped, opened, or set down.	Small	VeryGood	462.00000000000006	37.800000000000004	brass	Era / Renaissance Era;Market / Medicine / Apothecary Goods;Functions / Medical Treatment / Chemical Remedy;Functions / Repairing / Firearm	Holdable;Destroyable_Misc	Renaissance medical catalogue; category Apothecary.	Apothecary
renaissance_drug_aqua_vitae_wash_treated_cloth_001	cloth	an aqua vitae wash treated cloth	This aqua vitae wash treated cloth is made chiefly from linen for drugs delivery work in the renaissance period. Its cloth form is fitted for ordinary handling, storage, and inspection. The linen surface carries practical wear where this aqua vitae wash treated cloth is gripped, opened, or set down.	Small	Standard	420.0	9.0	linen	Era / Renaissance Era;Market / Medicine / Chemical Medicine;Functions / Medical Treatment / Chemical Remedy	Holdable;Destroyable_Misc;TopicalCream_Aqua_Vitae_Wash	Renaissance medical catalogue; category Drugs delivery.	Drugs delivery
renaissance_drug_opium_tincture_bottle_002	bottle	an opium tincture bottle	This opium tincture bottle is made chiefly from glass for drugs delivery work in the renaissance period. Its bottle form is fitted for ordinary handling, storage, and inspection. The glass surface carries practical wear where this opium tincture bottle is gripped, opened, or set down.	Small	Standard	160.0	18.0	glass	Era / Renaissance Era;Market / Medicine / Chemical Medicine;Functions / Medical Treatment / Chemical Remedy	Holdable;Destroyable_Misc;LContainer_Medicine_Opium_Tincture_100ml	Renaissance medical catalogue; category Drugs delivery.	Drugs delivery
renaissance_drug_antimony_wine_bottle_003	bottle	an antimony wine bottle	This antimony wine bottle is made chiefly from glass for drugs delivery work in the renaissance period. Its bottle form is fitted for ordinary handling, storage, and inspection. The glass surface carries practical wear where this antimony wine bottle is gripped, opened, or set down.	Small	Standard	160.0	18.0	glass	Era / Renaissance Era;Market / Medicine / Chemical Medicine;Functions / Medical Treatment / Chemical Remedy	Holdable;Destroyable_Misc;LContainer_Medicine_Antimony_Wine_100ml	Renaissance medical catalogue; category Drugs delivery.	Drugs delivery
renaissance_drug_mercurial_ointment_medicine_pot_004	pot	a mercurial ointment medicine pot	This mercurial ointment medicine pot is made chiefly from beeswax for drugs delivery work in the renaissance period. Its pot form is fitted for ordinary handling, storage, and inspection. The beeswax surface carries practical wear where this mercurial ointment medicine pot is gripped, opened, or set down.	Small	Standard	95.0	16.0	beeswax	Era / Renaissance Era;Market / Medicine / Chemical Medicine;Functions / Medical Treatment / Chemical Remedy	Holdable;Destroyable_Misc;TopicalCream_Mercurial_Ointment	Renaissance medical catalogue; category Drugs delivery.	Drugs delivery
renaissance_drug_guaiacum_decoction_bottle_005	bottle	a guaiacum decoction bottle	This guaiacum decoction bottle is made chiefly from glass for drugs delivery work in the renaissance period. Its bottle form is fitted for ordinary handling, storage, and inspection. The glass surface carries practical wear where this guaiacum decoction bottle is gripped, opened, or set down.	Small	Standard	160.0	18.0	glass	Era / Renaissance Era;Market / Medicine / Chemical Medicine;Functions / Medical Treatment / Chemical Remedy	Holdable;Destroyable_Misc;LContainer_Medicine_Guaiacum_Decoction_100ml	Renaissance medical catalogue; category Drugs delivery.	Drugs delivery
renaissance_drug_sarsaparilla_syrup_bottle_006	bottle	a sarsaparilla syrup bottle	This sarsaparilla syrup bottle is made chiefly from glass for drugs delivery work in the renaissance period. Its bottle form is fitted for ordinary handling, storage, and inspection. The glass surface carries practical wear where this sarsaparilla syrup bottle is gripped, opened, or set down.	Small	Standard	160.0	18.0	glass	Era / Renaissance Era;Market / Medicine / Chemical Medicine;Functions / Medical Treatment / Chemical Remedy	Holdable;Destroyable_Misc;LContainer_Medicine_Sarsaparilla_Syrup_100ml	Renaissance medical catalogue; category Drugs delivery.	Drugs delivery
renaissance_drug_sassafras_tonic_bottle_007	bottle	a sassafras tonic bottle	This sassafras tonic bottle is made chiefly from glass for drugs delivery work in the renaissance period. Its bottle form is fitted for ordinary handling, storage, and inspection. The glass surface carries practical wear where this sassafras tonic bottle is gripped, opened, or set down.	Small	Standard	160.0	18.0	glass	Era / Renaissance Era;Market / Medicine / Chemical Medicine;Functions / Medical Treatment / Chemical Remedy	Holdable;Destroyable_Misc;LContainer_Medicine_Sassafras_Tonic_100ml	Renaissance medical catalogue; category Drugs delivery.	Drugs delivery
renaissance_drug_camphorated_balm_medicine_pot_008	pot	a camphorated balm medicine pot	This camphorated balm medicine pot is made chiefly from beeswax for drugs delivery work in the renaissance period. Its pot form is fitted for ordinary handling, storage, and inspection. The beeswax surface carries practical wear where this camphorated balm medicine pot is gripped, opened, or set down.	Small	Standard	95.0	16.0	beeswax	Era / Renaissance Era;Market / Medicine / Chemical Medicine;Functions / Medical Treatment / Chemical Remedy	Holdable;Destroyable_Misc;TopicalCream_Camphorated_Balm	Renaissance medical catalogue; category Drugs delivery.	Drugs delivery
renaissance_drug_myrrh_tincture_treated_cloth_009	cloth	a myrrh tincture treated cloth	This myrrh tincture treated cloth is made chiefly from linen for drugs delivery work in the renaissance period. Its cloth form is fitted for ordinary handling, storage, and inspection. The linen surface carries practical wear where this myrrh tincture treated cloth is gripped, opened, or set down.	Small	Standard	420.0	9.0	linen	Era / Renaissance Era;Market / Medicine / Chemical Medicine;Functions / Medical Treatment / Chemical Remedy	Holdable;Destroyable_Misc;TopicalCream_Myrrh_Tincture	Renaissance medical catalogue; category Drugs delivery.	Drugs delivery
renaissance_drug_benzoin_fumigant_fumigation_cone_010	cone	a benzoin fumigant fumigation cone	This benzoin fumigant fumigation cone is made chiefly from benzoin resin for drugs delivery work in the renaissance period. Its cone form is fitted for ordinary handling, storage, and inspection. The benzoin resin surface carries practical wear where this benzoin fumigant fumigation cone is gripped, opened, or set down.	Small	Standard	45.0	14.0	benzoin resin	Era / Renaissance Era;Market / Medicine / Chemical Medicine;Functions / Medical Treatment / Chemical Remedy	Holdable;Destroyable_Misc;Smokeable_Benzoin_Fumigant	Renaissance medical catalogue; category Drugs delivery.	Drugs delivery
renaissance_drug_tobacco_smoke_smoke_roll_011	roll	a tobacco smoke smoke roll	This tobacco smoke smoke roll is made chiefly from leather for drugs delivery work in the renaissance period. Its roll form is fitted for ordinary handling, storage, and inspection. The leather surface carries practical wear where this tobacco smoke smoke roll is gripped, opened, or set down.	Normal	Standard	1800.0	48.0	leather	Era / Renaissance Era;Market / Medicine / Chemical Medicine;Functions / Medical Treatment / Chemical Remedy	Holdable;Destroyable_Misc;Smokeable_Tobacco_Smoke	Renaissance medical catalogue; category Drugs delivery.	Drugs delivery
renaissance_drug_rosewater_compress_treated_cloth_012	cloth	a rosewater compress treated cloth	This rosewater compress treated cloth is made chiefly from linen for drugs delivery work in the renaissance period. Its cloth form is fitted for ordinary handling, storage, and inspection. The linen surface carries practical wear where this rosewater compress treated cloth is gripped, opened, or set down.	Small	Standard	420.0	9.0	linen	Era / Renaissance Era;Market / Medicine / Chemical Medicine;Functions / Medical Treatment / Chemical Remedy	Holdable;Destroyable_Misc;TopicalCream_Rosewater_Compress	Renaissance medical catalogue; category Drugs delivery.	Drugs delivery
renaissance_drug_laudanum_bottle_013	bottle	a laudanum bottle	This laudanum bottle is made chiefly from glass for drugs delivery work in the renaissance period. Its bottle form is fitted for ordinary handling, storage, and inspection. The glass surface carries practical wear where this laudanum bottle is gripped, opened, or set down.	Small	Standard	160.0	18.0	glass	Era / Renaissance Era;Market / Medicine / Chemical Medicine;Functions / Medical Treatment / Chemical Remedy	Holdable;Destroyable_Misc;LContainer_Medicine_Laudanum_100ml	Renaissance medical catalogue; category Drugs delivery.	Drugs delivery
renaissance_drug_senna_infusion_bottle_014	bottle	a senna infusion bottle	This senna infusion bottle is made chiefly from glass for drugs delivery work in the renaissance period. Its bottle form is fitted for ordinary handling, storage, and inspection. The glass surface carries practical wear where this senna infusion bottle is gripped, opened, or set down.	Small	Standard	160.0	18.0	glass	Era / Renaissance Era;Market / Medicine / Chemical Medicine;Functions / Medical Treatment / Chemical Remedy	Holdable;Destroyable_Misc;LContainer_Medicine_Senna_Infusion_100ml	Renaissance medical catalogue; category Drugs delivery.	Drugs delivery
renaissance_drug_rhubarb_tincture_bottle_015	bottle	a rhubarb tincture bottle	This rhubarb tincture bottle is made chiefly from glass for drugs delivery work in the renaissance period. Its bottle form is fitted for ordinary handling, storage, and inspection. The glass surface carries practical wear where this rhubarb tincture bottle is gripped, opened, or set down.	Small	Standard	160.0	18.0	glass	Era / Renaissance Era;Market / Medicine / Chemical Medicine;Functions / Medical Treatment / Chemical Remedy	Holdable;Destroyable_Misc;LContainer_Medicine_Rhubarb_Tincture_100ml	Renaissance medical catalogue; category Drugs delivery.	Drugs delivery
renaissance_drug_peruvian_balsam_salve_medicine_pot_016	pot	a peruvian balsam salve medicine pot	This peruvian balsam salve medicine pot is made chiefly from glass for drugs delivery work in the renaissance period. Its pot form is fitted for ordinary handling, storage, and inspection. The glass surface carries practical wear where this peruvian balsam salve medicine pot is gripped, opened, or set down.	Small	Standard	110.0	22.0	glass	Era / Renaissance Era;Market / Medicine / Chemical Medicine;Functions / Medical Treatment / Chemical Remedy	Holdable;Destroyable_Misc;TopicalCream_Peruvian_Balsam_Salve	Renaissance medical catalogue; category Drugs delivery.	Drugs delivery
renaissance_drug_turpentine_liniment_medicine_pot_017	pot	a turpentine liniment medicine pot	This turpentine liniment medicine pot is made chiefly from beeswax for drugs delivery work in the renaissance period. Its pot form is fitted for ordinary handling, storage, and inspection. The beeswax surface carries practical wear where this turpentine liniment medicine pot is gripped, opened, or set down.	Small	Standard	95.0	16.0	beeswax	Era / Renaissance Era;Market / Medicine / Chemical Medicine;Functions / Medical Treatment / Chemical Remedy	Holdable;Destroyable_Misc;TopicalCream_Turpentine_Liniment	Renaissance medical catalogue; category Drugs delivery.	Drugs delivery
renaissance_drug_town_aqua_vitae_wash_prepared_dressing_018	dressing	a town aqua vitae wash prepared dressing	This town aqua vitae wash prepared dressing is made chiefly from linen for drugs delivery work in the renaissance period. Its dressing form is fitted for town handling, storage, and inspection. The linen surface carries practical wear where this aqua vitae wash prepared dressing is gripped, opened, or set down.	Small	Good	250.0	12.0	linen	Era / Renaissance Era;Market / Medicine / Chemical Medicine;Functions / Medical Treatment / Chemical Remedy	Holdable;Destroyable_Misc;TopicalCream_Aqua_Vitae_Wash	Renaissance medical catalogue; category Drugs delivery.	Drugs delivery
renaissance_drug_town_opium_tincture_wrapped_dose_019	dose	a town opium tincture wrapped dose	This town opium tincture wrapped dose is made chiefly from herb for drugs delivery work in the renaissance period. Its dose form is fitted for town handling, storage, and inspection. The herb surface carries practical wear where this opium tincture wrapped dose is gripped, opened, or set down.	Small	Good	18.0	11.0	herb	Era / Renaissance Era;Market / Medicine / Chemical Medicine;Functions / Medical Treatment / Chemical Remedy	Holdable;Destroyable_Misc;Pill_Opium_Tincture	Renaissance medical catalogue; category Drugs delivery.	Drugs delivery
renaissance_drug_town_antimony_wine_wrapped_dose_020	dose	a town antimony wine wrapped dose	This town antimony wine wrapped dose is made chiefly from herb for drugs delivery work in the renaissance period. Its dose form is fitted for town handling, storage, and inspection. The herb surface carries practical wear where this antimony wine wrapped dose is gripped, opened, or set down.	Small	Good	18.0	11.0	herb	Era / Renaissance Era;Market / Medicine / Chemical Medicine;Functions / Medical Treatment / Chemical Remedy	Holdable;Destroyable_Misc;Pill_Antimony_Wine	Renaissance medical catalogue; category Drugs delivery.	Drugs delivery
renaissance_drug_town_mercurial_ointment_prepared_dressing_021	dressing	a town mercurial ointment prepared dressing	This town mercurial ointment prepared dressing is made chiefly from beeswax for drugs delivery work in the renaissance period. Its dressing form is fitted for town handling, storage, and inspection. The beeswax surface carries practical wear where this mercurial ointment prepared dressing is gripped, opened, or set down.	Small	Good	95.0	16.0	beeswax	Era / Renaissance Era;Market / Medicine / Chemical Medicine;Functions / Medical Treatment / Chemical Remedy	Holdable;Destroyable_Misc;TopicalCream_Mercurial_Ointment	Renaissance medical catalogue; category Drugs delivery.	Drugs delivery
renaissance_drug_town_guaiacum_decoction_wrapped_dose_022	dose	a town guaiacum decoction wrapped dose	This town guaiacum decoction wrapped dose is made chiefly from herb for drugs delivery work in the renaissance period. Its dose form is fitted for town handling, storage, and inspection. The herb surface carries practical wear where this guaiacum decoction wrapped dose is gripped, opened, or set down.	Small	Good	18.0	11.0	herb	Era / Renaissance Era;Market / Medicine / Chemical Medicine;Functions / Medical Treatment / Chemical Remedy	Holdable;Destroyable_Misc;Pill_Guaiacum_Decoction	Renaissance medical catalogue; category Drugs delivery.	Drugs delivery
renaissance_drug_town_sarsaparilla_syrup_wrapped_dose_023	dose	a town sarsaparilla syrup wrapped dose	This town sarsaparilla syrup wrapped dose is made chiefly from herb for drugs delivery work in the renaissance period. Its dose form is fitted for town handling, storage, and inspection. The herb surface carries practical wear where this sarsaparilla syrup wrapped dose is gripped, opened, or set down.	Small	Good	18.0	11.0	herb	Era / Renaissance Era;Market / Medicine / Chemical Medicine;Functions / Medical Treatment / Chemical Remedy	Holdable;Destroyable_Misc;Pill_Sarsaparilla_Syrup	Renaissance medical catalogue; category Drugs delivery.	Drugs delivery
renaissance_drug_town_sassafras_tonic_wrapped_dose_024	dose	a town sassafras tonic wrapped dose	This town sassafras tonic wrapped dose is made chiefly from herb for drugs delivery work in the renaissance period. Its dose form is fitted for town handling, storage, and inspection. The herb surface carries practical wear where this sassafras tonic wrapped dose is gripped, opened, or set down.	Small	Good	18.0	11.0	herb	Era / Renaissance Era;Market / Medicine / Chemical Medicine;Functions / Medical Treatment / Chemical Remedy	Holdable;Destroyable_Misc;Pill_Sassafras_Tonic	Renaissance medical catalogue; category Drugs delivery.	Drugs delivery
renaissance_drug_town_camphorated_balm_prepared_dressing_025	dressing	a town camphorated balm prepared dressing	This town camphorated balm prepared dressing is made chiefly from beeswax for drugs delivery work in the renaissance period. Its dressing form is fitted for town handling, storage, and inspection. The beeswax surface carries practical wear where this camphorated balm prepared dressing is gripped, opened, or set down.	Small	Good	95.0	16.0	beeswax	Era / Renaissance Era;Market / Medicine / Chemical Medicine;Functions / Medical Treatment / Chemical Remedy	Holdable;Destroyable_Misc;TopicalCream_Camphorated_Balm	Renaissance medical catalogue; category Drugs delivery.	Drugs delivery
renaissance_drug_town_myrrh_tincture_prepared_dressing_026	dressing	a town myrrh tincture prepared dressing	This town myrrh tincture prepared dressing is made chiefly from glass for drugs delivery work in the renaissance period. Its dressing form is fitted for town handling, storage, and inspection. The glass surface carries practical wear where this myrrh tincture prepared dressing is gripped, opened, or set down.	Small	Good	110.0	22.0	glass	Era / Renaissance Era;Market / Medicine / Chemical Medicine;Functions / Medical Treatment / Chemical Remedy	Holdable;Destroyable_Misc;TopicalCream_Myrrh_Tincture	Renaissance medical catalogue; category Drugs delivery.	Drugs delivery
renaissance_drug_town_benzoin_fumigant_prepared_pastille_027	pastille	a town benzoin fumigant prepared pastille	This town benzoin fumigant prepared pastille is made chiefly from benzoin resin for drugs delivery work in the renaissance period. Its pastille form is fitted for town handling, storage, and inspection. The benzoin resin surface carries practical wear where this benzoin fumigant prepared pastille is gripped, opened, or set down.	Small	Good	45.0	14.0	benzoin resin	Era / Renaissance Era;Market / Medicine / Chemical Medicine;Functions / Medical Treatment / Chemical Remedy	Holdable;Destroyable_Misc;Smokeable_Benzoin_Fumigant	Renaissance medical catalogue; category Drugs delivery.	Drugs delivery
renaissance_drug_town_tobacco_smoke_prepared_pipe_charge_028	charge	a town tobacco smoke prepared pipe charge	This town tobacco smoke prepared pipe charge is made chiefly from tobacco leaf for drugs delivery work in the renaissance period. Its charge form is fitted for town handling, storage, and inspection. The tobacco leaf surface carries practical wear where this tobacco smoke prepared pipe charge is gripped, opened, or set down.	Small	Good	35.0	8.0	tobacco leaf	Era / Renaissance Era;Market / Medicine / Chemical Medicine;Functions / Medical Treatment / Chemical Remedy	Holdable;Destroyable_Misc;Smokeable_Tobacco_Smoke	Renaissance medical catalogue; category Drugs delivery.	Drugs delivery
renaissance_drug_town_rosewater_compress_prepared_dressing_029	dressing	a town rosewater compress prepared dressing	This town rosewater compress prepared dressing is made chiefly from linen for drugs delivery work in the renaissance period. Its dressing form is fitted for town handling, storage, and inspection. The linen surface carries practical wear where this rosewater compress prepared dressing is gripped, opened, or set down.	Small	Good	420.0	9.0	linen	Era / Renaissance Era;Market / Medicine / Chemical Medicine;Functions / Medical Treatment / Chemical Remedy	Holdable;Destroyable_Misc;TopicalCream_Rosewater_Compress	Renaissance medical catalogue; category Drugs delivery.	Drugs delivery
renaissance_drug_town_laudanum_wrapped_dose_030	dose	a town laudanum wrapped dose	This town laudanum wrapped dose is made chiefly from herb for drugs delivery work in the renaissance period. Its dose form is fitted for town handling, storage, and inspection. The herb surface carries practical wear where this laudanum wrapped dose is gripped, opened, or set down.	Small	Good	18.0	11.0	herb	Era / Renaissance Era;Market / Medicine / Chemical Medicine;Functions / Medical Treatment / Chemical Remedy	Holdable;Destroyable_Misc;Pill_Laudanum	Renaissance medical catalogue; category Drugs delivery.	Drugs delivery
renaissance_drug_town_senna_infusion_wrapped_dose_031	dose	a town senna infusion wrapped dose	This town senna infusion wrapped dose is made chiefly from herb for drugs delivery work in the renaissance period. Its dose form is fitted for town handling, storage, and inspection. The herb surface carries practical wear where this senna infusion wrapped dose is gripped, opened, or set down.	Small	Good	18.0	11.0	herb	Era / Renaissance Era;Market / Medicine / Chemical Medicine;Functions / Medical Treatment / Chemical Remedy	Holdable;Destroyable_Misc;Pill_Senna_Infusion	Renaissance medical catalogue; category Drugs delivery.	Drugs delivery
renaissance_drug_town_rhubarb_tincture_wrapped_dose_032	dose	a town rhubarb tincture wrapped dose	This town rhubarb tincture wrapped dose is made chiefly from herb for drugs delivery work in the renaissance period. Its dose form is fitted for town handling, storage, and inspection. The herb surface carries practical wear where this rhubarb tincture wrapped dose is gripped, opened, or set down.	Small	Good	18.0	11.0	herb	Era / Renaissance Era;Market / Medicine / Chemical Medicine;Functions / Medical Treatment / Chemical Remedy	Holdable;Destroyable_Misc;Pill_Rhubarb_Tincture	Renaissance medical catalogue; category Drugs delivery.	Drugs delivery
renaissance_drug_town_peruvian_balsam_salve_prepared_dressing_033	dressing	a town peruvian balsam salve prepared dressing	This town peruvian balsam salve prepared dressing is made chiefly from glass for drugs delivery work in the renaissance period. Its dressing form is fitted for town handling, storage, and inspection. The glass surface carries practical wear where this peruvian balsam salve prepared dressing is gripped, opened, or set down.	Small	Good	110.0	22.0	glass	Era / Renaissance Era;Market / Medicine / Chemical Medicine;Functions / Medical Treatment / Chemical Remedy	Holdable;Destroyable_Misc;TopicalCream_Peruvian_Balsam_Salve	Renaissance medical catalogue; category Drugs delivery.	Drugs delivery
renaissance_drug_town_turpentine_liniment_prepared_dressing_034	dressing	a town turpentine liniment prepared dressing	This town turpentine liniment prepared dressing is made chiefly from beeswax for drugs delivery work in the renaissance period. Its dressing form is fitted for town handling, storage, and inspection. The beeswax surface carries practical wear where this turpentine liniment prepared dressing is gripped, opened, or set down.	Small	Good	95.0	16.0	beeswax	Era / Renaissance Era;Market / Medicine / Chemical Medicine;Functions / Medical Treatment / Chemical Remedy	Holdable;Destroyable_Misc;TopicalCream_Turpentine_Liniment	Renaissance medical catalogue; category Drugs delivery.	Drugs delivery
renaissance_drug_hospital_aqua_vitae_wash_application_jar_035	jar	a hospital aqua vitae wash application jar	This hospital aqua vitae wash application jar is made chiefly from glass for drugs delivery work in the renaissance period. Its jar form is fitted for hospital handling, storage, and inspection. The glass surface carries practical wear where this aqua vitae wash application jar is gripped, opened, or set down.	Small	VeryGood	176.0	24.3	glass	Era / Renaissance Era;Market / Medicine / Chemical Medicine;Functions / Medical Treatment / Chemical Remedy	Holdable;Destroyable_Misc;TopicalCream_Aqua_Vitae_Wash	Renaissance medical catalogue; category Drugs delivery.	Drugs delivery
renaissance_drug_hospital_opium_tincture_travelling_flask_036	flask	a hospital opium tincture travelling flask	This hospital opium tincture travelling flask is made chiefly from glass for drugs delivery work in the renaissance period. Its flask form is fitted for hospital handling, storage, and inspection. The glass surface carries practical wear where this opium tincture travelling flask is gripped, opened, or set down.	Small	VeryGood	176.0	24.3	glass	Era / Renaissance Era;Market / Medicine / Chemical Medicine;Functions / Medical Treatment / Chemical Remedy	Holdable;Destroyable_Misc;LContainer_Medicine_Opium_Tincture_100ml	Renaissance medical catalogue; category Drugs delivery.	Drugs delivery
renaissance_drug_hospital_antimony_wine_travelling_flask_037	flask	a hospital antimony wine travelling flask	This hospital antimony wine travelling flask is made chiefly from glass for drugs delivery work in the renaissance period. Its flask form is fitted for hospital handling, storage, and inspection. The glass surface carries practical wear where this antimony wine travelling flask is gripped, opened, or set down.	Small	VeryGood	176.0	24.3	glass	Era / Renaissance Era;Market / Medicine / Chemical Medicine;Functions / Medical Treatment / Chemical Remedy	Holdable;Destroyable_Misc;LContainer_Medicine_Antimony_Wine_100ml	Renaissance medical catalogue; category Drugs delivery.	Drugs delivery
renaissance_drug_hospital_mercurial_ointment_application_jar_038	jar	a hospital mercurial ointment application jar	This hospital mercurial ointment application jar is made chiefly from glass for drugs delivery work in the renaissance period. Its jar form is fitted for hospital handling, storage, and inspection. The glass surface carries practical wear where this mercurial ointment application jar is gripped, opened, or set down.	Small	VeryGood	176.0	24.3	glass	Era / Renaissance Era;Market / Medicine / Chemical Medicine;Functions / Medical Treatment / Chemical Remedy	Holdable;Destroyable_Misc;TopicalCream_Mercurial_Ointment	Renaissance medical catalogue; category Drugs delivery.	Drugs delivery
renaissance_drug_hospital_guaiacum_decoction_travelling_flask_039	flask	a hospital guaiacum decoction travelling flask	This hospital guaiacum decoction travelling flask is made chiefly from glass for drugs delivery work in the renaissance period. Its flask form is fitted for hospital handling, storage, and inspection. The glass surface carries practical wear where this guaiacum decoction travelling flask is gripped, opened, or set down.	Small	VeryGood	176.0	24.3	glass	Era / Renaissance Era;Market / Medicine / Chemical Medicine;Functions / Medical Treatment / Chemical Remedy	Holdable;Destroyable_Misc;LContainer_Medicine_Guaiacum_Decoction_100ml	Renaissance medical catalogue; category Drugs delivery.	Drugs delivery
renaissance_drug_hospital_sarsaparilla_syrup_travelling_flask_040	flask	a hospital sarsaparilla syrup travelling flask	This hospital sarsaparilla syrup travelling flask is made chiefly from glass for drugs delivery work in the renaissance period. Its flask form is fitted for hospital handling, storage, and inspection. The glass surface carries practical wear where this sarsaparilla syrup travelling flask is gripped, opened, or set down.	Small	VeryGood	176.0	24.3	glass	Era / Renaissance Era;Market / Medicine / Chemical Medicine;Functions / Medical Treatment / Chemical Remedy	Holdable;Destroyable_Misc;LContainer_Medicine_Sarsaparilla_Syrup_100ml	Renaissance medical catalogue; category Drugs delivery.	Drugs delivery
renaissance_drug_hospital_sassafras_tonic_travelling_flask_041	flask	a hospital sassafras tonic travelling flask	This hospital sassafras tonic travelling flask is made chiefly from glass for drugs delivery work in the renaissance period. Its flask form is fitted for hospital handling, storage, and inspection. The glass surface carries practical wear where this sassafras tonic travelling flask is gripped, opened, or set down.	Small	VeryGood	176.0	24.3	glass	Era / Renaissance Era;Market / Medicine / Chemical Medicine;Functions / Medical Treatment / Chemical Remedy	Holdable;Destroyable_Misc;LContainer_Medicine_Sassafras_Tonic_100ml	Renaissance medical catalogue; category Drugs delivery.	Drugs delivery
renaissance_drug_hospital_camphorated_balm_application_jar_042	jar	a hospital camphorated balm application jar	This hospital camphorated balm application jar is made chiefly from glass for drugs delivery work in the renaissance period. Its jar form is fitted for hospital handling, storage, and inspection. The glass surface carries practical wear where this camphorated balm application jar is gripped, opened, or set down.	Small	VeryGood	176.0	24.3	glass	Era / Renaissance Era;Market / Medicine / Chemical Medicine;Functions / Medical Treatment / Chemical Remedy	Holdable;Destroyable_Misc;TopicalCream_Camphorated_Balm	Renaissance medical catalogue; category Drugs delivery.	Drugs delivery
renaissance_drug_hospital_myrrh_tincture_application_jar_043	jar	a hospital myrrh tincture application jar	This hospital myrrh tincture application jar is made chiefly from glass for drugs delivery work in the renaissance period. Its jar form is fitted for hospital handling, storage, and inspection. The glass surface carries practical wear where this myrrh tincture application jar is gripped, opened, or set down.	Small	VeryGood	176.0	24.3	glass	Era / Renaissance Era;Market / Medicine / Chemical Medicine;Functions / Medical Treatment / Chemical Remedy	Holdable;Destroyable_Misc;TopicalCream_Myrrh_Tincture	Renaissance medical catalogue; category Drugs delivery.	Drugs delivery
renaissance_drug_hospital_benzoin_fumigant_fumigation_roll_044	roll	a hospital benzoin fumigant fumigation roll	This hospital benzoin fumigant fumigation roll is made chiefly from leather for drugs delivery work in the renaissance period. Its roll form is fitted for hospital handling, storage, and inspection. The leather surface carries practical wear where this benzoin fumigant fumigation roll is gripped, opened, or set down.	Normal	VeryGood	1980.0000000000002	64.80000000000001	leather	Era / Renaissance Era;Market / Medicine / Chemical Medicine;Functions / Medical Treatment / Chemical Remedy	Holdable;Destroyable_Misc;Smokeable_Benzoin_Fumigant	Renaissance medical catalogue; category Drugs delivery.	Drugs delivery
renaissance_drug_hospital_tobacco_smoke_smoking_cone_045	cone	a hospital tobacco smoke smoking cone	This hospital tobacco smoke smoking cone is made chiefly from tobacco leaf for drugs delivery work in the renaissance period. Its cone form is fitted for hospital handling, storage, and inspection. The tobacco leaf surface carries practical wear where this tobacco smoke smoking cone is gripped, opened, or set down.	Small	VeryGood	38.5	10.8	tobacco leaf	Era / Renaissance Era;Market / Medicine / Chemical Medicine;Functions / Medical Treatment / Chemical Remedy	Holdable;Destroyable_Misc;Smokeable_Tobacco_Smoke	Renaissance medical catalogue; category Drugs delivery.	Drugs delivery
renaissance_drug_hospital_rosewater_compress_application_jar_046	jar	a hospital rosewater compress application jar	This hospital rosewater compress application jar is made chiefly from glass for drugs delivery work in the renaissance period. Its jar form is fitted for hospital handling, storage, and inspection. The glass surface carries practical wear where this rosewater compress application jar is gripped, opened, or set down.	Small	VeryGood	176.0	24.3	glass	Era / Renaissance Era;Market / Medicine / Chemical Medicine;Functions / Medical Treatment / Chemical Remedy	Holdable;Destroyable_Misc;TopicalCream_Rosewater_Compress	Renaissance medical catalogue; category Drugs delivery.	Drugs delivery
renaissance_drug_hospital_laudanum_travelling_flask_047	flask	a hospital laudanum travelling flask	This hospital laudanum travelling flask is made chiefly from glass for drugs delivery work in the renaissance period. Its flask form is fitted for hospital handling, storage, and inspection. The glass surface carries practical wear where this laudanum travelling flask is gripped, opened, or set down.	Small	VeryGood	176.0	24.3	glass	Era / Renaissance Era;Market / Medicine / Chemical Medicine;Functions / Medical Treatment / Chemical Remedy	Holdable;Destroyable_Misc;LContainer_Medicine_Laudanum_100ml	Renaissance medical catalogue; category Drugs delivery.	Drugs delivery
renaissance_drug_hospital_senna_infusion_travelling_flask_048	flask	a hospital senna infusion travelling flask	This hospital senna infusion travelling flask is made chiefly from glass for drugs delivery work in the renaissance period. Its flask form is fitted for hospital handling, storage, and inspection. The glass surface carries practical wear where this senna infusion travelling flask is gripped, opened, or set down.	Small	VeryGood	176.0	24.3	glass	Era / Renaissance Era;Market / Medicine / Chemical Medicine;Functions / Medical Treatment / Chemical Remedy	Holdable;Destroyable_Misc;LContainer_Medicine_Senna_Infusion_100ml	Renaissance medical catalogue; category Drugs delivery.	Drugs delivery
renaissance_drug_hospital_rhubarb_tincture_travelling_flask_049	flask	a hospital rhubarb tincture travelling flask	This hospital rhubarb tincture travelling flask is made chiefly from glass for drugs delivery work in the renaissance period. Its flask form is fitted for hospital handling, storage, and inspection. The glass surface carries practical wear where this rhubarb tincture travelling flask is gripped, opened, or set down.	Small	VeryGood	176.0	24.3	glass	Era / Renaissance Era;Market / Medicine / Chemical Medicine;Functions / Medical Treatment / Chemical Remedy	Holdable;Destroyable_Misc;LContainer_Medicine_Rhubarb_Tincture_100ml	Renaissance medical catalogue; category Drugs delivery.	Drugs delivery
renaissance_drug_hospital_peruvian_balsam_salve_application_jar_050	jar	a hospital peruvian balsam salve application jar	This hospital peruvian balsam salve application jar is made chiefly from glass for drugs delivery work in the renaissance period. Its jar form is fitted for hospital handling, storage, and inspection. The glass surface carries practical wear where this peruvian balsam salve application jar is gripped, opened, or set down.	Small	VeryGood	176.0	24.3	glass	Era / Renaissance Era;Market / Medicine / Chemical Medicine;Functions / Medical Treatment / Chemical Remedy	Holdable;Destroyable_Misc;TopicalCream_Peruvian_Balsam_Salve	Renaissance medical catalogue; category Drugs delivery.	Drugs delivery
renaissance_drug_hospital_turpentine_liniment_application_jar_051	jar	a hospital turpentine liniment application jar	This hospital turpentine liniment application jar is made chiefly from glass for drugs delivery work in the renaissance period. Its jar form is fitted for hospital handling, storage, and inspection. The glass surface carries practical wear where this turpentine liniment application jar is gripped, opened, or set down.	Small	VeryGood	176.0	24.3	glass	Era / Renaissance Era;Market / Medicine / Chemical Medicine;Functions / Medical Treatment / Chemical Remedy	Holdable;Destroyable_Misc;TopicalCream_Turpentine_Liniment	Renaissance medical catalogue; category Drugs delivery.	Drugs delivery
renaissance_drug_naval_aqua_vitae_wash_treatment_packet_052	packet	a naval aqua vitae wash treatment packet	This naval aqua vitae wash treatment packet is made chiefly from herb for drugs delivery work in the renaissance period. Its packet form is fitted for naval handling, storage, and inspection. The herb surface carries practical wear where this aqua vitae wash treatment packet is gripped, opened, or set down.	Small	Good	15.299999999999999	13.2	herb	Era / Renaissance Era;Market / Medicine / Chemical Medicine;Functions / Medical Treatment / Chemical Remedy;Institution / Maritime	Holdable;Destroyable_Misc;TopicalCream_Aqua_Vitae_Wash	Renaissance medical catalogue; category Drugs delivery.	Drugs delivery
renaissance_drug_naval_opium_tincture_apothecary_bolus_053	bolus	a naval opium tincture apothecary bolus	This naval opium tincture apothecary bolus is made chiefly from herb for drugs delivery work in the renaissance period. Its bolus form is fitted for naval handling, storage, and inspection. The herb surface carries practical wear where this opium tincture apothecary bolus is gripped, opened, or set down.	Small	Good	15.299999999999999	13.2	herb	Era / Renaissance Era;Market / Medicine / Chemical Medicine;Functions / Medical Treatment / Chemical Remedy;Institution / Maritime	Holdable;Destroyable_Misc;Pill_Opium_Tincture	Renaissance medical catalogue; category Drugs delivery.	Drugs delivery
renaissance_drug_naval_antimony_wine_apothecary_bolus_054	bolus	a naval antimony wine apothecary bolus	This naval antimony wine apothecary bolus is made chiefly from herb for drugs delivery work in the renaissance period. Its bolus form is fitted for naval handling, storage, and inspection. The herb surface carries practical wear where this antimony wine apothecary bolus is gripped, opened, or set down.	Small	Good	15.299999999999999	13.2	herb	Era / Renaissance Era;Market / Medicine / Chemical Medicine;Functions / Medical Treatment / Chemical Remedy;Institution / Maritime	Holdable;Destroyable_Misc;Pill_Antimony_Wine	Renaissance medical catalogue; category Drugs delivery.	Drugs delivery
renaissance_drug_naval_mercurial_ointment_treatment_packet_055	packet	a naval mercurial ointment treatment packet	This naval mercurial ointment treatment packet is made chiefly from beeswax for drugs delivery work in the renaissance period. Its packet form is fitted for naval handling, storage, and inspection. The beeswax surface carries practical wear where this mercurial ointment treatment packet is gripped, opened, or set down.	Small	Good	80.75	19.2	beeswax	Era / Renaissance Era;Market / Medicine / Chemical Medicine;Functions / Medical Treatment / Chemical Remedy;Institution / Maritime	Holdable;Destroyable_Misc;TopicalCream_Mercurial_Ointment	Renaissance medical catalogue; category Drugs delivery.	Drugs delivery
renaissance_drug_naval_guaiacum_decoction_apothecary_bolus_056	bolus	a naval guaiacum decoction apothecary bolus	This naval guaiacum decoction apothecary bolus is made chiefly from herb for drugs delivery work in the renaissance period. Its bolus form is fitted for naval handling, storage, and inspection. The herb surface carries practical wear where this guaiacum decoction apothecary bolus is gripped, opened, or set down.	Small	Good	15.299999999999999	13.2	herb	Era / Renaissance Era;Market / Medicine / Chemical Medicine;Functions / Medical Treatment / Chemical Remedy;Institution / Maritime	Holdable;Destroyable_Misc;Pill_Guaiacum_Decoction	Renaissance medical catalogue; category Drugs delivery.	Drugs delivery
renaissance_drug_naval_sarsaparilla_syrup_apothecary_bolus_057	bolus	a naval sarsaparilla syrup apothecary bolus	This naval sarsaparilla syrup apothecary bolus is made chiefly from herb for drugs delivery work in the renaissance period. Its bolus form is fitted for naval handling, storage, and inspection. The herb surface carries practical wear where this sarsaparilla syrup apothecary bolus is gripped, opened, or set down.	Small	Good	15.299999999999999	13.2	herb	Era / Renaissance Era;Market / Medicine / Chemical Medicine;Functions / Medical Treatment / Chemical Remedy;Institution / Maritime	Holdable;Destroyable_Misc;Pill_Sarsaparilla_Syrup	Renaissance medical catalogue; category Drugs delivery.	Drugs delivery
renaissance_drug_naval_sassafras_tonic_apothecary_bolus_058	bolus	a naval sassafras tonic apothecary bolus	This naval sassafras tonic apothecary bolus is made chiefly from herb for drugs delivery work in the renaissance period. Its bolus form is fitted for naval handling, storage, and inspection. The herb surface carries practical wear where this sassafras tonic apothecary bolus is gripped, opened, or set down.	Small	Good	15.299999999999999	13.2	herb	Era / Renaissance Era;Market / Medicine / Chemical Medicine;Functions / Medical Treatment / Chemical Remedy;Institution / Maritime	Holdable;Destroyable_Misc;Pill_Sassafras_Tonic	Renaissance medical catalogue; category Drugs delivery.	Drugs delivery
renaissance_drug_naval_camphorated_balm_treatment_packet_059	packet	a naval camphorated balm treatment packet	This naval camphorated balm treatment packet is made chiefly from beeswax for drugs delivery work in the renaissance period. Its packet form is fitted for naval handling, storage, and inspection. The beeswax surface carries practical wear where this camphorated balm treatment packet is gripped, opened, or set down.	Small	Good	80.75	19.2	beeswax	Era / Renaissance Era;Market / Medicine / Chemical Medicine;Functions / Medical Treatment / Chemical Remedy;Institution / Maritime	Holdable;Destroyable_Misc;TopicalCream_Camphorated_Balm	Renaissance medical catalogue; category Drugs delivery.	Drugs delivery
renaissance_drug_naval_myrrh_tincture_treatment_packet_060	packet	a naval myrrh tincture treatment packet	This naval myrrh tincture treatment packet is made chiefly from herb for drugs delivery work in the renaissance period. Its packet form is fitted for naval handling, storage, and inspection. The herb surface carries practical wear where this myrrh tincture treatment packet is gripped, opened, or set down.	Small	Good	15.299999999999999	13.2	herb	Era / Renaissance Era;Market / Medicine / Chemical Medicine;Functions / Medical Treatment / Chemical Remedy;Institution / Maritime	Holdable;Destroyable_Misc;TopicalCream_Myrrh_Tincture	Renaissance medical catalogue; category Drugs delivery.	Drugs delivery
renaissance_medical_pesthouse_bed_roll_001	roll	a pesthouse bed roll	This pesthouse bed roll is made chiefly from leather for public health work in the renaissance period. Its roll form is fitted for ordinary handling, storage, and inspection. The leather surface carries practical wear where this pesthouse bed roll is gripped, opened, or set down.	Normal	Standard	1800.0	48.0	leather	Era / Renaissance Era;Market / Medicine / Public Health;Functions / Medical Treatment / Quarantine	Holdable;Destroyable_Misc	Renaissance medical catalogue; category Public health.	Public health
renaissance_medical_quarantine_flag_002	flag	a quarantine flag	This quarantine flag is made chiefly from linen for public health work in the renaissance period. Its flag form is fitted for ordinary handling, storage, and inspection. The linen surface carries practical wear where this quarantine flag is gripped, opened, or set down.	Small	Standard	250.0	12.0	linen	Era / Renaissance Era;Market / Medicine / Public Health;Functions / Medical Treatment / Quarantine	Holdable;Destroyable_Misc	Renaissance medical catalogue; category Public health.	Public health
renaissance_medical_fumigation_brazier_003	brazier	a fumigation brazier	This fumigation brazier is made chiefly from bronze for public health work in the renaissance period. Its brazier form is fitted for ordinary handling, storage, and inspection. The bronze surface carries practical wear where this fumigation brazier is gripped, opened, or set down.	Normal	Standard	2600.0	38.0	bronze	Era / Renaissance Era;Market / Medicine / Public Health;Functions / Medical Treatment / Public Health	Holdable;Destroyable_Misc	Renaissance medical catalogue; category Public health.	Public health
renaissance_medical_aromatic_vinegar_cloth_004	cloth	an aromatic vinegar cloth	This aromatic vinegar cloth is made chiefly from linen for public health work in the renaissance period. Its cloth form is fitted for ordinary handling, storage, and inspection. The linen surface carries practical wear where this aromatic vinegar cloth is gripped, opened, or set down.	Small	Standard	420.0	9.0	linen	Era / Renaissance Era;Market / Medicine / Public Health;Functions / Medical Treatment / Public Health	Holdable;Destroyable_Misc;Antiseptic_Single	Renaissance medical catalogue; category Public health.	Public health
renaissance_medical_plague_pomander_005	pomander	a plague pomander	This plague pomander is made chiefly from silver for public health work in the renaissance period. Its pomander form is fitted for ordinary handling, storage, and inspection. The silver surface carries practical wear where this plague pomander is gripped, opened, or set down.	Small	Standard	90.0	65.0	silver	Era / Renaissance Era;Market / Medicine / Public Health;Functions / Medical Treatment / Public Health	Holdable;Destroyable_Misc	Renaissance medical catalogue; category Public health.	Public health
renaissance_medical_ward_washstand_006	washstand	a ward washstand	This ward washstand is made chiefly from linen for public health work in the renaissance period. Its washstand form is fitted for ordinary handling, storage, and inspection. The linen surface carries practical wear where this ward washstand is gripped, opened, or set down.	Small	Standard	250.0	12.0	linen	Era / Renaissance Era;Market / Medicine / Public Health;Functions / Medical Treatment / Public Health	Holdable;Destroyable_Misc	Renaissance medical catalogue; category Public health.	Public health
renaissance_medical_hospital_screen_007	screen	a hospital screen	This hospital screen is made chiefly from oak for public health work in the renaissance period. Its screen form is fitted for ordinary handling, storage, and inspection. The oak surface carries practical wear where this hospital screen is gripped, opened, or set down.	Normal	Standard	1800.0	48.0	oak	Era / Renaissance Era;Market / Medicine / Public Health;Functions / Medical Treatment / Public Health	Holdable;Destroyable_Misc	Renaissance medical catalogue; category Public health.	Public health
renaissance_medical_infirmary_blanket_008	blanket	an infirmary blanket	This infirmary blanket is made chiefly from linen for public health work in the renaissance period. Its blanket form is fitted for ordinary handling, storage, and inspection. The linen surface carries practical wear where this infirmary blanket is gripped, opened, or set down.	Small	Standard	420.0	9.0	linen	Era / Renaissance Era;Market / Medicine / Public Health;Functions / Medical Treatment / Public Health	Holdable;Destroyable_Misc	Renaissance medical catalogue; category Public health.	Public health
renaissance_medical_surgeon_field_roll_009	roll	a surgeon field roll	This surgeon field roll is made chiefly from leather for public health work in the renaissance period. Its roll form is fitted for ordinary handling, storage, and inspection. The leather surface carries practical wear where this surgeon field roll is gripped, opened, or set down.	Normal	Standard	1800.0	48.0	leather	Era / Renaissance Era;Market / Medicine / Public Health;Functions / Medical Treatment / Public Health	Holdable;Destroyable_Misc;FieldMedkit	Renaissance medical catalogue; category Public health.	Public health
renaissance_medical_campaign_medicine_chest_010	chest	a campaign medicine chest	This campaign medicine chest is made chiefly from oak for public health work in the renaissance period. Its chest form is fitted for ordinary handling, storage, and inspection. The oak surface carries practical wear where this campaign medicine chest is gripped, opened, or set down.	Normal	Standard	1800.0	48.0	oak	Era / Renaissance Era;Market / Medicine / Public Health;Functions / Medical Treatment / Public Health	Holdable;Destroyable_Misc;FieldMedkit	Renaissance medical catalogue; category Public health.	Public health
renaissance_medical_dissection_sheet_011	sheet	a dissection sheet	This dissection sheet is made chiefly from linen for public health work in the renaissance period. Its sheet form is fitted for ordinary handling, storage, and inspection. The linen surface carries practical wear where this dissection sheet is gripped, opened, or set down.	Small	Standard	250.0	12.0	linen	Era / Renaissance Era;Market / Medicine / Public Health;Functions / Medical Treatment / Public Health	Holdable;Destroyable_Misc	Renaissance medical catalogue; category Public health.	Public health
renaissance_medical_corpse_shroud_012	shroud	a corpse shroud	This corpse shroud is made chiefly from linen for public health work in the renaissance period. Its shroud form is fitted for ordinary handling, storage, and inspection. The linen surface carries practical wear where this corpse shroud is gripped, opened, or set down.	Small	Standard	420.0	9.0	linen	Era / Renaissance Era;Market / Medicine / Public Health;Functions / Medical Treatment / Public Health	Holdable;Destroyable_Misc	Renaissance medical catalogue; category Public health.	Public health
renaissance_medical_sickroom_chamber_pot_013	pot	a sickroom chamber pot	This sickroom chamber pot is made chiefly from ceramic for public health work in the renaissance period. Its pot form is fitted for ordinary handling, storage, and inspection. The ceramic surface carries practical wear where this sickroom chamber pot is gripped, opened, or set down.	Small	Standard	1100.0	10.0	ceramic	Era / Renaissance Era;Market / Medicine / Public Health;Functions / Medical Treatment / Public Health	Holdable;Destroyable_Misc	Renaissance medical catalogue; category Public health.	Public health
renaissance_medical_fever_compress_014	compress	a fever compress	This fever compress is made chiefly from linen for public health work in the renaissance period. Its compress form is fitted for ordinary handling, storage, and inspection. The linen surface carries practical wear where this fever compress is gripped, opened, or set down.	Small	Standard	420.0	9.0	linen	Era / Renaissance Era;Market / Medicine / Public Health;Functions / Medical Treatment / Public Health	Holdable;Destroyable_Misc;Tend_Single	Renaissance medical catalogue; category Public health.	Public health
renaissance_medical_isolation_placard_015	placard	an isolation placard	This isolation placard is made chiefly from oak for public health work in the renaissance period. Its placard form is fitted for ordinary handling, storage, and inspection. The oak surface carries practical wear where this isolation placard is gripped, opened, or set down.	Small	Standard	600.0	8.0	oak	Era / Renaissance Era;Market / Medicine / Public Health;Functions / Medical Treatment / Quarantine	Holdable;Destroyable_Misc	Renaissance medical catalogue; category Public health.	Public health
renaissance_medical_public_pump_key_016	key	a public pump key	This public pump key is made chiefly from wrought iron for public health work in the renaissance period. Its key form is fitted for ordinary handling, storage, and inspection. The wrought iron surface carries practical wear where this public pump key is gripped, opened, or set down.	Small	Standard	180.0	20.0	wrought iron	Era / Renaissance Era;Market / Medicine / Public Health;Functions / Medical Treatment / Public Health	Holdable;Destroyable_Misc	Renaissance medical catalogue; category Public health.	Public health
renaissance_medical_royal_touch_token_017	token	a royal-touch token	This royal-touch token is made chiefly from silver for public health work in the renaissance period. Its token form is fitted for ordinary handling, storage, and inspection. The silver surface carries practical wear where this royal-touch token is gripped, opened, or set down.	Small	Standard	18.0	50.0	silver	Era / Renaissance Era;Market / Medicine / Public Health;Functions / Medical Treatment / Diagnostic Prop;Institution / Religious	Holdable;Destroyable_Misc	Renaissance medical catalogue; category Public health.	Public health
renaissance_medical_town_pesthouse_bed_roll_018	roll	a town pesthouse bed roll	This town pesthouse bed roll is made chiefly from leather for public health work in the renaissance period. Its roll form is fitted for town handling, storage, and inspection. The leather surface carries practical wear where this pesthouse bed roll is gripped, opened, or set down.	Normal	Good	1800.0	48.0	leather	Era / Renaissance Era;Market / Medicine / Public Health;Functions / Medical Treatment / Quarantine	Holdable;Destroyable_Misc	Renaissance medical catalogue; category Public health.	Public health
renaissance_medical_town_quarantine_flag_019	flag	a town quarantine flag	This town quarantine flag is made chiefly from linen for public health work in the renaissance period. Its flag form is fitted for town handling, storage, and inspection. The linen surface carries practical wear where this quarantine flag is gripped, opened, or set down.	Small	Good	250.0	12.0	linen	Era / Renaissance Era;Market / Medicine / Public Health;Functions / Medical Treatment / Quarantine	Holdable;Destroyable_Misc	Renaissance medical catalogue; category Public health.	Public health
renaissance_medical_town_fumigation_brazier_020	brazier	a town fumigation brazier	This town fumigation brazier is made chiefly from bronze for public health work in the renaissance period. Its brazier form is fitted for town handling, storage, and inspection. The bronze surface carries practical wear where this fumigation brazier is gripped, opened, or set down.	Normal	Good	2600.0	38.0	bronze	Era / Renaissance Era;Market / Medicine / Public Health;Functions / Medical Treatment / Public Health	Holdable;Destroyable_Misc	Renaissance medical catalogue; category Public health.	Public health
renaissance_medical_town_aromatic_vinegar_cloth_021	cloth	a town aromatic vinegar cloth	This town aromatic vinegar cloth is made chiefly from linen for public health work in the renaissance period. Its cloth form is fitted for town handling, storage, and inspection. The linen surface carries practical wear where this aromatic vinegar cloth is gripped, opened, or set down.	Small	Good	420.0	9.0	linen	Era / Renaissance Era;Market / Medicine / Public Health;Functions / Medical Treatment / Public Health	Holdable;Destroyable_Misc;Antiseptic_Single	Renaissance medical catalogue; category Public health.	Public health
renaissance_medical_town_plague_pomander_022	pomander	a town plague pomander	This town plague pomander is made chiefly from silver for public health work in the renaissance period. Its pomander form is fitted for town handling, storage, and inspection. The silver surface carries practical wear where this plague pomander is gripped, opened, or set down.	Small	Good	90.0	65.0	silver	Era / Renaissance Era;Market / Medicine / Public Health;Functions / Medical Treatment / Public Health	Holdable;Destroyable_Misc	Renaissance medical catalogue; category Public health.	Public health
renaissance_medical_town_ward_washstand_023	washstand	a town ward washstand	This town ward washstand is made chiefly from linen for public health work in the renaissance period. Its washstand form is fitted for town handling, storage, and inspection. The linen surface carries practical wear where this ward washstand is gripped, opened, or set down.	Small	Good	250.0	12.0	linen	Era / Renaissance Era;Market / Medicine / Public Health;Functions / Medical Treatment / Public Health	Holdable;Destroyable_Misc	Renaissance medical catalogue; category Public health.	Public health
renaissance_medical_town_hospital_screen_024	screen	a town hospital screen	This town hospital screen is made chiefly from oak for public health work in the renaissance period. Its screen form is fitted for town handling, storage, and inspection. The oak surface carries practical wear where this hospital screen is gripped, opened, or set down.	Normal	Good	1800.0	48.0	oak	Era / Renaissance Era;Market / Medicine / Public Health;Functions / Medical Treatment / Public Health	Holdable;Destroyable_Misc	Renaissance medical catalogue; category Public health.	Public health
renaissance_medical_town_infirmary_blanket_025	blanket	a town infirmary blanket	This town infirmary blanket is made chiefly from linen for public health work in the renaissance period. Its blanket form is fitted for town handling, storage, and inspection. The linen surface carries practical wear where this infirmary blanket is gripped, opened, or set down.	Small	Good	420.0	9.0	linen	Era / Renaissance Era;Market / Medicine / Public Health;Functions / Medical Treatment / Public Health	Holdable;Destroyable_Misc	Renaissance medical catalogue; category Public health.	Public health
renaissance_medical_town_surgeon_field_roll_026	roll	a town surgeon field roll	This town surgeon field roll is made chiefly from leather for public health work in the renaissance period. Its roll form is fitted for town handling, storage, and inspection. The leather surface carries practical wear where this surgeon field roll is gripped, opened, or set down.	Normal	Good	1800.0	48.0	leather	Era / Renaissance Era;Market / Medicine / Public Health;Functions / Medical Treatment / Public Health	Holdable;Destroyable_Misc;FieldMedkit	Renaissance medical catalogue; category Public health.	Public health
renaissance_medical_town_campaign_medicine_chest_027	chest	a town campaign medicine chest	This town campaign medicine chest is made chiefly from oak for public health work in the renaissance period. Its chest form is fitted for town handling, storage, and inspection. The oak surface carries practical wear where this campaign medicine chest is gripped, opened, or set down.	Normal	Good	1800.0	48.0	oak	Era / Renaissance Era;Market / Medicine / Public Health;Functions / Medical Treatment / Public Health	Holdable;Destroyable_Misc;FieldMedkit	Renaissance medical catalogue; category Public health.	Public health
renaissance_medical_town_dissection_sheet_028	sheet	a town dissection sheet	This town dissection sheet is made chiefly from linen for public health work in the renaissance period. Its sheet form is fitted for town handling, storage, and inspection. The linen surface carries practical wear where this dissection sheet is gripped, opened, or set down.	Small	Good	250.0	12.0	linen	Era / Renaissance Era;Market / Medicine / Public Health;Functions / Medical Treatment / Public Health	Holdable;Destroyable_Misc	Renaissance medical catalogue; category Public health.	Public health
renaissance_medical_town_corpse_shroud_029	shroud	a town corpse shroud	This town corpse shroud is made chiefly from linen for public health work in the renaissance period. Its shroud form is fitted for town handling, storage, and inspection. The linen surface carries practical wear where this corpse shroud is gripped, opened, or set down.	Small	Good	420.0	9.0	linen	Era / Renaissance Era;Market / Medicine / Public Health;Functions / Medical Treatment / Public Health	Holdable;Destroyable_Misc	Renaissance medical catalogue; category Public health.	Public health
renaissance_medical_town_sickroom_chamber_pot_030	pot	a town sickroom chamber pot	This town sickroom chamber pot is made chiefly from ceramic for public health work in the renaissance period. Its pot form is fitted for town handling, storage, and inspection. The ceramic surface carries practical wear where this sickroom chamber pot is gripped, opened, or set down.	Small	Good	1100.0	10.0	ceramic	Era / Renaissance Era;Market / Medicine / Public Health;Functions / Medical Treatment / Public Health	Holdable;Destroyable_Misc	Renaissance medical catalogue; category Public health.	Public health
renaissance_medical_town_fever_compress_031	compress	a town fever compress	This town fever compress is made chiefly from linen for public health work in the renaissance period. Its compress form is fitted for town handling, storage, and inspection. The linen surface carries practical wear where this fever compress is gripped, opened, or set down.	Small	Good	420.0	9.0	linen	Era / Renaissance Era;Market / Medicine / Public Health;Functions / Medical Treatment / Public Health	Holdable;Destroyable_Misc;Tend_Single	Renaissance medical catalogue; category Public health.	Public health
renaissance_medical_town_isolation_placard_032	placard	a town isolation placard	This town isolation placard is made chiefly from oak for public health work in the renaissance period. Its placard form is fitted for town handling, storage, and inspection. The oak surface carries practical wear where this isolation placard is gripped, opened, or set down.	Small	Good	600.0	8.0	oak	Era / Renaissance Era;Market / Medicine / Public Health;Functions / Medical Treatment / Quarantine	Holdable;Destroyable_Misc	Renaissance medical catalogue; category Public health.	Public health
renaissance_medical_town_public_pump_key_033	key	a town public pump key	This town public pump key is made chiefly from wrought iron for public health work in the renaissance period. Its key form is fitted for town handling, storage, and inspection. The wrought iron surface carries practical wear where this public pump key is gripped, opened, or set down.	Small	Good	180.0	20.0	wrought iron	Era / Renaissance Era;Market / Medicine / Public Health;Functions / Medical Treatment / Public Health	Holdable;Destroyable_Misc	Renaissance medical catalogue; category Public health.	Public health
renaissance_medical_town_royal_touch_token_034	token	a town royal-touch token	This town royal-touch token is made chiefly from silver for public health work in the renaissance period. Its token form is fitted for town handling, storage, and inspection. The silver surface carries practical wear where this royal-touch token is gripped, opened, or set down.	Small	Good	18.0	50.0	silver	Era / Renaissance Era;Market / Medicine / Public Health;Functions / Medical Treatment / Diagnostic Prop;Institution / Religious	Holdable;Destroyable_Misc	Renaissance medical catalogue; category Public health.	Public health
renaissance_medical_hospital_pesthouse_bed_roll_035	roll	a hospital pesthouse bed roll	This hospital pesthouse bed roll is made chiefly from leather for public health work in the renaissance period. Its roll form is fitted for hospital handling, storage, and inspection. The leather surface carries practical wear where this pesthouse bed roll is gripped, opened, or set down.	Normal	VeryGood	1980.0000000000002	64.80000000000001	leather	Era / Renaissance Era;Market / Medicine / Public Health;Functions / Medical Treatment / Quarantine	Holdable;Destroyable_Misc	Renaissance medical catalogue; category Public health.	Public health
renaissance_medical_hospital_quarantine_flag_036	flag	a hospital quarantine flag	This hospital quarantine flag is made chiefly from linen for public health work in the renaissance period. Its flag form is fitted for hospital handling, storage, and inspection. The linen surface carries practical wear where this quarantine flag is gripped, opened, or set down.	Small	VeryGood	275.0	16.200000000000003	linen	Era / Renaissance Era;Market / Medicine / Public Health;Functions / Medical Treatment / Quarantine	Holdable;Destroyable_Misc	Renaissance medical catalogue; category Public health.	Public health
renaissance_medical_hospital_fumigation_brazier_037	brazier	a hospital fumigation brazier	This hospital fumigation brazier is made chiefly from bronze for public health work in the renaissance period. Its brazier form is fitted for hospital handling, storage, and inspection. The bronze surface carries practical wear where this fumigation brazier is gripped, opened, or set down.	Normal	VeryGood	2860.0000000000005	51.300000000000004	bronze	Era / Renaissance Era;Market / Medicine / Public Health;Functions / Medical Treatment / Public Health	Holdable;Destroyable_Misc	Renaissance medical catalogue; category Public health.	Public health
renaissance_medical_hospital_aromatic_vinegar_cloth_038	cloth	a hospital aromatic vinegar cloth	This hospital aromatic vinegar cloth is made chiefly from linen for public health work in the renaissance period. Its cloth form is fitted for hospital handling, storage, and inspection. The linen surface carries practical wear where this aromatic vinegar cloth is gripped, opened, or set down.	Small	VeryGood	462.00000000000006	12.15	linen	Era / Renaissance Era;Market / Medicine / Public Health;Functions / Medical Treatment / Public Health	Holdable;Destroyable_Misc;Antiseptic_Single	Renaissance medical catalogue; category Public health.	Public health
renaissance_medical_adjustable_crutch_001	crutch	an adjustable crutch	This adjustable crutch is made chiefly from oak for mobility prosthesis work in the renaissance period. Its crutch form is fitted for ordinary handling, storage, and inspection. The oak surface carries practical wear where this adjustable crutch is gripped, opened, or set down.	Normal	Standard	1250.0	44.0	oak	Era / Renaissance Era;Market / Medicine / Prosthetics and Mobility;Functions / Medical Treatment / Mobility Aid	Holdable;Destroyable_WoodenHeavy;Crutch	Renaissance medical catalogue; category Mobility prosthesis.	Mobility prosthesis
renaissance_medical_padded_splint_002	splint	a padded splint	This padded splint is made chiefly from linen for mobility prosthesis work in the renaissance period. Its splint form is fitted for ordinary handling, storage, and inspection. The linen surface carries practical wear where this padded splint is gripped, opened, or set down.	Small	Standard	420.0	9.0	linen	Era / Renaissance Era;Market / Medicine / Prosthetics and Mobility;Functions / Medical Treatment / Mobility Aid	Holdable;Destroyable_Misc;Limb_Immobilising	Renaissance medical catalogue; category Mobility prosthesis.	Mobility prosthesis
renaissance_medical_fracture_frame_003	frame	a fracture frame	This fracture frame is made chiefly from oak for mobility prosthesis work in the renaissance period. Its frame form is fitted for ordinary handling, storage, and inspection. The oak surface carries practical wear where this fracture frame is gripped, opened, or set down.	Normal	Standard	1800.0	48.0	oak	Era / Renaissance Era;Market / Medicine / Prosthetics and Mobility;Functions / Medical Treatment / Mobility Aid	Holdable;Destroyable_Misc	Renaissance medical catalogue; category Mobility prosthesis.	Mobility prosthesis
renaissance_medical_arm_sling_004	sling	an arm sling	This arm sling is made chiefly from linen for mobility prosthesis work in the renaissance period. Its sling form is fitted for ordinary handling, storage, and inspection. The linen surface carries practical wear where this arm sling is gripped, opened, or set down.	Small	Standard	420.0	9.0	linen	Era / Renaissance Era;Market / Medicine / Prosthetics and Mobility;Functions / Medical Treatment / Mobility Aid	Holdable;Destroyable_Misc;Limb_Immobilising	Renaissance medical catalogue; category Mobility prosthesis.	Mobility prosthesis
renaissance_medical_leg_brace_005	brace	a leg brace	This leg brace is made chiefly from oak for mobility prosthesis work in the renaissance period. Its brace form is fitted for ordinary handling, storage, and inspection. The oak surface carries practical wear where this leg brace is gripped, opened, or set down.	Normal	Standard	1250.0	44.0	oak	Era / Renaissance Era;Market / Medicine / Prosthetics and Mobility;Functions / Medical Treatment / Mobility Aid	Holdable;Destroyable_Misc;Limb_Immobilising	Renaissance medical catalogue; category Mobility prosthesis.	Mobility prosthesis
renaissance_medical_truss_belt_006	belt	a truss belt	This truss belt is made chiefly from linen for mobility prosthesis work in the renaissance period. Its belt form is fitted for ordinary handling, storage, and inspection. The linen surface carries practical wear where this truss belt is gripped, opened, or set down.	Small	Standard	250.0	12.0	linen	Era / Renaissance Era;Market / Medicine / Prosthetics and Mobility;Functions / Medical Treatment / Mobility Aid	Holdable;Destroyable_Misc;Limb_Immobilising	Renaissance medical catalogue; category Mobility prosthesis.	Mobility prosthesis
renaissance_medical_peg_leg_007	leg	a peg leg	This peg leg is made chiefly from oak for mobility prosthesis work in the renaissance period. Its leg form is fitted for ordinary handling, storage, and inspection. The oak surface carries practical wear where this peg leg is gripped, opened, or set down.	Normal	Standard	1250.0	44.0	oak	Era / Renaissance Era;Market / Medicine / Prosthetics and Mobility;Functions / Medical Treatment / Mobility Aid	Holdable;Destroyable_WoodenHeavy;Prosthetic_LKnee	Renaissance medical catalogue; category Mobility prosthesis.	Mobility prosthesis
renaissance_medical_articulated_knee_008	knee	an articulated knee	This articulated knee is made chiefly from linen for mobility prosthesis work in the renaissance period. Its knee form is fitted for ordinary handling, storage, and inspection. The linen surface carries practical wear where this articulated knee is gripped, opened, or set down.	Small	Standard	250.0	12.0	linen	Era / Renaissance Era;Market / Medicine / Prosthetics and Mobility;Functions / Medical Treatment / Mobility Aid	Holdable;Destroyable_WoodenHeavy;Prosthetic_RKnee	Renaissance medical catalogue; category Mobility prosthesis.	Mobility prosthesis
renaissance_medical_wooden_hand_009	hand	a wooden hand	This wooden hand is made chiefly from oak for mobility prosthesis work in the renaissance period. Its hand form is fitted for ordinary handling, storage, and inspection. The oak surface carries practical wear where this wooden hand is gripped, opened, or set down.	Normal	Standard	1250.0	44.0	oak	Era / Renaissance Era;Market / Medicine / Prosthetics and Mobility;Functions / Medical Treatment / Mobility Aid	Holdable;Destroyable_Misc;Prosthetic_LHand_Functional	Renaissance medical catalogue; category Mobility prosthesis.	Mobility prosthesis
renaissance_medical_hook_hand_010	hand	a hook hand	This hook hand is made chiefly from oak for mobility prosthesis work in the renaissance period. Its hand form is fitted for ordinary handling, storage, and inspection. The oak surface carries practical wear where this hook hand is gripped, opened, or set down.	Normal	Standard	1250.0	44.0	oak	Era / Renaissance Era;Market / Medicine / Prosthetics and Mobility;Functions / Medical Treatment / Mobility Aid	Holdable;Destroyable_Misc;Prosthetic_RHand_Functional	Renaissance medical catalogue; category Mobility prosthesis.	Mobility prosthesis
renaissance_medical_glass_eye_011	eye	a glass eye	This glass eye is made chiefly from glass for mobility prosthesis work in the renaissance period. Its eye form is fitted for ordinary handling, storage, and inspection. The glass surface carries practical wear where this glass eye is gripped, opened, or set down.	Small	Standard	160.0	18.0	glass	Era / Renaissance Era;Market / Medicine / Prosthetics and Mobility;Functions / Medical Treatment / Mobility Aid	Holdable;Destroyable_Misc;Prosthetic_LEye	Renaissance medical catalogue; category Mobility prosthesis.	Mobility prosthesis
renaissance_medical_neck_support_012	support	a neck support	This neck support is made chiefly from linen for mobility prosthesis work in the renaissance period. Its support form is fitted for ordinary handling, storage, and inspection. The linen surface carries practical wear where this neck support is gripped, opened, or set down.	Small	Standard	250.0	12.0	linen	Era / Renaissance Era;Market / Medicine / Prosthetics and Mobility;Functions / Medical Treatment / Mobility Aid	Holdable;Destroyable_Misc;Limb_Immobilising	Renaissance medical catalogue; category Mobility prosthesis.	Mobility prosthesis
renaissance_medical_field_stretcher_013	stretcher	a field stretcher	This field stretcher is made chiefly from oak for mobility prosthesis work in the renaissance period. Its stretcher form is fitted for ordinary handling, storage, and inspection. The oak surface carries practical wear where this field stretcher is gripped, opened, or set down.	Normal	Standard	1800.0	48.0	oak	Era / Renaissance Era;Market / Medicine / Prosthetics and Mobility;Functions / Medical Treatment / Mobility Aid	Holdable;Destroyable_Misc;DragAid_Stretcher	Renaissance medical catalogue; category Mobility prosthesis.	Mobility prosthesis
renaissance_medical_casualty_litter_014	litter	a casualty litter	This casualty litter is made chiefly from oak for mobility prosthesis work in the renaissance period. Its litter form is fitted for ordinary handling, storage, and inspection. The oak surface carries practical wear where this casualty litter is gripped, opened, or set down.	Normal	Standard	1800.0	48.0	oak	Era / Renaissance Era;Market / Medicine / Prosthetics and Mobility;Functions / Medical Treatment / Mobility Aid	Holdable;Destroyable_Misc;DragAid_Stretcher	Renaissance medical catalogue; category Mobility prosthesis.	Mobility prosthesis
renaissance_medical_drag_harness_015	harness	a drag harness	This drag harness is made chiefly from linen for mobility prosthesis work in the renaissance period. Its harness form is fitted for ordinary handling, storage, and inspection. The linen surface carries practical wear where this drag harness is gripped, opened, or set down.	Small	Standard	250.0	12.0	linen	Era / Renaissance Era;Market / Medicine / Prosthetics and Mobility;Functions / Medical Treatment / Mobility Aid	Holdable;Destroyable_Misc;DragAid_Harness	Renaissance medical catalogue; category Mobility prosthesis.	Mobility prosthesis
renaissance_medical_invalid_chair_016	chair	an invalid chair	This invalid chair is made chiefly from oak for mobility prosthesis work in the renaissance period. Its chair form is fitted for ordinary handling, storage, and inspection. The oak surface carries practical wear where this invalid chair is gripped, opened, or set down.	Normal	Standard	1800.0	48.0	oak	Era / Renaissance Era;Market / Medicine / Prosthetics and Mobility;Functions / Medical Treatment / Mobility Aid	Holdable;Destroyable_Misc	Renaissance medical catalogue; category Mobility prosthesis.	Mobility prosthesis
renaissance_medical_town_adjustable_crutch_017	crutch	a town adjustable crutch	This town adjustable crutch is made chiefly from oak for mobility prosthesis work in the renaissance period. Its crutch form is fitted for town handling, storage, and inspection. The oak surface carries practical wear where this adjustable crutch is gripped, opened, or set down.	Normal	Good	1250.0	44.0	oak	Era / Renaissance Era;Market / Medicine / Prosthetics and Mobility;Functions / Medical Treatment / Mobility Aid	Holdable;Destroyable_WoodenHeavy;Crutch	Renaissance medical catalogue; category Mobility prosthesis.	Mobility prosthesis
renaissance_medical_town_padded_splint_018	splint	a town padded splint	This town padded splint is made chiefly from linen for mobility prosthesis work in the renaissance period. Its splint form is fitted for town handling, storage, and inspection. The linen surface carries practical wear where this padded splint is gripped, opened, or set down.	Small	Good	420.0	9.0	linen	Era / Renaissance Era;Market / Medicine / Prosthetics and Mobility;Functions / Medical Treatment / Mobility Aid	Holdable;Destroyable_Misc;Limb_Immobilising	Renaissance medical catalogue; category Mobility prosthesis.	Mobility prosthesis
renaissance_medical_town_fracture_frame_019	frame	a town fracture frame	This town fracture frame is made chiefly from oak for mobility prosthesis work in the renaissance period. Its frame form is fitted for town handling, storage, and inspection. The oak surface carries practical wear where this fracture frame is gripped, opened, or set down.	Normal	Good	1800.0	48.0	oak	Era / Renaissance Era;Market / Medicine / Prosthetics and Mobility;Functions / Medical Treatment / Mobility Aid	Holdable;Destroyable_Misc	Renaissance medical catalogue; category Mobility prosthesis.	Mobility prosthesis
renaissance_medical_town_arm_sling_020	sling	a town arm sling	This town arm sling is made chiefly from linen for mobility prosthesis work in the renaissance period. Its sling form is fitted for town handling, storage, and inspection. The linen surface carries practical wear where this arm sling is gripped, opened, or set down.	Small	Good	420.0	9.0	linen	Era / Renaissance Era;Market / Medicine / Prosthetics and Mobility;Functions / Medical Treatment / Mobility Aid	Holdable;Destroyable_Misc;Limb_Immobilising	Renaissance medical catalogue; category Mobility prosthesis.	Mobility prosthesis
renaissance_medical_town_leg_brace_021	brace	a town leg brace	This town leg brace is made chiefly from oak for mobility prosthesis work in the renaissance period. Its brace form is fitted for town handling, storage, and inspection. The oak surface carries practical wear where this leg brace is gripped, opened, or set down.	Normal	Good	1250.0	44.0	oak	Era / Renaissance Era;Market / Medicine / Prosthetics and Mobility;Functions / Medical Treatment / Mobility Aid	Holdable;Destroyable_Misc;Limb_Immobilising	Renaissance medical catalogue; category Mobility prosthesis.	Mobility prosthesis
renaissance_medical_town_truss_belt_022	belt	a town truss belt	This town truss belt is made chiefly from linen for mobility prosthesis work in the renaissance period. Its belt form is fitted for town handling, storage, and inspection. The linen surface carries practical wear where this truss belt is gripped, opened, or set down.	Small	Good	250.0	12.0	linen	Era / Renaissance Era;Market / Medicine / Prosthetics and Mobility;Functions / Medical Treatment / Mobility Aid	Holdable;Destroyable_Misc;Limb_Immobilising	Renaissance medical catalogue; category Mobility prosthesis.	Mobility prosthesis
renaissance_medical_town_peg_leg_023	leg	a town peg leg	This town peg leg is made chiefly from oak for mobility prosthesis work in the renaissance period. Its leg form is fitted for town handling, storage, and inspection. The oak surface carries practical wear where this peg leg is gripped, opened, or set down.	Normal	Good	1250.0	44.0	oak	Era / Renaissance Era;Market / Medicine / Prosthetics and Mobility;Functions / Medical Treatment / Mobility Aid	Holdable;Destroyable_WoodenHeavy;Prosthetic_LKnee	Renaissance medical catalogue; category Mobility prosthesis.	Mobility prosthesis
renaissance_medical_town_articulated_knee_024	knee	a town articulated knee	This town articulated knee is made chiefly from linen for mobility prosthesis work in the renaissance period. Its knee form is fitted for town handling, storage, and inspection. The linen surface carries practical wear where this articulated knee is gripped, opened, or set down.	Small	Good	250.0	12.0	linen	Era / Renaissance Era;Market / Medicine / Prosthetics and Mobility;Functions / Medical Treatment / Mobility Aid	Holdable;Destroyable_WoodenHeavy;Prosthetic_RKnee	Renaissance medical catalogue; category Mobility prosthesis.	Mobility prosthesis
renaissance_medical_town_wooden_hand_025	hand	a town wooden hand	This town wooden hand is made chiefly from oak for mobility prosthesis work in the renaissance period. Its hand form is fitted for town handling, storage, and inspection. The oak surface carries practical wear where this wooden hand is gripped, opened, or set down.	Normal	Good	1250.0	44.0	oak	Era / Renaissance Era;Market / Medicine / Prosthetics and Mobility;Functions / Medical Treatment / Mobility Aid	Holdable;Destroyable_Misc;Prosthetic_LHand_Functional	Renaissance medical catalogue; category Mobility prosthesis.	Mobility prosthesis
renaissance_medical_town_hook_hand_026	hand	a town hook hand	This town hook hand is made chiefly from oak for mobility prosthesis work in the renaissance period. Its hand form is fitted for town handling, storage, and inspection. The oak surface carries practical wear where this hook hand is gripped, opened, or set down.	Normal	Good	1250.0	44.0	oak	Era / Renaissance Era;Market / Medicine / Prosthetics and Mobility;Functions / Medical Treatment / Mobility Aid	Holdable;Destroyable_Misc;Prosthetic_RHand_Functional	Renaissance medical catalogue; category Mobility prosthesis.	Mobility prosthesis
renaissance_medical_town_glass_eye_027	eye	a town glass eye	This town glass eye is made chiefly from glass for mobility prosthesis work in the renaissance period. Its eye form is fitted for town handling, storage, and inspection. The glass surface carries practical wear where this glass eye is gripped, opened, or set down.	Small	Good	160.0	18.0	glass	Era / Renaissance Era;Market / Medicine / Prosthetics and Mobility;Functions / Medical Treatment / Mobility Aid	Holdable;Destroyable_Misc;Prosthetic_LEye	Renaissance medical catalogue; category Mobility prosthesis.	Mobility prosthesis
renaissance_medical_town_neck_support_028	support	a town neck support	This town neck support is made chiefly from linen for mobility prosthesis work in the renaissance period. Its support form is fitted for town handling, storage, and inspection. The linen surface carries practical wear where this neck support is gripped, opened, or set down.	Small	Good	250.0	12.0	linen	Era / Renaissance Era;Market / Medicine / Prosthetics and Mobility;Functions / Medical Treatment / Mobility Aid	Holdable;Destroyable_Misc;Limb_Immobilising	Renaissance medical catalogue; category Mobility prosthesis.	Mobility prosthesis
renaissance_medical_town_field_stretcher_029	stretcher	a town field stretcher	This town field stretcher is made chiefly from oak for mobility prosthesis work in the renaissance period. Its stretcher form is fitted for town handling, storage, and inspection. The oak surface carries practical wear where this field stretcher is gripped, opened, or set down.	Normal	Good	1800.0	48.0	oak	Era / Renaissance Era;Market / Medicine / Prosthetics and Mobility;Functions / Medical Treatment / Mobility Aid	Holdable;Destroyable_Misc;DragAid_Stretcher	Renaissance medical catalogue; category Mobility prosthesis.	Mobility prosthesis
renaissance_medical_town_casualty_litter_030	litter	a town casualty litter	This town casualty litter is made chiefly from oak for mobility prosthesis work in the renaissance period. Its litter form is fitted for town handling, storage, and inspection. The oak surface carries practical wear where this casualty litter is gripped, opened, or set down.	Normal	Good	1800.0	48.0	oak	Era / Renaissance Era;Market / Medicine / Prosthetics and Mobility;Functions / Medical Treatment / Mobility Aid	Holdable;Destroyable_Misc;DragAid_Stretcher	Renaissance medical catalogue; category Mobility prosthesis.	Mobility prosthesis
renaissance_medical_town_drag_harness_031	harness	a town drag harness	This town drag harness is made chiefly from linen for mobility prosthesis work in the renaissance period. Its harness form is fitted for town handling, storage, and inspection. The linen surface carries practical wear where this drag harness is gripped, opened, or set down.	Small	Good	250.0	12.0	linen	Era / Renaissance Era;Market / Medicine / Prosthetics and Mobility;Functions / Medical Treatment / Mobility Aid	Holdable;Destroyable_Misc;DragAid_Harness	Renaissance medical catalogue; category Mobility prosthesis.	Mobility prosthesis
renaissance_medical_town_invalid_chair_032	chair	a town invalid chair	This town invalid chair is made chiefly from oak for mobility prosthesis work in the renaissance period. Its chair form is fitted for town handling, storage, and inspection. The oak surface carries practical wear where this invalid chair is gripped, opened, or set down.	Normal	Good	1800.0	48.0	oak	Era / Renaissance Era;Market / Medicine / Prosthetics and Mobility;Functions / Medical Treatment / Mobility Aid	Holdable;Destroyable_Misc	Renaissance medical catalogue; category Mobility prosthesis.	Mobility prosthesis
renaissance_medical_horse_fleam_001	fleam	a horse fleam	This horse fleam is made chiefly from wrought iron for veterinary work in the renaissance period. Its fleam form is fitted for ordinary handling, storage, and inspection. The wrought iron surface carries practical wear where this horse fleam is gripped, opened, or set down.	Small	Standard	180.0	20.0	wrought iron	Era / Renaissance Era;Market / Medicine / Veterinary Medicine;Functions / Medical Treatment / Veterinary Treatment	Holdable;Destroyable_Misc	Renaissance medical catalogue; category Veterinary.	Veterinary
renaissance_medical_animal_dosing_horn_002	horn	an animal dosing horn	This animal dosing horn is made chiefly from horn for veterinary work in the renaissance period. Its horn form is fitted for ordinary handling, storage, and inspection. The horn surface carries practical wear where this animal dosing horn is gripped, opened, or set down.	Small	Standard	180.0	10.0	horn	Era / Renaissance Era;Market / Medicine / Veterinary Medicine;Functions / Medical Treatment / Veterinary Treatment	Holdable;Destroyable_Misc	Renaissance medical catalogue; category Veterinary.	Veterinary
renaissance_medical_veterinary_drench_bottle_003	bottle	a veterinary drench bottle	This veterinary drench bottle is made chiefly from glass for veterinary work in the renaissance period. Its bottle form is fitted for ordinary handling, storage, and inspection. The glass surface carries practical wear where this veterinary drench bottle is gripped, opened, or set down.	Small	Standard	160.0	18.0	glass	Era / Renaissance Era;Market / Medicine / Veterinary Medicine;Functions / Medical Treatment / Veterinary Treatment	Holdable;Destroyable_Misc	Renaissance medical catalogue; category Veterinary.	Veterinary
renaissance_medical_hoof_poultice_004	poultice	a hoof poultice	This hoof poultice is made chiefly from linen for veterinary work in the renaissance period. Its poultice form is fitted for ordinary handling, storage, and inspection. The linen surface carries practical wear where this hoof poultice is gripped, opened, or set down.	Small	Standard	250.0	12.0	linen	Era / Renaissance Era;Market / Medicine / Veterinary Medicine;Functions / Medical Treatment / Veterinary Treatment	Holdable;Destroyable_Misc;Tend_Single	Renaissance medical catalogue; category Veterinary.	Veterinary
renaissance_medical_animal_splint_005	splint	an animal splint	This animal splint is made chiefly from linen for veterinary work in the renaissance period. Its splint form is fitted for ordinary handling, storage, and inspection. The linen surface carries practical wear where this animal splint is gripped, opened, or set down.	Small	Standard	420.0	9.0	linen	Era / Renaissance Era;Market / Medicine / Veterinary Medicine;Functions / Medical Treatment / Veterinary Treatment	Holdable;Destroyable_Misc;Limb_Immobilising	Renaissance medical catalogue; category Veterinary.	Veterinary
renaissance_medical_horse_sling_006	sling	a horse sling	This horse sling is made chiefly from linen for veterinary work in the renaissance period. Its sling form is fitted for ordinary handling, storage, and inspection. The linen surface carries practical wear where this horse sling is gripped, opened, or set down.	Small	Standard	420.0	9.0	linen	Era / Renaissance Era;Market / Medicine / Veterinary Medicine;Functions / Medical Treatment / Veterinary Treatment	Holdable;Destroyable_Misc;Limb_Immobilising	Renaissance medical catalogue; category Veterinary.	Veterinary
renaissance_medical_worming_ball_007	ball	a worming ball	This worming ball is made chiefly from herb for veterinary work in the renaissance period. Its ball form is fitted for ordinary handling, storage, and inspection. The herb surface carries practical wear where this worming ball is gripped, opened, or set down.	Small	Standard	35.0	7.0	herb	Era / Renaissance Era;Market / Medicine / Veterinary Medicine;Functions / Medical Treatment / Veterinary Treatment	Holdable;Destroyable_Misc	Renaissance medical catalogue; category Veterinary.	Veterinary
renaissance_medical_stable_eye_wash_008	wash	a stable eye wash	This stable eye wash is made chiefly from glass for veterinary work in the renaissance period. Its wash form is fitted for ordinary handling, storage, and inspection. The glass surface carries practical wear where this stable eye wash is gripped, opened, or set down.	Small	Standard	160.0	18.0	glass	Era / Renaissance Era;Market / Medicine / Veterinary Medicine;Functions / Medical Treatment / Veterinary Treatment	Holdable;Destroyable_Misc	Renaissance medical catalogue; category Veterinary.	Veterinary
renaissance_medical_cattle_lancet_009	lancet	a cattle lancet	This cattle lancet is made chiefly from wrought iron for veterinary work in the renaissance period. Its lancet form is fitted for ordinary handling, storage, and inspection. The wrought iron surface carries practical wear where this cattle lancet is gripped, opened, or set down.	Small	Standard	180.0	20.0	wrought iron	Era / Renaissance Era;Market / Medicine / Veterinary Medicine;Functions / Medical Treatment / Veterinary Treatment	Holdable;Destroyable_Misc	Renaissance medical catalogue; category Veterinary.	Veterinary
renaissance_medical_farrier_medicine_roll_010	roll	a farrier medicine roll	This farrier medicine roll is made chiefly from leather for veterinary work in the renaissance period. Its roll form is fitted for ordinary handling, storage, and inspection. The leather surface carries practical wear where this farrier medicine roll is gripped, opened, or set down.	Normal	Standard	1800.0	48.0	leather	Era / Renaissance Era;Market / Medicine / Veterinary Medicine;Functions / Medical Treatment / Veterinary Treatment	Holdable;Destroyable_Misc;Tend_Kit	Renaissance medical catalogue; category Veterinary.	Veterinary
renaissance_medical_livestock_truss_011	truss	a livestock truss	This livestock truss is made chiefly from linen for veterinary work in the renaissance period. Its truss form is fitted for ordinary handling, storage, and inspection. The linen surface carries practical wear where this livestock truss is gripped, opened, or set down.	Small	Standard	250.0	12.0	linen	Era / Renaissance Era;Market / Medicine / Veterinary Medicine;Functions / Medical Treatment / Veterinary Treatment	Holdable;Destroyable_Misc;Limb_Immobilising	Renaissance medical catalogue; category Veterinary.	Veterinary
renaissance_medical_animal_bandage_012	bandage	an animal bandage	This animal bandage is made chiefly from linen for veterinary work in the renaissance period. Its bandage form is fitted for ordinary handling, storage, and inspection. The linen surface carries practical wear where this animal bandage is gripped, opened, or set down.	Small	Standard	420.0	9.0	linen	Era / Renaissance Era;Market / Medicine / Veterinary Medicine;Functions / Medical Treatment / Veterinary Treatment	Holdable;Destroyable_Misc;Bandage_Simple	Renaissance medical catalogue; category Veterinary.	Veterinary
renaissance_medical_town_horse_fleam_013	fleam	a town horse fleam	This town horse fleam is made chiefly from wrought iron for veterinary work in the renaissance period. Its fleam form is fitted for town handling, storage, and inspection. The wrought iron surface carries practical wear where this horse fleam is gripped, opened, or set down.	Small	Good	180.0	20.0	wrought iron	Era / Renaissance Era;Market / Medicine / Veterinary Medicine;Functions / Medical Treatment / Veterinary Treatment	Holdable;Destroyable_Misc	Renaissance medical catalogue; category Veterinary.	Veterinary
renaissance_medical_town_animal_dosing_horn_014	horn	a town animal dosing horn	This town animal dosing horn is made chiefly from horn for veterinary work in the renaissance period. Its horn form is fitted for town handling, storage, and inspection. The horn surface carries practical wear where this animal dosing horn is gripped, opened, or set down.	Small	Good	180.0	10.0	horn	Era / Renaissance Era;Market / Medicine / Veterinary Medicine;Functions / Medical Treatment / Veterinary Treatment	Holdable;Destroyable_Misc	Renaissance medical catalogue; category Veterinary.	Veterinary
renaissance_medical_town_veterinary_drench_bottle_015	bottle	a town veterinary drench bottle	This town veterinary drench bottle is made chiefly from glass for veterinary work in the renaissance period. Its bottle form is fitted for town handling, storage, and inspection. The glass surface carries practical wear where this veterinary drench bottle is gripped, opened, or set down.	Small	Good	160.0	18.0	glass	Era / Renaissance Era;Market / Medicine / Veterinary Medicine;Functions / Medical Treatment / Veterinary Treatment	Holdable;Destroyable_Misc	Renaissance medical catalogue; category Veterinary.	Veterinary
renaissance_medical_town_hoof_poultice_016	poultice	a town hoof poultice	This town hoof poultice is made chiefly from linen for veterinary work in the renaissance period. Its poultice form is fitted for town handling, storage, and inspection. The linen surface carries practical wear where this hoof poultice is gripped, opened, or set down.	Small	Good	250.0	12.0	linen	Era / Renaissance Era;Market / Medicine / Veterinary Medicine;Functions / Medical Treatment / Veterinary Treatment	Holdable;Destroyable_Misc;Tend_Single	Renaissance medical catalogue; category Veterinary.	Veterinary
renaissance_medical_town_animal_splint_017	splint	a town animal splint	This town animal splint is made chiefly from linen for veterinary work in the renaissance period. Its splint form is fitted for town handling, storage, and inspection. The linen surface carries practical wear where this animal splint is gripped, opened, or set down.	Small	Good	420.0	9.0	linen	Era / Renaissance Era;Market / Medicine / Veterinary Medicine;Functions / Medical Treatment / Veterinary Treatment	Holdable;Destroyable_Misc;Limb_Immobilising	Renaissance medical catalogue; category Veterinary.	Veterinary
renaissance_medical_town_horse_sling_018	sling	a town horse sling	This town horse sling is made chiefly from linen for veterinary work in the renaissance period. Its sling form is fitted for town handling, storage, and inspection. The linen surface carries practical wear where this horse sling is gripped, opened, or set down.	Small	Good	420.0	9.0	linen	Era / Renaissance Era;Market / Medicine / Veterinary Medicine;Functions / Medical Treatment / Veterinary Treatment	Holdable;Destroyable_Misc;Limb_Immobilising	Renaissance medical catalogue; category Veterinary.	Veterinary
renaissance_medical_town_worming_ball_019	ball	a town worming ball	This town worming ball is made chiefly from herb for veterinary work in the renaissance period. Its ball form is fitted for town handling, storage, and inspection. The herb surface carries practical wear where this worming ball is gripped, opened, or set down.	Small	Good	35.0	7.0	herb	Era / Renaissance Era;Market / Medicine / Veterinary Medicine;Functions / Medical Treatment / Veterinary Treatment	Holdable;Destroyable_Misc	Renaissance medical catalogue; category Veterinary.	Veterinary
renaissance_medical_town_stable_eye_wash_020	wash	a town stable eye wash	This town stable eye wash is made chiefly from glass for veterinary work in the renaissance period. Its wash form is fitted for town handling, storage, and inspection. The glass surface carries practical wear where this stable eye wash is gripped, opened, or set down.	Small	Good	160.0	18.0	glass	Era / Renaissance Era;Market / Medicine / Veterinary Medicine;Functions / Medical Treatment / Veterinary Treatment	Holdable;Destroyable_Misc	Renaissance medical catalogue; category Veterinary.	Veterinary
renaissance_medical_town_cattle_lancet_021	lancet	a town cattle lancet	This town cattle lancet is made chiefly from wrought iron for veterinary work in the renaissance period. Its lancet form is fitted for town handling, storage, and inspection. The wrought iron surface carries practical wear where this cattle lancet is gripped, opened, or set down.	Small	Good	180.0	20.0	wrought iron	Era / Renaissance Era;Market / Medicine / Veterinary Medicine;Functions / Medical Treatment / Veterinary Treatment	Holdable;Destroyable_Misc	Renaissance medical catalogue; category Veterinary.	Veterinary
renaissance_medical_town_farrier_medicine_roll_022	roll	a town farrier medicine roll	This town farrier medicine roll is made chiefly from leather for veterinary work in the renaissance period. Its roll form is fitted for town handling, storage, and inspection. The leather surface carries practical wear where this farrier medicine roll is gripped, opened, or set down.	Normal	Good	1800.0	48.0	leather	Era / Renaissance Era;Market / Medicine / Veterinary Medicine;Functions / Medical Treatment / Veterinary Treatment	Holdable;Destroyable_Misc;Tend_Kit	Renaissance medical catalogue; category Veterinary.	Veterinary
renaissance_repair_rough_clockwork_repair_kit_001	kit	a rough clockwork repair kit	This rough clockwork repair kit is made chiefly from leather for repair work in the renaissance period. Its kit form is fitted for ordinary handling, storage, and inspection. The leather surface carries practical wear where this rough clockwork repair kit is gripped, opened, or set down.	Small	Poor	950.0	35.0	leather	Era / Renaissance Era;Market / Repair Supplies / Precision Repair Supplies;Functions / Repairing / Clockwork	Repair_Clockwork_Poor	Renaissance medical catalogue; category Repair.	Repair
renaissance_repair_rough_firearm_repair_kit_002	kit	a rough firearm repair kit	This rough firearm repair kit is made chiefly from leather for repair work in the renaissance period. Its kit form is fitted for ordinary handling, storage, and inspection. The leather surface carries practical wear where this rough firearm repair kit is gripped, opened, or set down.	Small	Poor	950.0	35.0	leather	Era / Renaissance Era;Market / Repair Supplies / Precision Repair Supplies;Functions / Repairing / Firearm	Repair_Firearm_Poor	Renaissance medical catalogue; category Repair.	Repair
renaissance_repair_rough_medical_instrument_repair_kit_003	kit	a rough medical instrument repair kit	This rough medical instrument repair kit is made chiefly from leather for repair work in the renaissance period. Its kit form is fitted for ordinary handling, storage, and inspection. The leather surface carries practical wear where this rough medical instrument repair kit is gripped, opened, or set down.	Small	Poor	950.0	35.0	leather	Era / Renaissance Era;Market / Repair Supplies / Precision Repair Supplies;Functions / Repairing / Medical Instrument	Repair_Medical_Instrument_Poor	Renaissance medical catalogue; category Repair.	Repair
renaissance_repair_rough_optical_instrument_repair_kit_004	kit	a rough optical instrument repair kit	This rough optical instrument repair kit is made chiefly from leather for repair work in the renaissance period. Its kit form is fitted for ordinary handling, storage, and inspection. The leather surface carries practical wear where this rough optical instrument repair kit is gripped, opened, or set down.	Small	Poor	950.0	35.0	leather	Era / Renaissance Era;Market / Repair Supplies / Precision Repair Supplies;Functions / Repairing / Optical Instrument	Repair_Optical_Instrument_Poor	Renaissance medical catalogue; category Repair.	Repair
renaissance_repair_rough_printing_equipment_repair_kit_005	kit	a rough printing equipment repair kit	This rough printing equipment repair kit is made chiefly from leather for repair work in the renaissance period. Its kit form is fitted for ordinary handling, storage, and inspection. The leather surface carries practical wear where this rough printing equipment repair kit is gripped, opened, or set down.	Small	Poor	950.0	35.0	leather	Era / Renaissance Era;Market / Repair Supplies / Precision Repair Supplies;Functions / Repairing / Printing Equipment	Repair_Printing_Equipment_Poor	Renaissance medical catalogue; category Repair.	Repair
renaissance_repair_rough_scientific_instrument_repair_kit_006	kit	a rough scientific instrument repair kit	This rough scientific instrument repair kit is made chiefly from leather for repair work in the renaissance period. Its kit form is fitted for ordinary handling, storage, and inspection. The leather surface carries practical wear where this rough scientific instrument repair kit is gripped, opened, or set down.	Small	Poor	950.0	35.0	leather	Era / Renaissance Era;Market / Repair Supplies / Precision Repair Supplies;Functions / Repairing / Scientific Instrument	Repair_Scientific_Instrument_Poor	Renaissance medical catalogue; category Repair.	Repair
renaissance_repair_town_clockwork_repair_kit_007	kit	a town clockwork repair kit	This town clockwork repair kit is made chiefly from leather for repair work in the renaissance period. Its kit form is fitted for town handling, storage, and inspection. The leather surface carries practical wear where this clockwork repair kit is gripped, opened, or set down.	Small	Standard	950.0	35.0	leather	Era / Renaissance Era;Market / Repair Supplies / Precision Repair Supplies;Functions / Repairing / Clockwork	Repair_Clockwork	Renaissance medical catalogue; category Repair.	Repair
renaissance_repair_town_firearm_repair_kit_008	kit	a town firearm repair kit	This town firearm repair kit is made chiefly from leather for repair work in the renaissance period. Its kit form is fitted for town handling, storage, and inspection. The leather surface carries practical wear where this firearm repair kit is gripped, opened, or set down.	Small	Standard	950.0	35.0	leather	Era / Renaissance Era;Market / Repair Supplies / Precision Repair Supplies;Functions / Repairing / Firearm	Repair_Firearm	Renaissance medical catalogue; category Repair.	Repair
renaissance_repair_town_medical_instrument_repair_kit_009	kit	a town medical instrument repair kit	This town medical instrument repair kit is made chiefly from leather for repair work in the renaissance period. Its kit form is fitted for town handling, storage, and inspection. The leather surface carries practical wear where this medical instrument repair kit is gripped, opened, or set down.	Small	Standard	950.0	35.0	leather	Era / Renaissance Era;Market / Repair Supplies / Precision Repair Supplies;Functions / Repairing / Medical Instrument	Repair_Medical_Instrument	Renaissance medical catalogue; category Repair.	Repair
renaissance_repair_town_optical_instrument_repair_kit_010	kit	a town optical instrument repair kit	This town optical instrument repair kit is made chiefly from leather for repair work in the renaissance period. Its kit form is fitted for town handling, storage, and inspection. The leather surface carries practical wear where this optical instrument repair kit is gripped, opened, or set down.	Small	Standard	950.0	35.0	leather	Era / Renaissance Era;Market / Repair Supplies / Precision Repair Supplies;Functions / Repairing / Optical Instrument	Repair_Optical_Instrument	Renaissance medical catalogue; category Repair.	Repair
renaissance_repair_town_printing_equipment_repair_kit_011	kit	a town printing equipment repair kit	This town printing equipment repair kit is made chiefly from leather for repair work in the renaissance period. Its kit form is fitted for town handling, storage, and inspection. The leather surface carries practical wear where this printing equipment repair kit is gripped, opened, or set down.	Small	Standard	950.0	35.0	leather	Era / Renaissance Era;Market / Repair Supplies / Precision Repair Supplies;Functions / Repairing / Printing Equipment	Repair_Printing_Equipment	Renaissance medical catalogue; category Repair.	Repair
renaissance_repair_town_scientific_instrument_repair_kit_012	kit	a town scientific instrument repair kit	This town scientific instrument repair kit is made chiefly from leather for repair work in the renaissance period. Its kit form is fitted for town handling, storage, and inspection. The leather surface carries practical wear where this scientific instrument repair kit is gripped, opened, or set down.	Small	Standard	950.0	35.0	leather	Era / Renaissance Era;Market / Repair Supplies / Precision Repair Supplies;Functions / Repairing / Scientific Instrument	Repair_Scientific_Instrument	Renaissance medical catalogue; category Repair.	Repair
renaissance_repair_hospital_fine_clockwork_repair_kit_013	kit	a hospital fine clockwork repair kit	This hospital fine clockwork repair kit is made chiefly from leather for repair work in the renaissance period. Its kit form is fitted for hospital handling, storage, and inspection. The leather surface carries practical wear where this fine clockwork repair kit is gripped, opened, or set down.	Small	Good	1045.0	47.25	leather	Era / Renaissance Era;Market / Repair Supplies / Precision Repair Supplies;Functions / Repairing / Clockwork	Repair_Clockwork_Good	Renaissance medical catalogue; category Repair.	Repair
renaissance_repair_hospital_fine_firearm_repair_kit_014	kit	a hospital fine firearm repair kit	This hospital fine firearm repair kit is made chiefly from leather for repair work in the renaissance period. Its kit form is fitted for hospital handling, storage, and inspection. The leather surface carries practical wear where this fine firearm repair kit is gripped, opened, or set down.	Small	Good	1045.0	47.25	leather	Era / Renaissance Era;Market / Repair Supplies / Precision Repair Supplies;Functions / Repairing / Firearm	Repair_Firearm_Good	Renaissance medical catalogue; category Repair.	Repair
renaissance_repair_hospital_fine_medical_instrument_repair_kit_015	kit	a hospital fine medical instrument repair kit	This hospital fine medical instrument repair kit is made chiefly from leather for repair work in the renaissance period. Its kit form is fitted for hospital handling, storage, and inspection. The leather surface carries practical wear where this fine medical instrument repair kit is gripped, opened, or set down.	Small	Good	1045.0	47.25	leather	Era / Renaissance Era;Market / Repair Supplies / Precision Repair Supplies;Functions / Repairing / Medical Instrument	Repair_Medical_Instrument_Good	Renaissance medical catalogue; category Repair.	Repair
renaissance_repair_hospital_fine_optical_instrument_repair_kit_016	kit	a hospital fine optical instrument repair kit	This hospital fine optical instrument repair kit is made chiefly from leather for repair work in the renaissance period. Its kit form is fitted for hospital handling, storage, and inspection. The leather surface carries practical wear where this fine optical instrument repair kit is gripped, opened, or set down.	Small	Good	1045.0	47.25	leather	Era / Renaissance Era;Market / Repair Supplies / Precision Repair Supplies;Functions / Repairing / Optical Instrument	Repair_Optical_Instrument_Good	Renaissance medical catalogue; category Repair.	Repair
renaissance_repair_hospital_fine_printing_equipment_repair_kit_017	kit	a hospital fine printing equipment repair kit	This hospital fine printing equipment repair kit is made chiefly from leather for repair work in the renaissance period. Its kit form is fitted for hospital handling, storage, and inspection. The leather surface carries practical wear where this fine printing equipment repair kit is gripped, opened, or set down.	Small	Good	1045.0	47.25	leather	Era / Renaissance Era;Market / Repair Supplies / Precision Repair Supplies;Functions / Repairing / Printing Equipment	Repair_Printing_Equipment_Good	Renaissance medical catalogue; category Repair.	Repair
renaissance_repair_hospital_fine_scientific_instrument_repair_kit_018	kit	a hospital fine scientific instrument repair kit	This hospital fine scientific instrument repair kit is made chiefly from leather for repair work in the renaissance period. Its kit form is fitted for hospital handling, storage, and inspection. The leather surface carries practical wear where this fine scientific instrument repair kit is gripped, opened, or set down.	Small	Good	1045.0	47.25	leather	Era / Renaissance Era;Market / Repair Supplies / Precision Repair Supplies;Functions / Repairing / Scientific Instrument	Repair_Scientific_Instrument_Good	Renaissance medical catalogue; category Repair.	Repair
renaissance_repair_naval_rough_clockwork_repair_kit_019	kit	a naval rough clockwork repair kit	This naval rough clockwork repair kit is made chiefly from leather for repair work in the renaissance period. Its kit form is fitted for naval handling, storage, and inspection. The leather surface carries practical wear where this rough clockwork repair kit is gripped, opened, or set down.	Small	Poor	807.5	42.0	leather	Era / Renaissance Era;Market / Repair Supplies / Precision Repair Supplies;Functions / Repairing / Clockwork;Institution / Maritime	Repair_Clockwork_Poor	Renaissance medical catalogue; category Repair.	Repair
renaissance_repair_naval_rough_firearm_repair_kit_020	kit	a naval rough firearm repair kit	This naval rough firearm repair kit is made chiefly from leather for repair work in the renaissance period. Its kit form is fitted for naval handling, storage, and inspection. The leather surface carries practical wear where this rough firearm repair kit is gripped, opened, or set down.	Small	Poor	807.5	42.0	leather	Era / Renaissance Era;Market / Repair Supplies / Precision Repair Supplies;Functions / Repairing / Firearm;Institution / Maritime	Repair_Firearm_Poor	Renaissance medical catalogue; category Repair.	Repair
renaissance_repair_naval_rough_medical_instrument_repair_kit_021	kit	a naval rough medical instrument repair kit	This naval rough medical instrument repair kit is made chiefly from leather for repair work in the renaissance period. Its kit form is fitted for naval handling, storage, and inspection. The leather surface carries practical wear where this rough medical instrument repair kit is gripped, opened, or set down.	Small	Poor	807.5	42.0	leather	Era / Renaissance Era;Market / Repair Supplies / Precision Repair Supplies;Functions / Repairing / Medical Instrument;Institution / Maritime	Repair_Medical_Instrument_Poor	Renaissance medical catalogue; category Repair.	Repair
renaissance_repair_naval_rough_optical_instrument_repair_kit_022	kit	a naval rough optical instrument repair kit	This naval rough optical instrument repair kit is made chiefly from leather for repair work in the renaissance period. Its kit form is fitted for naval handling, storage, and inspection. The leather surface carries practical wear where this rough optical instrument repair kit is gripped, opened, or set down.	Small	Poor	807.5	42.0	leather	Era / Renaissance Era;Market / Repair Supplies / Precision Repair Supplies;Functions / Repairing / Optical Instrument;Institution / Maritime	Repair_Optical_Instrument_Poor	Renaissance medical catalogue; category Repair.	Repair
renaissance_repair_naval_rough_printing_equipment_repair_kit_023	kit	a naval rough printing equipment repair kit	This naval rough printing equipment repair kit is made chiefly from leather for repair work in the renaissance period. Its kit form is fitted for naval handling, storage, and inspection. The leather surface carries practical wear where this rough printing equipment repair kit is gripped, opened, or set down.	Small	Poor	807.5	42.0	leather	Era / Renaissance Era;Market / Repair Supplies / Precision Repair Supplies;Functions / Repairing / Printing Equipment;Institution / Maritime	Repair_Printing_Equipment_Poor	Renaissance medical catalogue; category Repair.	Repair
renaissance_repair_naval_rough_scientific_instrument_repair_kit_024	kit	a naval rough scientific instrument repair kit	This naval rough scientific instrument repair kit is made chiefly from leather for repair work in the renaissance period. Its kit form is fitted for naval handling, storage, and inspection. The leather surface carries practical wear where this rough scientific instrument repair kit is gripped, opened, or set down.	Small	Poor	807.5	42.0	leather	Era / Renaissance Era;Market / Repair Supplies / Precision Repair Supplies;Functions / Repairing / Scientific Instrument;Institution / Maritime	Repair_Scientific_Instrument_Poor	Renaissance medical catalogue; category Repair.	Repair
renaissance_repair_workshop_clockwork_repair_kit_025	kit	a workshop clockwork repair kit	This workshop clockwork repair kit is made chiefly from leather for repair work in the renaissance period. Its kit form is fitted for workshop handling, storage, and inspection. The leather surface carries practical wear where this clockwork repair kit is gripped, opened, or set down.	Small	Standard	950.0	40.25	leather	Era / Renaissance Era;Market / Repair Supplies / Precision Repair Supplies;Functions / Repairing / Clockwork;Institution / Guild	Repair_Clockwork	Renaissance medical catalogue; category Repair.	Repair
renaissance_repair_workshop_firearm_repair_kit_026	kit	a workshop firearm repair kit	This workshop firearm repair kit is made chiefly from leather for repair work in the renaissance period. Its kit form is fitted for workshop handling, storage, and inspection. The leather surface carries practical wear where this firearm repair kit is gripped, opened, or set down.	Small	Standard	950.0	40.25	leather	Era / Renaissance Era;Market / Repair Supplies / Precision Repair Supplies;Functions / Repairing / Firearm;Institution / Guild	Repair_Firearm	Renaissance medical catalogue; category Repair.	Repair
renaissance_repair_workshop_medical_instrument_repair_kit_027	kit	a workshop medical instrument repair kit	This workshop medical instrument repair kit is made chiefly from leather for repair work in the renaissance period. Its kit form is fitted for workshop handling, storage, and inspection. The leather surface carries practical wear where this medical instrument repair kit is gripped, opened, or set down.	Small	Standard	950.0	40.25	leather	Era / Renaissance Era;Market / Repair Supplies / Precision Repair Supplies;Functions / Repairing / Medical Instrument;Institution / Guild	Repair_Medical_Instrument	Renaissance medical catalogue; category Repair.	Repair
renaissance_repair_workshop_optical_instrument_repair_kit_028	kit	a workshop optical instrument repair kit	This workshop optical instrument repair kit is made chiefly from leather for repair work in the renaissance period. Its kit form is fitted for workshop handling, storage, and inspection. The leather surface carries practical wear where this optical instrument repair kit is gripped, opened, or set down.	Small	Standard	950.0	40.25	leather	Era / Renaissance Era;Market / Repair Supplies / Precision Repair Supplies;Functions / Repairing / Optical Instrument;Institution / Guild	Repair_Optical_Instrument	Renaissance medical catalogue; category Repair.	Repair
renaissance_repair_workshop_printing_equipment_repair_kit_029	kit	a workshop printing equipment repair kit	This workshop printing equipment repair kit is made chiefly from leather for repair work in the renaissance period. Its kit form is fitted for workshop handling, storage, and inspection. The leather surface carries practical wear where this printing equipment repair kit is gripped, opened, or set down.	Small	Standard	950.0	40.25	leather	Era / Renaissance Era;Market / Repair Supplies / Precision Repair Supplies;Functions / Repairing / Printing Equipment;Institution / Guild	Repair_Printing_Equipment	Renaissance medical catalogue; category Repair.	Repair
renaissance_repair_workshop_scientific_instrument_repair_kit_030	kit	a workshop scientific instrument repair kit	This workshop scientific instrument repair kit is made chiefly from leather for repair work in the renaissance period. Its kit form is fitted for workshop handling, storage, and inspection. The leather surface carries practical wear where this scientific instrument repair kit is gripped, opened, or set down.	Small	Standard	950.0	40.25	leather	Era / Renaissance Era;Market / Repair Supplies / Precision Repair Supplies;Functions / Repairing / Scientific Instrument;Institution / Guild	Repair_Scientific_Instrument	Renaissance medical catalogue; category Repair.	Repair
renaissance_medical_chamomile_stock_001	stock	a chamomile stock	This chamomile stock is made chiefly from chamomile for raw medical stock work in the renaissance period. Its stock form is fitted for ordinary handling, storage, and inspection. The chamomile surface carries practical wear where this chamomile stock is gripped, opened, or set down.	Small	Standard	90.0	5.0	chamomile	Era / Renaissance Era;Market / Medicine / Herbal Medicine;Functions / Medical Treatment / Chemical Remedy	Holdable;Destroyable_Misc	Renaissance medical catalogue; category Raw medical stock.	Raw medical stock
renaissance_medical_rosemary_stock_002	stock	a rosemary stock	This rosemary stock is made chiefly from rosemary for raw medical stock work in the renaissance period. Its stock form is fitted for ordinary handling, storage, and inspection. The rosemary surface carries practical wear where this rosemary stock is gripped, opened, or set down.	Small	Standard	90.0	5.0	rosemary	Era / Renaissance Era;Market / Medicine / Herbal Medicine;Functions / Medical Treatment / Chemical Remedy	Holdable;Destroyable_Misc	Renaissance medical catalogue; category Raw medical stock.	Raw medical stock
renaissance_medical_bezoar_stock_003	stock	a bezoar stock	This bezoar stock is made chiefly from bezoar for raw medical stock work in the renaissance period. Its stock form is fitted for ordinary handling, storage, and inspection. The bezoar surface carries practical wear where this bezoar stock is gripped, opened, or set down.	Small	Standard	90.0	5.0	bezoar	Era / Renaissance Era;Market / Medicine / Herbal Medicine;Functions / Medical Treatment / Chemical Remedy	Holdable;Destroyable_Misc	Renaissance medical catalogue; category Raw medical stock.	Raw medical stock
renaissance_medical_ginger_stock_004	stock	a ginger stock	This ginger stock is made chiefly from ginger for raw medical stock work in the renaissance period. Its stock form is fitted for ordinary handling, storage, and inspection. The ginger surface carries practical wear where this ginger stock is gripped, opened, or set down.	Small	Standard	90.0	5.0	ginger	Era / Renaissance Era;Market / Medicine / Herbal Medicine;Functions / Medical Treatment / Chemical Remedy	Holdable;Destroyable_Misc	Renaissance medical catalogue; category Raw medical stock.	Raw medical stock
renaissance_medical_cloves_stock_005	stock	a cloves stock	This cloves stock is made chiefly from cloves for raw medical stock work in the renaissance period. Its stock form is fitted for ordinary handling, storage, and inspection. The cloves surface carries practical wear where this cloves stock is gripped, opened, or set down.	Small	Standard	90.0	5.0	cloves	Era / Renaissance Era;Market / Medicine / Herbal Medicine;Functions / Medical Treatment / Chemical Remedy	Holdable;Destroyable_Misc	Renaissance medical catalogue; category Raw medical stock.	Raw medical stock
renaissance_medical_cinnamon_stock_006	stock	a cinnamon stock	This cinnamon stock is made chiefly from cinnamon for raw medical stock work in the renaissance period. Its stock form is fitted for ordinary handling, storage, and inspection. The cinnamon surface carries practical wear where this cinnamon stock is gripped, opened, or set down.	Small	Standard	90.0	5.0	cinnamon	Era / Renaissance Era;Market / Medicine / Herbal Medicine;Functions / Medical Treatment / Chemical Remedy	Holdable;Destroyable_Misc	Renaissance medical catalogue; category Raw medical stock.	Raw medical stock
renaissance_medical_camphor_stock_007	stock	a camphor stock	This camphor stock is made chiefly from camphor for raw medical stock work in the renaissance period. Its stock form is fitted for ordinary handling, storage, and inspection. The camphor surface carries practical wear where this camphor stock is gripped, opened, or set down.	Small	Standard	90.0	5.0	camphor	Era / Renaissance Era;Market / Medicine / Herbal Medicine;Functions / Medical Treatment / Chemical Remedy	Holdable;Destroyable_Misc	Renaissance medical catalogue; category Raw medical stock.	Raw medical stock
renaissance_medical_benzoin_resin_stock_008	stock	a benzoin resin stock	This benzoin resin stock is made chiefly from benzoin resin for raw medical stock work in the renaissance period. Its stock form is fitted for ordinary handling, storage, and inspection. The benzoin resin surface carries practical wear where this benzoin resin stock is gripped, opened, or set down.	Small	Standard	90.0	5.0	benzoin resin	Era / Renaissance Era;Market / Medicine / Herbal Medicine;Functions / Medical Treatment / Chemical Remedy	Holdable;Destroyable_Misc	Renaissance medical catalogue; category Raw medical stock.	Raw medical stock
renaissance_medical_myrrh_resin_stock_009	stock	a myrrh resin stock	This myrrh resin stock is made chiefly from myrrh resin for raw medical stock work in the renaissance period. Its stock form is fitted for ordinary handling, storage, and inspection. The myrrh resin surface carries practical wear where this myrrh resin stock is gripped, opened, or set down.	Small	Standard	90.0	5.0	myrrh resin	Era / Renaissance Era;Market / Medicine / Herbal Medicine;Functions / Medical Treatment / Chemical Remedy	Holdable;Destroyable_Misc	Renaissance medical catalogue; category Raw medical stock.	Raw medical stock
renaissance_medical_opium_gum_stock_010	stock	an opium gum stock	This opium gum stock is made chiefly from opium gum for raw medical stock work in the renaissance period. Its stock form is fitted for ordinary handling, storage, and inspection. The opium gum surface carries practical wear where this opium gum stock is gripped, opened, or set down.	Small	Standard	90.0	5.0	opium gum	Era / Renaissance Era;Market / Medicine / Herbal Medicine;Functions / Medical Treatment / Chemical Remedy	Holdable;Destroyable_Misc	Renaissance medical catalogue; category Raw medical stock.	Raw medical stock
renaissance_medical_guaiacum_wood_stock_011	stock	a guaiacum wood stock	This guaiacum wood stock is made chiefly from guaiacum wood for raw medical stock work in the renaissance period. Its stock form is fitted for ordinary handling, storage, and inspection. The guaiacum wood surface carries practical wear where this guaiacum wood stock is gripped, opened, or set down.	Small	Standard	90.0	5.0	guaiacum wood	Era / Renaissance Era;Market / Medicine / Herbal Medicine;Functions / Medical Treatment / Chemical Remedy	Holdable;Destroyable_Misc	Renaissance medical catalogue; category Raw medical stock.	Raw medical stock
renaissance_medical_alum_stock_012	stock	an alum stock	This alum stock is made chiefly from alum for raw medical stock work in the renaissance period. Its stock form is fitted for ordinary handling, storage, and inspection. The alum surface carries practical wear where this alum stock is gripped, opened, or set down.	Small	Standard	90.0	5.0	alum	Era / Renaissance Era;Market / Medicine / Herbal Medicine;Functions / Medical Treatment / Chemical Remedy	Holdable;Destroyable_Misc	Renaissance medical catalogue; category Raw medical stock.	Raw medical stock
renaissance_medical_peruvian_balsam_stock_013	stock	a Peruvian balsam stock	This Peruvian balsam stock is made chiefly from Peruvian balsam for raw medical stock work in the renaissance period. Its stock form is fitted for ordinary handling, storage, and inspection. The Peruvian balsam surface carries practical wear where this Peruvian balsam stock is gripped, opened, or set down.	Small	Standard	90.0	5.0	Peruvian balsam	Era / Renaissance Era;Market / Medicine / Herbal Medicine;Functions / Medical Treatment / Chemical Remedy	Holdable;Destroyable_Misc	Renaissance medical catalogue; category Raw medical stock.	Raw medical stock
renaissance_medical_rhubarb_root_stock_014	stock	a rhubarb root stock	This rhubarb root stock is made chiefly from rhubarb root for raw medical stock work in the renaissance period. Its stock form is fitted for ordinary handling, storage, and inspection. The rhubarb root surface carries practical wear where this rhubarb root stock is gripped, opened, or set down.	Small	Standard	90.0	5.0	rhubarb root	Era / Renaissance Era;Market / Medicine / Herbal Medicine;Functions / Medical Treatment / Chemical Remedy	Holdable;Destroyable_Misc	Renaissance medical catalogue; category Raw medical stock.	Raw medical stock
renaissance_medical_senna_leaf_stock_015	stock	a senna leaf stock	This senna leaf stock is made chiefly from senna leaf for raw medical stock work in the renaissance period. Its stock form is fitted for ordinary handling, storage, and inspection. The senna leaf surface carries practical wear where this senna leaf stock is gripped, opened, or set down.	Small	Standard	90.0	5.0	senna leaf	Era / Renaissance Era;Market / Medicine / Herbal Medicine;Functions / Medical Treatment / Chemical Remedy	Holdable;Destroyable_Misc	Renaissance medical catalogue; category Raw medical stock.	Raw medical stock
renaissance_medical_sarsaparilla_root_stock_016	stock	a sarsaparilla root stock	This sarsaparilla root stock is made chiefly from sarsaparilla root for raw medical stock work in the renaissance period. Its stock form is fitted for ordinary handling, storage, and inspection. The sarsaparilla root surface carries practical wear where this sarsaparilla root stock is gripped, opened, or set down.	Small	Standard	90.0	5.0	sarsaparilla root	Era / Renaissance Era;Market / Medicine / Herbal Medicine;Functions / Medical Treatment / Chemical Remedy	Holdable;Destroyable_Misc	Renaissance medical catalogue; category Raw medical stock.	Raw medical stock
renaissance_medical_sassafras_bark_stock_017	stock	a sassafras bark stock	This sassafras bark stock is made chiefly from sassafras bark for raw medical stock work in the renaissance period. Its stock form is fitted for ordinary handling, storage, and inspection. The sassafras bark surface carries practical wear where this sassafras bark stock is gripped, opened, or set down.	Small	Standard	90.0	5.0	sassafras bark	Era / Renaissance Era;Market / Medicine / Herbal Medicine;Functions / Medical Treatment / Chemical Remedy	Holdable;Destroyable_Misc	Renaissance medical catalogue; category Raw medical stock.	Raw medical stock
renaissance_medical_turpentine_resin_stock_018	stock	a turpentine resin stock	This turpentine resin stock is made chiefly from turpentine resin for raw medical stock work in the renaissance period. Its stock form is fitted for ordinary handling, storage, and inspection. The turpentine resin surface carries practical wear where this turpentine resin stock is gripped, opened, or set down.	Small	Standard	90.0	5.0	turpentine resin	Era / Renaissance Era;Market / Medicine / Herbal Medicine;Functions / Medical Treatment / Chemical Remedy	Holdable;Destroyable_Misc	Renaissance medical catalogue; category Raw medical stock.	Raw medical stock