StableReference	Layer	Domain	EraAdmissions	Noun	ShortDescription	FullDescription	Size	Quality	WeightGrams	CostIndex	Material	Tags	FixedComponents	ProfileBindings	SupportedClaims	MorphTo	MorphSeconds	MorphEmote	DestroyedItem	PriceEvidence	SourceNote	Craftable	LifecycleKind
industrialised_clothing_footwear_uniforms_0001_plain_rag	shared-industrialised	Clothing, footwear and uniforms	industrial;modern;nuclear;information	rag	a plain wool rag for domestic wear	This plain rag is formed chiefly from wool and proportioned for domestic wear. Its working edges, contact points and load-bearing surfaces are finished for repeated handling, while visible joins make the method of construction easy to inspect. The particular balance of form, material and service duty distinguishes it from neighbouring catalogue entries.	Small	Standard	188	5	wool	Era / Industrial Era;Era / Modern Era;Era / Nuclear Era;Era / Information Age Era	Wear_Apron		portable		0			industrial_clothing	Authored Clothing, footwear and uniforms matrix: plain/rag/domestic/wool; priced by industrial_clothing analogue.	true	
industrialised_clothing_footwear_uniforms_0002_plain_apron	shared-industrialised	Clothing, footwear and uniforms	industrial;modern;nuclear;information	apron	a plain leather apron for domestic wear	This plain apron is formed chiefly from leather and proportioned for domestic wear. Its working edges, contact points and load-bearing surfaces are finished for repeated handling, while visible joins make the method of construction easy to inspect. The particular balance of form, material and service duty distinguishes it from neighbouring catalogue entries.	Small	Standard	225	10	leather	Era / Industrial Era;Era / Modern Era;Era / Nuclear Era;Era / Information Age Era	Wear_Apron		portable		0			industrial_clothing	Authored Clothing, footwear and uniforms matrix: plain/apron/domestic/leather; priced by industrial_clothing analogue.	true	
industrialised_clothing_footwear_uniforms_0003_plain_shirt	shared-industrialised	Clothing, footwear and uniforms	industrial;modern;nuclear;information	shirt	a plain cotton shirt for domestic wear	This plain shirt is formed chiefly from cotton and proportioned for domestic wear. Its working edges, contact points and load-bearing surfaces are finished for repeated handling, while visible joins make the method of construction easy to inspect. The particular balance of form, material and service duty distinguishes it from neighbouring catalogue entries.	Small	Standard	262	20	cotton	Era / Industrial Era;Era / Modern Era;Era / Nuclear Era;Era / Information Age Era	Wear_Shirt		portable		0			industrial_clothing	Authored Clothing, footwear and uniforms matrix: plain/shirt/domestic/cotton; priced by industrial_clothing analogue.	true	
industrialised_clothing_footwear_uniforms_0004_plain_trousers	shared-industrialised	Clothing, footwear and uniforms	industrial;modern;nuclear;information	trousers	some plain linen trousers for domestic wear	These plain trousers are formed chiefly from linen and proportioned for domestic wear. Their working edges, contact points and load-bearing surfaces are finished for repeated handling, while visible joins make the method of construction easy to inspect. The particular balance of form, material and service duty distinguishes them from neighbouring catalogue entries.	Small	Standard	299	50	linen	Era / Industrial Era;Era / Modern Era;Era / Nuclear Era;Era / Information Age Era	Wear_Trousers		portable		0			industrial_clothing	Authored Clothing, footwear and uniforms matrix: plain/trousers/domestic/linen; priced by industrial_clothing analogue.	true	
industrialised_clothing_footwear_uniforms_0005_plain_boots	shared-industrialised	Clothing, footwear and uniforms	industrial;modern;nuclear;information	boots	some plain wool boots for domestic wear	These plain boots are formed chiefly from wool and proportioned for domestic wear. Their working edges, contact points and load-bearing surfaces are finished for repeated handling, while visible joins make the method of construction easy to inspect. The particular balance of form, material and service duty distinguishes them from neighbouring catalogue entries.	Small	Standard	336	100	wool	Era / Industrial Era;Era / Modern Era;Era / Nuclear Era;Era / Information Age Era	Wear_Boots		portable		0		industrialised_clothing_footwear_uniforms_0001_plain_rag	industrial_clothing	Authored Clothing, footwear and uniforms matrix: plain/boots/domestic/wool; priced by industrial_clothing analogue.	true	salvage
industrialised_clothing_footwear_uniforms_0006_plain_dress	shared-industrialised	Clothing, footwear and uniforms	industrial;modern;nuclear;information	dress	a plain leather dress for domestic wear	This plain dress is formed chiefly from leather and proportioned for domestic wear. Its working edges, contact points and load-bearing surfaces are finished for repeated handling, while visible joins make the method of construction easy to inspect. The particular balance of form, material and service duty distinguishes it from neighbouring catalogue entries.	Small	Standard	373	200	leather	Era / Industrial Era;Era / Modern Era;Era / Nuclear Era;Era / Information Age Era	Wear_Dress		portable		0			industrial_clothing	Authored Clothing, footwear and uniforms matrix: plain/dress/domestic/leather; priced by industrial_clothing analogue.	true	
industrialised_clothing_footwear_uniforms_0007_plain_jacket	shared-industrialised	Clothing, footwear and uniforms	industrial;modern;nuclear;information	jacket	a plain cotton jacket for domestic wear	This plain jacket is formed chiefly from cotton and proportioned for domestic wear. Its working edges, contact points and load-bearing surfaces are finished for repeated handling, while visible joins make the method of construction easy to inspect. The particular balance of form, material and service duty distinguishes it from neighbouring catalogue entries.	Small	Standard	410	500	cotton	Era / Industrial Era;Era / Modern Era;Era / Nuclear Era;Era / Information Age Era	Wear_Jacket		portable		0			industrial_clothing	Authored Clothing, footwear and uniforms matrix: plain/jacket/domestic/cotton; priced by industrial_clothing analogue.	true	
industrialised_clothing_footwear_uniforms_0008_plain_hat	shared-industrialised	Clothing, footwear and uniforms	industrial;modern;nuclear;information	hat	a plain linen hat for domestic wear	This plain hat is formed chiefly from linen and proportioned for domestic wear. Its working edges, contact points and load-bearing surfaces are finished for repeated handling, while visible joins make the method of construction easy to inspect. The particular balance of form, material and service duty distinguishes it from neighbouring catalogue entries.	Small	Standard	447	1	linen	Era / Industrial Era;Era / Modern Era;Era / Nuclear Era;Era / Information Age Era	Wear_Hat		portable		0			industrial_clothing	Authored Clothing, footwear and uniforms matrix: plain/hat/domestic/linen; priced by industrial_clothing analogue.	true	
industrialised_clothing_footwear_uniforms_0009_plain_gloves	shared-industrialised	Clothing, footwear and uniforms	industrial;modern;nuclear;information	gloves	some plain wool gloves for domestic wear	These plain gloves are formed chiefly from wool and proportioned for domestic wear. Their working edges, contact points and load-bearing surfaces are finished for repeated handling, while visible joins make the method of construction easy to inspect. The particular balance of form, material and service duty distinguishes them from neighbouring catalogue entries.	Small	Standard	484	2	wool	Era / Industrial Era;Era / Modern Era;Era / Nuclear Era;Era / Information Age Era	Wear_Gloves		portable		0			industrial_clothing	Authored Clothing, footwear and uniforms matrix: plain/gloves/domestic/wool; priced by industrial_clothing analogue.	true	
industrialised_clothing_footwear_uniforms_0010_plain_scarf	shared-industrialised	Clothing, footwear and uniforms	industrial;modern;nuclear;information	scarf	a plain leather scarf for domestic wear	This plain scarf is formed chiefly from leather and proportioned for domestic wear. Its working edges, contact points and load-bearing surfaces are finished for repeated handling, while visible joins make the method of construction easy to inspect. The particular balance of form, material and service duty distinguishes it from neighbouring catalogue entries.	Small	Standard	521	5	leather	Era / Industrial Era;Era / Modern Era;Era / Nuclear Era;Era / Information Age Era	Wear_Scarf		portable		0		industrialised_clothing_footwear_uniforms_0001_plain_rag	industrial_clothing	Authored Clothing, footwear and uniforms matrix: plain/scarf/domestic/leather; priced by industrial_clothing analogue.	true	salvage
industrialised_clothing_footwear_uniforms_0011_plain_skirt	shared-industrialised	Clothing, footwear and uniforms	industrial;modern;nuclear;information	skirt	a plain cotton skirt for domestic wear	This plain skirt is formed chiefly from cotton and proportioned for domestic wear. Its working edges, contact points and load-bearing surfaces are finished for repeated handling, while visible joins make the method of construction easy to inspect. The particular balance of form, material and service duty distinguishes it from neighbouring catalogue entries.	Small	Standard	558	10	cotton	Era / Industrial Era;Era / Modern Era;Era / Nuclear Era;Era / Information Age Era	Wear_Skirt		portable		0			industrial_clothing	Authored Clothing, footwear and uniforms matrix: plain/skirt/domestic/cotton; priced by industrial_clothing analogue.	true	
industrialised_clothing_footwear_uniforms_0012_plain_socks	shared-industrialised	Clothing, footwear and uniforms	industrial;modern;nuclear;information	socks	some plain linen socks for domestic wear	These plain socks are formed chiefly from linen and proportioned for domestic wear. Their working edges, contact points and load-bearing surfaces are finished for repeated handling, while visible joins make the method of construction easy to inspect. The particular balance of form, material and service duty distinguishes them from neighbouring catalogue entries.	Small	Standard	595	20	linen	Era / Industrial Era;Era / Modern Era;Era / Nuclear Era;Era / Information Age Era	Wear_Socks		portable		0			industrial_clothing	Authored Clothing, footwear and uniforms matrix: plain/socks/domestic/linen; priced by industrial_clothing analogue.	true	
industrialised_clothing_footwear_uniforms_0013_plain_vest	shared-industrialised	Clothing, footwear and uniforms	industrial;modern;nuclear;information	vest	a plain wool vest for domestic wear	This plain vest is formed chiefly from wool and proportioned for domestic wear. Its working edges, contact points and load-bearing surfaces are finished for repeated handling, while visible joins make the method of construction easy to inspect. The particular balance of form, material and service duty distinguishes it from neighbouring catalogue entries.	Small	Standard	632	50	wool	Era / Industrial Era;Era / Modern Era;Era / Nuclear Era;Era / Information Age Era	Wear_Vest		portable		0			industrial_clothing	Authored Clothing, footwear and uniforms matrix: plain/vest/domestic/wool; priced by industrial_clothing analogue.	true	
industrialised_clothing_footwear_uniforms_0014_plain_coat	shared-industrialised	Clothing, footwear and uniforms	industrial;modern;nuclear;information	coat	a plain leather coat for domestic wear	This plain coat is formed chiefly from leather and proportioned for domestic wear. Its working edges, contact points and load-bearing surfaces are finished for repeated handling, while visible joins make the method of construction easy to inspect. The particular balance of form, material and service duty distinguishes it from neighbouring catalogue entries.	Small	Standard	669	100	leather	Era / Industrial Era;Era / Modern Era;Era / Nuclear Era;Era / Information Age Era	Wear_Jacket		portable		0			industrial_clothing	Authored Clothing, footwear and uniforms matrix: plain/coat/domestic/leather; priced by industrial_clothing analogue.	true	
industrialised_clothing_footwear_uniforms_0015_plain_smock	shared-industrialised	Clothing, footwear and uniforms	industrial;modern;nuclear;information	smock	a plain cotton smock for domestic wear	This plain smock is formed chiefly from cotton and proportioned for domestic wear. Its working edges, contact points and load-bearing surfaces are finished for repeated handling, while visible joins make the method of construction easy to inspect. The particular balance of form, material and service duty distinguishes it from neighbouring catalogue entries.	Small	Standard	706	200	cotton	Era / Industrial Era;Era / Modern Era;Era / Nuclear Era;Era / Information Age Era	Wear_Shirt		portable		0		industrialised_clothing_footwear_uniforms_0001_plain_rag	industrial_clothing	Authored Clothing, footwear and uniforms matrix: plain/smock/domestic/cotton; priced by industrial_clothing analogue.	true	salvage
industrialised_clothing_footwear_uniforms_0016_reinforced_rag	shared-industrialised	Clothing, footwear and uniforms	industrial;modern;nuclear;information	rag	a reinforced linen rag for domestic wear	This reinforced rag is formed chiefly from linen and proportioned for domestic wear. Its working edges, contact points and load-bearing surfaces are finished for repeated handling, while visible joins make the method of construction easy to inspect. The particular balance of form, material and service duty distinguishes it from neighbouring catalogue entries.	Small	Standard	743	500	linen	Era / Industrial Era;Era / Modern Era;Era / Nuclear Era;Era / Information Age Era	Wear_Apron		portable		0			industrial_clothing	Authored Clothing, footwear and uniforms matrix: reinforced/rag/domestic/linen; priced by industrial_clothing analogue.	true	
industrialised_clothing_footwear_uniforms_0017_reinforced_apron	shared-industrialised	Clothing, footwear and uniforms	industrial;modern;nuclear;information	apron	a reinforced wool apron for domestic wear	This reinforced apron is formed chiefly from wool and proportioned for domestic wear. Its working edges, contact points and load-bearing surfaces are finished for repeated handling, while visible joins make the method of construction easy to inspect. The particular balance of form, material and service duty distinguishes it from neighbouring catalogue entries.	Small	Standard	780	1	wool	Era / Industrial Era;Era / Modern Era;Era / Nuclear Era;Era / Information Age Era	Wear_Apron		portable		0			industrial_clothing	Authored Clothing, footwear and uniforms matrix: reinforced/apron/domestic/wool; priced by industrial_clothing analogue.	true	
industrialised_clothing_footwear_uniforms_0018_reinforced_shirt	shared-industrialised	Clothing, footwear and uniforms	industrial;modern;nuclear;information	shirt	a reinforced leather shirt for domestic wear	This reinforced shirt is formed chiefly from leather and proportioned for domestic wear. Its working edges, contact points and load-bearing surfaces are finished for repeated handling, while visible joins make the method of construction easy to inspect. The particular balance of form, material and service duty distinguishes it from neighbouring catalogue entries.	Small	Standard	817	2	leather	Era / Industrial Era;Era / Modern Era;Era / Nuclear Era;Era / Information Age Era	Wear_Shirt		portable		0			industrial_clothing	Authored Clothing, footwear and uniforms matrix: reinforced/shirt/domestic/leather; priced by industrial_clothing analogue.	true	
industrialised_clothing_footwear_uniforms_0019_reinforced_trousers	shared-industrialised	Clothing, footwear and uniforms	industrial;modern;nuclear;information	trousers	some reinforced cotton trousers for domestic wear	These reinforced trousers are formed chiefly from cotton and proportioned for domestic wear. Their working edges, contact points and load-bearing surfaces are finished for repeated handling, while visible joins make the method of construction easy to inspect. The particular balance of form, material and service duty distinguishes them from neighbouring catalogue entries.	Small	Standard	854	5	cotton	Era / Industrial Era;Era / Modern Era;Era / Nuclear Era;Era / Information Age Era	Wear_Trousers		portable		0			industrial_clothing	Authored Clothing, footwear and uniforms matrix: reinforced/trousers/domestic/cotton; priced by industrial_clothing analogue.	true	
industrialised_clothing_footwear_uniforms_0020_reinforced_boots	shared-industrialised	Clothing, footwear and uniforms	industrial;modern;nuclear;information	boots	some reinforced linen boots for domestic wear	These reinforced boots are formed chiefly from linen and proportioned for domestic wear. Their working edges, contact points and load-bearing surfaces are finished for repeated handling, while visible joins make the method of construction easy to inspect. The particular balance of form, material and service duty distinguishes them from neighbouring catalogue entries.	Small	Standard	891	10	linen	Era / Industrial Era;Era / Modern Era;Era / Nuclear Era;Era / Information Age Era	Wear_Boots		portable		0		industrialised_clothing_footwear_uniforms_0001_plain_rag	industrial_clothing	Authored Clothing, footwear and uniforms matrix: reinforced/boots/domestic/linen; priced by industrial_clothing analogue.	true	salvage
industrialised_clothing_footwear_uniforms_0021_reinforced_dress	shared-industrialised	Clothing, footwear and uniforms	industrial;modern;nuclear;information	dress	a reinforced wool dress for domestic wear	This reinforced dress is formed chiefly from wool and proportioned for domestic wear. Its working edges, contact points and load-bearing surfaces are finished for repeated handling, while visible joins make the method of construction easy to inspect. The particular balance of form, material and service duty distinguishes it from neighbouring catalogue entries.	Small	Standard	928	20	wool	Era / Industrial Era;Era / Modern Era;Era / Nuclear Era;Era / Information Age Era	Wear_Dress		portable		0			industrial_clothing	Authored Clothing, footwear and uniforms matrix: reinforced/dress/domestic/wool; priced by industrial_clothing analogue.	true	
industrialised_clothing_footwear_uniforms_0022_reinforced_jacket	shared-industrialised	Clothing, footwear and uniforms	industrial;modern;nuclear;information	jacket	a reinforced leather jacket for domestic wear	This reinforced jacket is formed chiefly from leather and proportioned for domestic wear. Its working edges, contact points and load-bearing surfaces are finished for repeated handling, while visible joins make the method of construction easy to inspect. The particular balance of form, material and service duty distinguishes it from neighbouring catalogue entries.	Small	Standard	965	50	leather	Era / Industrial Era;Era / Modern Era;Era / Nuclear Era;Era / Information Age Era	Wear_Jacket		portable		0			industrial_clothing	Authored Clothing, footwear and uniforms matrix: reinforced/jacket/domestic/leather; priced by industrial_clothing analogue.	true	
industrialised_clothing_footwear_uniforms_0023_reinforced_hat	shared-industrialised	Clothing, footwear and uniforms	industrial;modern;nuclear;information	hat	a reinforced cotton hat for domestic wear	This reinforced hat is formed chiefly from cotton and proportioned for domestic wear. Its working edges, contact points and load-bearing surfaces are finished for repeated handling, while visible joins make the method of construction easy to inspect. The particular balance of form, material and service duty distinguishes it from neighbouring catalogue entries.	Small	Standard	1002	100	cotton	Era / Industrial Era;Era / Modern Era;Era / Nuclear Era;Era / Information Age Era	Wear_Hat		portable		0			industrial_clothing	Authored Clothing, footwear and uniforms matrix: reinforced/hat/domestic/cotton; priced by industrial_clothing analogue.	true	
industrialised_clothing_footwear_uniforms_0024_reinforced_gloves	shared-industrialised	Clothing, footwear and uniforms	industrial;modern;nuclear;information	gloves	some reinforced linen gloves for domestic wear	These reinforced gloves are formed chiefly from linen and proportioned for domestic wear. Their working edges, contact points and load-bearing surfaces are finished for repeated handling, while visible joins make the method of construction easy to inspect. The particular balance of form, material and service duty distinguishes them from neighbouring catalogue entries.	Small	Standard	1039	200	linen	Era / Industrial Era;Era / Modern Era;Era / Nuclear Era;Era / Information Age Era	Wear_Gloves		portable		0			industrial_clothing	Authored Clothing, footwear and uniforms matrix: reinforced/gloves/domestic/linen; priced by industrial_clothing analogue.	true	
industrialised_clothing_footwear_uniforms_0025_reinforced_scarf	shared-industrialised	Clothing, footwear and uniforms	industrial;modern;nuclear;information	scarf	a reinforced wool scarf for domestic wear	This reinforced scarf is formed chiefly from wool and proportioned for domestic wear. Its working edges, contact points and load-bearing surfaces are finished for repeated handling, while visible joins make the method of construction easy to inspect. The particular balance of form, material and service duty distinguishes it from neighbouring catalogue entries.	Small	Standard	1076	500	wool	Era / Industrial Era;Era / Modern Era;Era / Nuclear Era;Era / Information Age Era	Wear_Scarf		portable		0		industrialised_clothing_footwear_uniforms_0001_plain_rag	industrial_clothing	Authored Clothing, footwear and uniforms matrix: reinforced/scarf/domestic/wool; priced by industrial_clothing analogue.	true	salvage
industrialised_clothing_footwear_uniforms_0026_reinforced_skirt	shared-industrialised	Clothing, footwear and uniforms	industrial;modern;nuclear;information	skirt	a reinforced leather skirt for domestic wear	This reinforced skirt is formed chiefly from leather and proportioned for domestic wear. Its working edges, contact points and load-bearing surfaces are finished for repeated handling, while visible joins make the method of construction easy to inspect. The particular balance of form, material and service duty distinguishes it from neighbouring catalogue entries.	Small	Standard	1113	1	leather	Era / Industrial Era;Era / Modern Era;Era / Nuclear Era;Era / Information Age Era	Wear_Skirt		portable		0			industrial_clothing	Authored Clothing, footwear and uniforms matrix: reinforced/skirt/domestic/leather; priced by industrial_clothing analogue.	true	
industrialised_clothing_footwear_uniforms_0027_reinforced_socks	shared-industrialised	Clothing, footwear and uniforms	industrial;modern;nuclear;information	socks	some reinforced cotton socks for domestic wear	These reinforced socks are formed chiefly from cotton and proportioned for domestic wear. Their working edges, contact points and load-bearing surfaces are finished for repeated handling, while visible joins make the method of construction easy to inspect. The particular balance of form, material and service duty distinguishes them from neighbouring catalogue entries.	Small	Standard	1150	2	cotton	Era / Industrial Era;Era / Modern Era;Era / Nuclear Era;Era / Information Age Era	Wear_Socks		portable		0			industrial_clothing	Authored Clothing, footwear and uniforms matrix: reinforced/socks/domestic/cotton; priced by industrial_clothing analogue.	true	
industrialised_clothing_footwear_uniforms_0028_reinforced_vest	shared-industrialised	Clothing, footwear and uniforms	industrial;modern;nuclear;information	vest	a reinforced linen vest for domestic wear	This reinforced vest is formed chiefly from linen and proportioned for domestic wear. Its working edges, contact points and load-bearing surfaces are finished for repeated handling, while visible joins make the method of construction easy to inspect. The particular balance of form, material and service duty distinguishes it from neighbouring catalogue entries.	Small	Standard	1187	5	linen	Era / Industrial Era;Era / Modern Era;Era / Nuclear Era;Era / Information Age Era	Wear_Vest		portable		0			industrial_clothing	Authored Clothing, footwear and uniforms matrix: reinforced/vest/domestic/linen; priced by industrial_clothing analogue.	true	
industrialised_clothing_footwear_uniforms_0029_reinforced_coat	shared-industrialised	Clothing, footwear and uniforms	industrial;modern;nuclear;information	coat	a reinforced wool coat for domestic wear	This reinforced coat is formed chiefly from wool and proportioned for domestic wear. Its working edges, contact points and load-bearing surfaces are finished for repeated handling, while visible joins make the method of construction easy to inspect. The particular balance of form, material and service duty distinguishes it from neighbouring catalogue entries.	Small	Standard	1224	10	wool	Era / Industrial Era;Era / Modern Era;Era / Nuclear Era;Era / Information Age Era	Wear_Jacket		portable		0			industrial_clothing	Authored Clothing, footwear and uniforms matrix: reinforced/coat/domestic/wool; priced by industrial_clothing analogue.	true	
industrialised_clothing_footwear_uniforms_0030_reinforced_smock	shared-industrialised	Clothing, footwear and uniforms	industrial;modern;nuclear;information	smock	a reinforced leather smock for domestic wear	This reinforced smock is formed chiefly from leather and proportioned for domestic wear. Its working edges, contact points and load-bearing surfaces are finished for repeated handling, while visible joins make the method of construction easy to inspect. The particular balance of form, material and service duty distinguishes it from neighbouring catalogue entries.	Small	Standard	1261	20	leather	Era / Industrial Era;Era / Modern Era;Era / Nuclear Era;Era / Information Age Era	Wear_Shirt		portable		0		industrialised_clothing_footwear_uniforms_0001_plain_rag	industrial_clothing	Authored Clothing, footwear and uniforms matrix: reinforced/smock/domestic/leather; priced by industrial_clothing analogue.	true	salvage
industrialised_clothing_footwear_uniforms_0031_compact_rag	shared-industrialised	Clothing, footwear and uniforms	industrial;modern;nuclear;information	rag	a compact cotton rag for domestic wear	This compact rag is formed chiefly from cotton and proportioned for domestic wear. Its working edges, contact points and load-bearing surfaces are finished for repeated handling, while visible joins make the method of construction easy to inspect. The particular balance of form, material and service duty distinguishes it from neighbouring catalogue entries.	Small	Standard	1298	50	cotton	Era / Industrial Era;Era / Modern Era;Era / Nuclear Era;Era / Information Age Era	Wear_Apron		portable		0			industrial_clothing	Authored Clothing, footwear and uniforms matrix: compact/rag/domestic/cotton; priced by industrial_clothing analogue.	true	
industrialised_clothing_footwear_uniforms_0032_compact_apron	shared-industrialised	Clothing, footwear and uniforms	industrial;modern;nuclear;information	apron	a compact linen apron for domestic wear	This compact apron is formed chiefly from linen and proportioned for domestic wear. Its working edges, contact points and load-bearing surfaces are finished for repeated handling, while visible joins make the method of construction easy to inspect. The particular balance of form, material and service duty distinguishes it from neighbouring catalogue entries.	Small	Standard	1335	100	linen	Era / Industrial Era;Era / Modern Era;Era / Nuclear Era;Era / Information Age Era	Wear_Apron		portable		0			industrial_clothing	Authored Clothing, footwear and uniforms matrix: compact/apron/domestic/linen; priced by industrial_clothing analogue.	true	
industrialised_clothing_footwear_uniforms_0033_compact_shirt	shared-industrialised	Clothing, footwear and uniforms	industrial;modern;nuclear;information	shirt	a compact wool shirt for domestic wear	This compact shirt is formed chiefly from wool and proportioned for domestic wear. Its working edges, contact points and load-bearing surfaces are finished for repeated handling, while visible joins make the method of construction easy to inspect. The particular balance of form, material and service duty distinguishes it from neighbouring catalogue entries.	Small	Standard	1372	200	wool	Era / Industrial Era;Era / Modern Era;Era / Nuclear Era;Era / Information Age Era	Wear_Shirt		portable		0			industrial_clothing	Authored Clothing, footwear and uniforms matrix: compact/shirt/domestic/wool; priced by industrial_clothing analogue.	true	
industrialised_clothing_footwear_uniforms_0034_compact_trousers	shared-industrialised	Clothing, footwear and uniforms	industrial;modern;nuclear;information	trousers	some compact leather trousers for domestic wear	These compact trousers are formed chiefly from leather and proportioned for domestic wear. Their working edges, contact points and load-bearing surfaces are finished for repeated handling, while visible joins make the method of construction easy to inspect. The particular balance of form, material and service duty distinguishes them from neighbouring catalogue entries.	Small	Standard	1409	500	leather	Era / Industrial Era;Era / Modern Era;Era / Nuclear Era;Era / Information Age Era	Wear_Trousers		portable		0			industrial_clothing	Authored Clothing, footwear and uniforms matrix: compact/trousers/domestic/leather; priced by industrial_clothing analogue.	true	
industrialised_clothing_footwear_uniforms_0035_compact_boots	shared-industrialised	Clothing, footwear and uniforms	industrial;modern;nuclear;information	boots	some compact cotton boots for domestic wear	These compact boots are formed chiefly from cotton and proportioned for domestic wear. Their working edges, contact points and load-bearing surfaces are finished for repeated handling, while visible joins make the method of construction easy to inspect. The particular balance of form, material and service duty distinguishes them from neighbouring catalogue entries.	Small	Standard	1446	1	cotton	Era / Industrial Era;Era / Modern Era;Era / Nuclear Era;Era / Information Age Era	Wear_Boots		portable		0		industrialised_clothing_footwear_uniforms_0001_plain_rag	industrial_clothing	Authored Clothing, footwear and uniforms matrix: compact/boots/domestic/cotton; priced by industrial_clothing analogue.	true	salvage
industrialised_clothing_footwear_uniforms_0036_compact_dress	shared-industrialised	Clothing, footwear and uniforms	industrial;modern;nuclear;information	dress	a compact linen dress for domestic wear	This compact dress is formed chiefly from linen and proportioned for domestic wear. Its working edges, contact points and load-bearing surfaces are finished for repeated handling, while visible joins make the method of construction easy to inspect. The particular balance of form, material and service duty distinguishes it from neighbouring catalogue entries.	Small	Standard	1483	2	linen	Era / Industrial Era;Era / Modern Era;Era / Nuclear Era;Era / Information Age Era	Wear_Dress		portable		0			industrial_clothing	Authored Clothing, footwear and uniforms matrix: compact/dress/domestic/linen; priced by industrial_clothing analogue.	true	
industrialised_clothing_footwear_uniforms_0037_compact_jacket	shared-industrialised	Clothing, footwear and uniforms	industrial;modern;nuclear;information	jacket	a compact wool jacket for domestic wear	This compact jacket is formed chiefly from wool and proportioned for domestic wear. Its working edges, contact points and load-bearing surfaces are finished for repeated handling, while visible joins make the method of construction easy to inspect. The particular balance of form, material and service duty distinguishes it from neighbouring catalogue entries.	Small	Standard	1520	5	wool	Era / Industrial Era;Era / Modern Era;Era / Nuclear Era;Era / Information Age Era	Wear_Jacket		portable		0			industrial_clothing	Authored Clothing, footwear and uniforms matrix: compact/jacket/domestic/wool; priced by industrial_clothing analogue.	true	
industrialised_clothing_footwear_uniforms_0038_compact_hat	shared-industrialised	Clothing, footwear and uniforms	industrial;modern;nuclear;information	hat	a compact leather hat for domestic wear	This compact hat is formed chiefly from leather and proportioned for domestic wear. Its working edges, contact points and load-bearing surfaces are finished for repeated handling, while visible joins make the method of construction easy to inspect. The particular balance of form, material and service duty distinguishes it from neighbouring catalogue entries.	Small	Standard	1557	10	leather	Era / Industrial Era;Era / Modern Era;Era / Nuclear Era;Era / Information Age Era	Wear_Hat		portable		0			industrial_clothing	Authored Clothing, footwear and uniforms matrix: compact/hat/domestic/leather; priced by industrial_clothing analogue.	true	
industrialised_clothing_footwear_uniforms_0039_compact_gloves	shared-industrialised	Clothing, footwear and uniforms	industrial;modern;nuclear;information	gloves	some compact cotton gloves for domestic wear	These compact gloves are formed chiefly from cotton and proportioned for domestic wear. Their working edges, contact points and load-bearing surfaces are finished for repeated handling, while visible joins make the method of construction easy to inspect. The particular balance of form, material and service duty distinguishes them from neighbouring catalogue entries.	Small	Standard	1594	20	cotton	Era / Industrial Era;Era / Modern Era;Era / Nuclear Era;Era / Information Age Era	Wear_Gloves		portable		0			industrial_clothing	Authored Clothing, footwear and uniforms matrix: compact/gloves/domestic/cotton; priced by industrial_clothing analogue.	true	
industrialised_clothing_footwear_uniforms_0040_compact_scarf	shared-industrialised	Clothing, footwear and uniforms	industrial;modern;nuclear;information	scarf	a compact linen scarf for domestic wear	This compact scarf is formed chiefly from linen and proportioned for domestic wear. Its working edges, contact points and load-bearing surfaces are finished for repeated handling, while visible joins make the method of construction easy to inspect. The particular balance of form, material and service duty distinguishes it from neighbouring catalogue entries.	Small	Standard	1631	50	linen	Era / Industrial Era;Era / Modern Era;Era / Nuclear Era;Era / Information Age Era	Wear_Scarf		portable		0		industrialised_clothing_footwear_uniforms_0001_plain_rag	industrial_clothing	Authored Clothing, footwear and uniforms matrix: compact/scarf/domestic/linen; priced by industrial_clothing analogue.	true	salvage
industrialised_clothing_footwear_uniforms_0041_compact_skirt	shared-industrialised	Clothing, footwear and uniforms	industrial;modern;nuclear;information	skirt	a compact wool skirt for domestic wear	This compact skirt is formed chiefly from wool and proportioned for domestic wear. Its working edges, contact points and load-bearing surfaces are finished for repeated handling, while visible joins make the method of construction easy to inspect. The particular balance of form, material and service duty distinguishes it from neighbouring catalogue entries.	Small	Standard	1668	100	wool	Era / Industrial Era;Era / Modern Era;Era / Nuclear Era;Era / Information Age Era	Wear_Skirt		portable		0			industrial_clothing	Authored Clothing, footwear and uniforms matrix: compact/skirt/domestic/wool; priced by industrial_clothing analogue.	true	
industrialised_clothing_footwear_uniforms_0042_compact_socks	shared-industrialised	Clothing, footwear and uniforms	industrial;modern;nuclear;information	socks	some compact leather socks for domestic wear	These compact socks are formed chiefly from leather and proportioned for domestic wear. Their working edges, contact points and load-bearing surfaces are finished for repeated handling, while visible joins make the method of construction easy to inspect. The particular balance of form, material and service duty distinguishes them from neighbouring catalogue entries.	Small	Standard	1705	200	leather	Era / Industrial Era;Era / Modern Era;Era / Nuclear Era;Era / Information Age Era	Wear_Socks		portable		0			industrial_clothing	Authored Clothing, footwear and uniforms matrix: compact/socks/domestic/leather; priced by industrial_clothing analogue.	true	
industrialised_clothing_footwear_uniforms_0043_compact_vest	shared-industrialised	Clothing, footwear and uniforms	industrial;modern;nuclear;information	vest	a compact cotton vest for domestic wear	This compact vest is formed chiefly from cotton and proportioned for domestic wear. Its working edges, contact points and load-bearing surfaces are finished for repeated handling, while visible joins make the method of construction easy to inspect. The particular balance of form, material and service duty distinguishes it from neighbouring catalogue entries.	Small	Standard	1742	500	cotton	Era / Industrial Era;Era / Modern Era;Era / Nuclear Era;Era / Information Age Era	Wear_Vest		portable		0			industrial_clothing	Authored Clothing, footwear and uniforms matrix: compact/vest/domestic/cotton; priced by industrial_clothing analogue.	true	
industrialised_clothing_footwear_uniforms_0044_compact_coat	shared-industrialised	Clothing, footwear and uniforms	industrial;modern;nuclear;information	coat	a compact linen coat for domestic wear	This compact coat is formed chiefly from linen and proportioned for domestic wear. Its working edges, contact points and load-bearing surfaces are finished for repeated handling, while visible joins make the method of construction easy to inspect. The particular balance of form, material and service duty distinguishes it from neighbouring catalogue entries.	Small	Standard	1779	1	linen	Era / Industrial Era;Era / Modern Era;Era / Nuclear Era;Era / Information Age Era	Wear_Jacket		portable		0			industrial_clothing	Authored Clothing, footwear and uniforms matrix: compact/coat/domestic/linen; priced by industrial_clothing analogue.	true	
industrialised_clothing_footwear_uniforms_0045_compact_smock	shared-industrialised	Clothing, footwear and uniforms	industrial;modern;nuclear;information	smock	a compact wool smock for domestic wear	This compact smock is formed chiefly from wool and proportioned for domestic wear. Its working edges, contact points and load-bearing surfaces are finished for repeated handling, while visible joins make the method of construction easy to inspect. The particular balance of form, material and service duty distinguishes it from neighbouring catalogue entries.	Small	Standard	1816	2	wool	Era / Industrial Era;Era / Modern Era;Era / Nuclear Era;Era / Information Age Era	Wear_Shirt		portable		0		industrialised_clothing_footwear_uniforms_0001_plain_rag	industrial_clothing	Authored Clothing, footwear and uniforms matrix: compact/smock/domestic/wool; priced by industrial_clothing analogue.	true	salvage
industrialised_clothing_footwear_uniforms_0046_heavy_duty_rag	shared-industrialised	Clothing, footwear and uniforms	industrial;modern;nuclear;information	rag	a heavy-duty leather rag for domestic wear	This heavy-duty rag is formed chiefly from leather and proportioned for domestic wear. Its working edges, contact points and load-bearing surfaces are finished for repeated handling, while visible joins make the method of construction easy to inspect. The particular balance of form, material and service duty distinguishes it from neighbouring catalogue entries.	Small	Standard	1853	5	leather	Era / Industrial Era;Era / Modern Era;Era / Nuclear Era;Era / Information Age Era	Wear_Apron		portable		0			industrial_clothing	Authored Clothing, footwear and uniforms matrix: heavy-duty/rag/domestic/leather; priced by industrial_clothing analogue.	true	
industrialised_clothing_footwear_uniforms_0047_heavy_duty_apron	shared-industrialised	Clothing, footwear and uniforms	industrial;modern;nuclear;information	apron	a heavy-duty cotton apron for domestic wear	This heavy-duty apron is formed chiefly from cotton and proportioned for domestic wear. Its working edges, contact points and load-bearing surfaces are finished for repeated handling, while visible joins make the method of construction easy to inspect. The particular balance of form, material and service duty distinguishes it from neighbouring catalogue entries.	Small	Standard	1890	10	cotton	Era / Industrial Era;Era / Modern Era;Era / Nuclear Era;Era / Information Age Era	Wear_Apron		portable		0			industrial_clothing	Authored Clothing, footwear and uniforms matrix: heavy-duty/apron/domestic/cotton; priced by industrial_clothing analogue.	true	
industrialised_clothing_footwear_uniforms_0048_heavy_duty_shirt	shared-industrialised	Clothing, footwear and uniforms	industrial;modern;nuclear;information	shirt	a heavy-duty linen shirt for domestic wear	This heavy-duty shirt is formed chiefly from linen and proportioned for domestic wear. Its working edges, contact points and load-bearing surfaces are finished for repeated handling, while visible joins make the method of construction easy to inspect. The particular balance of form, material and service duty distinguishes it from neighbouring catalogue entries.	Small	Standard	1927	20	linen	Era / Industrial Era;Era / Modern Era;Era / Nuclear Era;Era / Information Age Era	Wear_Shirt		portable		0			industrial_clothing	Authored Clothing, footwear and uniforms matrix: heavy-duty/shirt/domestic/linen; priced by industrial_clothing analogue.	true	
industrialised_clothing_footwear_uniforms_0049_heavy_duty_trousers	shared-industrialised	Clothing, footwear and uniforms	industrial;modern;nuclear;information	trousers	some heavy-duty wool trousers for domestic wear	These heavy-duty trousers are formed chiefly from wool and proportioned for domestic wear. Their working edges, contact points and load-bearing surfaces are finished for repeated handling, while visible joins make the method of construction easy to inspect. The particular balance of form, material and service duty distinguishes them from neighbouring catalogue entries.	Small	Standard	1964	50	wool	Era / Industrial Era;Era / Modern Era;Era / Nuclear Era;Era / Information Age Era	Wear_Trousers		portable		0			industrial_clothing	Authored Clothing, footwear and uniforms matrix: heavy-duty/trousers/domestic/wool; priced by industrial_clothing analogue.	true	
industrialised_clothing_footwear_uniforms_0050_heavy_duty_boots	shared-industrialised	Clothing, footwear and uniforms	industrial;modern;nuclear;information	boots	some heavy-duty leather boots for domestic wear	These heavy-duty boots are formed chiefly from leather and proportioned for domestic wear. Their working edges, contact points and load-bearing surfaces are finished for repeated handling, while visible joins make the method of construction easy to inspect. The particular balance of form, material and service duty distinguishes them from neighbouring catalogue entries.	Small	Standard	2001	100	leather	Era / Industrial Era;Era / Modern Era;Era / Nuclear Era;Era / Information Age Era	Wear_Boots		portable		0		industrialised_clothing_footwear_uniforms_0001_plain_rag	industrial_clothing	Authored Clothing, footwear and uniforms matrix: heavy-duty/boots/domestic/leather; priced by industrial_clothing analogue.	true	salvage
industrialised_clothing_footwear_uniforms_0051_heavy_duty_dress	shared-industrialised	Clothing, footwear and uniforms	industrial;modern;nuclear;information	dress	a heavy-duty cotton dress for domestic wear	This heavy-duty dress is formed chiefly from cotton and proportioned for domestic wear. Its working edges, contact points and load-bearing surfaces are finished for repeated handling, while visible joins make the method of construction easy to inspect. The particular balance of form, material and service duty distinguishes it from neighbouring catalogue entries.	Small	Standard	2038	200	cotton	Era / Industrial Era;Era / Modern Era;Era / Nuclear Era;Era / Information Age Era	Wear_Dress		portable		0			industrial_clothing	Authored Clothing, footwear and uniforms matrix: heavy-duty/dress/domestic/cotton; priced by industrial_clothing analogue.	true	
industrialised_clothing_footwear_uniforms_0052_heavy_duty_jacket	shared-industrialised	Clothing, footwear and uniforms	industrial;modern;nuclear;information	jacket	a heavy-duty linen jacket for domestic wear	This heavy-duty jacket is formed chiefly from linen and proportioned for domestic wear. Its working edges, contact points and load-bearing surfaces are finished for repeated handling, while visible joins make the method of construction easy to inspect. The particular balance of form, material and service duty distinguishes it from neighbouring catalogue entries.	Small	Standard	2075	500	linen	Era / Industrial Era;Era / Modern Era;Era / Nuclear Era;Era / Information Age Era	Wear_Jacket		portable		0			industrial_clothing	Authored Clothing, footwear and uniforms matrix: heavy-duty/jacket/domestic/linen; priced by industrial_clothing analogue.	true	
industrialised_clothing_footwear_uniforms_0053_heavy_duty_hat	shared-industrialised	Clothing, footwear and uniforms	industrial;modern;nuclear;information	hat	a heavy-duty wool hat for domestic wear	This heavy-duty hat is formed chiefly from wool and proportioned for domestic wear. Its working edges, contact points and load-bearing surfaces are finished for repeated handling, while visible joins make the method of construction easy to inspect. The particular balance of form, material and service duty distinguishes it from neighbouring catalogue entries.	Small	Standard	2112	1	wool	Era / Industrial Era;Era / Modern Era;Era / Nuclear Era;Era / Information Age Era	Wear_Hat		portable		0			industrial_clothing	Authored Clothing, footwear and uniforms matrix: heavy-duty/hat/domestic/wool; priced by industrial_clothing analogue.	true	
industrialised_clothing_footwear_uniforms_0054_heavy_duty_gloves	shared-industrialised	Clothing, footwear and uniforms	industrial;modern;nuclear;information	gloves	some heavy-duty leather gloves for domestic wear	These heavy-duty gloves are formed chiefly from leather and proportioned for domestic wear. Their working edges, contact points and load-bearing surfaces are finished for repeated handling, while visible joins make the method of construction easy to inspect. The particular balance of form, material and service duty distinguishes them from neighbouring catalogue entries.	Small	Standard	2149	2	leather	Era / Industrial Era;Era / Modern Era;Era / Nuclear Era;Era / Information Age Era	Wear_Gloves		portable		0			industrial_clothing	Authored Clothing, footwear and uniforms matrix: heavy-duty/gloves/domestic/leather; priced by industrial_clothing analogue.	true	
industrialised_clothing_footwear_uniforms_0055_heavy_duty_scarf	shared-industrialised	Clothing, footwear and uniforms	industrial;modern;nuclear;information	scarf	a heavy-duty cotton scarf for domestic wear	This heavy-duty scarf is formed chiefly from cotton and proportioned for domestic wear. Its working edges, contact points and load-bearing surfaces are finished for repeated handling, while visible joins make the method of construction easy to inspect. The particular balance of form, material and service duty distinguishes it from neighbouring catalogue entries.	Small	Standard	2186	5	cotton	Era / Industrial Era;Era / Modern Era;Era / Nuclear Era;Era / Information Age Era	Wear_Scarf		portable		0		industrialised_clothing_footwear_uniforms_0001_plain_rag	industrial_clothing	Authored Clothing, footwear and uniforms matrix: heavy-duty/scarf/domestic/cotton; priced by industrial_clothing analogue.	true	salvage
industrialised_clothing_footwear_uniforms_0056_heavy_duty_skirt	shared-industrialised	Clothing, footwear and uniforms	industrial;modern;nuclear;information	skirt	a heavy-duty linen skirt for domestic wear	This heavy-duty skirt is formed chiefly from linen and proportioned for domestic wear. Its working edges, contact points and load-bearing surfaces are finished for repeated handling, while visible joins make the method of construction easy to inspect. The particular balance of form, material and service duty distinguishes it from neighbouring catalogue entries.	Small	Standard	2223	10	linen	Era / Industrial Era;Era / Modern Era;Era / Nuclear Era;Era / Information Age Era	Wear_Skirt		portable		0			industrial_clothing	Authored Clothing, footwear and uniforms matrix: heavy-duty/skirt/domestic/linen; priced by industrial_clothing analogue.	true	
industrialised_clothing_footwear_uniforms_0057_heavy_duty_socks	shared-industrialised	Clothing, footwear and uniforms	industrial;modern;nuclear;information	socks	some heavy-duty wool socks for domestic wear	These heavy-duty socks are formed chiefly from wool and proportioned for domestic wear. Their working edges, contact points and load-bearing surfaces are finished for repeated handling, while visible joins make the method of construction easy to inspect. The particular balance of form, material and service duty distinguishes them from neighbouring catalogue entries.	Small	Standard	2260	20	wool	Era / Industrial Era;Era / Modern Era;Era / Nuclear Era;Era / Information Age Era	Wear_Socks		portable		0			industrial_clothing	Authored Clothing, footwear and uniforms matrix: heavy-duty/socks/domestic/wool; priced by industrial_clothing analogue.	true	
industrialised_clothing_footwear_uniforms_0058_heavy_duty_vest	shared-industrialised	Clothing, footwear and uniforms	industrial;modern;nuclear;information	vest	a heavy-duty leather vest for domestic wear	This heavy-duty vest is formed chiefly from leather and proportioned for domestic wear. Its working edges, contact points and load-bearing surfaces are finished for repeated handling, while visible joins make the method of construction easy to inspect. The particular balance of form, material and service duty distinguishes it from neighbouring catalogue entries.	Small	Standard	2297	50	leather	Era / Industrial Era;Era / Modern Era;Era / Nuclear Era;Era / Information Age Era	Wear_Vest		portable		0			industrial_clothing	Authored Clothing, footwear and uniforms matrix: heavy-duty/vest/domestic/leather; priced by industrial_clothing analogue.	true	
industrialised_clothing_footwear_uniforms_0059_heavy_duty_coat	shared-industrialised	Clothing, footwear and uniforms	industrial;modern;nuclear;information	coat	a heavy-duty cotton coat for domestic wear	This heavy-duty coat is formed chiefly from cotton and proportioned for domestic wear. Its working edges, contact points and load-bearing surfaces are finished for repeated handling, while visible joins make the method of construction easy to inspect. The particular balance of form, material and service duty distinguishes it from neighbouring catalogue entries.	Small	Standard	2334	100	cotton	Era / Industrial Era;Era / Modern Era;Era / Nuclear Era;Era / Information Age Era	Wear_Jacket		portable		0			industrial_clothing	Authored Clothing, footwear and uniforms matrix: heavy-duty/coat/domestic/cotton; priced by industrial_clothing analogue.	true	
industrialised_clothing_footwear_uniforms_0060_heavy_duty_smock	shared-industrialised	Clothing, footwear and uniforms	industrial;modern;nuclear;information	smock	a heavy-duty linen smock for domestic wear	This heavy-duty smock is formed chiefly from linen and proportioned for domestic wear. Its working edges, contact points and load-bearing surfaces are finished for repeated handling, while visible joins make the method of construction easy to inspect. The particular balance of form, material and service duty distinguishes it from neighbouring catalogue entries.	Small	Standard	2371	200	linen	Era / Industrial Era;Era / Modern Era;Era / Nuclear Era;Era / Information Age Era	Wear_Shirt		portable		0		industrialised_clothing_footwear_uniforms_0001_plain_rag	industrial_clothing	Authored Clothing, footwear and uniforms matrix: heavy-duty/smock/domestic/linen; priced by industrial_clothing analogue.	true	salvage
industrialised_clothing_footwear_uniforms_0061_folding_rag	shared-industrialised	Clothing, footwear and uniforms	industrial;modern;nuclear;information	rag	a folding wool rag for domestic wear	This folding rag is formed chiefly from wool and proportioned for domestic wear. Its working edges, contact points and load-bearing surfaces are finished for repeated handling, while visible joins make the method of construction easy to inspect. The particular balance of form, material and service duty distinguishes it from neighbouring catalogue entries.	Small	Standard	2408	500	wool	Era / Industrial Era;Era / Modern Era;Era / Nuclear Era;Era / Information Age Era	Wear_Apron		portable		0			industrial_clothing	Authored Clothing, footwear and uniforms matrix: folding/rag/domestic/wool; priced by industrial_clothing analogue.	true	
industrialised_clothing_footwear_uniforms_0062_folding_apron	shared-industrialised	Clothing, footwear and uniforms	industrial;modern;nuclear;information	apron	a folding leather apron for domestic wear	This folding apron is formed chiefly from leather and proportioned for domestic wear. Its working edges, contact points and load-bearing surfaces are finished for repeated handling, while visible joins make the method of construction easy to inspect. The particular balance of form, material and service duty distinguishes it from neighbouring catalogue entries.	Small	Standard	2445	1	leather	Era / Industrial Era;Era / Modern Era;Era / Nuclear Era;Era / Information Age Era	Wear_Apron		portable		0			industrial_clothing	Authored Clothing, footwear and uniforms matrix: folding/apron/domestic/leather; priced by industrial_clothing analogue.	true	
industrialised_clothing_footwear_uniforms_0063_folding_shirt	shared-industrialised	Clothing, footwear and uniforms	industrial;modern;nuclear;information	shirt	a folding cotton shirt for domestic wear	This folding shirt is formed chiefly from cotton and proportioned for domestic wear. Its working edges, contact points and load-bearing surfaces are finished for repeated handling, while visible joins make the method of construction easy to inspect. The particular balance of form, material and service duty distinguishes it from neighbouring catalogue entries.	Small	Standard	2482	2	cotton	Era / Industrial Era;Era / Modern Era;Era / Nuclear Era;Era / Information Age Era	Wear_Shirt		portable		0			industrial_clothing	Authored Clothing, footwear and uniforms matrix: folding/shirt/domestic/cotton; priced by industrial_clothing analogue.	true	
industrialised_clothing_footwear_uniforms_0064_folding_trousers	shared-industrialised	Clothing, footwear and uniforms	industrial;modern;nuclear;information	trousers	some folding linen trousers for domestic wear	These folding trousers are formed chiefly from linen and proportioned for domestic wear. Their working edges, contact points and load-bearing surfaces are finished for repeated handling, while visible joins make the method of construction easy to inspect. The particular balance of form, material and service duty distinguishes them from neighbouring catalogue entries.	Small	Standard	2519	5	linen	Era / Industrial Era;Era / Modern Era;Era / Nuclear Era;Era / Information Age Era	Wear_Trousers		portable		0			industrial_clothing	Authored Clothing, footwear and uniforms matrix: folding/trousers/domestic/linen; priced by industrial_clothing analogue.	true	
industrialised_clothing_footwear_uniforms_0065_folding_boots	shared-industrialised	Clothing, footwear and uniforms	industrial;modern;nuclear;information	boots	some folding wool boots for domestic wear	These folding boots are formed chiefly from wool and proportioned for domestic wear. Their working edges, contact points and load-bearing surfaces are finished for repeated handling, while visible joins make the method of construction easy to inspect. The particular balance of form, material and service duty distinguishes them from neighbouring catalogue entries.	Small	Standard	2556	10	wool	Era / Industrial Era;Era / Modern Era;Era / Nuclear Era;Era / Information Age Era	Wear_Boots		portable		0		industrialised_clothing_footwear_uniforms_0001_plain_rag	industrial_clothing	Authored Clothing, footwear and uniforms matrix: folding/boots/domestic/wool; priced by industrial_clothing analogue.	true	salvage
industrialised_clothing_footwear_uniforms_0066_folding_dress	shared-industrialised	Clothing, footwear and uniforms	industrial;modern;nuclear;information	dress	a folding leather dress for domestic wear	This folding dress is formed chiefly from leather and proportioned for domestic wear. Its working edges, contact points and load-bearing surfaces are finished for repeated handling, while visible joins make the method of construction easy to inspect. The particular balance of form, material and service duty distinguishes it from neighbouring catalogue entries.	Small	Standard	2593	20	leather	Era / Industrial Era;Era / Modern Era;Era / Nuclear Era;Era / Information Age Era	Wear_Dress		portable		0			industrial_clothing	Authored Clothing, footwear and uniforms matrix: folding/dress/domestic/leather; priced by industrial_clothing analogue.	true	
industrialised_clothing_footwear_uniforms_0067_folding_jacket	shared-industrialised	Clothing, footwear and uniforms	industrial;modern;nuclear;information	jacket	a folding cotton jacket for domestic wear	This folding jacket is formed chiefly from cotton and proportioned for domestic wear. Its working edges, contact points and load-bearing surfaces are finished for repeated handling, while visible joins make the method of construction easy to inspect. The particular balance of form, material and service duty distinguishes it from neighbouring catalogue entries.	Small	Standard	2630	50	cotton	Era / Industrial Era;Era / Modern Era;Era / Nuclear Era;Era / Information Age Era	Wear_Jacket		portable		0			industrial_clothing	Authored Clothing, footwear and uniforms matrix: folding/jacket/domestic/cotton; priced by industrial_clothing analogue.	true	
industrialised_clothing_footwear_uniforms_0068_folding_hat	shared-industrialised	Clothing, footwear and uniforms	industrial;modern;nuclear;information	hat	a folding linen hat for domestic wear	This folding hat is formed chiefly from linen and proportioned for domestic wear. Its working edges, contact points and load-bearing surfaces are finished for repeated handling, while visible joins make the method of construction easy to inspect. The particular balance of form, material and service duty distinguishes it from neighbouring catalogue entries.	Small	Standard	2667	100	linen	Era / Industrial Era;Era / Modern Era;Era / Nuclear Era;Era / Information Age Era	Wear_Hat		portable		0			industrial_clothing	Authored Clothing, footwear and uniforms matrix: folding/hat/domestic/linen; priced by industrial_clothing analogue.	true	
industrialised_clothing_footwear_uniforms_0069_folding_gloves	shared-industrialised	Clothing, footwear and uniforms	industrial;modern;nuclear;information	gloves	some folding wool gloves for domestic wear	These folding gloves are formed chiefly from wool and proportioned for domestic wear. Their working edges, contact points and load-bearing surfaces are finished for repeated handling, while visible joins make the method of construction easy to inspect. The particular balance of form, material and service duty distinguishes them from neighbouring catalogue entries.	Small	Standard	2704	200	wool	Era / Industrial Era;Era / Modern Era;Era / Nuclear Era;Era / Information Age Era	Wear_Gloves		portable		0			industrial_clothing	Authored Clothing, footwear and uniforms matrix: folding/gloves/domestic/wool; priced by industrial_clothing analogue.	true	
industrialised_clothing_footwear_uniforms_0070_folding_scarf	shared-industrialised	Clothing, footwear and uniforms	industrial;modern;nuclear;information	scarf	a folding leather scarf for domestic wear	This folding scarf is formed chiefly from leather and proportioned for domestic wear. Its working edges, contact points and load-bearing surfaces are finished for repeated handling, while visible joins make the method of construction easy to inspect. The particular balance of form, material and service duty distinguishes it from neighbouring catalogue entries.	Small	Standard	2741	500	leather	Era / Industrial Era;Era / Modern Era;Era / Nuclear Era;Era / Information Age Era	Wear_Scarf		portable		0		industrialised_clothing_footwear_uniforms_0001_plain_rag	industrial_clothing	Authored Clothing, footwear and uniforms matrix: folding/scarf/domestic/leather; priced by industrial_clothing analogue.	true	salvage
industrialised_clothing_footwear_uniforms_0071_folding_skirt	shared-industrialised	Clothing, footwear and uniforms	industrial;modern;nuclear;information	skirt	a folding cotton skirt for domestic wear	This folding skirt is formed chiefly from cotton and proportioned for domestic wear. Its working edges, contact points and load-bearing surfaces are finished for repeated handling, while visible joins make the method of construction easy to inspect. The particular balance of form, material and service duty distinguishes it from neighbouring catalogue entries.	Small	Standard	2778	1	cotton	Era / Industrial Era;Era / Modern Era;Era / Nuclear Era;Era / Information Age Era	Wear_Skirt		portable		0			industrial_clothing	Authored Clothing, footwear and uniforms matrix: folding/skirt/domestic/cotton; priced by industrial_clothing analogue.	true	
industrialised_clothing_footwear_uniforms_0072_folding_socks	shared-industrialised	Clothing, footwear and uniforms	industrial;modern;nuclear;information	socks	some folding linen socks for domestic wear	These folding socks are formed chiefly from linen and proportioned for domestic wear. Their working edges, contact points and load-bearing surfaces are finished for repeated handling, while visible joins make the method of construction easy to inspect. The particular balance of form, material and service duty distinguishes them from neighbouring catalogue entries.	Small	Standard	2815	2	linen	Era / Industrial Era;Era / Modern Era;Era / Nuclear Era;Era / Information Age Era	Wear_Socks		portable		0			industrial_clothing	Authored Clothing, footwear and uniforms matrix: folding/socks/domestic/linen; priced by industrial_clothing analogue.	true	
industrialised_clothing_footwear_uniforms_0073_folding_vest	shared-industrialised	Clothing, footwear and uniforms	industrial;modern;nuclear;information	vest	a folding wool vest for domestic wear	This folding vest is formed chiefly from wool and proportioned for domestic wear. Its working edges, contact points and load-bearing surfaces are finished for repeated handling, while visible joins make the method of construction easy to inspect. The particular balance of form, material and service duty distinguishes it from neighbouring catalogue entries.	Small	Standard	2852	5	wool	Era / Industrial Era;Era / Modern Era;Era / Nuclear Era;Era / Information Age Era	Wear_Vest		portable		0			industrial_clothing	Authored Clothing, footwear and uniforms matrix: folding/vest/domestic/wool; priced by industrial_clothing analogue.	true	
industrialised_clothing_footwear_uniforms_0074_folding_coat	shared-industrialised	Clothing, footwear and uniforms	industrial;modern;nuclear;information	coat	a folding leather coat for domestic wear	This folding coat is formed chiefly from leather and proportioned for domestic wear. Its working edges, contact points and load-bearing surfaces are finished for repeated handling, while visible joins make the method of construction easy to inspect. The particular balance of form, material and service duty distinguishes it from neighbouring catalogue entries.	Small	Standard	2889	10	leather	Era / Industrial Era;Era / Modern Era;Era / Nuclear Era;Era / Information Age Era	Wear_Jacket		portable		0			industrial_clothing	Authored Clothing, footwear and uniforms matrix: folding/coat/domestic/leather; priced by industrial_clothing analogue.	true	
industrialised_clothing_footwear_uniforms_0075_folding_smock	shared-industrialised	Clothing, footwear and uniforms	industrial;modern;nuclear;information	smock	a folding cotton smock for domestic wear	This folding smock is formed chiefly from cotton and proportioned for domestic wear. Its working edges, contact points and load-bearing surfaces are finished for repeated handling, while visible joins make the method of construction easy to inspect. The particular balance of form, material and service duty distinguishes it from neighbouring catalogue entries.	Small	Standard	2926	20	cotton	Era / Industrial Era;Era / Modern Era;Era / Nuclear Era;Era / Information Age Era	Wear_Shirt		portable		0		industrialised_clothing_footwear_uniforms_0001_plain_rag	industrial_clothing	Authored Clothing, footwear and uniforms matrix: folding/smock/domestic/cotton; priced by industrial_clothing analogue.	true	salvage
industrialised_clothing_footwear_uniforms_0076_portable_rag	shared-industrialised	Clothing, footwear and uniforms	industrial;modern;nuclear;information	rag	a portable linen rag for domestic wear	This portable rag is formed chiefly from linen and proportioned for domestic wear. Its working edges, contact points and load-bearing surfaces are finished for repeated handling, while visible joins make the method of construction easy to inspect. The particular balance of form, material and service duty distinguishes it from neighbouring catalogue entries.	Small	Standard	2963	50	linen	Era / Industrial Era;Era / Modern Era;Era / Nuclear Era;Era / Information Age Era	Wear_Apron		portable		0			industrial_clothing	Authored Clothing, footwear and uniforms matrix: portable/rag/domestic/linen; priced by industrial_clothing analogue.	true	
industrialised_clothing_footwear_uniforms_0077_portable_apron	shared-industrialised	Clothing, footwear and uniforms	industrial;modern;nuclear;information	apron	a portable wool apron for domestic wear	This portable apron is formed chiefly from wool and proportioned for domestic wear. Its working edges, contact points and load-bearing surfaces are finished for repeated handling, while visible joins make the method of construction easy to inspect. The particular balance of form, material and service duty distinguishes it from neighbouring catalogue entries.	Small	Standard	3000	100	wool	Era / Industrial Era;Era / Modern Era;Era / Nuclear Era;Era / Information Age Era	Wear_Apron		portable		0			industrial_clothing	Authored Clothing, footwear and uniforms matrix: portable/apron/domestic/wool; priced by industrial_clothing analogue.	true	
industrialised_clothing_footwear_uniforms_0078_portable_shirt	shared-industrialised	Clothing, footwear and uniforms	industrial;modern;nuclear;information	shirt	a portable leather shirt for domestic wear	This portable shirt is formed chiefly from leather and proportioned for domestic wear. Its working edges, contact points and load-bearing surfaces are finished for repeated handling, while visible joins make the method of construction easy to inspect. The particular balance of form, material and service duty distinguishes it from neighbouring catalogue entries.	Small	Standard	3037	200	leather	Era / Industrial Era;Era / Modern Era;Era / Nuclear Era;Era / Information Age Era	Wear_Shirt		portable		0			industrial_clothing	Authored Clothing, footwear and uniforms matrix: portable/shirt/domestic/leather; priced by industrial_clothing analogue.	true	
industrialised_clothing_footwear_uniforms_0079_portable_trousers	shared-industrialised	Clothing, footwear and uniforms	industrial;modern;nuclear;information	trousers	some portable cotton trousers for domestic wear	These portable trousers are formed chiefly from cotton and proportioned for domestic wear. Their working edges, contact points and load-bearing surfaces are finished for repeated handling, while visible joins make the method of construction easy to inspect. The particular balance of form, material and service duty distinguishes them from neighbouring catalogue entries.	Small	Standard	3074	500	cotton	Era / Industrial Era;Era / Modern Era;Era / Nuclear Era;Era / Information Age Era	Wear_Trousers		portable		0			industrial_clothing	Authored Clothing, footwear and uniforms matrix: portable/trousers/domestic/cotton; priced by industrial_clothing analogue.	true	
industrialised_clothing_footwear_uniforms_0080_portable_boots	shared-industrialised	Clothing, footwear and uniforms	industrial;modern;nuclear;information	boots	some portable linen boots for domestic wear	These portable boots are formed chiefly from linen and proportioned for domestic wear. Their working edges, contact points and load-bearing surfaces are finished for repeated handling, while visible joins make the method of construction easy to inspect. The particular balance of form, material and service duty distinguishes them from neighbouring catalogue entries.	Small	Standard	3111	1	linen	Era / Industrial Era;Era / Modern Era;Era / Nuclear Era;Era / Information Age Era	Wear_Boots		portable		0		industrialised_clothing_footwear_uniforms_0001_plain_rag	industrial_clothing	Authored Clothing, footwear and uniforms matrix: portable/boots/domestic/linen; priced by industrial_clothing analogue.	true	salvage
industrialised_clothing_footwear_uniforms_0081_portable_dress	shared-industrialised	Clothing, footwear and uniforms	industrial;modern;nuclear;information	dress	a portable wool dress for domestic wear	This portable dress is formed chiefly from wool and proportioned for domestic wear. Its working edges, contact points and load-bearing surfaces are finished for repeated handling, while visible joins make the method of construction easy to inspect. The particular balance of form, material and service duty distinguishes it from neighbouring catalogue entries.	Small	Standard	3148	2	wool	Era / Industrial Era;Era / Modern Era;Era / Nuclear Era;Era / Information Age Era	Wear_Dress		portable		0			industrial_clothing	Authored Clothing, footwear and uniforms matrix: portable/dress/domestic/wool; priced by industrial_clothing analogue.	true	
industrialised_clothing_footwear_uniforms_0082_portable_jacket	shared-industrialised	Clothing, footwear and uniforms	industrial;modern;nuclear;information	jacket	a portable leather jacket for domestic wear	This portable jacket is formed chiefly from leather and proportioned for domestic wear. Its working edges, contact points and load-bearing surfaces are finished for repeated handling, while visible joins make the method of construction easy to inspect. The particular balance of form, material and service duty distinguishes it from neighbouring catalogue entries.	Small	Standard	3185	5	leather	Era / Industrial Era;Era / Modern Era;Era / Nuclear Era;Era / Information Age Era	Wear_Jacket		portable		0			industrial_clothing	Authored Clothing, footwear and uniforms matrix: portable/jacket/domestic/leather; priced by industrial_clothing analogue.	true	
industrialised_clothing_footwear_uniforms_0083_portable_hat	shared-industrialised	Clothing, footwear and uniforms	industrial;modern;nuclear;information	hat	a portable cotton hat for domestic wear	This portable hat is formed chiefly from cotton and proportioned for domestic wear. Its working edges, contact points and load-bearing surfaces are finished for repeated handling, while visible joins make the method of construction easy to inspect. The particular balance of form, material and service duty distinguishes it from neighbouring catalogue entries.	Small	Standard	3222	10	cotton	Era / Industrial Era;Era / Modern Era;Era / Nuclear Era;Era / Information Age Era	Wear_Hat		portable		0			industrial_clothing	Authored Clothing, footwear and uniforms matrix: portable/hat/domestic/cotton; priced by industrial_clothing analogue.	true	
industrialised_clothing_footwear_uniforms_0084_portable_gloves	shared-industrialised	Clothing, footwear and uniforms	industrial;modern;nuclear;information	gloves	some portable linen gloves for domestic wear	These portable gloves are formed chiefly from linen and proportioned for domestic wear. Their working edges, contact points and load-bearing surfaces are finished for repeated handling, while visible joins make the method of construction easy to inspect. The particular balance of form, material and service duty distinguishes them from neighbouring catalogue entries.	Small	Standard	3259	20	linen	Era / Industrial Era;Era / Modern Era;Era / Nuclear Era;Era / Information Age Era	Wear_Gloves		portable		0			industrial_clothing	Authored Clothing, footwear and uniforms matrix: portable/gloves/domestic/linen; priced by industrial_clothing analogue.	true	
industrialised_clothing_footwear_uniforms_0085_portable_scarf	shared-industrialised	Clothing, footwear and uniforms	industrial;modern;nuclear;information	scarf	a portable wool scarf for domestic wear	This portable scarf is formed chiefly from wool and proportioned for domestic wear. Its working edges, contact points and load-bearing surfaces are finished for repeated handling, while visible joins make the method of construction easy to inspect. The particular balance of form, material and service duty distinguishes it from neighbouring catalogue entries.	Small	Standard	3296	50	wool	Era / Industrial Era;Era / Modern Era;Era / Nuclear Era;Era / Information Age Era	Wear_Scarf		portable		0		industrialised_clothing_footwear_uniforms_0001_plain_rag	industrial_clothing	Authored Clothing, footwear and uniforms matrix: portable/scarf/domestic/wool; priced by industrial_clothing analogue.	true	salvage
industrialised_clothing_footwear_uniforms_0086_portable_skirt	shared-industrialised	Clothing, footwear and uniforms	industrial;modern;nuclear;information	skirt	a portable leather skirt for domestic wear	This portable skirt is formed chiefly from leather and proportioned for domestic wear. Its working edges, contact points and load-bearing surfaces are finished for repeated handling, while visible joins make the method of construction easy to inspect. The particular balance of form, material and service duty distinguishes it from neighbouring catalogue entries.	Small	Standard	3333	100	leather	Era / Industrial Era;Era / Modern Era;Era / Nuclear Era;Era / Information Age Era	Wear_Skirt		portable		0			industrial_clothing	Authored Clothing, footwear and uniforms matrix: portable/skirt/domestic/leather; priced by industrial_clothing analogue.	true	
industrialised_clothing_footwear_uniforms_0087_portable_socks	shared-industrialised	Clothing, footwear and uniforms	industrial;modern;nuclear;information	socks	some portable cotton socks for domestic wear	These portable socks are formed chiefly from cotton and proportioned for domestic wear. Their working edges, contact points and load-bearing surfaces are finished for repeated handling, while visible joins make the method of construction easy to inspect. The particular balance of form, material and service duty distinguishes them from neighbouring catalogue entries.	Small	Standard	3370	200	cotton	Era / Industrial Era;Era / Modern Era;Era / Nuclear Era;Era / Information Age Era	Wear_Socks		portable		0			industrial_clothing	Authored Clothing, footwear and uniforms matrix: portable/socks/domestic/cotton; priced by industrial_clothing analogue.	true	
industrialised_clothing_footwear_uniforms_0088_portable_vest	shared-industrialised	Clothing, footwear and uniforms	industrial;modern;nuclear;information	vest	a portable linen vest for domestic wear	This portable vest is formed chiefly from linen and proportioned for domestic wear. Its working edges, contact points and load-bearing surfaces are finished for repeated handling, while visible joins make the method of construction easy to inspect. The particular balance of form, material and service duty distinguishes it from neighbouring catalogue entries.	Small	Standard	3407	500	linen	Era / Industrial Era;Era / Modern Era;Era / Nuclear Era;Era / Information Age Era	Wear_Vest		portable		0			industrial_clothing	Authored Clothing, footwear and uniforms matrix: portable/vest/domestic/linen; priced by industrial_clothing analogue.	true	
industrialised_clothing_footwear_uniforms_0089_portable_coat	shared-industrialised	Clothing, footwear and uniforms	industrial;modern;nuclear;information	coat	a portable wool coat for domestic wear	This portable coat is formed chiefly from wool and proportioned for domestic wear. Its working edges, contact points and load-bearing surfaces are finished for repeated handling, while visible joins make the method of construction easy to inspect. The particular balance of form, material and service duty distinguishes it from neighbouring catalogue entries.	Small	Standard	3444	1	wool	Era / Industrial Era;Era / Modern Era;Era / Nuclear Era;Era / Information Age Era	Wear_Jacket		portable		0			industrial_clothing	Authored Clothing, footwear and uniforms matrix: portable/coat/domestic/wool; priced by industrial_clothing analogue.	true	
industrialised_clothing_footwear_uniforms_0090_portable_smock	shared-industrialised	Clothing, footwear and uniforms	industrial;modern;nuclear;information	smock	a portable leather smock for domestic wear	This portable smock is formed chiefly from leather and proportioned for domestic wear. Its working edges, contact points and load-bearing surfaces are finished for repeated handling, while visible joins make the method of construction easy to inspect. The particular balance of form, material and service duty distinguishes it from neighbouring catalogue entries.	Small	Standard	3481	2	leather	Era / Industrial Era;Era / Modern Era;Era / Nuclear Era;Era / Information Age Era	Wear_Shirt		portable		0		industrialised_clothing_footwear_uniforms_0001_plain_rag	industrial_clothing	Authored Clothing, footwear and uniforms matrix: portable/smock/domestic/leather; priced by industrial_clothing analogue.	true	salvage
industrialised_clothing_footwear_uniforms_0091_workshop_rag	shared-industrialised	Clothing, footwear and uniforms	industrial;modern;nuclear;information	rag	a workshop cotton rag for domestic wear	This workshop rag is formed chiefly from cotton and proportioned for domestic wear. Its working edges, contact points and load-bearing surfaces are finished for repeated handling, while visible joins make the method of construction easy to inspect. The particular balance of form, material and service duty distinguishes it from neighbouring catalogue entries.	Small	Standard	3518	5	cotton	Era / Industrial Era;Era / Modern Era;Era / Nuclear Era;Era / Information Age Era	Wear_Apron		portable		0			industrial_clothing	Authored Clothing, footwear and uniforms matrix: workshop/rag/domestic/cotton; priced by industrial_clothing analogue.	true	
industrialised_clothing_footwear_uniforms_0092_workshop_apron	shared-industrialised	Clothing, footwear and uniforms	industrial;modern;nuclear;information	apron	a workshop linen apron for domestic wear	This workshop apron is formed chiefly from linen and proportioned for domestic wear. Its working edges, contact points and load-bearing surfaces are finished for repeated handling, while visible joins make the method of construction easy to inspect. The particular balance of form, material and service duty distinguishes it from neighbouring catalogue entries.	Small	Standard	3555	10	linen	Era / Industrial Era;Era / Modern Era;Era / Nuclear Era;Era / Information Age Era	Wear_Apron		portable		0			industrial_clothing	Authored Clothing, footwear and uniforms matrix: workshop/apron/domestic/linen; priced by industrial_clothing analogue.	true	
industrialised_clothing_footwear_uniforms_0093_workshop_shirt	shared-industrialised	Clothing, footwear and uniforms	industrial;modern;nuclear;information	shirt	a workshop wool shirt for domestic wear	This workshop shirt is formed chiefly from wool and proportioned for domestic wear. Its working edges, contact points and load-bearing surfaces are finished for repeated handling, while visible joins make the method of construction easy to inspect. The particular balance of form, material and service duty distinguishes it from neighbouring catalogue entries.	Small	Standard	3592	20	wool	Era / Industrial Era;Era / Modern Era;Era / Nuclear Era;Era / Information Age Era	Wear_Shirt		portable		0			industrial_clothing	Authored Clothing, footwear and uniforms matrix: workshop/shirt/domestic/wool; priced by industrial_clothing analogue.	true	
industrialised_clothing_footwear_uniforms_0094_workshop_trousers	shared-industrialised	Clothing, footwear and uniforms	industrial;modern;nuclear;information	trousers	some workshop leather trousers for domestic wear	These workshop trousers are formed chiefly from leather and proportioned for domestic wear. Their working edges, contact points and load-bearing surfaces are finished for repeated handling, while visible joins make the method of construction easy to inspect. The particular balance of form, material and service duty distinguishes them from neighbouring catalogue entries.	Small	Standard	3629	50	leather	Era / Industrial Era;Era / Modern Era;Era / Nuclear Era;Era / Information Age Era	Wear_Trousers		portable		0			industrial_clothing	Authored Clothing, footwear and uniforms matrix: workshop/trousers/domestic/leather; priced by industrial_clothing analogue.	true	
industrialised_clothing_footwear_uniforms_0095_workshop_boots	shared-industrialised	Clothing, footwear and uniforms	industrial;modern;nuclear;information	boots	some workshop cotton boots for domestic wear	These workshop boots are formed chiefly from cotton and proportioned for domestic wear. Their working edges, contact points and load-bearing surfaces are finished for repeated handling, while visible joins make the method of construction easy to inspect. The particular balance of form, material and service duty distinguishes them from neighbouring catalogue entries.	Small	Standard	3666	100	cotton	Era / Industrial Era;Era / Modern Era;Era / Nuclear Era;Era / Information Age Era	Wear_Boots		portable		0		industrialised_clothing_footwear_uniforms_0001_plain_rag	industrial_clothing	Authored Clothing, footwear and uniforms matrix: workshop/boots/domestic/cotton; priced by industrial_clothing analogue.	true	salvage
industrialised_clothing_footwear_uniforms_0096_workshop_dress	shared-industrialised	Clothing, footwear and uniforms	industrial;modern;nuclear;information	dress	a workshop linen dress for domestic wear	This workshop dress is formed chiefly from linen and proportioned for domestic wear. Its working edges, contact points and load-bearing surfaces are finished for repeated handling, while visible joins make the method of construction easy to inspect. The particular balance of form, material and service duty distinguishes it from neighbouring catalogue entries.	Small	Standard	3703	200	linen	Era / Industrial Era;Era / Modern Era;Era / Nuclear Era;Era / Information Age Era	Wear_Dress		portable		0			industrial_clothing	Authored Clothing, footwear and uniforms matrix: workshop/dress/domestic/linen; priced by industrial_clothing analogue.	true	
industrialised_clothing_footwear_uniforms_0097_workshop_jacket	shared-industrialised	Clothing, footwear and uniforms	industrial;modern;nuclear;information	jacket	a workshop wool jacket for domestic wear	This workshop jacket is formed chiefly from wool and proportioned for domestic wear. Its working edges, contact points and load-bearing surfaces are finished for repeated handling, while visible joins make the method of construction easy to inspect. The particular balance of form, material and service duty distinguishes it from neighbouring catalogue entries.	Small	Standard	3740	500	wool	Era / Industrial Era;Era / Modern Era;Era / Nuclear Era;Era / Information Age Era	Wear_Jacket		portable		0			industrial_clothing	Authored Clothing, footwear and uniforms matrix: workshop/jacket/domestic/wool; priced by industrial_clothing analogue.	true	
industrialised_clothing_footwear_uniforms_0098_workshop_hat	shared-industrialised	Clothing, footwear and uniforms	industrial;modern;nuclear;information	hat	a workshop leather hat for domestic wear	This workshop hat is formed chiefly from leather and proportioned for domestic wear. Its working edges, contact points and load-bearing surfaces are finished for repeated handling, while visible joins make the method of construction easy to inspect. The particular balance of form, material and service duty distinguishes it from neighbouring catalogue entries.	Small	Standard	3777	1	leather	Era / Industrial Era;Era / Modern Era;Era / Nuclear Era;Era / Information Age Era	Wear_Hat		portable		0			industrial_clothing	Authored Clothing, footwear and uniforms matrix: workshop/hat/domestic/leather; priced by industrial_clothing analogue.	true	
industrialised_clothing_footwear_uniforms_0099_workshop_gloves	shared-industrialised	Clothing, footwear and uniforms	industrial;modern;nuclear;information	gloves	some workshop cotton gloves for domestic wear	These workshop gloves are formed chiefly from cotton and proportioned for domestic wear. Their working edges, contact points and load-bearing surfaces are finished for repeated handling, while visible joins make the method of construction easy to inspect. The particular balance of form, material and service duty distinguishes them from neighbouring catalogue entries.	Small	Standard	3814	2	cotton	Era / Industrial Era;Era / Modern Era;Era / Nuclear Era;Era / Information Age Era	Wear_Gloves		portable		0			industrial_clothing	Authored Clothing, footwear and uniforms matrix: workshop/gloves/domestic/cotton; priced by industrial_clothing analogue.	true	
industrialised_clothing_footwear_uniforms_0100_workshop_scarf	shared-industrialised	Clothing, footwear and uniforms	industrial;modern;nuclear;information	scarf	a workshop linen scarf for domestic wear	This workshop scarf is formed chiefly from linen and proportioned for domestic wear. Its working edges, contact points and load-bearing surfaces are finished for repeated handling, while visible joins make the method of construction easy to inspect. The particular balance of form, material and service duty distinguishes it from neighbouring catalogue entries.	Small	Standard	3851	5	linen	Era / Industrial Era;Era / Modern Era;Era / Nuclear Era;Era / Information Age Era	Wear_Scarf		portable		0		industrialised_clothing_footwear_uniforms_0001_plain_rag	industrial_clothing	Authored Clothing, footwear and uniforms matrix: workshop/scarf/domestic/linen; priced by industrial_clothing analogue.	true	salvage
industrialised_clothing_footwear_uniforms_0101_workshop_skirt	shared-industrialised	Clothing, footwear and uniforms	industrial;modern;nuclear;information	skirt	a workshop wool skirt for domestic wear	This workshop skirt is formed chiefly from wool and proportioned for domestic wear. Its working edges, contact points and load-bearing surfaces are finished for repeated handling, while visible joins make the method of construction easy to inspect. The particular balance of form, material and service duty distinguishes it from neighbouring catalogue entries.	Small	Standard	3888	10	wool	Era / Industrial Era;Era / Modern Era;Era / Nuclear Era;Era / Information Age Era	Wear_Skirt		portable		0			industrial_clothing	Authored Clothing, footwear and uniforms matrix: workshop/skirt/domestic/wool; priced by industrial_clothing analogue.	true	
industrialised_clothing_footwear_uniforms_0102_workshop_socks	shared-industrialised	Clothing, footwear and uniforms	industrial;modern;nuclear;information	socks	some workshop leather socks for domestic wear	These workshop socks are formed chiefly from leather and proportioned for domestic wear. Their working edges, contact points and load-bearing surfaces are finished for repeated handling, while visible joins make the method of construction easy to inspect. The particular balance of form, material and service duty distinguishes them from neighbouring catalogue entries.	Small	Standard	3925	20	leather	Era / Industrial Era;Era / Modern Era;Era / Nuclear Era;Era / Information Age Era	Wear_Socks		portable		0			industrial_clothing	Authored Clothing, footwear and uniforms matrix: workshop/socks/domestic/leather; priced by industrial_clothing analogue.	true	
industrialised_clothing_footwear_uniforms_0103_workshop_vest	shared-industrialised	Clothing, footwear and uniforms	industrial;modern;nuclear;information	vest	a workshop cotton vest for domestic wear	This workshop vest is formed chiefly from cotton and proportioned for domestic wear. Its working edges, contact points and load-bearing surfaces are finished for repeated handling, while visible joins make the method of construction easy to inspect. The particular balance of form, material and service duty distinguishes it from neighbouring catalogue entries.	Small	Standard	3962	50	cotton	Era / Industrial Era;Era / Modern Era;Era / Nuclear Era;Era / Information Age Era	Wear_Vest		portable		0			industrial_clothing	Authored Clothing, footwear and uniforms matrix: workshop/vest/domestic/cotton; priced by industrial_clothing analogue.	true	
industrialised_clothing_footwear_uniforms_0104_workshop_coat	shared-industrialised	Clothing, footwear and uniforms	industrial;modern;nuclear;information	coat	a workshop linen coat for domestic wear	This workshop coat is formed chiefly from linen and proportioned for domestic wear. Its working edges, contact points and load-bearing surfaces are finished for repeated handling, while visible joins make the method of construction easy to inspect. The particular balance of form, material and service duty distinguishes it from neighbouring catalogue entries.	Small	Standard	3999	100	linen	Era / Industrial Era;Era / Modern Era;Era / Nuclear Era;Era / Information Age Era	Wear_Jacket		portable		0			industrial_clothing	Authored Clothing, footwear and uniforms matrix: workshop/coat/domestic/linen; priced by industrial_clothing analogue.	true	
industrialised_clothing_footwear_uniforms_0105_workshop_smock	shared-industrialised	Clothing, footwear and uniforms	industrial;modern;nuclear;information	smock	a workshop wool smock for domestic wear	This workshop smock is formed chiefly from wool and proportioned for domestic wear. Its working edges, contact points and load-bearing surfaces are finished for repeated handling, while visible joins make the method of construction easy to inspect. The particular balance of form, material and service duty distinguishes it from neighbouring catalogue entries.	Small	Standard	4036	200	wool	Era / Industrial Era;Era / Modern Era;Era / Nuclear Era;Era / Information Age Era	Wear_Shirt		portable		0		industrialised_clothing_footwear_uniforms_0001_plain_rag	industrial_clothing	Authored Clothing, footwear and uniforms matrix: workshop/smock/domestic/wool; priced by industrial_clothing analogue.	true	salvage
industrialised_clothing_footwear_uniforms_0106_institutional_rag	shared-industrialised	Clothing, footwear and uniforms	industrial;modern;nuclear;information	rag	an institutional leather rag for domestic wear	This institutional rag is formed chiefly from leather and proportioned for domestic wear. Its working edges, contact points and load-bearing surfaces are finished for repeated handling, while visible joins make the method of construction easy to inspect. The particular balance of form, material and service duty distinguishes it from neighbouring catalogue entries.	Small	Standard	4073	500	leather	Era / Industrial Era;Era / Modern Era;Era / Nuclear Era;Era / Information Age Era	Wear_Apron		portable		0			industrial_clothing	Authored Clothing, footwear and uniforms matrix: institutional/rag/domestic/leather; priced by industrial_clothing analogue.	true	
industrialised_clothing_footwear_uniforms_0107_institutional_apron	shared-industrialised	Clothing, footwear and uniforms	industrial;modern;nuclear;information	apron	an institutional cotton apron for domestic wear	This institutional apron is formed chiefly from cotton and proportioned for domestic wear. Its working edges, contact points and load-bearing surfaces are finished for repeated handling, while visible joins make the method of construction easy to inspect. The particular balance of form, material and service duty distinguishes it from neighbouring catalogue entries.	Small	Standard	4110	1	cotton	Era / Industrial Era;Era / Modern Era;Era / Nuclear Era;Era / Information Age Era	Wear_Apron		portable		0			industrial_clothing	Authored Clothing, footwear and uniforms matrix: institutional/apron/domestic/cotton; priced by industrial_clothing analogue.	true	
industrialised_clothing_footwear_uniforms_0108_institutional_shirt	shared-industrialised	Clothing, footwear and uniforms	industrial;modern;nuclear;information	shirt	an institutional linen shirt for domestic wear	This institutional shirt is formed chiefly from linen and proportioned for domestic wear. Its working edges, contact points and load-bearing surfaces are finished for repeated handling, while visible joins make the method of construction easy to inspect. The particular balance of form, material and service duty distinguishes it from neighbouring catalogue entries.	Small	Standard	4147	2	linen	Era / Industrial Era;Era / Modern Era;Era / Nuclear Era;Era / Information Age Era	Wear_Shirt		portable		0			industrial_clothing	Authored Clothing, footwear and uniforms matrix: institutional/shirt/domestic/linen; priced by industrial_clothing analogue.	true	
industrialised_clothing_footwear_uniforms_0109_institutional_trousers	shared-industrialised	Clothing, footwear and uniforms	industrial;modern;nuclear;information	trousers	some institutional wool trousers for domestic wear	These institutional trousers are formed chiefly from wool and proportioned for domestic wear. Their working edges, contact points and load-bearing surfaces are finished for repeated handling, while visible joins make the method of construction easy to inspect. The particular balance of form, material and service duty distinguishes them from neighbouring catalogue entries.	Small	Standard	4184	5	wool	Era / Industrial Era;Era / Modern Era;Era / Nuclear Era;Era / Information Age Era	Wear_Trousers		portable		0			industrial_clothing	Authored Clothing, footwear and uniforms matrix: institutional/trousers/domestic/wool; priced by industrial_clothing analogue.	true	
industrialised_clothing_footwear_uniforms_0110_institutional_boots	shared-industrialised	Clothing, footwear and uniforms	industrial;modern;nuclear;information	boots	some institutional leather boots for domestic wear	These institutional boots are formed chiefly from leather and proportioned for domestic wear. Their working edges, contact points and load-bearing surfaces are finished for repeated handling, while visible joins make the method of construction easy to inspect. The particular balance of form, material and service duty distinguishes them from neighbouring catalogue entries.	Small	Standard	4221	10	leather	Era / Industrial Era;Era / Modern Era;Era / Nuclear Era;Era / Information Age Era	Wear_Boots		portable		0		industrialised_clothing_footwear_uniforms_0001_plain_rag	industrial_clothing	Authored Clothing, footwear and uniforms matrix: institutional/boots/domestic/leather; priced by industrial_clothing analogue.	true	salvage
industrialised_clothing_footwear_uniforms_0111_institutional_dress	shared-industrialised	Clothing, footwear and uniforms	industrial;modern;nuclear;information	dress	an institutional cotton dress for domestic wear	This institutional dress is formed chiefly from cotton and proportioned for domestic wear. Its working edges, contact points and load-bearing surfaces are finished for repeated handling, while visible joins make the method of construction easy to inspect. The particular balance of form, material and service duty distinguishes it from neighbouring catalogue entries.	Small	Standard	4258	20	cotton	Era / Industrial Era;Era / Modern Era;Era / Nuclear Era;Era / Information Age Era	Wear_Dress		portable		0			industrial_clothing	Authored Clothing, footwear and uniforms matrix: institutional/dress/domestic/cotton; priced by industrial_clothing analogue.	true	
industrialised_clothing_footwear_uniforms_0112_institutional_jacket	shared-industrialised	Clothing, footwear and uniforms	industrial;modern;nuclear;information	jacket	an institutional linen jacket for domestic wear	This institutional jacket is formed chiefly from linen and proportioned for domestic wear. Its working edges, contact points and load-bearing surfaces are finished for repeated handling, while visible joins make the method of construction easy to inspect. The particular balance of form, material and service duty distinguishes it from neighbouring catalogue entries.	Small	Standard	4295	50	linen	Era / Industrial Era;Era / Modern Era;Era / Nuclear Era;Era / Information Age Era	Wear_Jacket		portable		0			industrial_clothing	Authored Clothing, footwear and uniforms matrix: institutional/jacket/domestic/linen; priced by industrial_clothing analogue.	true	
industrialised_clothing_footwear_uniforms_0113_institutional_hat	shared-industrialised	Clothing, footwear and uniforms	industrial;modern;nuclear;information	hat	an institutional wool hat for domestic wear	This institutional hat is formed chiefly from wool and proportioned for domestic wear. Its working edges, contact points and load-bearing surfaces are finished for repeated handling, while visible joins make the method of construction easy to inspect. The particular balance of form, material and service duty distinguishes it from neighbouring catalogue entries.	Small	Standard	4332	100	wool	Era / Industrial Era;Era / Modern Era;Era / Nuclear Era;Era / Information Age Era	Wear_Hat		portable		0			industrial_clothing	Authored Clothing, footwear and uniforms matrix: institutional/hat/domestic/wool; priced by industrial_clothing analogue.	true	
industrialised_clothing_footwear_uniforms_0114_institutional_gloves	shared-industrialised	Clothing, footwear and uniforms	industrial;modern;nuclear;information	gloves	some institutional leather gloves for domestic wear	These institutional gloves are formed chiefly from leather and proportioned for domestic wear. Their working edges, contact points and load-bearing surfaces are finished for repeated handling, while visible joins make the method of construction easy to inspect. The particular balance of form, material and service duty distinguishes them from neighbouring catalogue entries.	Small	Standard	4369	200	leather	Era / Industrial Era;Era / Modern Era;Era / Nuclear Era;Era / Information Age Era	Wear_Gloves		portable		0			industrial_clothing	Authored Clothing, footwear and uniforms matrix: institutional/gloves/domestic/leather; priced by industrial_clothing analogue.	true	
industrialised_clothing_footwear_uniforms_0115_institutional_scarf	shared-industrialised	Clothing, footwear and uniforms	industrial;modern;nuclear;information	scarf	an institutional cotton scarf for domestic wear	This institutional scarf is formed chiefly from cotton and proportioned for domestic wear. Its working edges, contact points and load-bearing surfaces are finished for repeated handling, while visible joins make the method of construction easy to inspect. The particular balance of form, material and service duty distinguishes it from neighbouring catalogue entries.	Small	Standard	4406	500	cotton	Era / Industrial Era;Era / Modern Era;Era / Nuclear Era;Era / Information Age Era	Wear_Scarf		portable		0		industrialised_clothing_footwear_uniforms_0001_plain_rag	industrial_clothing	Authored Clothing, footwear and uniforms matrix: institutional/scarf/domestic/cotton; priced by industrial_clothing analogue.	true	salvage
industrialised_clothing_footwear_uniforms_0116_institutional_skirt	shared-industrialised	Clothing, footwear and uniforms	industrial;modern;nuclear;information	skirt	an institutional linen skirt for domestic wear	This institutional skirt is formed chiefly from linen and proportioned for domestic wear. Its working edges, contact points and load-bearing surfaces are finished for repeated handling, while visible joins make the method of construction easy to inspect. The particular balance of form, material and service duty distinguishes it from neighbouring catalogue entries.	Small	Standard	4443	1	linen	Era / Industrial Era;Era / Modern Era;Era / Nuclear Era;Era / Information Age Era	Wear_Skirt		portable		0			industrial_clothing	Authored Clothing, footwear and uniforms matrix: institutional/skirt/domestic/linen; priced by industrial_clothing analogue.	true	
industrialised_clothing_footwear_uniforms_0117_institutional_socks	shared-industrialised	Clothing, footwear and uniforms	industrial;modern;nuclear;information	socks	some institutional wool socks for domestic wear	These institutional socks are formed chiefly from wool and proportioned for domestic wear. Their working edges, contact points and load-bearing surfaces are finished for repeated handling, while visible joins make the method of construction easy to inspect. The particular balance of form, material and service duty distinguishes them from neighbouring catalogue entries.	Small	Standard	4480	2	wool	Era / Industrial Era;Era / Modern Era;Era / Nuclear Era;Era / Information Age Era	Wear_Socks		portable		0			industrial_clothing	Authored Clothing, footwear and uniforms matrix: institutional/socks/domestic/wool; priced by industrial_clothing analogue.	true	
industrialised_clothing_footwear_uniforms_0118_institutional_vest	shared-industrialised	Clothing, footwear and uniforms	industrial;modern;nuclear;information	vest	an institutional leather vest for domestic wear	This institutional vest is formed chiefly from leather and proportioned for domestic wear. Its working edges, contact points and load-bearing surfaces are finished for repeated handling, while visible joins make the method of construction easy to inspect. The particular balance of form, material and service duty distinguishes it from neighbouring catalogue entries.	Small	Standard	4517	5	leather	Era / Industrial Era;Era / Modern Era;Era / Nuclear Era;Era / Information Age Era	Wear_Vest		portable		0			industrial_clothing	Authored Clothing, footwear and uniforms matrix: institutional/vest/domestic/leather; priced by industrial_clothing analogue.	true	
industrialised_clothing_footwear_uniforms_0119_institutional_coat	shared-industrialised	Clothing, footwear and uniforms	industrial;modern;nuclear;information	coat	an institutional cotton coat for domestic wear	This institutional coat is formed chiefly from cotton and proportioned for domestic wear. Its working edges, contact points and load-bearing surfaces are finished for repeated handling, while visible joins make the method of construction easy to inspect. The particular balance of form, material and service duty distinguishes it from neighbouring catalogue entries.	Small	Standard	4554	10	cotton	Era / Industrial Era;Era / Modern Era;Era / Nuclear Era;Era / Information Age Era	Wear_Jacket		portable		0			industrial_clothing	Authored Clothing, footwear and uniforms matrix: institutional/coat/domestic/cotton; priced by industrial_clothing analogue.	true	
industrialised_clothing_footwear_uniforms_0120_institutional_smock	shared-industrialised	Clothing, footwear and uniforms	industrial;modern;nuclear;information	smock	an institutional linen smock for domestic wear	This institutional smock is formed chiefly from linen and proportioned for domestic wear. Its working edges, contact points and load-bearing surfaces are finished for repeated handling, while visible joins make the method of construction easy to inspect. The particular balance of form, material and service duty distinguishes it from neighbouring catalogue entries.	Small	Standard	4591	20	linen	Era / Industrial Era;Era / Modern Era;Era / Nuclear Era;Era / Information Age Era	Wear_Shirt		portable		0		industrialised_clothing_footwear_uniforms_0001_plain_rag	industrial_clothing	Authored Clothing, footwear and uniforms matrix: institutional/smock/domestic/linen; priced by industrial_clothing analogue.	true	salvage
industrialised_clothing_footwear_uniforms_0121_weatherproof_rag	shared-industrialised	Clothing, footwear and uniforms	industrial;modern;nuclear;information	rag	a weatherproof wool rag for domestic wear	This weatherproof rag is formed chiefly from wool and proportioned for domestic wear. Its working edges, contact points and load-bearing surfaces are finished for repeated handling, while visible joins make the method of construction easy to inspect. The particular balance of form, material and service duty distinguishes it from neighbouring catalogue entries.	Small	Standard	4628	50	wool	Era / Industrial Era;Era / Modern Era;Era / Nuclear Era;Era / Information Age Era	Wear_Apron		portable		0			industrial_clothing	Authored Clothing, footwear and uniforms matrix: weatherproof/rag/domestic/wool; priced by industrial_clothing analogue.	true	
industrialised_clothing_footwear_uniforms_0122_weatherproof_apron	shared-industrialised	Clothing, footwear and uniforms	industrial;modern;nuclear;information	apron	a weatherproof leather apron for domestic wear	This weatherproof apron is formed chiefly from leather and proportioned for domestic wear. Its working edges, contact points and load-bearing surfaces are finished for repeated handling, while visible joins make the method of construction easy to inspect. The particular balance of form, material and service duty distinguishes it from neighbouring catalogue entries.	Small	Standard	4665	100	leather	Era / Industrial Era;Era / Modern Era;Era / Nuclear Era;Era / Information Age Era	Wear_Apron		portable		0			industrial_clothing	Authored Clothing, footwear and uniforms matrix: weatherproof/apron/domestic/leather; priced by industrial_clothing analogue.	true	
industrialised_clothing_footwear_uniforms_0123_weatherproof_shirt	shared-industrialised	Clothing, footwear and uniforms	industrial;modern;nuclear;information	shirt	a weatherproof cotton shirt for domestic wear	This weatherproof shirt is formed chiefly from cotton and proportioned for domestic wear. Its working edges, contact points and load-bearing surfaces are finished for repeated handling, while visible joins make the method of construction easy to inspect. The particular balance of form, material and service duty distinguishes it from neighbouring catalogue entries.	Small	Standard	4702	200	cotton	Era / Industrial Era;Era / Modern Era;Era / Nuclear Era;Era / Information Age Era	Wear_Shirt		portable		0			industrial_clothing	Authored Clothing, footwear and uniforms matrix: weatherproof/shirt/domestic/cotton; priced by industrial_clothing analogue.	true	
industrialised_clothing_footwear_uniforms_0124_weatherproof_trousers	shared-industrialised	Clothing, footwear and uniforms	industrial;modern;nuclear;information	trousers	some weatherproof linen trousers for domestic wear	These weatherproof trousers are formed chiefly from linen and proportioned for domestic wear. Their working edges, contact points and load-bearing surfaces are finished for repeated handling, while visible joins make the method of construction easy to inspect. The particular balance of form, material and service duty distinguishes them from neighbouring catalogue entries.	Small	Standard	4739	500	linen	Era / Industrial Era;Era / Modern Era;Era / Nuclear Era;Era / Information Age Era	Wear_Trousers		portable		0			industrial_clothing	Authored Clothing, footwear and uniforms matrix: weatherproof/trousers/domestic/linen; priced by industrial_clothing analogue.	true	
industrialised_clothing_footwear_uniforms_0125_weatherproof_boots	shared-industrialised	Clothing, footwear and uniforms	industrial;modern;nuclear;information	boots	some weatherproof wool boots for domestic wear	These weatherproof boots are formed chiefly from wool and proportioned for domestic wear. Their working edges, contact points and load-bearing surfaces are finished for repeated handling, while visible joins make the method of construction easy to inspect. The particular balance of form, material and service duty distinguishes them from neighbouring catalogue entries.	Small	Standard	4776	1	wool	Era / Industrial Era;Era / Modern Era;Era / Nuclear Era;Era / Information Age Era	Wear_Boots		portable		0		industrialised_clothing_footwear_uniforms_0001_plain_rag	industrial_clothing	Authored Clothing, footwear and uniforms matrix: weatherproof/boots/domestic/wool; priced by industrial_clothing analogue.	true	salvage
industrialised_clothing_footwear_uniforms_0126_weatherproof_dress	shared-industrialised	Clothing, footwear and uniforms	industrial;modern;nuclear;information	dress	a weatherproof leather dress for domestic wear	This weatherproof dress is formed chiefly from leather and proportioned for domestic wear. Its working edges, contact points and load-bearing surfaces are finished for repeated handling, while visible joins make the method of construction easy to inspect. The particular balance of form, material and service duty distinguishes it from neighbouring catalogue entries.	Small	Standard	4813	2	leather	Era / Industrial Era;Era / Modern Era;Era / Nuclear Era;Era / Information Age Era	Wear_Dress		portable		0			industrial_clothing	Authored Clothing, footwear and uniforms matrix: weatherproof/dress/domestic/leather; priced by industrial_clothing analogue.	true	
industrialised_clothing_footwear_uniforms_0127_weatherproof_jacket	shared-industrialised	Clothing, footwear and uniforms	industrial;modern;nuclear;information	jacket	a weatherproof cotton jacket for domestic wear	This weatherproof jacket is formed chiefly from cotton and proportioned for domestic wear. Its working edges, contact points and load-bearing surfaces are finished for repeated handling, while visible joins make the method of construction easy to inspect. The particular balance of form, material and service duty distinguishes it from neighbouring catalogue entries.	Small	Standard	4850	5	cotton	Era / Industrial Era;Era / Modern Era;Era / Nuclear Era;Era / Information Age Era	Wear_Jacket		portable		0			industrial_clothing	Authored Clothing, footwear and uniforms matrix: weatherproof/jacket/domestic/cotton; priced by industrial_clothing analogue.	true	
industrialised_clothing_footwear_uniforms_0128_weatherproof_hat	shared-industrialised	Clothing, footwear and uniforms	industrial;modern;nuclear;information	hat	a weatherproof linen hat for domestic wear	This weatherproof hat is formed chiefly from linen and proportioned for domestic wear. Its working edges, contact points and load-bearing surfaces are finished for repeated handling, while visible joins make the method of construction easy to inspect. The particular balance of form, material and service duty distinguishes it from neighbouring catalogue entries.	Small	Standard	4887	10	linen	Era / Industrial Era;Era / Modern Era;Era / Nuclear Era;Era / Information Age Era	Wear_Hat		portable		0			industrial_clothing	Authored Clothing, footwear and uniforms matrix: weatherproof/hat/domestic/linen; priced by industrial_clothing analogue.	true	
industrialised_clothing_footwear_uniforms_0129_weatherproof_gloves	shared-industrialised	Clothing, footwear and uniforms	industrial;modern;nuclear;information	gloves	some weatherproof wool gloves for domestic wear	These weatherproof gloves are formed chiefly from wool and proportioned for domestic wear. Their working edges, contact points and load-bearing surfaces are finished for repeated handling, while visible joins make the method of construction easy to inspect. The particular balance of form, material and service duty distinguishes them from neighbouring catalogue entries.	Small	Standard	4924	20	wool	Era / Industrial Era;Era / Modern Era;Era / Nuclear Era;Era / Information Age Era	Wear_Gloves		portable		0			industrial_clothing	Authored Clothing, footwear and uniforms matrix: weatherproof/gloves/domestic/wool; priced by industrial_clothing analogue.	true	
industrialised_clothing_footwear_uniforms_0130_weatherproof_scarf	shared-industrialised	Clothing, footwear and uniforms	industrial;modern;nuclear;information	scarf	a weatherproof leather scarf for domestic wear	This weatherproof scarf is formed chiefly from leather and proportioned for domestic wear. Its working edges, contact points and load-bearing surfaces are finished for repeated handling, while visible joins make the method of construction easy to inspect. The particular balance of form, material and service duty distinguishes it from neighbouring catalogue entries.	Small	Standard	4961	50	leather	Era / Industrial Era;Era / Modern Era;Era / Nuclear Era;Era / Information Age Era	Wear_Scarf		portable		0		industrialised_clothing_footwear_uniforms_0001_plain_rag	industrial_clothing	Authored Clothing, footwear and uniforms matrix: weatherproof/scarf/domestic/leather; priced by industrial_clothing analogue.	true	salvage
industrialised_clothing_footwear_uniforms_0131_weatherproof_skirt	shared-industrialised	Clothing, footwear and uniforms	industrial;modern;nuclear;information	skirt	a weatherproof cotton skirt for domestic wear	This weatherproof skirt is formed chiefly from cotton and proportioned for domestic wear. Its working edges, contact points and load-bearing surfaces are finished for repeated handling, while visible joins make the method of construction easy to inspect. The particular balance of form, material and service duty distinguishes it from neighbouring catalogue entries.	Small	Standard	4998	100	cotton	Era / Industrial Era;Era / Modern Era;Era / Nuclear Era;Era / Information Age Era	Wear_Skirt		portable		0			industrial_clothing	Authored Clothing, footwear and uniforms matrix: weatherproof/skirt/domestic/cotton; priced by industrial_clothing analogue.	true	
industrialised_clothing_footwear_uniforms_0132_weatherproof_socks	shared-industrialised	Clothing, footwear and uniforms	industrial;modern;nuclear;information	socks	some weatherproof linen socks for domestic wear	These weatherproof socks are formed chiefly from linen and proportioned for domestic wear. Their working edges, contact points and load-bearing surfaces are finished for repeated handling, while visible joins make the method of construction easy to inspect. The particular balance of form, material and service duty distinguishes them from neighbouring catalogue entries.	Small	Standard	85	200	linen	Era / Industrial Era;Era / Modern Era;Era / Nuclear Era;Era / Information Age Era	Wear_Socks		portable		0			industrial_clothing	Authored Clothing, footwear and uniforms matrix: weatherproof/socks/domestic/linen; priced by industrial_clothing analogue.	true	
industrialised_clothing_footwear_uniforms_0133_weatherproof_vest	shared-industrialised	Clothing, footwear and uniforms	industrial;modern;nuclear;information	vest	a weatherproof wool vest for domestic wear	This weatherproof vest is formed chiefly from wool and proportioned for domestic wear. Its working edges, contact points and load-bearing surfaces are finished for repeated handling, while visible joins make the method of construction easy to inspect. The particular balance of form, material and service duty distinguishes it from neighbouring catalogue entries.	Small	Standard	122	500	wool	Era / Industrial Era;Era / Modern Era;Era / Nuclear Era;Era / Information Age Era	Wear_Vest		portable		0			industrial_clothing	Authored Clothing, footwear and uniforms matrix: weatherproof/vest/domestic/wool; priced by industrial_clothing analogue.	true	
industrialised_clothing_footwear_uniforms_0134_weatherproof_coat	shared-industrialised	Clothing, footwear and uniforms	industrial;modern;nuclear;information	coat	a weatherproof leather coat for domestic wear	This weatherproof coat is formed chiefly from leather and proportioned for domestic wear. Its working edges, contact points and load-bearing surfaces are finished for repeated handling, while visible joins make the method of construction easy to inspect. The particular balance of form, material and service duty distinguishes it from neighbouring catalogue entries.	Small	Standard	159	1	leather	Era / Industrial Era;Era / Modern Era;Era / Nuclear Era;Era / Information Age Era	Wear_Jacket		portable		0			industrial_clothing	Authored Clothing, footwear and uniforms matrix: weatherproof/coat/domestic/leather; priced by industrial_clothing analogue.	true	
industrialised_clothing_footwear_uniforms_0135_weatherproof_smock	shared-industrialised	Clothing, footwear and uniforms	industrial;modern;nuclear;information	smock	a weatherproof cotton smock for domestic wear	This weatherproof smock is formed chiefly from cotton and proportioned for domestic wear. Its working edges, contact points and load-bearing surfaces are finished for repeated handling, while visible joins make the method of construction easy to inspect. The particular balance of form, material and service duty distinguishes it from neighbouring catalogue entries.	Small	Standard	196	2	cotton	Era / Industrial Era;Era / Modern Era;Era / Nuclear Era;Era / Information Age Era	Wear_Shirt		portable		0		industrialised_clothing_footwear_uniforms_0001_plain_rag	industrial_clothing	Authored Clothing, footwear and uniforms matrix: weatherproof/smock/domestic/cotton; priced by industrial_clothing analogue.	true	salvage
industrialised_clothing_footwear_uniforms_0136_service_rag	shared-industrialised	Clothing, footwear and uniforms	industrial;modern;nuclear;information	rag	a service linen rag for domestic wear	This service rag is formed chiefly from linen and proportioned for domestic wear. Its working edges, contact points and load-bearing surfaces are finished for repeated handling, while visible joins make the method of construction easy to inspect. The particular balance of form, material and service duty distinguishes it from neighbouring catalogue entries.	Small	Standard	233	5	linen	Era / Industrial Era;Era / Modern Era;Era / Nuclear Era;Era / Information Age Era	Wear_Apron		portable		0			industrial_clothing	Authored Clothing, footwear and uniforms matrix: service/rag/domestic/linen; priced by industrial_clothing analogue.	true	
industrialised_clothing_footwear_uniforms_0137_service_apron	shared-industrialised	Clothing, footwear and uniforms	industrial;modern;nuclear;information	apron	a service wool apron for domestic wear	This service apron is formed chiefly from wool and proportioned for domestic wear. Its working edges, contact points and load-bearing surfaces are finished for repeated handling, while visible joins make the method of construction easy to inspect. The particular balance of form, material and service duty distinguishes it from neighbouring catalogue entries.	Small	Standard	270	10	wool	Era / Industrial Era;Era / Modern Era;Era / Nuclear Era;Era / Information Age Era	Wear_Apron		portable		0			industrial_clothing	Authored Clothing, footwear and uniforms matrix: service/apron/domestic/wool; priced by industrial_clothing analogue.	true	
industrialised_clothing_footwear_uniforms_0138_service_shirt	shared-industrialised	Clothing, footwear and uniforms	industrial;modern;nuclear;information	shirt	a service leather shirt for domestic wear	This service shirt is formed chiefly from leather and proportioned for domestic wear. Its working edges, contact points and load-bearing surfaces are finished for repeated handling, while visible joins make the method of construction easy to inspect. The particular balance of form, material and service duty distinguishes it from neighbouring catalogue entries.	Small	Standard	307	20	leather	Era / Industrial Era;Era / Modern Era;Era / Nuclear Era;Era / Information Age Era	Wear_Shirt		portable		0			industrial_clothing	Authored Clothing, footwear and uniforms matrix: service/shirt/domestic/leather; priced by industrial_clothing analogue.	true	
industrialised_clothing_footwear_uniforms_0139_service_trousers	shared-industrialised	Clothing, footwear and uniforms	industrial;modern;nuclear;information	trousers	some service cotton trousers for domestic wear	These service trousers are formed chiefly from cotton and proportioned for domestic wear. Their working edges, contact points and load-bearing surfaces are finished for repeated handling, while visible joins make the method of construction easy to inspect. The particular balance of form, material and service duty distinguishes them from neighbouring catalogue entries.	Small	Standard	344	50	cotton	Era / Industrial Era;Era / Modern Era;Era / Nuclear Era;Era / Information Age Era	Wear_Trousers		portable		0			industrial_clothing	Authored Clothing, footwear and uniforms matrix: service/trousers/domestic/cotton; priced by industrial_clothing analogue.	true	
industrialised_clothing_footwear_uniforms_0140_service_boots	shared-industrialised	Clothing, footwear and uniforms	industrial;modern;nuclear;information	boots	some service linen boots for domestic wear	These service boots are formed chiefly from linen and proportioned for domestic wear. Their working edges, contact points and load-bearing surfaces are finished for repeated handling, while visible joins make the method of construction easy to inspect. The particular balance of form, material and service duty distinguishes them from neighbouring catalogue entries.	Small	Standard	381	100	linen	Era / Industrial Era;Era / Modern Era;Era / Nuclear Era;Era / Information Age Era	Wear_Boots		portable		0		industrialised_clothing_footwear_uniforms_0001_plain_rag	industrial_clothing	Authored Clothing, footwear and uniforms matrix: service/boots/domestic/linen; priced by industrial_clothing analogue.	true	salvage
industrialised_clothing_footwear_uniforms_0141_service_dress	shared-industrialised	Clothing, footwear and uniforms	industrial;modern;nuclear;information	dress	a service wool dress for domestic wear	This service dress is formed chiefly from wool and proportioned for domestic wear. Its working edges, contact points and load-bearing surfaces are finished for repeated handling, while visible joins make the method of construction easy to inspect. The particular balance of form, material and service duty distinguishes it from neighbouring catalogue entries.	Small	Standard	418	200	wool	Era / Industrial Era;Era / Modern Era;Era / Nuclear Era;Era / Information Age Era	Wear_Dress		portable		0			industrial_clothing	Authored Clothing, footwear and uniforms matrix: service/dress/domestic/wool; priced by industrial_clothing analogue.	true	
industrialised_clothing_footwear_uniforms_0142_service_jacket	shared-industrialised	Clothing, footwear and uniforms	industrial;modern;nuclear;information	jacket	a service leather jacket for domestic wear	This service jacket is formed chiefly from leather and proportioned for domestic wear. Its working edges, contact points and load-bearing surfaces are finished for repeated handling, while visible joins make the method of construction easy to inspect. The particular balance of form, material and service duty distinguishes it from neighbouring catalogue entries.	Small	Standard	455	500	leather	Era / Industrial Era;Era / Modern Era;Era / Nuclear Era;Era / Information Age Era	Wear_Jacket		portable		0			industrial_clothing	Authored Clothing, footwear and uniforms matrix: service/jacket/domestic/leather; priced by industrial_clothing analogue.	true	
industrialised_clothing_footwear_uniforms_0143_service_hat	shared-industrialised	Clothing, footwear and uniforms	industrial;modern;nuclear;information	hat	a service cotton hat for domestic wear	This service hat is formed chiefly from cotton and proportioned for domestic wear. Its working edges, contact points and load-bearing surfaces are finished for repeated handling, while visible joins make the method of construction easy to inspect. The particular balance of form, material and service duty distinguishes it from neighbouring catalogue entries.	Small	Standard	492	1	cotton	Era / Industrial Era;Era / Modern Era;Era / Nuclear Era;Era / Information Age Era	Wear_Hat		portable		0			industrial_clothing	Authored Clothing, footwear and uniforms matrix: service/hat/domestic/cotton; priced by industrial_clothing analogue.	true	
industrialised_clothing_footwear_uniforms_0144_service_gloves	shared-industrialised	Clothing, footwear and uniforms	industrial;modern;nuclear;information	gloves	some service linen gloves for domestic wear	These service gloves are formed chiefly from linen and proportioned for domestic wear. Their working edges, contact points and load-bearing surfaces are finished for repeated handling, while visible joins make the method of construction easy to inspect. The particular balance of form, material and service duty distinguishes them from neighbouring catalogue entries.	Small	Standard	529	2	linen	Era / Industrial Era;Era / Modern Era;Era / Nuclear Era;Era / Information Age Era	Wear_Gloves		portable		0			industrial_clothing	Authored Clothing, footwear and uniforms matrix: service/gloves/domestic/linen; priced by industrial_clothing analogue.	true	
industrialised_clothing_footwear_uniforms_0145_service_scarf	shared-industrialised	Clothing, footwear and uniforms	industrial;modern;nuclear;information	scarf	a service wool scarf for domestic wear	This service scarf is formed chiefly from wool and proportioned for domestic wear. Its working edges, contact points and load-bearing surfaces are finished for repeated handling, while visible joins make the method of construction easy to inspect. The particular balance of form, material and service duty distinguishes it from neighbouring catalogue entries.	Small	Standard	566	5	wool	Era / Industrial Era;Era / Modern Era;Era / Nuclear Era;Era / Information Age Era	Wear_Scarf		portable		0		industrialised_clothing_footwear_uniforms_0001_plain_rag	industrial_clothing	Authored Clothing, footwear and uniforms matrix: service/scarf/domestic/wool; priced by industrial_clothing analogue.	true	salvage
industrialised_clothing_footwear_uniforms_0146_service_skirt	shared-industrialised	Clothing, footwear and uniforms	industrial;modern;nuclear;information	skirt	a service leather skirt for domestic wear	This service skirt is formed chiefly from leather and proportioned for domestic wear. Its working edges, contact points and load-bearing surfaces are finished for repeated handling, while visible joins make the method of construction easy to inspect. The particular balance of form, material and service duty distinguishes it from neighbouring catalogue entries.	Small	Standard	603	10	leather	Era / Industrial Era;Era / Modern Era;Era / Nuclear Era;Era / Information Age Era	Wear_Skirt		portable		0			industrial_clothing	Authored Clothing, footwear and uniforms matrix: service/skirt/domestic/leather; priced by industrial_clothing analogue.	true	
industrialised_clothing_footwear_uniforms_0147_service_socks	shared-industrialised	Clothing, footwear and uniforms	industrial;modern;nuclear;information	socks	some service cotton socks for domestic wear	These service socks are formed chiefly from cotton and proportioned for domestic wear. Their working edges, contact points and load-bearing surfaces are finished for repeated handling, while visible joins make the method of construction easy to inspect. The particular balance of form, material and service duty distinguishes them from neighbouring catalogue entries.	Small	Standard	640	20	cotton	Era / Industrial Era;Era / Modern Era;Era / Nuclear Era;Era / Information Age Era	Wear_Socks		portable		0			industrial_clothing	Authored Clothing, footwear and uniforms matrix: service/socks/domestic/cotton; priced by industrial_clothing analogue.	true	
industrialised_clothing_footwear_uniforms_0148_service_vest	shared-industrialised	Clothing, footwear and uniforms	industrial;modern;nuclear;information	vest	a service linen vest for domestic wear	This service vest is formed chiefly from linen and proportioned for domestic wear. Its working edges, contact points and load-bearing surfaces are finished for repeated handling, while visible joins make the method of construction easy to inspect. The particular balance of form, material and service duty distinguishes it from neighbouring catalogue entries.	Small	Standard	677	50	linen	Era / Industrial Era;Era / Modern Era;Era / Nuclear Era;Era / Information Age Era	Wear_Vest		portable		0			industrial_clothing	Authored Clothing, footwear and uniforms matrix: service/vest/domestic/linen; priced by industrial_clothing analogue.	true	
industrialised_clothing_footwear_uniforms_0149_service_coat	shared-industrialised	Clothing, footwear and uniforms	industrial;modern;nuclear;information	coat	a service wool coat for domestic wear	This service coat is formed chiefly from wool and proportioned for domestic wear. Its working edges, contact points and load-bearing surfaces are finished for repeated handling, while visible joins make the method of construction easy to inspect. The particular balance of form, material and service duty distinguishes it from neighbouring catalogue entries.	Small	Standard	714	100	wool	Era / Industrial Era;Era / Modern Era;Era / Nuclear Era;Era / Information Age Era	Wear_Jacket		portable		0			industrial_clothing	Authored Clothing, footwear and uniforms matrix: service/coat/domestic/wool; priced by industrial_clothing analogue.	true	
industrialised_clothing_footwear_uniforms_0150_service_smock	shared-industrialised	Clothing, footwear and uniforms	industrial;modern;nuclear;information	smock	a service leather smock for domestic wear	This service smock is formed chiefly from leather and proportioned for domestic wear. Its working edges, contact points and load-bearing surfaces are finished for repeated handling, while visible joins make the method of construction easy to inspect. The particular balance of form, material and service duty distinguishes it from neighbouring catalogue entries.	Small	Standard	751	200	leather	Era / Industrial Era;Era / Modern Era;Era / Nuclear Era;Era / Information Age Era	Wear_Shirt		portable		0		industrialised_clothing_footwear_uniforms_0001_plain_rag	industrial_clothing	Authored Clothing, footwear and uniforms matrix: service/smock/domestic/leather; priced by industrial_clothing analogue.	true	salvage
industrialised_clothing_footwear_uniforms_0151_precision_rag	shared-industrialised	Clothing, footwear and uniforms	industrial;modern;nuclear;information	rag	a precision cotton rag for domestic wear	This precision rag is formed chiefly from cotton and proportioned for domestic wear. Its working edges, contact points and load-bearing surfaces are finished for repeated handling, while visible joins make the method of construction easy to inspect. The particular balance of form, material and service duty distinguishes it from neighbouring catalogue entries.	Small	Standard	788	500	cotton	Era / Industrial Era;Era / Modern Era;Era / Nuclear Era;Era / Information Age Era	Wear_Apron		portable		0			industrial_clothing	Authored Clothing, footwear and uniforms matrix: precision/rag/domestic/cotton; priced by industrial_clothing analogue.	true	
industrialised_clothing_footwear_uniforms_0152_precision_apron	shared-industrialised	Clothing, footwear and uniforms	industrial;modern;nuclear;information	apron	a precision linen apron for domestic wear	This precision apron is formed chiefly from linen and proportioned for domestic wear. Its working edges, contact points and load-bearing surfaces are finished for repeated handling, while visible joins make the method of construction easy to inspect. The particular balance of form, material and service duty distinguishes it from neighbouring catalogue entries.	Small	Standard	825	1	linen	Era / Industrial Era;Era / Modern Era;Era / Nuclear Era;Era / Information Age Era	Wear_Apron		portable		0			industrial_clothing	Authored Clothing, footwear and uniforms matrix: precision/apron/domestic/linen; priced by industrial_clothing analogue.	true	
industrialised_clothing_footwear_uniforms_0153_precision_shirt	shared-industrialised	Clothing, footwear and uniforms	industrial;modern;nuclear;information	shirt	a precision wool shirt for domestic wear	This precision shirt is formed chiefly from wool and proportioned for domestic wear. Its working edges, contact points and load-bearing surfaces are finished for repeated handling, while visible joins make the method of construction easy to inspect. The particular balance of form, material and service duty distinguishes it from neighbouring catalogue entries.	Small	Standard	862	2	wool	Era / Industrial Era;Era / Modern Era;Era / Nuclear Era;Era / Information Age Era	Wear_Shirt		portable		0			industrial_clothing	Authored Clothing, footwear and uniforms matrix: precision/shirt/domestic/wool; priced by industrial_clothing analogue.	true	
industrialised_clothing_footwear_uniforms_0154_precision_trousers	shared-industrialised	Clothing, footwear and uniforms	industrial;modern;nuclear;information	trousers	some precision leather trousers for domestic wear	These precision trousers are formed chiefly from leather and proportioned for domestic wear. Their working edges, contact points and load-bearing surfaces are finished for repeated handling, while visible joins make the method of construction easy to inspect. The particular balance of form, material and service duty distinguishes them from neighbouring catalogue entries.	Small	Standard	899	5	leather	Era / Industrial Era;Era / Modern Era;Era / Nuclear Era;Era / Information Age Era	Wear_Trousers		portable		0			industrial_clothing	Authored Clothing, footwear and uniforms matrix: precision/trousers/domestic/leather; priced by industrial_clothing analogue.	true	
industrialised_clothing_footwear_uniforms_0155_precision_boots	shared-industrialised	Clothing, footwear and uniforms	industrial;modern;nuclear;information	boots	some precision cotton boots for domestic wear	These precision boots are formed chiefly from cotton and proportioned for domestic wear. Their working edges, contact points and load-bearing surfaces are finished for repeated handling, while visible joins make the method of construction easy to inspect. The particular balance of form, material and service duty distinguishes them from neighbouring catalogue entries.	Small	Standard	936	10	cotton	Era / Industrial Era;Era / Modern Era;Era / Nuclear Era;Era / Information Age Era	Wear_Boots		portable		0		industrialised_clothing_footwear_uniforms_0001_plain_rag	industrial_clothing	Authored Clothing, footwear and uniforms matrix: precision/boots/domestic/cotton; priced by industrial_clothing analogue.	true	salvage
industrialised_clothing_footwear_uniforms_0156_precision_dress	shared-industrialised	Clothing, footwear and uniforms	industrial;modern;nuclear;information	dress	a precision linen dress for domestic wear	This precision dress is formed chiefly from linen and proportioned for domestic wear. Its working edges, contact points and load-bearing surfaces are finished for repeated handling, while visible joins make the method of construction easy to inspect. The particular balance of form, material and service duty distinguishes it from neighbouring catalogue entries.	Small	Standard	973	20	linen	Era / Industrial Era;Era / Modern Era;Era / Nuclear Era;Era / Information Age Era	Wear_Dress		portable		0			industrial_clothing	Authored Clothing, footwear and uniforms matrix: precision/dress/domestic/linen; priced by industrial_clothing analogue.	true	
industrialised_clothing_footwear_uniforms_0157_precision_jacket	shared-industrialised	Clothing, footwear and uniforms	industrial;modern;nuclear;information	jacket	a precision wool jacket for domestic wear	This precision jacket is formed chiefly from wool and proportioned for domestic wear. Its working edges, contact points and load-bearing surfaces are finished for repeated handling, while visible joins make the method of construction easy to inspect. The particular balance of form, material and service duty distinguishes it from neighbouring catalogue entries.	Small	Standard	1010	50	wool	Era / Industrial Era;Era / Modern Era;Era / Nuclear Era;Era / Information Age Era	Wear_Jacket		portable		0			industrial_clothing	Authored Clothing, footwear and uniforms matrix: precision/jacket/domestic/wool; priced by industrial_clothing analogue.	true	
industrialised_clothing_footwear_uniforms_0158_precision_hat	shared-industrialised	Clothing, footwear and uniforms	industrial;modern;nuclear;information	hat	a precision leather hat for domestic wear	This precision hat is formed chiefly from leather and proportioned for domestic wear. Its working edges, contact points and load-bearing surfaces are finished for repeated handling, while visible joins make the method of construction easy to inspect. The particular balance of form, material and service duty distinguishes it from neighbouring catalogue entries.	Small	Standard	1047	100	leather	Era / Industrial Era;Era / Modern Era;Era / Nuclear Era;Era / Information Age Era	Wear_Hat		portable		0			industrial_clothing	Authored Clothing, footwear and uniforms matrix: precision/hat/domestic/leather; priced by industrial_clothing analogue.	true	
industrialised_clothing_footwear_uniforms_0159_precision_gloves	shared-industrialised	Clothing, footwear and uniforms	industrial;modern;nuclear;information	gloves	some precision cotton gloves for domestic wear	These precision gloves are formed chiefly from cotton and proportioned for domestic wear. Their working edges, contact points and load-bearing surfaces are finished for repeated handling, while visible joins make the method of construction easy to inspect. The particular balance of form, material and service duty distinguishes them from neighbouring catalogue entries.	Small	Standard	1084	200	cotton	Era / Industrial Era;Era / Modern Era;Era / Nuclear Era;Era / Information Age Era	Wear_Gloves		portable		0			industrial_clothing	Authored Clothing, footwear and uniforms matrix: precision/gloves/domestic/cotton; priced by industrial_clothing analogue.	true	
industrialised_clothing_footwear_uniforms_0160_precision_scarf	shared-industrialised	Clothing, footwear and uniforms	industrial;modern;nuclear;information	scarf	a precision linen scarf for domestic wear	This precision scarf is formed chiefly from linen and proportioned for domestic wear. Its working edges, contact points and load-bearing surfaces are finished for repeated handling, while visible joins make the method of construction easy to inspect. The particular balance of form, material and service duty distinguishes it from neighbouring catalogue entries.	Small	Standard	1121	500	linen	Era / Industrial Era;Era / Modern Era;Era / Nuclear Era;Era / Information Age Era	Wear_Scarf		portable		0		industrialised_clothing_footwear_uniforms_0001_plain_rag	industrial_clothing	Authored Clothing, footwear and uniforms matrix: precision/scarf/domestic/linen; priced by industrial_clothing analogue.	true	salvage
industrialised_clothing_footwear_uniforms_0161_precision_skirt	shared-industrialised	Clothing, footwear and uniforms	industrial;modern;nuclear;information	skirt	a precision wool skirt for domestic wear	This precision skirt is formed chiefly from wool and proportioned for domestic wear. Its working edges, contact points and load-bearing surfaces are finished for repeated handling, while visible joins make the method of construction easy to inspect. The particular balance of form, material and service duty distinguishes it from neighbouring catalogue entries.	Small	Standard	1158	1	wool	Era / Industrial Era;Era / Modern Era;Era / Nuclear Era;Era / Information Age Era	Wear_Skirt		portable		0			industrial_clothing	Authored Clothing, footwear and uniforms matrix: precision/skirt/domestic/wool; priced by industrial_clothing analogue.	true	
industrialised_clothing_footwear_uniforms_0162_precision_socks	shared-industrialised	Clothing, footwear and uniforms	industrial;modern;nuclear;information	socks	some precision leather socks for domestic wear	These precision socks are formed chiefly from leather and proportioned for domestic wear. Their working edges, contact points and load-bearing surfaces are finished for repeated handling, while visible joins make the method of construction easy to inspect. The particular balance of form, material and service duty distinguishes them from neighbouring catalogue entries.	Small	Standard	1195	2	leather	Era / Industrial Era;Era / Modern Era;Era / Nuclear Era;Era / Information Age Era	Wear_Socks		portable		0			industrial_clothing	Authored Clothing, footwear and uniforms matrix: precision/socks/domestic/leather; priced by industrial_clothing analogue.	true	
industrialised_clothing_footwear_uniforms_0163_precision_vest	shared-industrialised	Clothing, footwear and uniforms	industrial;modern;nuclear;information	vest	a precision cotton vest for domestic wear	This precision vest is formed chiefly from cotton and proportioned for domestic wear. Its working edges, contact points and load-bearing surfaces are finished for repeated handling, while visible joins make the method of construction easy to inspect. The particular balance of form, material and service duty distinguishes it from neighbouring catalogue entries.	Small	Standard	1232	5	cotton	Era / Industrial Era;Era / Modern Era;Era / Nuclear Era;Era / Information Age Era	Wear_Vest		portable		0			industrial_clothing	Authored Clothing, footwear and uniforms matrix: precision/vest/domestic/cotton; priced by industrial_clothing analogue.	true	
industrialised_clothing_footwear_uniforms_0164_precision_coat	shared-industrialised	Clothing, footwear and uniforms	industrial;modern;nuclear;information	coat	a precision linen coat for domestic wear	This precision coat is formed chiefly from linen and proportioned for domestic wear. Its working edges, contact points and load-bearing surfaces are finished for repeated handling, while visible joins make the method of construction easy to inspect. The particular balance of form, material and service duty distinguishes it from neighbouring catalogue entries.	Small	Standard	1269	10	linen	Era / Industrial Era;Era / Modern Era;Era / Nuclear Era;Era / Information Age Era	Wear_Jacket		portable		0			industrial_clothing	Authored Clothing, footwear and uniforms matrix: precision/coat/domestic/linen; priced by industrial_clothing analogue.	true	
industrialised_clothing_footwear_uniforms_0165_precision_smock	shared-industrialised	Clothing, footwear and uniforms	industrial;modern;nuclear;information	smock	a precision wool smock for domestic wear	This precision smock is formed chiefly from wool and proportioned for domestic wear. Its working edges, contact points and load-bearing surfaces are finished for repeated handling, while visible joins make the method of construction easy to inspect. The particular balance of form, material and service duty distinguishes it from neighbouring catalogue entries.	Small	Standard	1306	20	wool	Era / Industrial Era;Era / Modern Era;Era / Nuclear Era;Era / Information Age Era	Wear_Shirt		portable		0		industrialised_clothing_footwear_uniforms_0001_plain_rag	industrial_clothing	Authored Clothing, footwear and uniforms matrix: precision/smock/domestic/wool; priced by industrial_clothing analogue.	true	salvage
industrialised_clothing_footwear_uniforms_0166_economy_rag	shared-industrialised	Clothing, footwear and uniforms	industrial;modern;nuclear;information	rag	an economy leather rag for domestic wear	This economy rag is formed chiefly from leather and proportioned for domestic wear. Its working edges, contact points and load-bearing surfaces are finished for repeated handling, while visible joins make the method of construction easy to inspect. The particular balance of form, material and service duty distinguishes it from neighbouring catalogue entries.	Small	Standard	1343	50	leather	Era / Industrial Era;Era / Modern Era;Era / Nuclear Era;Era / Information Age Era	Wear_Apron		portable		0			industrial_clothing	Authored Clothing, footwear and uniforms matrix: economy/rag/domestic/leather; priced by industrial_clothing analogue.	true	
industrialised_clothing_footwear_uniforms_0167_economy_apron	shared-industrialised	Clothing, footwear and uniforms	industrial;modern;nuclear;information	apron	an economy cotton apron for domestic wear	This economy apron is formed chiefly from cotton and proportioned for domestic wear. Its working edges, contact points and load-bearing surfaces are finished for repeated handling, while visible joins make the method of construction easy to inspect. The particular balance of form, material and service duty distinguishes it from neighbouring catalogue entries.	Small	Standard	1380	100	cotton	Era / Industrial Era;Era / Modern Era;Era / Nuclear Era;Era / Information Age Era	Wear_Apron		portable		0			industrial_clothing	Authored Clothing, footwear and uniforms matrix: economy/apron/domestic/cotton; priced by industrial_clothing analogue.	true	
industrialised_clothing_footwear_uniforms_0168_economy_shirt	shared-industrialised	Clothing, footwear and uniforms	industrial;modern;nuclear;information	shirt	an economy linen shirt for domestic wear	This economy shirt is formed chiefly from linen and proportioned for domestic wear. Its working edges, contact points and load-bearing surfaces are finished for repeated handling, while visible joins make the method of construction easy to inspect. The particular balance of form, material and service duty distinguishes it from neighbouring catalogue entries.	Small	Standard	1417	200	linen	Era / Industrial Era;Era / Modern Era;Era / Nuclear Era;Era / Information Age Era	Wear_Shirt		portable		0			industrial_clothing	Authored Clothing, footwear and uniforms matrix: economy/shirt/domestic/linen; priced by industrial_clothing analogue.	true	
industrialised_clothing_footwear_uniforms_0169_economy_trousers	shared-industrialised	Clothing, footwear and uniforms	industrial;modern;nuclear;information	trousers	some economy wool trousers for domestic wear	These economy trousers are formed chiefly from wool and proportioned for domestic wear. Their working edges, contact points and load-bearing surfaces are finished for repeated handling, while visible joins make the method of construction easy to inspect. The particular balance of form, material and service duty distinguishes them from neighbouring catalogue entries.	Small	Standard	1454	500	wool	Era / Industrial Era;Era / Modern Era;Era / Nuclear Era;Era / Information Age Era	Wear_Trousers		portable		0			industrial_clothing	Authored Clothing, footwear and uniforms matrix: economy/trousers/domestic/wool; priced by industrial_clothing analogue.	true	
industrialised_clothing_footwear_uniforms_0170_economy_boots	shared-industrialised	Clothing, footwear and uniforms	industrial;modern;nuclear;information	boots	some economy leather boots for domestic wear	These economy boots are formed chiefly from leather and proportioned for domestic wear. Their working edges, contact points and load-bearing surfaces are finished for repeated handling, while visible joins make the method of construction easy to inspect. The particular balance of form, material and service duty distinguishes them from neighbouring catalogue entries.	Small	Standard	1491	1	leather	Era / Industrial Era;Era / Modern Era;Era / Nuclear Era;Era / Information Age Era	Wear_Boots		portable		0		industrialised_clothing_footwear_uniforms_0001_plain_rag	industrial_clothing	Authored Clothing, footwear and uniforms matrix: economy/boots/domestic/leather; priced by industrial_clothing analogue.	true	salvage
industrialised_clothing_footwear_uniforms_0171_economy_dress	shared-industrialised	Clothing, footwear and uniforms	industrial;modern;nuclear;information	dress	an economy cotton dress for domestic wear	This economy dress is formed chiefly from cotton and proportioned for domestic wear. Its working edges, contact points and load-bearing surfaces are finished for repeated handling, while visible joins make the method of construction easy to inspect. The particular balance of form, material and service duty distinguishes it from neighbouring catalogue entries.	Small	Standard	1528	2	cotton	Era / Industrial Era;Era / Modern Era;Era / Nuclear Era;Era / Information Age Era	Wear_Dress		portable		0			industrial_clothing	Authored Clothing, footwear and uniforms matrix: economy/dress/domestic/cotton; priced by industrial_clothing analogue.	true	
industrialised_clothing_footwear_uniforms_0172_economy_jacket	shared-industrialised	Clothing, footwear and uniforms	industrial;modern;nuclear;information	jacket	an economy linen jacket for domestic wear	This economy jacket is formed chiefly from linen and proportioned for domestic wear. Its working edges, contact points and load-bearing surfaces are finished for repeated handling, while visible joins make the method of construction easy to inspect. The particular balance of form, material and service duty distinguishes it from neighbouring catalogue entries.	Small	Standard	1565	5	linen	Era / Industrial Era;Era / Modern Era;Era / Nuclear Era;Era / Information Age Era	Wear_Jacket		portable		0			industrial_clothing	Authored Clothing, footwear and uniforms matrix: economy/jacket/domestic/linen; priced by industrial_clothing analogue.	true	
industrialised_clothing_footwear_uniforms_0173_economy_hat	shared-industrialised	Clothing, footwear and uniforms	industrial;modern;nuclear;information	hat	an economy wool hat for domestic wear	This economy hat is formed chiefly from wool and proportioned for domestic wear. Its working edges, contact points and load-bearing surfaces are finished for repeated handling, while visible joins make the method of construction easy to inspect. The particular balance of form, material and service duty distinguishes it from neighbouring catalogue entries.	Small	Standard	1602	10	wool	Era / Industrial Era;Era / Modern Era;Era / Nuclear Era;Era / Information Age Era	Wear_Hat		portable		0			industrial_clothing	Authored Clothing, footwear and uniforms matrix: economy/hat/domestic/wool; priced by industrial_clothing analogue.	true	
industrialised_clothing_footwear_uniforms_0174_economy_gloves	shared-industrialised	Clothing, footwear and uniforms	industrial;modern;nuclear;information	gloves	some economy leather gloves for domestic wear	These economy gloves are formed chiefly from leather and proportioned for domestic wear. Their working edges, contact points and load-bearing surfaces are finished for repeated handling, while visible joins make the method of construction easy to inspect. The particular balance of form, material and service duty distinguishes them from neighbouring catalogue entries.	Small	Standard	1639	20	leather	Era / Industrial Era;Era / Modern Era;Era / Nuclear Era;Era / Information Age Era	Wear_Gloves		portable		0			industrial_clothing	Authored Clothing, footwear and uniforms matrix: economy/gloves/domestic/leather; priced by industrial_clothing analogue.	true	
industrialised_clothing_footwear_uniforms_0175_economy_scarf	shared-industrialised	Clothing, footwear and uniforms	industrial;modern;nuclear;information	scarf	an economy cotton scarf for domestic wear	This economy scarf is formed chiefly from cotton and proportioned for domestic wear. Its working edges, contact points and load-bearing surfaces are finished for repeated handling, while visible joins make the method of construction easy to inspect. The particular balance of form, material and service duty distinguishes it from neighbouring catalogue entries.	Small	Standard	1676	50	cotton	Era / Industrial Era;Era / Modern Era;Era / Nuclear Era;Era / Information Age Era	Wear_Scarf		portable		0		industrialised_clothing_footwear_uniforms_0001_plain_rag	industrial_clothing	Authored Clothing, footwear and uniforms matrix: economy/scarf/domestic/cotton; priced by industrial_clothing analogue.	true	salvage
industrialised_clothing_footwear_uniforms_0176_economy_skirt	shared-industrialised	Clothing, footwear and uniforms	industrial;modern;nuclear;information	skirt	an economy linen skirt for domestic wear	This economy skirt is formed chiefly from linen and proportioned for domestic wear. Its working edges, contact points and load-bearing surfaces are finished for repeated handling, while visible joins make the method of construction easy to inspect. The particular balance of form, material and service duty distinguishes it from neighbouring catalogue entries.	Small	Standard	1713	100	linen	Era / Industrial Era;Era / Modern Era;Era / Nuclear Era;Era / Information Age Era	Wear_Skirt		portable		0			industrial_clothing	Authored Clothing, footwear and uniforms matrix: economy/skirt/domestic/linen; priced by industrial_clothing analogue.	true	
industrialised_clothing_footwear_uniforms_0177_economy_socks	shared-industrialised	Clothing, footwear and uniforms	industrial;modern;nuclear;information	socks	some economy wool socks for domestic wear	These economy socks are formed chiefly from wool and proportioned for domestic wear. Their working edges, contact points and load-bearing surfaces are finished for repeated handling, while visible joins make the method of construction easy to inspect. The particular balance of form, material and service duty distinguishes them from neighbouring catalogue entries.	Small	Standard	1750	200	wool	Era / Industrial Era;Era / Modern Era;Era / Nuclear Era;Era / Information Age Era	Wear_Socks		portable		0			industrial_clothing	Authored Clothing, footwear and uniforms matrix: economy/socks/domestic/wool; priced by industrial_clothing analogue.	true	
industrialised_clothing_footwear_uniforms_0178_economy_vest	shared-industrialised	Clothing, footwear and uniforms	industrial;modern;nuclear;information	vest	an economy leather vest for domestic wear	This economy vest is formed chiefly from leather and proportioned for domestic wear. Its working edges, contact points and load-bearing surfaces are finished for repeated handling, while visible joins make the method of construction easy to inspect. The particular balance of form, material and service duty distinguishes it from neighbouring catalogue entries.	Small	Standard	1787	500	leather	Era / Industrial Era;Era / Modern Era;Era / Nuclear Era;Era / Information Age Era	Wear_Vest		portable		0			industrial_clothing	Authored Clothing, footwear and uniforms matrix: economy/vest/domestic/leather; priced by industrial_clothing analogue.	true	
industrialised_clothing_footwear_uniforms_0179_economy_coat	shared-industrialised	Clothing, footwear and uniforms	industrial;modern;nuclear;information	coat	an economy cotton coat for domestic wear	This economy coat is formed chiefly from cotton and proportioned for domestic wear. Its working edges, contact points and load-bearing surfaces are finished for repeated handling, while visible joins make the method of construction easy to inspect. The particular balance of form, material and service duty distinguishes it from neighbouring catalogue entries.	Small	Standard	1824	1	cotton	Era / Industrial Era;Era / Modern Era;Era / Nuclear Era;Era / Information Age Era	Wear_Jacket		portable		0			industrial_clothing	Authored Clothing, footwear and uniforms matrix: economy/coat/domestic/cotton; priced by industrial_clothing analogue.	true	
industrialised_clothing_footwear_uniforms_0180_economy_smock	shared-industrialised	Clothing, footwear and uniforms	industrial;modern;nuclear;information	smock	an economy linen smock for domestic wear	This economy smock is formed chiefly from linen and proportioned for domestic wear. Its working edges, contact points and load-bearing surfaces are finished for repeated handling, while visible joins make the method of construction easy to inspect. The particular balance of form, material and service duty distinguishes it from neighbouring catalogue entries.	Small	Standard	1861	2	linen	Era / Industrial Era;Era / Modern Era;Era / Nuclear Era;Era / Information Age Era	Wear_Shirt		portable		0		industrialised_clothing_footwear_uniforms_0001_plain_rag	industrial_clothing	Authored Clothing, footwear and uniforms matrix: economy/smock/domestic/linen; priced by industrial_clothing analogue.	true	salvage
industrialised_clothing_footwear_uniforms_0181_lined_rag	shared-industrialised	Clothing, footwear and uniforms	industrial;modern;nuclear;information	rag	a lined wool rag for domestic wear	This lined rag is formed chiefly from wool and proportioned for domestic wear. Its working edges, contact points and load-bearing surfaces are finished for repeated handling, while visible joins make the method of construction easy to inspect. The particular balance of form, material and service duty distinguishes it from neighbouring catalogue entries.	Small	Standard	1898	5	wool	Era / Industrial Era;Era / Modern Era;Era / Nuclear Era;Era / Information Age Era	Wear_Apron		portable		0			industrial_clothing	Authored Clothing, footwear and uniforms matrix: lined/rag/domestic/wool; priced by industrial_clothing analogue.	true	
industrialised_clothing_footwear_uniforms_0182_lined_apron	shared-industrialised	Clothing, footwear and uniforms	industrial;modern;nuclear;information	apron	a lined leather apron for domestic wear	This lined apron is formed chiefly from leather and proportioned for domestic wear. Its working edges, contact points and load-bearing surfaces are finished for repeated handling, while visible joins make the method of construction easy to inspect. The particular balance of form, material and service duty distinguishes it from neighbouring catalogue entries.	Small	Standard	1935	10	leather	Era / Industrial Era;Era / Modern Era;Era / Nuclear Era;Era / Information Age Era	Wear_Apron		portable		0			industrial_clothing	Authored Clothing, footwear and uniforms matrix: lined/apron/domestic/leather; priced by industrial_clothing analogue.	true	
industrialised_clothing_footwear_uniforms_0183_lined_shirt	shared-industrialised	Clothing, footwear and uniforms	industrial;modern;nuclear;information	shirt	a lined cotton shirt for domestic wear	This lined shirt is formed chiefly from cotton and proportioned for domestic wear. Its working edges, contact points and load-bearing surfaces are finished for repeated handling, while visible joins make the method of construction easy to inspect. The particular balance of form, material and service duty distinguishes it from neighbouring catalogue entries.	Small	Standard	1972	20	cotton	Era / Industrial Era;Era / Modern Era;Era / Nuclear Era;Era / Information Age Era	Wear_Shirt		portable		0			industrial_clothing	Authored Clothing, footwear and uniforms matrix: lined/shirt/domestic/cotton; priced by industrial_clothing analogue.	true	
industrialised_clothing_footwear_uniforms_0184_lined_trousers	shared-industrialised	Clothing, footwear and uniforms	industrial;modern;nuclear;information	trousers	some lined linen trousers for domestic wear	These lined trousers are formed chiefly from linen and proportioned for domestic wear. Their working edges, contact points and load-bearing surfaces are finished for repeated handling, while visible joins make the method of construction easy to inspect. The particular balance of form, material and service duty distinguishes them from neighbouring catalogue entries.	Small	Standard	2009	50	linen	Era / Industrial Era;Era / Modern Era;Era / Nuclear Era;Era / Information Age Era	Wear_Trousers		portable		0			industrial_clothing	Authored Clothing, footwear and uniforms matrix: lined/trousers/domestic/linen; priced by industrial_clothing analogue.	true	
industrialised_clothing_footwear_uniforms_0185_lined_boots	shared-industrialised	Clothing, footwear and uniforms	industrial;modern;nuclear;information	boots	some lined wool boots for domestic wear	These lined boots are formed chiefly from wool and proportioned for domestic wear. Their working edges, contact points and load-bearing surfaces are finished for repeated handling, while visible joins make the method of construction easy to inspect. The particular balance of form, material and service duty distinguishes them from neighbouring catalogue entries.	Small	Standard	2046	100	wool	Era / Industrial Era;Era / Modern Era;Era / Nuclear Era;Era / Information Age Era	Wear_Boots		portable		0		industrialised_clothing_footwear_uniforms_0001_plain_rag	industrial_clothing	Authored Clothing, footwear and uniforms matrix: lined/boots/domestic/wool; priced by industrial_clothing analogue.	true	salvage
industrialised_clothing_footwear_uniforms_0186_lined_dress	shared-industrialised	Clothing, footwear and uniforms	industrial;modern;nuclear;information	dress	a lined leather dress for domestic wear	This lined dress is formed chiefly from leather and proportioned for domestic wear. Its working edges, contact points and load-bearing surfaces are finished for repeated handling, while visible joins make the method of construction easy to inspect. The particular balance of form, material and service duty distinguishes it from neighbouring catalogue entries.	Small	Standard	2083	200	leather	Era / Industrial Era;Era / Modern Era;Era / Nuclear Era;Era / Information Age Era	Wear_Dress		portable		0			industrial_clothing	Authored Clothing, footwear and uniforms matrix: lined/dress/domestic/leather; priced by industrial_clothing analogue.	true	
industrialised_clothing_footwear_uniforms_0187_lined_jacket	shared-industrialised	Clothing, footwear and uniforms	industrial;modern;nuclear;information	jacket	a lined cotton jacket for domestic wear	This lined jacket is formed chiefly from cotton and proportioned for domestic wear. Its working edges, contact points and load-bearing surfaces are finished for repeated handling, while visible joins make the method of construction easy to inspect. The particular balance of form, material and service duty distinguishes it from neighbouring catalogue entries.	Small	Standard	2120	500	cotton	Era / Industrial Era;Era / Modern Era;Era / Nuclear Era;Era / Information Age Era	Wear_Jacket		portable		0			industrial_clothing	Authored Clothing, footwear and uniforms matrix: lined/jacket/domestic/cotton; priced by industrial_clothing analogue.	true	
industrialised_clothing_footwear_uniforms_0188_lined_hat	shared-industrialised	Clothing, footwear and uniforms	industrial;modern;nuclear;information	hat	a lined linen hat for domestic wear	This lined hat is formed chiefly from linen and proportioned for domestic wear. Its working edges, contact points and load-bearing surfaces are finished for repeated handling, while visible joins make the method of construction easy to inspect. The particular balance of form, material and service duty distinguishes it from neighbouring catalogue entries.	Small	Standard	2157	1	linen	Era / Industrial Era;Era / Modern Era;Era / Nuclear Era;Era / Information Age Era	Wear_Hat		portable		0			industrial_clothing	Authored Clothing, footwear and uniforms matrix: lined/hat/domestic/linen; priced by industrial_clothing analogue.	true	
industrialised_clothing_footwear_uniforms_0189_lined_gloves	shared-industrialised	Clothing, footwear and uniforms	industrial;modern;nuclear;information	gloves	some lined wool gloves for domestic wear	These lined gloves are formed chiefly from wool and proportioned for domestic wear. Their working edges, contact points and load-bearing surfaces are finished for repeated handling, while visible joins make the method of construction easy to inspect. The particular balance of form, material and service duty distinguishes them from neighbouring catalogue entries.	Small	Standard	2194	2	wool	Era / Industrial Era;Era / Modern Era;Era / Nuclear Era;Era / Information Age Era	Wear_Gloves		portable		0			industrial_clothing	Authored Clothing, footwear and uniforms matrix: lined/gloves/domestic/wool; priced by industrial_clothing analogue.	true	
industrialised_clothing_footwear_uniforms_0190_lined_scarf	shared-industrialised	Clothing, footwear and uniforms	industrial;modern;nuclear;information	scarf	a lined leather scarf for domestic wear	This lined scarf is formed chiefly from leather and proportioned for domestic wear. Its working edges, contact points and load-bearing surfaces are finished for repeated handling, while visible joins make the method of construction easy to inspect. The particular balance of form, material and service duty distinguishes it from neighbouring catalogue entries.	Small	Standard	2231	5	leather	Era / Industrial Era;Era / Modern Era;Era / Nuclear Era;Era / Information Age Era	Wear_Scarf		portable		0		industrialised_clothing_footwear_uniforms_0001_plain_rag	industrial_clothing	Authored Clothing, footwear and uniforms matrix: lined/scarf/domestic/leather; priced by industrial_clothing analogue.	true	salvage
industrialised_clothing_footwear_uniforms_0191_lined_skirt	shared-industrialised	Clothing, footwear and uniforms	industrial;modern;nuclear;information	skirt	a lined cotton skirt for domestic wear	This lined skirt is formed chiefly from cotton and proportioned for domestic wear. Its working edges, contact points and load-bearing surfaces are finished for repeated handling, while visible joins make the method of construction easy to inspect. The particular balance of form, material and service duty distinguishes it from neighbouring catalogue entries.	Small	Standard	2268	10	cotton	Era / Industrial Era;Era / Modern Era;Era / Nuclear Era;Era / Information Age Era	Wear_Skirt		portable		0			industrial_clothing	Authored Clothing, footwear and uniforms matrix: lined/skirt/domestic/cotton; priced by industrial_clothing analogue.	true	
industrialised_clothing_footwear_uniforms_0192_lined_socks	shared-industrialised	Clothing, footwear and uniforms	industrial;modern;nuclear;information	socks	some lined linen socks for domestic wear	These lined socks are formed chiefly from linen and proportioned for domestic wear. Their working edges, contact points and load-bearing surfaces are finished for repeated handling, while visible joins make the method of construction easy to inspect. The particular balance of form, material and service duty distinguishes them from neighbouring catalogue entries.	Small	Standard	2305	20	linen	Era / Industrial Era;Era / Modern Era;Era / Nuclear Era;Era / Information Age Era	Wear_Socks		portable		0			industrial_clothing	Authored Clothing, footwear and uniforms matrix: lined/socks/domestic/linen; priced by industrial_clothing analogue.	true	
industrialised_clothing_footwear_uniforms_0193_lined_vest	shared-industrialised	Clothing, footwear and uniforms	industrial;modern;nuclear;information	vest	a lined wool vest for domestic wear	This lined vest is formed chiefly from wool and proportioned for domestic wear. Its working edges, contact points and load-bearing surfaces are finished for repeated handling, while visible joins make the method of construction easy to inspect. The particular balance of form, material and service duty distinguishes it from neighbouring catalogue entries.	Small	Standard	2342	50	wool	Era / Industrial Era;Era / Modern Era;Era / Nuclear Era;Era / Information Age Era	Wear_Vest		portable		0			industrial_clothing	Authored Clothing, footwear and uniforms matrix: lined/vest/domestic/wool; priced by industrial_clothing analogue.	true	
industrialised_clothing_footwear_uniforms_0194_lined_coat	shared-industrialised	Clothing, footwear and uniforms	industrial;modern;nuclear;information	coat	a lined leather coat for domestic wear	This lined coat is formed chiefly from leather and proportioned for domestic wear. Its working edges, contact points and load-bearing surfaces are finished for repeated handling, while visible joins make the method of construction easy to inspect. The particular balance of form, material and service duty distinguishes it from neighbouring catalogue entries.	Small	Standard	2379	100	leather	Era / Industrial Era;Era / Modern Era;Era / Nuclear Era;Era / Information Age Era	Wear_Jacket		portable		0			industrial_clothing	Authored Clothing, footwear and uniforms matrix: lined/coat/domestic/leather; priced by industrial_clothing analogue.	true	
industrialised_clothing_footwear_uniforms_0195_lined_smock	shared-industrialised	Clothing, footwear and uniforms	industrial;modern;nuclear;information	smock	a lined cotton smock for domestic wear	This lined smock is formed chiefly from cotton and proportioned for domestic wear. Its working edges, contact points and load-bearing surfaces are finished for repeated handling, while visible joins make the method of construction easy to inspect. The particular balance of form, material and service duty distinguishes it from neighbouring catalogue entries.	Small	Standard	2416	200	cotton	Era / Industrial Era;Era / Modern Era;Era / Nuclear Era;Era / Information Age Era	Wear_Shirt		portable		0		industrialised_clothing_footwear_uniforms_0001_plain_rag	industrial_clothing	Authored Clothing, footwear and uniforms matrix: lined/smock/domestic/cotton; priced by industrial_clothing analogue.	true	salvage
industrialised_clothing_footwear_uniforms_0196_ventilated_rag	shared-industrialised	Clothing, footwear and uniforms	industrial;modern;nuclear;information	rag	a ventilated linen rag for domestic wear	This ventilated rag is formed chiefly from linen and proportioned for domestic wear. Its working edges, contact points and load-bearing surfaces are finished for repeated handling, while visible joins make the method of construction easy to inspect. The particular balance of form, material and service duty distinguishes it from neighbouring catalogue entries.	Small	Standard	2453	500	linen	Era / Industrial Era;Era / Modern Era;Era / Nuclear Era;Era / Information Age Era	Wear_Apron		portable		0			industrial_clothing	Authored Clothing, footwear and uniforms matrix: ventilated/rag/domestic/linen; priced by industrial_clothing analogue.	true	
industrialised_clothing_footwear_uniforms_0197_ventilated_apron	shared-industrialised	Clothing, footwear and uniforms	industrial;modern;nuclear;information	apron	a ventilated wool apron for domestic wear	This ventilated apron is formed chiefly from wool and proportioned for domestic wear. Its working edges, contact points and load-bearing surfaces are finished for repeated handling, while visible joins make the method of construction easy to inspect. The particular balance of form, material and service duty distinguishes it from neighbouring catalogue entries.	Small	Standard	2490	1	wool	Era / Industrial Era;Era / Modern Era;Era / Nuclear Era;Era / Information Age Era	Wear_Apron		portable		0			industrial_clothing	Authored Clothing, footwear and uniforms matrix: ventilated/apron/domestic/wool; priced by industrial_clothing analogue.	true	
industrialised_clothing_footwear_uniforms_0198_ventilated_shirt	shared-industrialised	Clothing, footwear and uniforms	industrial;modern;nuclear;information	shirt	a ventilated leather shirt for domestic wear	This ventilated shirt is formed chiefly from leather and proportioned for domestic wear. Its working edges, contact points and load-bearing surfaces are finished for repeated handling, while visible joins make the method of construction easy to inspect. The particular balance of form, material and service duty distinguishes it from neighbouring catalogue entries.	Small	Standard	2527	2	leather	Era / Industrial Era;Era / Modern Era;Era / Nuclear Era;Era / Information Age Era	Wear_Shirt		portable		0			industrial_clothing	Authored Clothing, footwear and uniforms matrix: ventilated/shirt/domestic/leather; priced by industrial_clothing analogue.	true	
industrialised_clothing_footwear_uniforms_0199_ventilated_trousers	shared-industrialised	Clothing, footwear and uniforms	industrial;modern;nuclear;information	trousers	some ventilated cotton trousers for domestic wear	These ventilated trousers are formed chiefly from cotton and proportioned for domestic wear. Their working edges, contact points and load-bearing surfaces are finished for repeated handling, while visible joins make the method of construction easy to inspect. The particular balance of form, material and service duty distinguishes them from neighbouring catalogue entries.	Small	Standard	2564	5	cotton	Era / Industrial Era;Era / Modern Era;Era / Nuclear Era;Era / Information Age Era	Wear_Trousers		portable		0			industrial_clothing	Authored Clothing, footwear and uniforms matrix: ventilated/trousers/domestic/cotton; priced by industrial_clothing analogue.	true	
industrialised_clothing_footwear_uniforms_0200_ventilated_boots	shared-industrialised	Clothing, footwear and uniforms	industrial;modern;nuclear;information	boots	some ventilated linen boots for domestic wear	These ventilated boots are formed chiefly from linen and proportioned for domestic wear. Their working edges, contact points and load-bearing surfaces are finished for repeated handling, while visible joins make the method of construction easy to inspect. The particular balance of form, material and service duty distinguishes them from neighbouring catalogue entries.	Small	Standard	2601	10	linen	Era / Industrial Era;Era / Modern Era;Era / Nuclear Era;Era / Information Age Era	Wear_Boots		portable		0		industrialised_clothing_footwear_uniforms_0001_plain_rag	industrial_clothing	Authored Clothing, footwear and uniforms matrix: ventilated/boots/domestic/linen; priced by industrial_clothing analogue.	true	salvage
industrialised_clothing_footwear_uniforms_0201_ventilated_dress	shared-industrialised	Clothing, footwear and uniforms	industrial;modern;nuclear;information	dress	a ventilated wool dress for domestic wear	This ventilated dress is formed chiefly from wool and proportioned for domestic wear. Its working edges, contact points and load-bearing surfaces are finished for repeated handling, while visible joins make the method of construction easy to inspect. The particular balance of form, material and service duty distinguishes it from neighbouring catalogue entries.	Small	Standard	2638	20	wool	Era / Industrial Era;Era / Modern Era;Era / Nuclear Era;Era / Information Age Era	Wear_Dress		portable		0			industrial_clothing	Authored Clothing, footwear and uniforms matrix: ventilated/dress/domestic/wool; priced by industrial_clothing analogue.	true	
industrialised_clothing_footwear_uniforms_0202_ventilated_jacket	shared-industrialised	Clothing, footwear and uniforms	industrial;modern;nuclear;information	jacket	a ventilated leather jacket for domestic wear	This ventilated jacket is formed chiefly from leather and proportioned for domestic wear. Its working edges, contact points and load-bearing surfaces are finished for repeated handling, while visible joins make the method of construction easy to inspect. The particular balance of form, material and service duty distinguishes it from neighbouring catalogue entries.	Small	Standard	2675	50	leather	Era / Industrial Era;Era / Modern Era;Era / Nuclear Era;Era / Information Age Era	Wear_Jacket		portable		0			industrial_clothing	Authored Clothing, footwear and uniforms matrix: ventilated/jacket/domestic/leather; priced by industrial_clothing analogue.	true	
industrialised_clothing_footwear_uniforms_0203_ventilated_hat	shared-industrialised	Clothing, footwear and uniforms	industrial;modern;nuclear;information	hat	a ventilated cotton hat for domestic wear	This ventilated hat is formed chiefly from cotton and proportioned for domestic wear. Its working edges, contact points and load-bearing surfaces are finished for repeated handling, while visible joins make the method of construction easy to inspect. The particular balance of form, material and service duty distinguishes it from neighbouring catalogue entries.	Small	Standard	2712	100	cotton	Era / Industrial Era;Era / Modern Era;Era / Nuclear Era;Era / Information Age Era	Wear_Hat		portable		0			industrial_clothing	Authored Clothing, footwear and uniforms matrix: ventilated/hat/domestic/cotton; priced by industrial_clothing analogue.	true	
industrialised_clothing_footwear_uniforms_0204_ventilated_gloves	shared-industrialised	Clothing, footwear and uniforms	industrial;modern;nuclear;information	gloves	some ventilated linen gloves for domestic wear	These ventilated gloves are formed chiefly from linen and proportioned for domestic wear. Their working edges, contact points and load-bearing surfaces are finished for repeated handling, while visible joins make the method of construction easy to inspect. The particular balance of form, material and service duty distinguishes them from neighbouring catalogue entries.	Small	Standard	2749	200	linen	Era / Industrial Era;Era / Modern Era;Era / Nuclear Era;Era / Information Age Era	Wear_Gloves		portable		0			industrial_clothing	Authored Clothing, footwear and uniforms matrix: ventilated/gloves/domestic/linen; priced by industrial_clothing analogue.	true	
industrialised_clothing_footwear_uniforms_0205_ventilated_scarf	shared-industrialised	Clothing, footwear and uniforms	industrial;modern;nuclear;information	scarf	a ventilated wool scarf for domestic wear	This ventilated scarf is formed chiefly from wool and proportioned for domestic wear. Its working edges, contact points and load-bearing surfaces are finished for repeated handling, while visible joins make the method of construction easy to inspect. The particular balance of form, material and service duty distinguishes it from neighbouring catalogue entries.	Small	Standard	2786	500	wool	Era / Industrial Era;Era / Modern Era;Era / Nuclear Era;Era / Information Age Era	Wear_Scarf		portable		0		industrialised_clothing_footwear_uniforms_0001_plain_rag	industrial_clothing	Authored Clothing, footwear and uniforms matrix: ventilated/scarf/domestic/wool; priced by industrial_clothing analogue.	true	salvage
industrialised_clothing_footwear_uniforms_0206_ventilated_skirt	shared-industrialised	Clothing, footwear and uniforms	industrial;modern;nuclear;information	skirt	a ventilated leather skirt for domestic wear	This ventilated skirt is formed chiefly from leather and proportioned for domestic wear. Its working edges, contact points and load-bearing surfaces are finished for repeated handling, while visible joins make the method of construction easy to inspect. The particular balance of form, material and service duty distinguishes it from neighbouring catalogue entries.	Small	Standard	2823	1	leather	Era / Industrial Era;Era / Modern Era;Era / Nuclear Era;Era / Information Age Era	Wear_Skirt		portable		0			industrial_clothing	Authored Clothing, footwear and uniforms matrix: ventilated/skirt/domestic/leather; priced by industrial_clothing analogue.	true	
industrialised_clothing_footwear_uniforms_0207_ventilated_socks	shared-industrialised	Clothing, footwear and uniforms	industrial;modern;nuclear;information	socks	some ventilated cotton socks for domestic wear	These ventilated socks are formed chiefly from cotton and proportioned for domestic wear. Their working edges, contact points and load-bearing surfaces are finished for repeated handling, while visible joins make the method of construction easy to inspect. The particular balance of form, material and service duty distinguishes them from neighbouring catalogue entries.	Small	Standard	2860	2	cotton	Era / Industrial Era;Era / Modern Era;Era / Nuclear Era;Era / Information Age Era	Wear_Socks		portable		0			industrial_clothing	Authored Clothing, footwear and uniforms matrix: ventilated/socks/domestic/cotton; priced by industrial_clothing analogue.	true	
industrialised_clothing_footwear_uniforms_0208_ventilated_vest	shared-industrialised	Clothing, footwear and uniforms	industrial;modern;nuclear;information	vest	a ventilated linen vest for domestic wear	This ventilated vest is formed chiefly from linen and proportioned for domestic wear. Its working edges, contact points and load-bearing surfaces are finished for repeated handling, while visible joins make the method of construction easy to inspect. The particular balance of form, material and service duty distinguishes it from neighbouring catalogue entries.	Small	Standard	2897	5	linen	Era / Industrial Era;Era / Modern Era;Era / Nuclear Era;Era / Information Age Era	Wear_Vest		portable		0			industrial_clothing	Authored Clothing, footwear and uniforms matrix: ventilated/vest/domestic/linen; priced by industrial_clothing analogue.	true	
industrialised_clothing_footwear_uniforms_0209_ventilated_coat	shared-industrialised	Clothing, footwear and uniforms	industrial;modern;nuclear;information	coat	a ventilated wool coat for domestic wear	This ventilated coat is formed chiefly from wool and proportioned for domestic wear. Its working edges, contact points and load-bearing surfaces are finished for repeated handling, while visible joins make the method of construction easy to inspect. The particular balance of form, material and service duty distinguishes it from neighbouring catalogue entries.	Small	Standard	2934	10	wool	Era / Industrial Era;Era / Modern Era;Era / Nuclear Era;Era / Information Age Era	Wear_Jacket		portable		0			industrial_clothing	Authored Clothing, footwear and uniforms matrix: ventilated/coat/domestic/wool; priced by industrial_clothing analogue.	true	
industrialised_clothing_footwear_uniforms_0210_ventilated_smock	shared-industrialised	Clothing, footwear and uniforms	industrial;modern;nuclear;information	smock	a ventilated leather smock for domestic wear	This ventilated smock is formed chiefly from leather and proportioned for domestic wear. Its working edges, contact points and load-bearing surfaces are finished for repeated handling, while visible joins make the method of construction easy to inspect. The particular balance of form, material and service duty distinguishes it from neighbouring catalogue entries.	Small	Standard	2971	20	leather	Era / Industrial Era;Era / Modern Era;Era / Nuclear Era;Era / Information Age Era	Wear_Shirt		portable		0		industrialised_clothing_footwear_uniforms_0001_plain_rag	industrial_clothing	Authored Clothing, footwear and uniforms matrix: ventilated/smock/domestic/leather; priced by industrial_clothing analogue.	true	salvage
industrialised_clothing_footwear_uniforms_0211_stackable_rag	shared-industrialised	Clothing, footwear and uniforms	industrial;modern;nuclear;information	rag	a stackable cotton rag for domestic wear	This stackable rag is formed chiefly from cotton and proportioned for domestic wear. Its working edges, contact points and load-bearing surfaces are finished for repeated handling, while visible joins make the method of construction easy to inspect. The particular balance of form, material and service duty distinguishes it from neighbouring catalogue entries.	Small	Standard	3008	50	cotton	Era / Industrial Era;Era / Modern Era;Era / Nuclear Era;Era / Information Age Era	Wear_Apron		portable		0			industrial_clothing	Authored Clothing, footwear and uniforms matrix: stackable/rag/domestic/cotton; priced by industrial_clothing analogue.	true	
industrialised_clothing_footwear_uniforms_0212_stackable_apron	shared-industrialised	Clothing, footwear and uniforms	industrial;modern;nuclear;information	apron	a stackable linen apron for domestic wear	This stackable apron is formed chiefly from linen and proportioned for domestic wear. Its working edges, contact points and load-bearing surfaces are finished for repeated handling, while visible joins make the method of construction easy to inspect. The particular balance of form, material and service duty distinguishes it from neighbouring catalogue entries.	Small	Standard	3045	100	linen	Era / Industrial Era;Era / Modern Era;Era / Nuclear Era;Era / Information Age Era	Wear_Apron		portable		0			industrial_clothing	Authored Clothing, footwear and uniforms matrix: stackable/apron/domestic/linen; priced by industrial_clothing analogue.	true	
industrialised_clothing_footwear_uniforms_0213_stackable_shirt	shared-industrialised	Clothing, footwear and uniforms	industrial;modern;nuclear;information	shirt	a stackable wool shirt for domestic wear	This stackable shirt is formed chiefly from wool and proportioned for domestic wear. Its working edges, contact points and load-bearing surfaces are finished for repeated handling, while visible joins make the method of construction easy to inspect. The particular balance of form, material and service duty distinguishes it from neighbouring catalogue entries.	Small	Standard	3082	200	wool	Era / Industrial Era;Era / Modern Era;Era / Nuclear Era;Era / Information Age Era	Wear_Shirt		portable		0			industrial_clothing	Authored Clothing, footwear and uniforms matrix: stackable/shirt/domestic/wool; priced by industrial_clothing analogue.	true	
industrialised_clothing_footwear_uniforms_0214_stackable_trousers	shared-industrialised	Clothing, footwear and uniforms	industrial;modern;nuclear;information	trousers	some stackable leather trousers for domestic wear	These stackable trousers are formed chiefly from leather and proportioned for domestic wear. Their working edges, contact points and load-bearing surfaces are finished for repeated handling, while visible joins make the method of construction easy to inspect. The particular balance of form, material and service duty distinguishes them from neighbouring catalogue entries.	Small	Standard	3119	500	leather	Era / Industrial Era;Era / Modern Era;Era / Nuclear Era;Era / Information Age Era	Wear_Trousers		portable		0			industrial_clothing	Authored Clothing, footwear and uniforms matrix: stackable/trousers/domestic/leather; priced by industrial_clothing analogue.	true	
industrialised_clothing_footwear_uniforms_0215_stackable_boots	shared-industrialised	Clothing, footwear and uniforms	industrial;modern;nuclear;information	boots	some stackable cotton boots for domestic wear	These stackable boots are formed chiefly from cotton and proportioned for domestic wear. Their working edges, contact points and load-bearing surfaces are finished for repeated handling, while visible joins make the method of construction easy to inspect. The particular balance of form, material and service duty distinguishes them from neighbouring catalogue entries.	Small	Standard	3156	1	cotton	Era / Industrial Era;Era / Modern Era;Era / Nuclear Era;Era / Information Age Era	Wear_Boots		portable		0		industrialised_clothing_footwear_uniforms_0001_plain_rag	industrial_clothing	Authored Clothing, footwear and uniforms matrix: stackable/boots/domestic/cotton; priced by industrial_clothing analogue.	true	salvage
industrialised_clothing_footwear_uniforms_0216_stackable_dress	shared-industrialised	Clothing, footwear and uniforms	industrial;modern;nuclear;information	dress	a stackable linen dress for domestic wear	This stackable dress is formed chiefly from linen and proportioned for domestic wear. Its working edges, contact points and load-bearing surfaces are finished for repeated handling, while visible joins make the method of construction easy to inspect. The particular balance of form, material and service duty distinguishes it from neighbouring catalogue entries.	Small	Standard	3193	2	linen	Era / Industrial Era;Era / Modern Era;Era / Nuclear Era;Era / Information Age Era	Wear_Dress		portable		0			industrial_clothing	Authored Clothing, footwear and uniforms matrix: stackable/dress/domestic/linen; priced by industrial_clothing analogue.	true	
industrialised_clothing_footwear_uniforms_0217_stackable_jacket	shared-industrialised	Clothing, footwear and uniforms	industrial;modern;nuclear;information	jacket	a stackable wool jacket for domestic wear	This stackable jacket is formed chiefly from wool and proportioned for domestic wear. Its working edges, contact points and load-bearing surfaces are finished for repeated handling, while visible joins make the method of construction easy to inspect. The particular balance of form, material and service duty distinguishes it from neighbouring catalogue entries.	Small	Standard	3230	5	wool	Era / Industrial Era;Era / Modern Era;Era / Nuclear Era;Era / Information Age Era	Wear_Jacket		portable		0			industrial_clothing	Authored Clothing, footwear and uniforms matrix: stackable/jacket/domestic/wool; priced by industrial_clothing analogue.	false	
industrialised_clothing_footwear_uniforms_0218_stackable_hat	shared-industrialised	Clothing, footwear and uniforms	industrial;modern;nuclear;information	hat	a stackable leather hat for domestic wear	This stackable hat is formed chiefly from leather and proportioned for domestic wear. Its working edges, contact points and load-bearing surfaces are finished for repeated handling, while visible joins make the method of construction easy to inspect. The particular balance of form, material and service duty distinguishes it from neighbouring catalogue entries.	Small	Standard	3267	10	leather	Era / Industrial Era;Era / Modern Era;Era / Nuclear Era;Era / Information Age Era	Wear_Hat		portable		0			industrial_clothing	Authored Clothing, footwear and uniforms matrix: stackable/hat/domestic/leather; priced by industrial_clothing analogue.	false	
industrialised_clothing_footwear_uniforms_0219_stackable_gloves	shared-industrialised	Clothing, footwear and uniforms	industrial;modern;nuclear;information	gloves	some stackable cotton gloves for domestic wear	These stackable gloves are formed chiefly from cotton and proportioned for domestic wear. Their working edges, contact points and load-bearing surfaces are finished for repeated handling, while visible joins make the method of construction easy to inspect. The particular balance of form, material and service duty distinguishes them from neighbouring catalogue entries.	Small	Standard	3304	20	cotton	Era / Industrial Era;Era / Modern Era;Era / Nuclear Era;Era / Information Age Era	Wear_Gloves		portable		0			industrial_clothing	Authored Clothing, footwear and uniforms matrix: stackable/gloves/domestic/cotton; priced by industrial_clothing analogue.	false	
industrialised_clothing_footwear_uniforms_0220_stackable_scarf	shared-industrialised	Clothing, footwear and uniforms	industrial;modern;nuclear;information	scarf	a stackable linen scarf for domestic wear	This stackable scarf is formed chiefly from linen and proportioned for domestic wear. Its working edges, contact points and load-bearing surfaces are finished for repeated handling, while visible joins make the method of construction easy to inspect. The particular balance of form, material and service duty distinguishes it from neighbouring catalogue entries.	Small	Standard	3341	50	linen	Era / Industrial Era;Era / Modern Era;Era / Nuclear Era;Era / Information Age Era	Wear_Scarf		portable		0		industrialised_clothing_footwear_uniforms_0001_plain_rag	industrial_clothing	Authored Clothing, footwear and uniforms matrix: stackable/scarf/domestic/linen; priced by industrial_clothing analogue.	false	salvage
industrialised_clothing_footwear_uniforms_0221_stackable_skirt	shared-industrialised	Clothing, footwear and uniforms	industrial;modern;nuclear;information	skirt	a stackable wool skirt for domestic wear	This stackable skirt is formed chiefly from wool and proportioned for domestic wear. Its working edges, contact points and load-bearing surfaces are finished for repeated handling, while visible joins make the method of construction easy to inspect. The particular balance of form, material and service duty distinguishes it from neighbouring catalogue entries.	Small	Standard	3378	100	wool	Era / Industrial Era;Era / Modern Era;Era / Nuclear Era;Era / Information Age Era	Wear_Skirt		portable		0			industrial_clothing	Authored Clothing, footwear and uniforms matrix: stackable/skirt/domestic/wool; priced by industrial_clothing analogue.	false	
industrialised_clothing_footwear_uniforms_0222_stackable_socks	shared-industrialised	Clothing, footwear and uniforms	industrial;modern;nuclear;information	socks	some stackable leather socks for domestic wear	These stackable socks are formed chiefly from leather and proportioned for domestic wear. Their working edges, contact points and load-bearing surfaces are finished for repeated handling, while visible joins make the method of construction easy to inspect. The particular balance of form, material and service duty distinguishes them from neighbouring catalogue entries.	Small	Standard	3415	200	leather	Era / Industrial Era;Era / Modern Era;Era / Nuclear Era;Era / Information Age Era	Wear_Socks		portable		0			industrial_clothing	Authored Clothing, footwear and uniforms matrix: stackable/socks/domestic/leather; priced by industrial_clothing analogue.	false	
industrialised_clothing_footwear_uniforms_0223_stackable_vest	shared-industrialised	Clothing, footwear and uniforms	industrial;modern;nuclear;information	vest	a stackable cotton vest for domestic wear	This stackable vest is formed chiefly from cotton and proportioned for domestic wear. Its working edges, contact points and load-bearing surfaces are finished for repeated handling, while visible joins make the method of construction easy to inspect. The particular balance of form, material and service duty distinguishes it from neighbouring catalogue entries.	Small	Standard	3452	500	cotton	Era / Industrial Era;Era / Modern Era;Era / Nuclear Era;Era / Information Age Era	Wear_Vest		portable		0			industrial_clothing	Authored Clothing, footwear and uniforms matrix: stackable/vest/domestic/cotton; priced by industrial_clothing analogue.	false	
industrialised_clothing_footwear_uniforms_0224_stackable_coat	shared-industrialised	Clothing, footwear and uniforms	industrial;modern;nuclear;information	coat	a stackable linen coat for domestic wear	This stackable coat is formed chiefly from linen and proportioned for domestic wear. Its working edges, contact points and load-bearing surfaces are finished for repeated handling, while visible joins make the method of construction easy to inspect. The particular balance of form, material and service duty distinguishes it from neighbouring catalogue entries.	Small	Standard	3489	1	linen	Era / Industrial Era;Era / Modern Era;Era / Nuclear Era;Era / Information Age Era	Wear_Jacket		portable		0			industrial_clothing	Authored Clothing, footwear and uniforms matrix: stackable/coat/domestic/linen; priced by industrial_clothing analogue.	false	
industrialised_clothing_footwear_uniforms_0225_stackable_smock	shared-industrialised	Clothing, footwear and uniforms	industrial;modern;nuclear;information	smock	a stackable wool smock for domestic wear	This stackable smock is formed chiefly from wool and proportioned for domestic wear. Its working edges, contact points and load-bearing surfaces are finished for repeated handling, while visible joins make the method of construction easy to inspect. The particular balance of form, material and service duty distinguishes it from neighbouring catalogue entries.	Small	Standard	3526	2	wool	Era / Industrial Era;Era / Modern Era;Era / Nuclear Era;Era / Information Age Era	Wear_Shirt		portable		0		industrialised_clothing_footwear_uniforms_0001_plain_rag	industrial_clothing	Authored Clothing, footwear and uniforms matrix: stackable/smock/domestic/wool; priced by industrial_clothing analogue.	false	salvage
industrialised_clothing_footwear_uniforms_0226_field_rag	shared-industrialised	Clothing, footwear and uniforms	industrial;modern;nuclear;information	rag	a field leather rag for domestic wear	This field rag is formed chiefly from leather and proportioned for domestic wear. Its working edges, contact points and load-bearing surfaces are finished for repeated handling, while visible joins make the method of construction easy to inspect. The particular balance of form, material and service duty distinguishes it from neighbouring catalogue entries.	Small	Standard	3563	5	leather	Era / Industrial Era;Era / Modern Era;Era / Nuclear Era;Era / Information Age Era	Wear_Apron		portable		0			industrial_clothing	Authored Clothing, footwear and uniforms matrix: field/rag/domestic/leather; priced by industrial_clothing analogue.	false	
industrialised_clothing_footwear_uniforms_0227_field_apron	shared-industrialised	Clothing, footwear and uniforms	industrial;modern;nuclear;information	apron	a field cotton apron for domestic wear	This field apron is formed chiefly from cotton and proportioned for domestic wear. Its working edges, contact points and load-bearing surfaces are finished for repeated handling, while visible joins make the method of construction easy to inspect. The particular balance of form, material and service duty distinguishes it from neighbouring catalogue entries.	Small	Standard	3600	10	cotton	Era / Industrial Era;Era / Modern Era;Era / Nuclear Era;Era / Information Age Era	Wear_Apron		portable		0			industrial_clothing	Authored Clothing, footwear and uniforms matrix: field/apron/domestic/cotton; priced by industrial_clothing analogue.	false	
industrialised_clothing_footwear_uniforms_0228_field_shirt	shared-industrialised	Clothing, footwear and uniforms	industrial;modern;nuclear;information	shirt	a field linen shirt for domestic wear	This field shirt is formed chiefly from linen and proportioned for domestic wear. Its working edges, contact points and load-bearing surfaces are finished for repeated handling, while visible joins make the method of construction easy to inspect. The particular balance of form, material and service duty distinguishes it from neighbouring catalogue entries.	Small	Standard	3637	20	linen	Era / Industrial Era;Era / Modern Era;Era / Nuclear Era;Era / Information Age Era	Wear_Shirt		portable		0			industrial_clothing	Authored Clothing, footwear and uniforms matrix: field/shirt/domestic/linen; priced by industrial_clothing analogue.	false	
industrialised_clothing_footwear_uniforms_0229_field_trousers	shared-industrialised	Clothing, footwear and uniforms	industrial;modern;nuclear;information	trousers	some field wool trousers for domestic wear	These field trousers are formed chiefly from wool and proportioned for domestic wear. Their working edges, contact points and load-bearing surfaces are finished for repeated handling, while visible joins make the method of construction easy to inspect. The particular balance of form, material and service duty distinguishes them from neighbouring catalogue entries.	Small	Standard	3674	50	wool	Era / Industrial Era;Era / Modern Era;Era / Nuclear Era;Era / Information Age Era	Wear_Trousers		portable		0			industrial_clothing	Authored Clothing, footwear and uniforms matrix: field/trousers/domestic/wool; priced by industrial_clothing analogue.	false	
industrialised_clothing_footwear_uniforms_0230_field_boots	shared-industrialised	Clothing, footwear and uniforms	industrial;modern;nuclear;information	boots	some field leather boots for domestic wear	These field boots are formed chiefly from leather and proportioned for domestic wear. Their working edges, contact points and load-bearing surfaces are finished for repeated handling, while visible joins make the method of construction easy to inspect. The particular balance of form, material and service duty distinguishes them from neighbouring catalogue entries.	Small	Standard	3711	100	leather	Era / Industrial Era;Era / Modern Era;Era / Nuclear Era;Era / Information Age Era	Wear_Boots		portable		0		industrialised_clothing_footwear_uniforms_0001_plain_rag	industrial_clothing	Authored Clothing, footwear and uniforms matrix: field/boots/domestic/leather; priced by industrial_clothing analogue.	false	salvage
industrialised_clothing_footwear_uniforms_0231_field_dress	shared-industrialised	Clothing, footwear and uniforms	industrial;modern;nuclear;information	dress	a field cotton dress for domestic wear	This field dress is formed chiefly from cotton and proportioned for domestic wear. Its working edges, contact points and load-bearing surfaces are finished for repeated handling, while visible joins make the method of construction easy to inspect. The particular balance of form, material and service duty distinguishes it from neighbouring catalogue entries.	Small	Standard	3748	200	cotton	Era / Industrial Era;Era / Modern Era;Era / Nuclear Era;Era / Information Age Era	Wear_Dress		portable		0			industrial_clothing	Authored Clothing, footwear and uniforms matrix: field/dress/domestic/cotton; priced by industrial_clothing analogue.	false	
industrialised_clothing_footwear_uniforms_0232_field_jacket	shared-industrialised	Clothing, footwear and uniforms	industrial;modern;nuclear;information	jacket	a field linen jacket for domestic wear	This field jacket is formed chiefly from linen and proportioned for domestic wear. Its working edges, contact points and load-bearing surfaces are finished for repeated handling, while visible joins make the method of construction easy to inspect. The particular balance of form, material and service duty distinguishes it from neighbouring catalogue entries.	Small	Standard	3785	500	linen	Era / Industrial Era;Era / Modern Era;Era / Nuclear Era;Era / Information Age Era	Wear_Jacket		portable		0			industrial_clothing	Authored Clothing, footwear and uniforms matrix: field/jacket/domestic/linen; priced by industrial_clothing analogue.	false	
industrialised_clothing_footwear_uniforms_0233_field_hat	shared-industrialised	Clothing, footwear and uniforms	industrial;modern;nuclear;information	hat	a field wool hat for domestic wear	This field hat is formed chiefly from wool and proportioned for domestic wear. Its working edges, contact points and load-bearing surfaces are finished for repeated handling, while visible joins make the method of construction easy to inspect. The particular balance of form, material and service duty distinguishes it from neighbouring catalogue entries.	Small	Standard	3822	1	wool	Era / Industrial Era;Era / Modern Era;Era / Nuclear Era;Era / Information Age Era	Wear_Hat		portable		0			industrial_clothing	Authored Clothing, footwear and uniforms matrix: field/hat/domestic/wool; priced by industrial_clothing analogue.	false	
industrialised_clothing_footwear_uniforms_0234_field_gloves	shared-industrialised	Clothing, footwear and uniforms	industrial;modern;nuclear;information	gloves	some field leather gloves for domestic wear	These field gloves are formed chiefly from leather and proportioned for domestic wear. Their working edges, contact points and load-bearing surfaces are finished for repeated handling, while visible joins make the method of construction easy to inspect. The particular balance of form, material and service duty distinguishes them from neighbouring catalogue entries.	Small	Standard	3859	2	leather	Era / Industrial Era;Era / Modern Era;Era / Nuclear Era;Era / Information Age Era	Wear_Gloves		portable		0			industrial_clothing	Authored Clothing, footwear and uniforms matrix: field/gloves/domestic/leather; priced by industrial_clothing analogue.	false	
industrialised_clothing_footwear_uniforms_0235_field_scarf	shared-industrialised	Clothing, footwear and uniforms	industrial;modern;nuclear;information	scarf	a field cotton scarf for domestic wear	This field scarf is formed chiefly from cotton and proportioned for domestic wear. Its working edges, contact points and load-bearing surfaces are finished for repeated handling, while visible joins make the method of construction easy to inspect. The particular balance of form, material and service duty distinguishes it from neighbouring catalogue entries.	Small	Standard	3896	5	cotton	Era / Industrial Era;Era / Modern Era;Era / Nuclear Era;Era / Information Age Era	Wear_Scarf		portable		0		industrialised_clothing_footwear_uniforms_0001_plain_rag	industrial_clothing	Authored Clothing, footwear and uniforms matrix: field/scarf/domestic/cotton; priced by industrial_clothing analogue.	false	salvage
industrialised_clothing_footwear_uniforms_0236_field_skirt	shared-industrialised	Clothing, footwear and uniforms	industrial;modern;nuclear;information	skirt	a field linen skirt for domestic wear	This field skirt is formed chiefly from linen and proportioned for domestic wear. Its working edges, contact points and load-bearing surfaces are finished for repeated handling, while visible joins make the method of construction easy to inspect. The particular balance of form, material and service duty distinguishes it from neighbouring catalogue entries.	Small	Standard	3933	10	linen	Era / Industrial Era;Era / Modern Era;Era / Nuclear Era;Era / Information Age Era	Wear_Skirt		portable		0			industrial_clothing	Authored Clothing, footwear and uniforms matrix: field/skirt/domestic/linen; priced by industrial_clothing analogue.	false	
industrialised_clothing_footwear_uniforms_0237_field_socks	shared-industrialised	Clothing, footwear and uniforms	industrial;modern;nuclear;information	socks	some field wool socks for domestic wear	These field socks are formed chiefly from wool and proportioned for domestic wear. Their working edges, contact points and load-bearing surfaces are finished for repeated handling, while visible joins make the method of construction easy to inspect. The particular balance of form, material and service duty distinguishes them from neighbouring catalogue entries.	Small	Standard	3970	20	wool	Era / Industrial Era;Era / Modern Era;Era / Nuclear Era;Era / Information Age Era	Wear_Socks		portable		0			industrial_clothing	Authored Clothing, footwear and uniforms matrix: field/socks/domestic/wool; priced by industrial_clothing analogue.	false	
industrialised_clothing_footwear_uniforms_0238_field_vest	shared-industrialised	Clothing, footwear and uniforms	industrial;modern;nuclear;information	vest	a field leather vest for domestic wear	This field vest is formed chiefly from leather and proportioned for domestic wear. Its working edges, contact points and load-bearing surfaces are finished for repeated handling, while visible joins make the method of construction easy to inspect. The particular balance of form, material and service duty distinguishes it from neighbouring catalogue entries.	Small	Standard	4007	50	leather	Era / Industrial Era;Era / Modern Era;Era / Nuclear Era;Era / Information Age Era	Wear_Vest		portable		0			industrial_clothing	Authored Clothing, footwear and uniforms matrix: field/vest/domestic/leather; priced by industrial_clothing analogue.	false	
industrialised_clothing_footwear_uniforms_0239_field_coat	shared-industrialised	Clothing, footwear and uniforms	industrial;modern;nuclear;information	coat	a field cotton coat for domestic wear	This field coat is formed chiefly from cotton and proportioned for domestic wear. Its working edges, contact points and load-bearing surfaces are finished for repeated handling, while visible joins make the method of construction easy to inspect. The particular balance of form, material and service duty distinguishes it from neighbouring catalogue entries.	Small	Standard	4044	100	cotton	Era / Industrial Era;Era / Modern Era;Era / Nuclear Era;Era / Information Age Era	Wear_Jacket		portable		0			industrial_clothing	Authored Clothing, footwear and uniforms matrix: field/coat/domestic/cotton; priced by industrial_clothing analogue.	false	
industrialised_clothing_footwear_uniforms_0240_field_smock	shared-industrialised	Clothing, footwear and uniforms	industrial;modern;nuclear;information	smock	a field linen smock for domestic wear	This field smock is formed chiefly from linen and proportioned for domestic wear. Its working edges, contact points and load-bearing surfaces are finished for repeated handling, while visible joins make the method of construction easy to inspect. The particular balance of form, material and service duty distinguishes it from neighbouring catalogue entries.	Small	Standard	4081	200	linen	Era / Industrial Era;Era / Modern Era;Era / Nuclear Era;Era / Information Age Era	Wear_Shirt		portable		0		industrialised_clothing_footwear_uniforms_0001_plain_rag	industrial_clothing	Authored Clothing, footwear and uniforms matrix: field/smock/domestic/linen; priced by industrial_clothing analogue.	false	salvage
industrialised_clothing_footwear_uniforms_0241_countertop_rag	shared-industrialised	Clothing, footwear and uniforms	industrial;modern;nuclear;information	rag	a countertop wool rag for domestic wear	This countertop rag is formed chiefly from wool and proportioned for domestic wear. Its working edges, contact points and load-bearing surfaces are finished for repeated handling, while visible joins make the method of construction easy to inspect. The particular balance of form, material and service duty distinguishes it from neighbouring catalogue entries.	Small	Standard	4118	500	wool	Era / Industrial Era;Era / Modern Era;Era / Nuclear Era;Era / Information Age Era	Wear_Apron		portable		0			industrial_clothing	Authored Clothing, footwear and uniforms matrix: countertop/rag/domestic/wool; priced by industrial_clothing analogue.	false	
industrialised_clothing_footwear_uniforms_0242_countertop_apron	shared-industrialised	Clothing, footwear and uniforms	industrial;modern;nuclear;information	apron	a countertop leather apron for domestic wear	This countertop apron is formed chiefly from leather and proportioned for domestic wear. Its working edges, contact points and load-bearing surfaces are finished for repeated handling, while visible joins make the method of construction easy to inspect. The particular balance of form, material and service duty distinguishes it from neighbouring catalogue entries.	Small	Standard	4155	1	leather	Era / Industrial Era;Era / Modern Era;Era / Nuclear Era;Era / Information Age Era	Wear_Apron		portable		0			industrial_clothing	Authored Clothing, footwear and uniforms matrix: countertop/apron/domestic/leather; priced by industrial_clothing analogue.	false	
industrialised_clothing_footwear_uniforms_0243_countertop_shirt	shared-industrialised	Clothing, footwear and uniforms	industrial;modern;nuclear;information	shirt	a countertop cotton shirt for domestic wear	This countertop shirt is formed chiefly from cotton and proportioned for domestic wear. Its working edges, contact points and load-bearing surfaces are finished for repeated handling, while visible joins make the method of construction easy to inspect. The particular balance of form, material and service duty distinguishes it from neighbouring catalogue entries.	Small	Standard	4192	2	cotton	Era / Industrial Era;Era / Modern Era;Era / Nuclear Era;Era / Information Age Era	Wear_Shirt		portable		0			industrial_clothing	Authored Clothing, footwear and uniforms matrix: countertop/shirt/domestic/cotton; priced by industrial_clothing analogue.	false	
industrialised_clothing_footwear_uniforms_0244_countertop_trousers	shared-industrialised	Clothing, footwear and uniforms	industrial;modern;nuclear;information	trousers	some countertop linen trousers for domestic wear	These countertop trousers are formed chiefly from linen and proportioned for domestic wear. Their working edges, contact points and load-bearing surfaces are finished for repeated handling, while visible joins make the method of construction easy to inspect. The particular balance of form, material and service duty distinguishes them from neighbouring catalogue entries.	Small	Standard	4229	5	linen	Era / Industrial Era;Era / Modern Era;Era / Nuclear Era;Era / Information Age Era	Wear_Trousers		portable		0			industrial_clothing	Authored Clothing, footwear and uniforms matrix: countertop/trousers/domestic/linen; priced by industrial_clothing analogue.	false	
industrialised_clothing_footwear_uniforms_0245_countertop_boots	shared-industrialised	Clothing, footwear and uniforms	industrial;modern;nuclear;information	boots	some countertop wool boots for domestic wear	These countertop boots are formed chiefly from wool and proportioned for domestic wear. Their working edges, contact points and load-bearing surfaces are finished for repeated handling, while visible joins make the method of construction easy to inspect. The particular balance of form, material and service duty distinguishes them from neighbouring catalogue entries.	Small	Standard	4266	10	wool	Era / Industrial Era;Era / Modern Era;Era / Nuclear Era;Era / Information Age Era	Wear_Boots		portable		0		industrialised_clothing_footwear_uniforms_0001_plain_rag	industrial_clothing	Authored Clothing, footwear and uniforms matrix: countertop/boots/domestic/wool; priced by industrial_clothing analogue.	false	salvage
industrialised_clothing_footwear_uniforms_0246_countertop_dress	shared-industrialised	Clothing, footwear and uniforms	industrial;modern;nuclear;information	dress	a countertop leather dress for domestic wear	This countertop dress is formed chiefly from leather and proportioned for domestic wear. Its working edges, contact points and load-bearing surfaces are finished for repeated handling, while visible joins make the method of construction easy to inspect. The particular balance of form, material and service duty distinguishes it from neighbouring catalogue entries.	Small	Standard	4303	20	leather	Era / Industrial Era;Era / Modern Era;Era / Nuclear Era;Era / Information Age Era	Wear_Dress		portable		0			industrial_clothing	Authored Clothing, footwear and uniforms matrix: countertop/dress/domestic/leather; priced by industrial_clothing analogue.	false	
industrialised_clothing_footwear_uniforms_0247_countertop_jacket	shared-industrialised	Clothing, footwear and uniforms	industrial;modern;nuclear;information	jacket	a countertop cotton jacket for domestic wear	This countertop jacket is formed chiefly from cotton and proportioned for domestic wear. Its working edges, contact points and load-bearing surfaces are finished for repeated handling, while visible joins make the method of construction easy to inspect. The particular balance of form, material and service duty distinguishes it from neighbouring catalogue entries.	Small	Standard	4340	50	cotton	Era / Industrial Era;Era / Modern Era;Era / Nuclear Era;Era / Information Age Era	Wear_Jacket		portable		0			industrial_clothing	Authored Clothing, footwear and uniforms matrix: countertop/jacket/domestic/cotton; priced by industrial_clothing analogue.	false	
industrialised_clothing_footwear_uniforms_0248_countertop_hat	shared-industrialised	Clothing, footwear and uniforms	industrial;modern;nuclear;information	hat	a countertop linen hat for domestic wear	This countertop hat is formed chiefly from linen and proportioned for domestic wear. Its working edges, contact points and load-bearing surfaces are finished for repeated handling, while visible joins make the method of construction easy to inspect. The particular balance of form, material and service duty distinguishes it from neighbouring catalogue entries.	Small	Standard	4377	100	linen	Era / Industrial Era;Era / Modern Era;Era / Nuclear Era;Era / Information Age Era	Wear_Hat		portable		0			industrial_clothing	Authored Clothing, footwear and uniforms matrix: countertop/hat/domestic/linen; priced by industrial_clothing analogue.	false	
industrialised_clothing_footwear_uniforms_0249_countertop_gloves	shared-industrialised	Clothing, footwear and uniforms	industrial;modern;nuclear;information	gloves	some countertop wool gloves for domestic wear	These countertop gloves are formed chiefly from wool and proportioned for domestic wear. Their working edges, contact points and load-bearing surfaces are finished for repeated handling, while visible joins make the method of construction easy to inspect. The particular balance of form, material and service duty distinguishes them from neighbouring catalogue entries.	Small	Standard	4414	200	wool	Era / Industrial Era;Era / Modern Era;Era / Nuclear Era;Era / Information Age Era	Wear_Gloves		portable		0			industrial_clothing	Authored Clothing, footwear and uniforms matrix: countertop/gloves/domestic/wool; priced by industrial_clothing analogue.	false	
industrialised_clothing_footwear_uniforms_0250_countertop_scarf	shared-industrialised	Clothing, footwear and uniforms	industrial;modern;nuclear;information	scarf	a countertop leather scarf for domestic wear	This countertop scarf is formed chiefly from leather and proportioned for domestic wear. Its working edges, contact points and load-bearing surfaces are finished for repeated handling, while visible joins make the method of construction easy to inspect. The particular balance of form, material and service duty distinguishes it from neighbouring catalogue entries.	Small	Standard	4451	500	leather	Era / Industrial Era;Era / Modern Era;Era / Nuclear Era;Era / Information Age Era	Wear_Scarf		portable		0		industrialised_clothing_footwear_uniforms_0001_plain_rag	industrial_clothing	Authored Clothing, footwear and uniforms matrix: countertop/scarf/domestic/leather; priced by industrial_clothing analogue.	false	salvage
industrialised_clothing_footwear_uniforms_0251_countertop_skirt	shared-industrialised	Clothing, footwear and uniforms	industrial;modern;nuclear;information	skirt	a countertop cotton skirt for domestic wear	This countertop skirt is formed chiefly from cotton and proportioned for domestic wear. Its working edges, contact points and load-bearing surfaces are finished for repeated handling, while visible joins make the method of construction easy to inspect. The particular balance of form, material and service duty distinguishes it from neighbouring catalogue entries.	Small	Standard	4488	1	cotton	Era / Industrial Era;Era / Modern Era;Era / Nuclear Era;Era / Information Age Era	Wear_Skirt		portable		0			industrial_clothing	Authored Clothing, footwear and uniforms matrix: countertop/skirt/domestic/cotton; priced by industrial_clothing analogue.	false	
industrialised_clothing_footwear_uniforms_0252_countertop_socks	shared-industrialised	Clothing, footwear and uniforms	industrial;modern;nuclear;information	socks	some countertop linen socks for domestic wear	These countertop socks are formed chiefly from linen and proportioned for domestic wear. Their working edges, contact points and load-bearing surfaces are finished for repeated handling, while visible joins make the method of construction easy to inspect. The particular balance of form, material and service duty distinguishes them from neighbouring catalogue entries.	Small	Standard	4525	2	linen	Era / Industrial Era;Era / Modern Era;Era / Nuclear Era;Era / Information Age Era	Wear_Socks		portable		0			industrial_clothing	Authored Clothing, footwear and uniforms matrix: countertop/socks/domestic/linen; priced by industrial_clothing analogue.	false	
industrialised_clothing_footwear_uniforms_0253_countertop_vest	shared-industrialised	Clothing, footwear and uniforms	industrial;modern;nuclear;information	vest	a countertop wool vest for domestic wear	This countertop vest is formed chiefly from wool and proportioned for domestic wear. Its working edges, contact points and load-bearing surfaces are finished for repeated handling, while visible joins make the method of construction easy to inspect. The particular balance of form, material and service duty distinguishes it from neighbouring catalogue entries.	Small	Standard	4562	5	wool	Era / Industrial Era;Era / Modern Era;Era / Nuclear Era;Era / Information Age Era	Wear_Vest		portable		0			industrial_clothing	Authored Clothing, footwear and uniforms matrix: countertop/vest/domestic/wool; priced by industrial_clothing analogue.	false	
industrialised_clothing_footwear_uniforms_0254_countertop_coat	shared-industrialised	Clothing, footwear and uniforms	industrial;modern;nuclear;information	coat	a countertop leather coat for domestic wear	This countertop coat is formed chiefly from leather and proportioned for domestic wear. Its working edges, contact points and load-bearing surfaces are finished for repeated handling, while visible joins make the method of construction easy to inspect. The particular balance of form, material and service duty distinguishes it from neighbouring catalogue entries.	Small	Standard	4599	10	leather	Era / Industrial Era;Era / Modern Era;Era / Nuclear Era;Era / Information Age Era	Wear_Jacket		portable		0			industrial_clothing	Authored Clothing, footwear and uniforms matrix: countertop/coat/domestic/leather; priced by industrial_clothing analogue.	false	
industrialised_clothing_footwear_uniforms_0255_countertop_smock	shared-industrialised	Clothing, footwear and uniforms	industrial;modern;nuclear;information	smock	a countertop cotton smock for domestic wear	This countertop smock is formed chiefly from cotton and proportioned for domestic wear. Its working edges, contact points and load-bearing surfaces are finished for repeated handling, while visible joins make the method of construction easy to inspect. The particular balance of form, material and service duty distinguishes it from neighbouring catalogue entries.	Small	Standard	4636	20	cotton	Era / Industrial Era;Era / Modern Era;Era / Nuclear Era;Era / Information Age Era	Wear_Shirt		portable		0		industrialised_clothing_footwear_uniforms_0001_plain_rag	industrial_clothing	Authored Clothing, footwear and uniforms matrix: countertop/smock/domestic/cotton; priced by industrial_clothing analogue.	false	salvage
industrialised_clothing_footwear_uniforms_0256_wall_mounted_rag	shared-industrialised	Clothing, footwear and uniforms	industrial;modern;nuclear;information	rag	a wall-mounted linen rag for domestic wear	This wall-mounted rag is formed chiefly from linen and proportioned for domestic wear. Its working edges, contact points and load-bearing surfaces are finished for repeated handling, while visible joins make the method of construction easy to inspect. The particular balance of form, material and service duty distinguishes it from neighbouring catalogue entries.	Small	Standard	4673	50	linen	Era / Industrial Era;Era / Modern Era;Era / Nuclear Era;Era / Information Age Era	Wear_Apron		portable		0			industrial_clothing	Authored Clothing, footwear and uniforms matrix: wall-mounted/rag/domestic/linen; priced by industrial_clothing analogue.	false	
industrialised_clothing_footwear_uniforms_0257_wall_mounted_apron	shared-industrialised	Clothing, footwear and uniforms	industrial;modern;nuclear;information	apron	a wall-mounted wool apron for domestic wear	This wall-mounted apron is formed chiefly from wool and proportioned for domestic wear. Its working edges, contact points and load-bearing surfaces are finished for repeated handling, while visible joins make the method of construction easy to inspect. The particular balance of form, material and service duty distinguishes it from neighbouring catalogue entries.	Small	Standard	4710	100	wool	Era / Industrial Era;Era / Modern Era;Era / Nuclear Era;Era / Information Age Era	Wear_Apron		portable		0			industrial_clothing	Authored Clothing, footwear and uniforms matrix: wall-mounted/apron/domestic/wool; priced by industrial_clothing analogue.	false	
industrialised_clothing_footwear_uniforms_0258_wall_mounted_shirt	shared-industrialised	Clothing, footwear and uniforms	industrial;modern;nuclear;information	shirt	a wall-mounted leather shirt for domestic wear	This wall-mounted shirt is formed chiefly from leather and proportioned for domestic wear. Its working edges, contact points and load-bearing surfaces are finished for repeated handling, while visible joins make the method of construction easy to inspect. The particular balance of form, material and service duty distinguishes it from neighbouring catalogue entries.	Small	Standard	4747	200	leather	Era / Industrial Era;Era / Modern Era;Era / Nuclear Era;Era / Information Age Era	Wear_Shirt		portable		0			industrial_clothing	Authored Clothing, footwear and uniforms matrix: wall-mounted/shirt/domestic/leather; priced by industrial_clothing analogue.	false	
industrialised_clothing_footwear_uniforms_0259_wall_mounted_trousers	shared-industrialised	Clothing, footwear and uniforms	industrial;modern;nuclear;information	trousers	some wall-mounted cotton trousers for domestic wear	These wall-mounted trousers are formed chiefly from cotton and proportioned for domestic wear. Their working edges, contact points and load-bearing surfaces are finished for repeated handling, while visible joins make the method of construction easy to inspect. The particular balance of form, material and service duty distinguishes them from neighbouring catalogue entries.	Small	Standard	4784	500	cotton	Era / Industrial Era;Era / Modern Era;Era / Nuclear Era;Era / Information Age Era	Wear_Trousers		portable		0			industrial_clothing	Authored Clothing, footwear and uniforms matrix: wall-mounted/trousers/domestic/cotton; priced by industrial_clothing analogue.	false	
industrialised_clothing_footwear_uniforms_0260_wall_mounted_boots	shared-industrialised	Clothing, footwear and uniforms	industrial;modern;nuclear;information	boots	some wall-mounted linen boots for domestic wear	These wall-mounted boots are formed chiefly from linen and proportioned for domestic wear. Their working edges, contact points and load-bearing surfaces are finished for repeated handling, while visible joins make the method of construction easy to inspect. The particular balance of form, material and service duty distinguishes them from neighbouring catalogue entries.	Small	Standard	4821	1	linen	Era / Industrial Era;Era / Modern Era;Era / Nuclear Era;Era / Information Age Era	Wear_Boots		portable		0		industrialised_clothing_footwear_uniforms_0001_plain_rag	industrial_clothing	Authored Clothing, footwear and uniforms matrix: wall-mounted/boots/domestic/linen; priced by industrial_clothing analogue.	false	salvage
industrialised_clothing_footwear_uniforms_0261_wall_mounted_dress	shared-industrialised	Clothing, footwear and uniforms	industrial;modern;nuclear;information	dress	a wall-mounted wool dress for domestic wear	This wall-mounted dress is formed chiefly from wool and proportioned for domestic wear. Its working edges, contact points and load-bearing surfaces are finished for repeated handling, while visible joins make the method of construction easy to inspect. The particular balance of form, material and service duty distinguishes it from neighbouring catalogue entries.	Small	Standard	4858	2	wool	Era / Industrial Era;Era / Modern Era;Era / Nuclear Era;Era / Information Age Era	Wear_Dress		portable		0			industrial_clothing	Authored Clothing, footwear and uniforms matrix: wall-mounted/dress/domestic/wool; priced by industrial_clothing analogue.	false	
industrialised_clothing_footwear_uniforms_0262_wall_mounted_jacket	shared-industrialised	Clothing, footwear and uniforms	industrial;modern;nuclear;information	jacket	a wall-mounted leather jacket for domestic wear	This wall-mounted jacket is formed chiefly from leather and proportioned for domestic wear. Its working edges, contact points and load-bearing surfaces are finished for repeated handling, while visible joins make the method of construction easy to inspect. The particular balance of form, material and service duty distinguishes it from neighbouring catalogue entries.	Small	Standard	4895	5	leather	Era / Industrial Era;Era / Modern Era;Era / Nuclear Era;Era / Information Age Era	Wear_Jacket		portable		0			industrial_clothing	Authored Clothing, footwear and uniforms matrix: wall-mounted/jacket/domestic/leather; priced by industrial_clothing analogue.	false	
industrialised_clothing_footwear_uniforms_0263_wall_mounted_hat	shared-industrialised	Clothing, footwear and uniforms	industrial;modern;nuclear;information	hat	a wall-mounted cotton hat for domestic wear	This wall-mounted hat is formed chiefly from cotton and proportioned for domestic wear. Its working edges, contact points and load-bearing surfaces are finished for repeated handling, while visible joins make the method of construction easy to inspect. The particular balance of form, material and service duty distinguishes it from neighbouring catalogue entries.	Small	Standard	4932	10	cotton	Era / Industrial Era;Era / Modern Era;Era / Nuclear Era;Era / Information Age Era	Wear_Hat		portable		0			industrial_clothing	Authored Clothing, footwear and uniforms matrix: wall-mounted/hat/domestic/cotton; priced by industrial_clothing analogue.	false	
industrialised_clothing_footwear_uniforms_0264_wall_mounted_gloves	shared-industrialised	Clothing, footwear and uniforms	industrial;modern;nuclear;information	gloves	some wall-mounted linen gloves for domestic wear	These wall-mounted gloves are formed chiefly from linen and proportioned for domestic wear. Their working edges, contact points and load-bearing surfaces are finished for repeated handling, while visible joins make the method of construction easy to inspect. The particular balance of form, material and service duty distinguishes them from neighbouring catalogue entries.	Small	Standard	4969	20	linen	Era / Industrial Era;Era / Modern Era;Era / Nuclear Era;Era / Information Age Era	Wear_Gloves		portable		0			industrial_clothing	Authored Clothing, footwear and uniforms matrix: wall-mounted/gloves/domestic/linen; priced by industrial_clothing analogue.	false	
industrialised_clothing_footwear_uniforms_0265_wall_mounted_scarf	shared-industrialised	Clothing, footwear and uniforms	industrial;modern;nuclear;information	scarf	a wall-mounted wool scarf for domestic wear	This wall-mounted scarf is formed chiefly from wool and proportioned for domestic wear. Its working edges, contact points and load-bearing surfaces are finished for repeated handling, while visible joins make the method of construction easy to inspect. The particular balance of form, material and service duty distinguishes it from neighbouring catalogue entries.	Small	Standard	56	50	wool	Era / Industrial Era;Era / Modern Era;Era / Nuclear Era;Era / Information Age Era	Wear_Scarf		portable		0		industrialised_clothing_footwear_uniforms_0001_plain_rag	industrial_clothing	Authored Clothing, footwear and uniforms matrix: wall-mounted/scarf/domestic/wool; priced by industrial_clothing analogue.	false	salvage
industrialised_clothing_footwear_uniforms_0266_wall_mounted_skirt	shared-industrialised	Clothing, footwear and uniforms	industrial;modern;nuclear;information	skirt	a wall-mounted leather skirt for domestic wear	This wall-mounted skirt is formed chiefly from leather and proportioned for domestic wear. Its working edges, contact points and load-bearing surfaces are finished for repeated handling, while visible joins make the method of construction easy to inspect. The particular balance of form, material and service duty distinguishes it from neighbouring catalogue entries.	Small	Standard	93	100	leather	Era / Industrial Era;Era / Modern Era;Era / Nuclear Era;Era / Information Age Era	Wear_Skirt		portable		0			industrial_clothing	Authored Clothing, footwear and uniforms matrix: wall-mounted/skirt/domestic/leather; priced by industrial_clothing analogue.	false	
industrialised_clothing_footwear_uniforms_0267_wall_mounted_socks	shared-industrialised	Clothing, footwear and uniforms	industrial;modern;nuclear;information	socks	some wall-mounted cotton socks for domestic wear	These wall-mounted socks are formed chiefly from cotton and proportioned for domestic wear. Their working edges, contact points and load-bearing surfaces are finished for repeated handling, while visible joins make the method of construction easy to inspect. The particular balance of form, material and service duty distinguishes them from neighbouring catalogue entries.	Small	Standard	130	200	cotton	Era / Industrial Era;Era / Modern Era;Era / Nuclear Era;Era / Information Age Era	Wear_Socks		portable		0			industrial_clothing	Authored Clothing, footwear and uniforms matrix: wall-mounted/socks/domestic/cotton; priced by industrial_clothing analogue.	false	
industrialised_clothing_footwear_uniforms_0268_wall_mounted_vest	shared-industrialised	Clothing, footwear and uniforms	industrial;modern;nuclear;information	vest	a wall-mounted linen vest for domestic wear	This wall-mounted vest is formed chiefly from linen and proportioned for domestic wear. Its working edges, contact points and load-bearing surfaces are finished for repeated handling, while visible joins make the method of construction easy to inspect. The particular balance of form, material and service duty distinguishes it from neighbouring catalogue entries.	Small	Standard	167	500	linen	Era / Industrial Era;Era / Modern Era;Era / Nuclear Era;Era / Information Age Era	Wear_Vest		portable		0			industrial_clothing	Authored Clothing, footwear and uniforms matrix: wall-mounted/vest/domestic/linen; priced by industrial_clothing analogue.	false	
industrialised_clothing_footwear_uniforms_0269_wall_mounted_coat	shared-industrialised	Clothing, footwear and uniforms	industrial;modern;nuclear;information	coat	a wall-mounted wool coat for domestic wear	This wall-mounted coat is formed chiefly from wool and proportioned for domestic wear. Its working edges, contact points and load-bearing surfaces are finished for repeated handling, while visible joins make the method of construction easy to inspect. The particular balance of form, material and service duty distinguishes it from neighbouring catalogue entries.	Small	Standard	204	1	wool	Era / Industrial Era;Era / Modern Era;Era / Nuclear Era;Era / Information Age Era	Wear_Jacket		portable		0			industrial_clothing	Authored Clothing, footwear and uniforms matrix: wall-mounted/coat/domestic/wool; priced by industrial_clothing analogue.	false	
industrialised_clothing_footwear_uniforms_0270_wall_mounted_smock	shared-industrialised	Clothing, footwear and uniforms	industrial;modern;nuclear;information	smock	a wall-mounted leather smock for domestic wear	This wall-mounted smock is formed chiefly from leather and proportioned for domestic wear. Its working edges, contact points and load-bearing surfaces are finished for repeated handling, while visible joins make the method of construction easy to inspect. The particular balance of form, material and service duty distinguishes it from neighbouring catalogue entries.	Small	Standard	241	2	leather	Era / Industrial Era;Era / Modern Era;Era / Nuclear Era;Era / Information Age Era	Wear_Shirt		portable		0		industrialised_clothing_footwear_uniforms_0001_plain_rag	industrial_clothing	Authored Clothing, footwear and uniforms matrix: wall-mounted/smock/domestic/leather; priced by industrial_clothing analogue.	false	salvage
industrialised_clothing_footwear_uniforms_0271_travel_rag	shared-industrialised	Clothing, footwear and uniforms	industrial;modern;nuclear;information	rag	a travel cotton rag for domestic wear	This travel rag is formed chiefly from cotton and proportioned for domestic wear. Its working edges, contact points and load-bearing surfaces are finished for repeated handling, while visible joins make the method of construction easy to inspect. The particular balance of form, material and service duty distinguishes it from neighbouring catalogue entries.	Small	Standard	278	5	cotton	Era / Industrial Era;Era / Modern Era;Era / Nuclear Era;Era / Information Age Era	Wear_Apron		portable		0			industrial_clothing	Authored Clothing, footwear and uniforms matrix: travel/rag/domestic/cotton; priced by industrial_clothing analogue.	false	
industrialised_clothing_footwear_uniforms_0272_travel_apron	shared-industrialised	Clothing, footwear and uniforms	industrial;modern;nuclear;information	apron	a travel linen apron for domestic wear	This travel apron is formed chiefly from linen and proportioned for domestic wear. Its working edges, contact points and load-bearing surfaces are finished for repeated handling, while visible joins make the method of construction easy to inspect. The particular balance of form, material and service duty distinguishes it from neighbouring catalogue entries.	Small	Standard	315	10	linen	Era / Industrial Era;Era / Modern Era;Era / Nuclear Era;Era / Information Age Era	Wear_Apron		portable		0			industrial_clothing	Authored Clothing, footwear and uniforms matrix: travel/apron/domestic/linen; priced by industrial_clothing analogue.	false	
industrialised_clothing_footwear_uniforms_0273_travel_shirt	shared-industrialised	Clothing, footwear and uniforms	industrial;modern;nuclear;information	shirt	a travel wool shirt for domestic wear	This travel shirt is formed chiefly from wool and proportioned for domestic wear. Its working edges, contact points and load-bearing surfaces are finished for repeated handling, while visible joins make the method of construction easy to inspect. The particular balance of form, material and service duty distinguishes it from neighbouring catalogue entries.	Small	Standard	352	20	wool	Era / Industrial Era;Era / Modern Era;Era / Nuclear Era;Era / Information Age Era	Wear_Shirt		portable		0			industrial_clothing	Authored Clothing, footwear and uniforms matrix: travel/shirt/domestic/wool; priced by industrial_clothing analogue.	false	
industrialised_clothing_footwear_uniforms_0274_travel_trousers	shared-industrialised	Clothing, footwear and uniforms	industrial;modern;nuclear;information	trousers	some travel leather trousers for domestic wear	These travel trousers are formed chiefly from leather and proportioned for domestic wear. Their working edges, contact points and load-bearing surfaces are finished for repeated handling, while visible joins make the method of construction easy to inspect. The particular balance of form, material and service duty distinguishes them from neighbouring catalogue entries.	Small	Standard	389	50	leather	Era / Industrial Era;Era / Modern Era;Era / Nuclear Era;Era / Information Age Era	Wear_Trousers		portable		0			industrial_clothing	Authored Clothing, footwear and uniforms matrix: travel/trousers/domestic/leather; priced by industrial_clothing analogue.	false	
industrialised_clothing_footwear_uniforms_0275_travel_boots	shared-industrialised	Clothing, footwear and uniforms	industrial;modern;nuclear;information	boots	some travel cotton boots for domestic wear	These travel boots are formed chiefly from cotton and proportioned for domestic wear. Their working edges, contact points and load-bearing surfaces are finished for repeated handling, while visible joins make the method of construction easy to inspect. The particular balance of form, material and service duty distinguishes them from neighbouring catalogue entries.	Small	Standard	426	100	cotton	Era / Industrial Era;Era / Modern Era;Era / Nuclear Era;Era / Information Age Era	Wear_Boots		portable		0		industrialised_clothing_footwear_uniforms_0001_plain_rag	industrial_clothing	Authored Clothing, footwear and uniforms matrix: travel/boots/domestic/cotton; priced by industrial_clothing analogue.	false	salvage
industrialised_clothing_footwear_uniforms_0276_travel_dress	shared-industrialised	Clothing, footwear and uniforms	industrial;modern;nuclear;information	dress	a travel linen dress for domestic wear	This travel dress is formed chiefly from linen and proportioned for domestic wear. Its working edges, contact points and load-bearing surfaces are finished for repeated handling, while visible joins make the method of construction easy to inspect. The particular balance of form, material and service duty distinguishes it from neighbouring catalogue entries.	Small	Standard	463	200	linen	Era / Industrial Era;Era / Modern Era;Era / Nuclear Era;Era / Information Age Era	Wear_Dress		portable		0			industrial_clothing	Authored Clothing, footwear and uniforms matrix: travel/dress/domestic/linen; priced by industrial_clothing analogue.	false	
industrialised_clothing_footwear_uniforms_0277_travel_jacket	shared-industrialised	Clothing, footwear and uniforms	industrial;modern;nuclear;information	jacket	a travel wool jacket for domestic wear	This travel jacket is formed chiefly from wool and proportioned for domestic wear. Its working edges, contact points and load-bearing surfaces are finished for repeated handling, while visible joins make the method of construction easy to inspect. The particular balance of form, material and service duty distinguishes it from neighbouring catalogue entries.	Small	Standard	500	500	wool	Era / Industrial Era;Era / Modern Era;Era / Nuclear Era;Era / Information Age Era	Wear_Jacket		portable		0			industrial_clothing	Authored Clothing, footwear and uniforms matrix: travel/jacket/domestic/wool; priced by industrial_clothing analogue.	false	
industrialised_clothing_footwear_uniforms_0278_travel_hat	shared-industrialised	Clothing, footwear and uniforms	industrial;modern;nuclear;information	hat	a travel leather hat for domestic wear	This travel hat is formed chiefly from leather and proportioned for domestic wear. Its working edges, contact points and load-bearing surfaces are finished for repeated handling, while visible joins make the method of construction easy to inspect. The particular balance of form, material and service duty distinguishes it from neighbouring catalogue entries.	Small	Standard	537	1	leather	Era / Industrial Era;Era / Modern Era;Era / Nuclear Era;Era / Information Age Era	Wear_Hat		portable		0			industrial_clothing	Authored Clothing, footwear and uniforms matrix: travel/hat/domestic/leather; priced by industrial_clothing analogue.	false	
industrialised_clothing_footwear_uniforms_0279_travel_gloves	shared-industrialised	Clothing, footwear and uniforms	industrial;modern;nuclear;information	gloves	some travel cotton gloves for domestic wear	These travel gloves are formed chiefly from cotton and proportioned for domestic wear. Their working edges, contact points and load-bearing surfaces are finished for repeated handling, while visible joins make the method of construction easy to inspect. The particular balance of form, material and service duty distinguishes them from neighbouring catalogue entries.	Small	Standard	574	2	cotton	Era / Industrial Era;Era / Modern Era;Era / Nuclear Era;Era / Information Age Era	Wear_Gloves		portable		0			industrial_clothing	Authored Clothing, footwear and uniforms matrix: travel/gloves/domestic/cotton; priced by industrial_clothing analogue.	false	
industrialised_clothing_footwear_uniforms_0280_travel_scarf	shared-industrialised	Clothing, footwear and uniforms	industrial;modern;nuclear;information	scarf	a travel linen scarf for domestic wear	This travel scarf is formed chiefly from linen and proportioned for domestic wear. Its working edges, contact points and load-bearing surfaces are finished for repeated handling, while visible joins make the method of construction easy to inspect. The particular balance of form, material and service duty distinguishes it from neighbouring catalogue entries.	Small	Standard	611	5	linen	Era / Industrial Era;Era / Modern Era;Era / Nuclear Era;Era / Information Age Era	Wear_Scarf		portable		0		industrialised_clothing_footwear_uniforms_0001_plain_rag	industrial_clothing	Authored Clothing, footwear and uniforms matrix: travel/scarf/domestic/linen; priced by industrial_clothing analogue.	false	salvage
industrialised_clothing_footwear_uniforms_0281_travel_skirt	shared-industrialised	Clothing, footwear and uniforms	industrial;modern;nuclear;information	skirt	a travel wool skirt for domestic wear	This travel skirt is formed chiefly from wool and proportioned for domestic wear. Its working edges, contact points and load-bearing surfaces are finished for repeated handling, while visible joins make the method of construction easy to inspect. The particular balance of form, material and service duty distinguishes it from neighbouring catalogue entries.	Small	Standard	648	10	wool	Era / Industrial Era;Era / Modern Era;Era / Nuclear Era;Era / Information Age Era	Wear_Skirt		portable		0			industrial_clothing	Authored Clothing, footwear and uniforms matrix: travel/skirt/domestic/wool; priced by industrial_clothing analogue.	false	
industrialised_clothing_footwear_uniforms_0282_travel_socks	shared-industrialised	Clothing, footwear and uniforms	industrial;modern;nuclear;information	socks	some travel leather socks for domestic wear	These travel socks are formed chiefly from leather and proportioned for domestic wear. Their working edges, contact points and load-bearing surfaces are finished for repeated handling, while visible joins make the method of construction easy to inspect. The particular balance of form, material and service duty distinguishes them from neighbouring catalogue entries.	Small	Standard	685	20	leather	Era / Industrial Era;Era / Modern Era;Era / Nuclear Era;Era / Information Age Era	Wear_Socks		portable		0			industrial_clothing	Authored Clothing, footwear and uniforms matrix: travel/socks/domestic/leather; priced by industrial_clothing analogue.	false	
industrialised_clothing_footwear_uniforms_0283_travel_vest	shared-industrialised	Clothing, footwear and uniforms	industrial;modern;nuclear;information	vest	a travel cotton vest for domestic wear	This travel vest is formed chiefly from cotton and proportioned for domestic wear. Its working edges, contact points and load-bearing surfaces are finished for repeated handling, while visible joins make the method of construction easy to inspect. The particular balance of form, material and service duty distinguishes it from neighbouring catalogue entries.	Small	Standard	722	50	cotton	Era / Industrial Era;Era / Modern Era;Era / Nuclear Era;Era / Information Age Era	Wear_Vest		portable		0			industrial_clothing	Authored Clothing, footwear and uniforms matrix: travel/vest/domestic/cotton; priced by industrial_clothing analogue.	false	
industrialised_clothing_footwear_uniforms_0284_travel_coat	shared-industrialised	Clothing, footwear and uniforms	industrial;modern;nuclear;information	coat	a travel linen coat for domestic wear	This travel coat is formed chiefly from linen and proportioned for domestic wear. Its working edges, contact points and load-bearing surfaces are finished for repeated handling, while visible joins make the method of construction easy to inspect. The particular balance of form, material and service duty distinguishes it from neighbouring catalogue entries.	Small	Standard	759	100	linen	Era / Industrial Era;Era / Modern Era;Era / Nuclear Era;Era / Information Age Era	Wear_Jacket		portable		0			industrial_clothing	Authored Clothing, footwear and uniforms matrix: travel/coat/domestic/linen; priced by industrial_clothing analogue.	false	
industrialised_clothing_footwear_uniforms_0285_travel_smock	shared-industrialised	Clothing, footwear and uniforms	industrial;modern;nuclear;information	smock	a travel wool smock for domestic wear	This travel smock is formed chiefly from wool and proportioned for domestic wear. Its working edges, contact points and load-bearing surfaces are finished for repeated handling, while visible joins make the method of construction easy to inspect. The particular balance of form, material and service duty distinguishes it from neighbouring catalogue entries.	Small	Standard	796	200	wool	Era / Industrial Era;Era / Modern Era;Era / Nuclear Era;Era / Information Age Era	Wear_Shirt		portable		0		industrialised_clothing_footwear_uniforms_0001_plain_rag	industrial_clothing	Authored Clothing, footwear and uniforms matrix: travel/smock/domestic/wool; priced by industrial_clothing analogue.	false	salvage
industrialised_clothing_footwear_uniforms_0286_utility_rag	shared-industrialised	Clothing, footwear and uniforms	industrial;modern;nuclear;information	rag	an utility leather rag for domestic wear	This utility rag is formed chiefly from leather and proportioned for domestic wear. Its working edges, contact points and load-bearing surfaces are finished for repeated handling, while visible joins make the method of construction easy to inspect. The particular balance of form, material and service duty distinguishes it from neighbouring catalogue entries.	Small	Standard	833	500	leather	Era / Industrial Era;Era / Modern Era;Era / Nuclear Era;Era / Information Age Era	Wear_Apron		portable		0			industrial_clothing	Authored Clothing, footwear and uniforms matrix: utility/rag/domestic/leather; priced by industrial_clothing analogue.	false	
industrialised_clothing_footwear_uniforms_0287_utility_apron	shared-industrialised	Clothing, footwear and uniforms	industrial;modern;nuclear;information	apron	an utility cotton apron for domestic wear	This utility apron is formed chiefly from cotton and proportioned for domestic wear. Its working edges, contact points and load-bearing surfaces are finished for repeated handling, while visible joins make the method of construction easy to inspect. The particular balance of form, material and service duty distinguishes it from neighbouring catalogue entries.	Small	Standard	870	1	cotton	Era / Industrial Era;Era / Modern Era;Era / Nuclear Era;Era / Information Age Era	Wear_Apron		portable		0			industrial_clothing	Authored Clothing, footwear and uniforms matrix: utility/apron/domestic/cotton; priced by industrial_clothing analogue.	false	
industrialised_clothing_footwear_uniforms_0288_utility_shirt	shared-industrialised	Clothing, footwear and uniforms	industrial;modern;nuclear;information	shirt	an utility linen shirt for domestic wear	This utility shirt is formed chiefly from linen and proportioned for domestic wear. Its working edges, contact points and load-bearing surfaces are finished for repeated handling, while visible joins make the method of construction easy to inspect. The particular balance of form, material and service duty distinguishes it from neighbouring catalogue entries.	Small	Standard	907	2	linen	Era / Industrial Era;Era / Modern Era;Era / Nuclear Era;Era / Information Age Era	Wear_Shirt		portable		0			industrial_clothing	Authored Clothing, footwear and uniforms matrix: utility/shirt/domestic/linen; priced by industrial_clothing analogue.	false	
industrialised_clothing_footwear_uniforms_0289_utility_trousers	shared-industrialised	Clothing, footwear and uniforms	industrial;modern;nuclear;information	trousers	some utility wool trousers for domestic wear	These utility trousers are formed chiefly from wool and proportioned for domestic wear. Their working edges, contact points and load-bearing surfaces are finished for repeated handling, while visible joins make the method of construction easy to inspect. The particular balance of form, material and service duty distinguishes them from neighbouring catalogue entries.	Small	Standard	944	5	wool	Era / Industrial Era;Era / Modern Era;Era / Nuclear Era;Era / Information Age Era	Wear_Trousers		portable		0			industrial_clothing	Authored Clothing, footwear and uniforms matrix: utility/trousers/domestic/wool; priced by industrial_clothing analogue.	false	
industrialised_clothing_footwear_uniforms_0290_utility_boots	shared-industrialised	Clothing, footwear and uniforms	industrial;modern;nuclear;information	boots	some utility leather boots for domestic wear	These utility boots are formed chiefly from leather and proportioned for domestic wear. Their working edges, contact points and load-bearing surfaces are finished for repeated handling, while visible joins make the method of construction easy to inspect. The particular balance of form, material and service duty distinguishes them from neighbouring catalogue entries.	Small	Standard	981	10	leather	Era / Industrial Era;Era / Modern Era;Era / Nuclear Era;Era / Information Age Era	Wear_Boots		portable		0		industrialised_clothing_footwear_uniforms_0001_plain_rag	industrial_clothing	Authored Clothing, footwear and uniforms matrix: utility/boots/domestic/leather; priced by industrial_clothing analogue.	false	salvage
industrialised_clothing_footwear_uniforms_0291_utility_dress	shared-industrialised	Clothing, footwear and uniforms	industrial;modern;nuclear;information	dress	an utility cotton dress for domestic wear	This utility dress is formed chiefly from cotton and proportioned for domestic wear. Its working edges, contact points and load-bearing surfaces are finished for repeated handling, while visible joins make the method of construction easy to inspect. The particular balance of form, material and service duty distinguishes it from neighbouring catalogue entries.	Small	Standard	1018	20	cotton	Era / Industrial Era;Era / Modern Era;Era / Nuclear Era;Era / Information Age Era	Wear_Dress		portable		0			industrial_clothing	Authored Clothing, footwear and uniforms matrix: utility/dress/domestic/cotton; priced by industrial_clothing analogue.	false	
industrialised_clothing_footwear_uniforms_0292_utility_jacket	shared-industrialised	Clothing, footwear and uniforms	industrial;modern;nuclear;information	jacket	an utility linen jacket for domestic wear	This utility jacket is formed chiefly from linen and proportioned for domestic wear. Its working edges, contact points and load-bearing surfaces are finished for repeated handling, while visible joins make the method of construction easy to inspect. The particular balance of form, material and service duty distinguishes it from neighbouring catalogue entries.	Small	Standard	1055	50	linen	Era / Industrial Era;Era / Modern Era;Era / Nuclear Era;Era / Information Age Era	Wear_Jacket		portable		0			industrial_clothing	Authored Clothing, footwear and uniforms matrix: utility/jacket/domestic/linen; priced by industrial_clothing analogue.	false	
industrialised_clothing_footwear_uniforms_0293_utility_hat	shared-industrialised	Clothing, footwear and uniforms	industrial;modern;nuclear;information	hat	an utility wool hat for domestic wear	This utility hat is formed chiefly from wool and proportioned for domestic wear. Its working edges, contact points and load-bearing surfaces are finished for repeated handling, while visible joins make the method of construction easy to inspect. The particular balance of form, material and service duty distinguishes it from neighbouring catalogue entries.	Small	Standard	1092	100	wool	Era / Industrial Era;Era / Modern Era;Era / Nuclear Era;Era / Information Age Era	Wear_Hat		portable		0			industrial_clothing	Authored Clothing, footwear and uniforms matrix: utility/hat/domestic/wool; priced by industrial_clothing analogue.	false	
industrialised_clothing_footwear_uniforms_0294_utility_gloves	shared-industrialised	Clothing, footwear and uniforms	industrial;modern;nuclear;information	gloves	some utility leather gloves for domestic wear	These utility gloves are formed chiefly from leather and proportioned for domestic wear. Their working edges, contact points and load-bearing surfaces are finished for repeated handling, while visible joins make the method of construction easy to inspect. The particular balance of form, material and service duty distinguishes them from neighbouring catalogue entries.	Small	Standard	1129	200	leather	Era / Industrial Era;Era / Modern Era;Era / Nuclear Era;Era / Information Age Era	Wear_Gloves		portable		0			industrial_clothing	Authored Clothing, footwear and uniforms matrix: utility/gloves/domestic/leather; priced by industrial_clothing analogue.	false	
industrialised_clothing_footwear_uniforms_0295_utility_scarf	shared-industrialised	Clothing, footwear and uniforms	industrial;modern;nuclear;information	scarf	an utility cotton scarf for domestic wear	This utility scarf is formed chiefly from cotton and proportioned for domestic wear. Its working edges, contact points and load-bearing surfaces are finished for repeated handling, while visible joins make the method of construction easy to inspect. The particular balance of form, material and service duty distinguishes it from neighbouring catalogue entries.	Small	Standard	1166	500	cotton	Era / Industrial Era;Era / Modern Era;Era / Nuclear Era;Era / Information Age Era	Wear_Scarf		portable		0		industrialised_clothing_footwear_uniforms_0001_plain_rag	industrial_clothing	Authored Clothing, footwear and uniforms matrix: utility/scarf/domestic/cotton; priced by industrial_clothing analogue.	false	salvage
industrialised_clothing_footwear_uniforms_0296_utility_skirt	shared-industrialised	Clothing, footwear and uniforms	industrial;modern;nuclear;information	skirt	an utility linen skirt for domestic wear	This utility skirt is formed chiefly from linen and proportioned for domestic wear. Its working edges, contact points and load-bearing surfaces are finished for repeated handling, while visible joins make the method of construction easy to inspect. The particular balance of form, material and service duty distinguishes it from neighbouring catalogue entries.	Small	Standard	1203	1	linen	Era / Industrial Era;Era / Modern Era;Era / Nuclear Era;Era / Information Age Era	Wear_Skirt		portable		0			industrial_clothing	Authored Clothing, footwear and uniforms matrix: utility/skirt/domestic/linen; priced by industrial_clothing analogue.	false	
industrialised_clothing_footwear_uniforms_0297_utility_socks	shared-industrialised	Clothing, footwear and uniforms	industrial;modern;nuclear;information	socks	some utility wool socks for domestic wear	These utility socks are formed chiefly from wool and proportioned for domestic wear. Their working edges, contact points and load-bearing surfaces are finished for repeated handling, while visible joins make the method of construction easy to inspect. The particular balance of form, material and service duty distinguishes them from neighbouring catalogue entries.	Small	Standard	1240	2	wool	Era / Industrial Era;Era / Modern Era;Era / Nuclear Era;Era / Information Age Era	Wear_Socks		portable		0			industrial_clothing	Authored Clothing, footwear and uniforms matrix: utility/socks/domestic/wool; priced by industrial_clothing analogue.	false	
industrialised_clothing_footwear_uniforms_0298_utility_vest	shared-industrialised	Clothing, footwear and uniforms	industrial;modern;nuclear;information	vest	an utility leather vest for domestic wear	This utility vest is formed chiefly from leather and proportioned for domestic wear. Its working edges, contact points and load-bearing surfaces are finished for repeated handling, while visible joins make the method of construction easy to inspect. The particular balance of form, material and service duty distinguishes it from neighbouring catalogue entries.	Small	Standard	1277	5	leather	Era / Industrial Era;Era / Modern Era;Era / Nuclear Era;Era / Information Age Era	Wear_Vest		portable		0			industrial_clothing	Authored Clothing, footwear and uniforms matrix: utility/vest/domestic/leather; priced by industrial_clothing analogue.	false	
industrialised_clothing_footwear_uniforms_0299_utility_coat	shared-industrialised	Clothing, footwear and uniforms	industrial;modern;nuclear;information	coat	an utility cotton coat for domestic wear	This utility coat is formed chiefly from cotton and proportioned for domestic wear. Its working edges, contact points and load-bearing surfaces are finished for repeated handling, while visible joins make the method of construction easy to inspect. The particular balance of form, material and service duty distinguishes it from neighbouring catalogue entries.	Small	Standard	1314	10	cotton	Era / Industrial Era;Era / Modern Era;Era / Nuclear Era;Era / Information Age Era	Wear_Jacket		portable		0			industrial_clothing	Authored Clothing, footwear and uniforms matrix: utility/coat/domestic/cotton; priced by industrial_clothing analogue.	false	
industrialised_clothing_footwear_uniforms_0300_utility_smock	shared-industrialised	Clothing, footwear and uniforms	industrial;modern;nuclear;information	smock	an utility linen smock for domestic wear	This utility smock is formed chiefly from linen and proportioned for domestic wear. Its working edges, contact points and load-bearing surfaces are finished for repeated handling, while visible joins make the method of construction easy to inspect. The particular balance of form, material and service duty distinguishes it from neighbouring catalogue entries.	Small	Standard	1351	20	linen	Era / Industrial Era;Era / Modern Era;Era / Nuclear Era;Era / Information Age Era	Wear_Shirt		portable		0		industrialised_clothing_footwear_uniforms_0001_plain_rag	industrial_clothing	Authored Clothing, footwear and uniforms matrix: utility/smock/domestic/linen; priced by industrial_clothing analogue.	false	salvage
industrialised_clothing_footwear_uniforms_0301_plain_rag	shared-industrialised	Clothing, footwear and uniforms	industrial;modern;nuclear;information	rag	a plain wool rag for workshop wear	This plain rag is formed chiefly from wool and proportioned for workshop wear. Its working edges, contact points and load-bearing surfaces are finished for repeated handling, while visible joins make the method of construction easy to inspect. The particular balance of form, material and service duty distinguishes it from neighbouring catalogue entries.	Small	Standard	1388	50	wool	Era / Industrial Era;Era / Modern Era;Era / Nuclear Era;Era / Information Age Era	Wear_Apron		portable		0			industrial_clothing	Authored Clothing, footwear and uniforms matrix: plain/rag/workshop/wool; priced by industrial_clothing analogue.	false	
industrialised_clothing_footwear_uniforms_0302_plain_apron	shared-industrialised	Clothing, footwear and uniforms	industrial;modern;nuclear;information	apron	a plain leather apron for workshop wear	This plain apron is formed chiefly from leather and proportioned for workshop wear. Its working edges, contact points and load-bearing surfaces are finished for repeated handling, while visible joins make the method of construction easy to inspect. The particular balance of form, material and service duty distinguishes it from neighbouring catalogue entries.	Small	Standard	1425	100	leather	Era / Industrial Era;Era / Modern Era;Era / Nuclear Era;Era / Information Age Era	Wear_Apron		portable		0			industrial_clothing	Authored Clothing, footwear and uniforms matrix: plain/apron/workshop/leather; priced by industrial_clothing analogue.	false	
industrialised_clothing_footwear_uniforms_0303_plain_shirt	shared-industrialised	Clothing, footwear and uniforms	industrial;modern;nuclear;information	shirt	a plain cotton shirt for workshop wear	This plain shirt is formed chiefly from cotton and proportioned for workshop wear. Its working edges, contact points and load-bearing surfaces are finished for repeated handling, while visible joins make the method of construction easy to inspect. The particular balance of form, material and service duty distinguishes it from neighbouring catalogue entries.	Small	Standard	1462	200	cotton	Era / Industrial Era;Era / Modern Era;Era / Nuclear Era;Era / Information Age Era	Wear_Shirt		portable		0			industrial_clothing	Authored Clothing, footwear and uniforms matrix: plain/shirt/workshop/cotton; priced by industrial_clothing analogue.	false	
industrialised_clothing_footwear_uniforms_0304_plain_trousers	shared-industrialised	Clothing, footwear and uniforms	industrial;modern;nuclear;information	trousers	some plain linen trousers for workshop wear	These plain trousers are formed chiefly from linen and proportioned for workshop wear. Their working edges, contact points and load-bearing surfaces are finished for repeated handling, while visible joins make the method of construction easy to inspect. The particular balance of form, material and service duty distinguishes them from neighbouring catalogue entries.	Small	Standard	1499	500	linen	Era / Industrial Era;Era / Modern Era;Era / Nuclear Era;Era / Information Age Era	Wear_Trousers		portable		0			industrial_clothing	Authored Clothing, footwear and uniforms matrix: plain/trousers/workshop/linen; priced by industrial_clothing analogue.	false	
industrialised_clothing_footwear_uniforms_0305_plain_boots	shared-industrialised	Clothing, footwear and uniforms	industrial;modern;nuclear;information	boots	some plain wool boots for workshop wear	These plain boots are formed chiefly from wool and proportioned for workshop wear. Their working edges, contact points and load-bearing surfaces are finished for repeated handling, while visible joins make the method of construction easy to inspect. The particular balance of form, material and service duty distinguishes them from neighbouring catalogue entries.	Small	Standard	1536	1	wool	Era / Industrial Era;Era / Modern Era;Era / Nuclear Era;Era / Information Age Era	Wear_Boots		portable		0		industrialised_clothing_footwear_uniforms_0001_plain_rag	industrial_clothing	Authored Clothing, footwear and uniforms matrix: plain/boots/workshop/wool; priced by industrial_clothing analogue.	false	salvage
industrialised_clothing_footwear_uniforms_0306_plain_dress	shared-industrialised	Clothing, footwear and uniforms	industrial;modern;nuclear;information	dress	a plain leather dress for workshop wear	This plain dress is formed chiefly from leather and proportioned for workshop wear. Its working edges, contact points and load-bearing surfaces are finished for repeated handling, while visible joins make the method of construction easy to inspect. The particular balance of form, material and service duty distinguishes it from neighbouring catalogue entries.	Small	Standard	1573	2	leather	Era / Industrial Era;Era / Modern Era;Era / Nuclear Era;Era / Information Age Era	Wear_Dress		portable		0			industrial_clothing	Authored Clothing, footwear and uniforms matrix: plain/dress/workshop/leather; priced by industrial_clothing analogue.	false	
industrialised_clothing_footwear_uniforms_0307_plain_jacket	shared-industrialised	Clothing, footwear and uniforms	industrial;modern;nuclear;information	jacket	a plain cotton jacket for workshop wear	This plain jacket is formed chiefly from cotton and proportioned for workshop wear. Its working edges, contact points and load-bearing surfaces are finished for repeated handling, while visible joins make the method of construction easy to inspect. The particular balance of form, material and service duty distinguishes it from neighbouring catalogue entries.	Small	Standard	1610	5	cotton	Era / Industrial Era;Era / Modern Era;Era / Nuclear Era;Era / Information Age Era	Wear_Jacket		portable		0			industrial_clothing	Authored Clothing, footwear and uniforms matrix: plain/jacket/workshop/cotton; priced by industrial_clothing analogue.	false	
industrialised_clothing_footwear_uniforms_0308_plain_hat	shared-industrialised	Clothing, footwear and uniforms	industrial;modern;nuclear;information	hat	a plain linen hat for workshop wear	This plain hat is formed chiefly from linen and proportioned for workshop wear. Its working edges, contact points and load-bearing surfaces are finished for repeated handling, while visible joins make the method of construction easy to inspect. The particular balance of form, material and service duty distinguishes it from neighbouring catalogue entries.	Small	Standard	1647	10	linen	Era / Industrial Era;Era / Modern Era;Era / Nuclear Era;Era / Information Age Era	Wear_Hat		portable		0			industrial_clothing	Authored Clothing, footwear and uniforms matrix: plain/hat/workshop/linen; priced by industrial_clothing analogue.	false	
industrialised_clothing_footwear_uniforms_0309_plain_gloves	shared-industrialised	Clothing, footwear and uniforms	industrial;modern;nuclear;information	gloves	some plain wool gloves for workshop wear	These plain gloves are formed chiefly from wool and proportioned for workshop wear. Their working edges, contact points and load-bearing surfaces are finished for repeated handling, while visible joins make the method of construction easy to inspect. The particular balance of form, material and service duty distinguishes them from neighbouring catalogue entries.	Small	Standard	1684	20	wool	Era / Industrial Era;Era / Modern Era;Era / Nuclear Era;Era / Information Age Era	Wear_Gloves		portable		0			industrial_clothing	Authored Clothing, footwear and uniforms matrix: plain/gloves/workshop/wool; priced by industrial_clothing analogue.	false	
industrialised_clothing_footwear_uniforms_0310_plain_scarf	shared-industrialised	Clothing, footwear and uniforms	industrial;modern;nuclear;information	scarf	a plain leather scarf for workshop wear	This plain scarf is formed chiefly from leather and proportioned for workshop wear. Its working edges, contact points and load-bearing surfaces are finished for repeated handling, while visible joins make the method of construction easy to inspect. The particular balance of form, material and service duty distinguishes it from neighbouring catalogue entries.	Small	Standard	1721	50	leather	Era / Industrial Era;Era / Modern Era;Era / Nuclear Era;Era / Information Age Era	Wear_Scarf		portable		0		industrialised_clothing_footwear_uniforms_0001_plain_rag	industrial_clothing	Authored Clothing, footwear and uniforms matrix: plain/scarf/workshop/leather; priced by industrial_clothing analogue.	false	salvage
industrialised_clothing_footwear_uniforms_0311_plain_skirt	shared-industrialised	Clothing, footwear and uniforms	industrial;modern;nuclear;information	skirt	a plain cotton skirt for workshop wear	This plain skirt is formed chiefly from cotton and proportioned for workshop wear. Its working edges, contact points and load-bearing surfaces are finished for repeated handling, while visible joins make the method of construction easy to inspect. The particular balance of form, material and service duty distinguishes it from neighbouring catalogue entries.	Small	Standard	1758	100	cotton	Era / Industrial Era;Era / Modern Era;Era / Nuclear Era;Era / Information Age Era	Wear_Skirt		portable		0			industrial_clothing	Authored Clothing, footwear and uniforms matrix: plain/skirt/workshop/cotton; priced by industrial_clothing analogue.	false	
industrialised_clothing_footwear_uniforms_0312_plain_socks	shared-industrialised	Clothing, footwear and uniforms	industrial;modern;nuclear;information	socks	some plain linen socks for workshop wear	These plain socks are formed chiefly from linen and proportioned for workshop wear. Their working edges, contact points and load-bearing surfaces are finished for repeated handling, while visible joins make the method of construction easy to inspect. The particular balance of form, material and service duty distinguishes them from neighbouring catalogue entries.	Small	Standard	1795	200	linen	Era / Industrial Era;Era / Modern Era;Era / Nuclear Era;Era / Information Age Era	Wear_Socks		portable		0			industrial_clothing	Authored Clothing, footwear and uniforms matrix: plain/socks/workshop/linen; priced by industrial_clothing analogue.	false	
industrialised_clothing_footwear_uniforms_0313_plain_vest	shared-industrialised	Clothing, footwear and uniforms	industrial;modern;nuclear;information	vest	a plain wool vest for workshop wear	This plain vest is formed chiefly from wool and proportioned for workshop wear. Its working edges, contact points and load-bearing surfaces are finished for repeated handling, while visible joins make the method of construction easy to inspect. The particular balance of form, material and service duty distinguishes it from neighbouring catalogue entries.	Small	Standard	1832	500	wool	Era / Industrial Era;Era / Modern Era;Era / Nuclear Era;Era / Information Age Era	Wear_Vest		portable		0			industrial_clothing	Authored Clothing, footwear and uniforms matrix: plain/vest/workshop/wool; priced by industrial_clothing analogue.	false	
industrialised_clothing_footwear_uniforms_0314_plain_coat	shared-industrialised	Clothing, footwear and uniforms	industrial;modern;nuclear;information	coat	a plain leather coat for workshop wear	This plain coat is formed chiefly from leather and proportioned for workshop wear. Its working edges, contact points and load-bearing surfaces are finished for repeated handling, while visible joins make the method of construction easy to inspect. The particular balance of form, material and service duty distinguishes it from neighbouring catalogue entries.	Small	Standard	1869	1	leather	Era / Industrial Era;Era / Modern Era;Era / Nuclear Era;Era / Information Age Era	Wear_Jacket		portable		0			industrial_clothing	Authored Clothing, footwear and uniforms matrix: plain/coat/workshop/leather; priced by industrial_clothing analogue.	false	
industrialised_clothing_footwear_uniforms_0315_plain_smock	shared-industrialised	Clothing, footwear and uniforms	industrial;modern;nuclear;information	smock	a plain cotton smock for workshop wear	This plain smock is formed chiefly from cotton and proportioned for workshop wear. Its working edges, contact points and load-bearing surfaces are finished for repeated handling, while visible joins make the method of construction easy to inspect. The particular balance of form, material and service duty distinguishes it from neighbouring catalogue entries.	Small	Standard	1906	2	cotton	Era / Industrial Era;Era / Modern Era;Era / Nuclear Era;Era / Information Age Era	Wear_Shirt		portable		0		industrialised_clothing_footwear_uniforms_0001_plain_rag	industrial_clothing	Authored Clothing, footwear and uniforms matrix: plain/smock/workshop/cotton; priced by industrial_clothing analogue.	false	salvage
industrialised_clothing_footwear_uniforms_0316_reinforced_rag	shared-industrialised	Clothing, footwear and uniforms	industrial;modern;nuclear;information	rag	a reinforced linen rag for workshop wear	This reinforced rag is formed chiefly from linen and proportioned for workshop wear. Its working edges, contact points and load-bearing surfaces are finished for repeated handling, while visible joins make the method of construction easy to inspect. The particular balance of form, material and service duty distinguishes it from neighbouring catalogue entries.	Small	Standard	1943	5	linen	Era / Industrial Era;Era / Modern Era;Era / Nuclear Era;Era / Information Age Era	Wear_Apron		portable		0			industrial_clothing	Authored Clothing, footwear and uniforms matrix: reinforced/rag/workshop/linen; priced by industrial_clothing analogue.	false	
industrialised_clothing_footwear_uniforms_0317_reinforced_apron	shared-industrialised	Clothing, footwear and uniforms	industrial;modern;nuclear;information	apron	a reinforced wool apron for workshop wear	This reinforced apron is formed chiefly from wool and proportioned for workshop wear. Its working edges, contact points and load-bearing surfaces are finished for repeated handling, while visible joins make the method of construction easy to inspect. The particular balance of form, material and service duty distinguishes it from neighbouring catalogue entries.	Small	Standard	1980	10	wool	Era / Industrial Era;Era / Modern Era;Era / Nuclear Era;Era / Information Age Era	Wear_Apron		portable		0			industrial_clothing	Authored Clothing, footwear and uniforms matrix: reinforced/apron/workshop/wool; priced by industrial_clothing analogue.	false	
industrialised_clothing_footwear_uniforms_0318_reinforced_shirt	shared-industrialised	Clothing, footwear and uniforms	industrial;modern;nuclear;information	shirt	a reinforced leather shirt for workshop wear	This reinforced shirt is formed chiefly from leather and proportioned for workshop wear. Its working edges, contact points and load-bearing surfaces are finished for repeated handling, while visible joins make the method of construction easy to inspect. The particular balance of form, material and service duty distinguishes it from neighbouring catalogue entries.	Small	Standard	2017	20	leather	Era / Industrial Era;Era / Modern Era;Era / Nuclear Era;Era / Information Age Era	Wear_Shirt		portable		0			industrial_clothing	Authored Clothing, footwear and uniforms matrix: reinforced/shirt/workshop/leather; priced by industrial_clothing analogue.	false	
industrialised_clothing_footwear_uniforms_0319_reinforced_trousers	shared-industrialised	Clothing, footwear and uniforms	industrial;modern;nuclear;information	trousers	some reinforced cotton trousers for workshop wear	These reinforced trousers are formed chiefly from cotton and proportioned for workshop wear. Their working edges, contact points and load-bearing surfaces are finished for repeated handling, while visible joins make the method of construction easy to inspect. The particular balance of form, material and service duty distinguishes them from neighbouring catalogue entries.	Small	Standard	2054	50	cotton	Era / Industrial Era;Era / Modern Era;Era / Nuclear Era;Era / Information Age Era	Wear_Trousers		portable		0			industrial_clothing	Authored Clothing, footwear and uniforms matrix: reinforced/trousers/workshop/cotton; priced by industrial_clothing analogue.	false	
industrialised_clothing_footwear_uniforms_0320_reinforced_boots	shared-industrialised	Clothing, footwear and uniforms	industrial;modern;nuclear;information	boots	some reinforced linen boots for workshop wear	These reinforced boots are formed chiefly from linen and proportioned for workshop wear. Their working edges, contact points and load-bearing surfaces are finished for repeated handling, while visible joins make the method of construction easy to inspect. The particular balance of form, material and service duty distinguishes them from neighbouring catalogue entries.	Small	Standard	2091	100	linen	Era / Industrial Era;Era / Modern Era;Era / Nuclear Era;Era / Information Age Era	Wear_Boots		portable		0		industrialised_clothing_footwear_uniforms_0001_plain_rag	industrial_clothing	Authored Clothing, footwear and uniforms matrix: reinforced/boots/workshop/linen; priced by industrial_clothing analogue.	false	salvage
industrialised_clothing_footwear_uniforms_0321_reinforced_dress	shared-industrialised	Clothing, footwear and uniforms	industrial;modern;nuclear;information	dress	a reinforced wool dress for workshop wear	This reinforced dress is formed chiefly from wool and proportioned for workshop wear. Its working edges, contact points and load-bearing surfaces are finished for repeated handling, while visible joins make the method of construction easy to inspect. The particular balance of form, material and service duty distinguishes it from neighbouring catalogue entries.	Small	Standard	2128	200	wool	Era / Industrial Era;Era / Modern Era;Era / Nuclear Era;Era / Information Age Era	Wear_Dress		portable		0			industrial_clothing	Authored Clothing, footwear and uniforms matrix: reinforced/dress/workshop/wool; priced by industrial_clothing analogue.	false	
industrialised_clothing_footwear_uniforms_0322_reinforced_jacket	shared-industrialised	Clothing, footwear and uniforms	industrial;modern;nuclear;information	jacket	a reinforced leather jacket for workshop wear	This reinforced jacket is formed chiefly from leather and proportioned for workshop wear. Its working edges, contact points and load-bearing surfaces are finished for repeated handling, while visible joins make the method of construction easy to inspect. The particular balance of form, material and service duty distinguishes it from neighbouring catalogue entries.	Small	Standard	2165	500	leather	Era / Industrial Era;Era / Modern Era;Era / Nuclear Era;Era / Information Age Era	Wear_Jacket		portable		0			industrial_clothing	Authored Clothing, footwear and uniforms matrix: reinforced/jacket/workshop/leather; priced by industrial_clothing analogue.	false	
industrialised_clothing_footwear_uniforms_0323_reinforced_hat	shared-industrialised	Clothing, footwear and uniforms	industrial;modern;nuclear;information	hat	a reinforced cotton hat for workshop wear	This reinforced hat is formed chiefly from cotton and proportioned for workshop wear. Its working edges, contact points and load-bearing surfaces are finished for repeated handling, while visible joins make the method of construction easy to inspect. The particular balance of form, material and service duty distinguishes it from neighbouring catalogue entries.	Small	Standard	2202	1	cotton	Era / Industrial Era;Era / Modern Era;Era / Nuclear Era;Era / Information Age Era	Wear_Hat		portable		0			industrial_clothing	Authored Clothing, footwear and uniforms matrix: reinforced/hat/workshop/cotton; priced by industrial_clothing analogue.	false	
industrialised_clothing_footwear_uniforms_0324_reinforced_gloves	shared-industrialised	Clothing, footwear and uniforms	industrial;modern;nuclear;information	gloves	some reinforced linen gloves for workshop wear	These reinforced gloves are formed chiefly from linen and proportioned for workshop wear. Their working edges, contact points and load-bearing surfaces are finished for repeated handling, while visible joins make the method of construction easy to inspect. The particular balance of form, material and service duty distinguishes them from neighbouring catalogue entries.	Small	Standard	2239	2	linen	Era / Industrial Era;Era / Modern Era;Era / Nuclear Era;Era / Information Age Era	Wear_Gloves		portable		0			industrial_clothing	Authored Clothing, footwear and uniforms matrix: reinforced/gloves/workshop/linen; priced by industrial_clothing analogue.	false	
industrialised_clothing_footwear_uniforms_0325_reinforced_scarf	shared-industrialised	Clothing, footwear and uniforms	industrial;modern;nuclear;information	scarf	a reinforced wool scarf for workshop wear	This reinforced scarf is formed chiefly from wool and proportioned for workshop wear. Its working edges, contact points and load-bearing surfaces are finished for repeated handling, while visible joins make the method of construction easy to inspect. The particular balance of form, material and service duty distinguishes it from neighbouring catalogue entries.	Small	Standard	2276	5	wool	Era / Industrial Era;Era / Modern Era;Era / Nuclear Era;Era / Information Age Era	Wear_Scarf		portable		0		industrialised_clothing_footwear_uniforms_0001_plain_rag	industrial_clothing	Authored Clothing, footwear and uniforms matrix: reinforced/scarf/workshop/wool; priced by industrial_clothing analogue.	false	salvage
industrialised_clothing_footwear_uniforms_0326_reinforced_skirt	shared-industrialised	Clothing, footwear and uniforms	industrial;modern;nuclear;information	skirt	a reinforced leather skirt for workshop wear	This reinforced skirt is formed chiefly from leather and proportioned for workshop wear. Its working edges, contact points and load-bearing surfaces are finished for repeated handling, while visible joins make the method of construction easy to inspect. The particular balance of form, material and service duty distinguishes it from neighbouring catalogue entries.	Small	Standard	2313	10	leather	Era / Industrial Era;Era / Modern Era;Era / Nuclear Era;Era / Information Age Era	Wear_Skirt		portable		0			industrial_clothing	Authored Clothing, footwear and uniforms matrix: reinforced/skirt/workshop/leather; priced by industrial_clothing analogue.	false	
industrialised_clothing_footwear_uniforms_0327_reinforced_socks	shared-industrialised	Clothing, footwear and uniforms	industrial;modern;nuclear;information	socks	some reinforced cotton socks for workshop wear	These reinforced socks are formed chiefly from cotton and proportioned for workshop wear. Their working edges, contact points and load-bearing surfaces are finished for repeated handling, while visible joins make the method of construction easy to inspect. The particular balance of form, material and service duty distinguishes them from neighbouring catalogue entries.	Small	Standard	2350	20	cotton	Era / Industrial Era;Era / Modern Era;Era / Nuclear Era;Era / Information Age Era	Wear_Socks		portable		0			industrial_clothing	Authored Clothing, footwear and uniforms matrix: reinforced/socks/workshop/cotton; priced by industrial_clothing analogue.	false	
industrialised_clothing_footwear_uniforms_0328_reinforced_vest	shared-industrialised	Clothing, footwear and uniforms	industrial;modern;nuclear;information	vest	a reinforced linen vest for workshop wear	This reinforced vest is formed chiefly from linen and proportioned for workshop wear. Its working edges, contact points and load-bearing surfaces are finished for repeated handling, while visible joins make the method of construction easy to inspect. The particular balance of form, material and service duty distinguishes it from neighbouring catalogue entries.	Small	Standard	2387	50	linen	Era / Industrial Era;Era / Modern Era;Era / Nuclear Era;Era / Information Age Era	Wear_Vest		portable		0			industrial_clothing	Authored Clothing, footwear and uniforms matrix: reinforced/vest/workshop/linen; priced by industrial_clothing analogue.	false	
industrialised_clothing_footwear_uniforms_0329_reinforced_coat	shared-industrialised	Clothing, footwear and uniforms	industrial;modern;nuclear;information	coat	a reinforced wool coat for workshop wear	This reinforced coat is formed chiefly from wool and proportioned for workshop wear. Its working edges, contact points and load-bearing surfaces are finished for repeated handling, while visible joins make the method of construction easy to inspect. The particular balance of form, material and service duty distinguishes it from neighbouring catalogue entries.	Small	Standard	2424	100	wool	Era / Industrial Era;Era / Modern Era;Era / Nuclear Era;Era / Information Age Era	Wear_Jacket		portable		0			industrial_clothing	Authored Clothing, footwear and uniforms matrix: reinforced/coat/workshop/wool; priced by industrial_clothing analogue.	false	
industrialised_clothing_footwear_uniforms_0330_reinforced_smock	shared-industrialised	Clothing, footwear and uniforms	industrial;modern;nuclear;information	smock	a reinforced leather smock for workshop wear	This reinforced smock is formed chiefly from leather and proportioned for workshop wear. Its working edges, contact points and load-bearing surfaces are finished for repeated handling, while visible joins make the method of construction easy to inspect. The particular balance of form, material and service duty distinguishes it from neighbouring catalogue entries.	Small	Standard	2461	200	leather	Era / Industrial Era;Era / Modern Era;Era / Nuclear Era;Era / Information Age Era	Wear_Shirt		portable		0		industrialised_clothing_footwear_uniforms_0001_plain_rag	industrial_clothing	Authored Clothing, footwear and uniforms matrix: reinforced/smock/workshop/leather; priced by industrial_clothing analogue.	false	salvage
industrialised_clothing_footwear_uniforms_0331_compact_rag	shared-industrialised	Clothing, footwear and uniforms	industrial;modern;nuclear;information	rag	a compact cotton rag for workshop wear	This compact rag is formed chiefly from cotton and proportioned for workshop wear. Its working edges, contact points and load-bearing surfaces are finished for repeated handling, while visible joins make the method of construction easy to inspect. The particular balance of form, material and service duty distinguishes it from neighbouring catalogue entries.	Small	Standard	2498	500	cotton	Era / Industrial Era;Era / Modern Era;Era / Nuclear Era;Era / Information Age Era	Wear_Apron		portable		0			industrial_clothing	Authored Clothing, footwear and uniforms matrix: compact/rag/workshop/cotton; priced by industrial_clothing analogue.	false	
industrialised_clothing_footwear_uniforms_0332_compact_apron	shared-industrialised	Clothing, footwear and uniforms	industrial;modern;nuclear;information	apron	a compact linen apron for workshop wear	This compact apron is formed chiefly from linen and proportioned for workshop wear. Its working edges, contact points and load-bearing surfaces are finished for repeated handling, while visible joins make the method of construction easy to inspect. The particular balance of form, material and service duty distinguishes it from neighbouring catalogue entries.	Small	Standard	2535	1	linen	Era / Industrial Era;Era / Modern Era;Era / Nuclear Era;Era / Information Age Era	Wear_Apron		portable		0			industrial_clothing	Authored Clothing, footwear and uniforms matrix: compact/apron/workshop/linen; priced by industrial_clothing analogue.	false	
industrialised_clothing_footwear_uniforms_0333_compact_shirt	shared-industrialised	Clothing, footwear and uniforms	industrial;modern;nuclear;information	shirt	a compact wool shirt for workshop wear	This compact shirt is formed chiefly from wool and proportioned for workshop wear. Its working edges, contact points and load-bearing surfaces are finished for repeated handling, while visible joins make the method of construction easy to inspect. The particular balance of form, material and service duty distinguishes it from neighbouring catalogue entries.	Small	Standard	2572	2	wool	Era / Industrial Era;Era / Modern Era;Era / Nuclear Era;Era / Information Age Era	Wear_Shirt		portable		0			industrial_clothing	Authored Clothing, footwear and uniforms matrix: compact/shirt/workshop/wool; priced by industrial_clothing analogue.	false	
industrialised_clothing_footwear_uniforms_0334_compact_trousers	shared-industrialised	Clothing, footwear and uniforms	industrial;modern;nuclear;information	trousers	some compact leather trousers for workshop wear	These compact trousers are formed chiefly from leather and proportioned for workshop wear. Their working edges, contact points and load-bearing surfaces are finished for repeated handling, while visible joins make the method of construction easy to inspect. The particular balance of form, material and service duty distinguishes them from neighbouring catalogue entries.	Small	Standard	2609	5	leather	Era / Industrial Era;Era / Modern Era;Era / Nuclear Era;Era / Information Age Era	Wear_Trousers		portable		0			industrial_clothing	Authored Clothing, footwear and uniforms matrix: compact/trousers/workshop/leather; priced by industrial_clothing analogue.	false	
industrialised_clothing_footwear_uniforms_0335_compact_boots	shared-industrialised	Clothing, footwear and uniforms	industrial;modern;nuclear;information	boots	some compact cotton boots for workshop wear	These compact boots are formed chiefly from cotton and proportioned for workshop wear. Their working edges, contact points and load-bearing surfaces are finished for repeated handling, while visible joins make the method of construction easy to inspect. The particular balance of form, material and service duty distinguishes them from neighbouring catalogue entries.	Small	Standard	2646	10	cotton	Era / Industrial Era;Era / Modern Era;Era / Nuclear Era;Era / Information Age Era	Wear_Boots		portable		0		industrialised_clothing_footwear_uniforms_0001_plain_rag	industrial_clothing	Authored Clothing, footwear and uniforms matrix: compact/boots/workshop/cotton; priced by industrial_clothing analogue.	false	salvage
industrialised_clothing_footwear_uniforms_0336_compact_dress	shared-industrialised	Clothing, footwear and uniforms	industrial;modern;nuclear;information	dress	a compact linen dress for workshop wear	This compact dress is formed chiefly from linen and proportioned for workshop wear. Its working edges, contact points and load-bearing surfaces are finished for repeated handling, while visible joins make the method of construction easy to inspect. The particular balance of form, material and service duty distinguishes it from neighbouring catalogue entries.	Small	Standard	2683	20	linen	Era / Industrial Era;Era / Modern Era;Era / Nuclear Era;Era / Information Age Era	Wear_Dress		portable		0			industrial_clothing	Authored Clothing, footwear and uniforms matrix: compact/dress/workshop/linen; priced by industrial_clothing analogue.	false	
industrialised_clothing_footwear_uniforms_0337_compact_jacket	shared-industrialised	Clothing, footwear and uniforms	industrial;modern;nuclear;information	jacket	a compact wool jacket for workshop wear	This compact jacket is formed chiefly from wool and proportioned for workshop wear. Its working edges, contact points and load-bearing surfaces are finished for repeated handling, while visible joins make the method of construction easy to inspect. The particular balance of form, material and service duty distinguishes it from neighbouring catalogue entries.	Small	Standard	2720	50	wool	Era / Industrial Era;Era / Modern Era;Era / Nuclear Era;Era / Information Age Era	Wear_Jacket		portable		0			industrial_clothing	Authored Clothing, footwear and uniforms matrix: compact/jacket/workshop/wool; priced by industrial_clothing analogue.	false	
industrialised_clothing_footwear_uniforms_0338_compact_hat	shared-industrialised	Clothing, footwear and uniforms	industrial;modern;nuclear;information	hat	a compact leather hat for workshop wear	This compact hat is formed chiefly from leather and proportioned for workshop wear. Its working edges, contact points and load-bearing surfaces are finished for repeated handling, while visible joins make the method of construction easy to inspect. The particular balance of form, material and service duty distinguishes it from neighbouring catalogue entries.	Small	Standard	2757	100	leather	Era / Industrial Era;Era / Modern Era;Era / Nuclear Era;Era / Information Age Era	Wear_Hat		portable		0			industrial_clothing	Authored Clothing, footwear and uniforms matrix: compact/hat/workshop/leather; priced by industrial_clothing analogue.	false	
industrialised_clothing_footwear_uniforms_0339_compact_gloves	shared-industrialised	Clothing, footwear and uniforms	industrial;modern;nuclear;information	gloves	some compact cotton gloves for workshop wear	These compact gloves are formed chiefly from cotton and proportioned for workshop wear. Their working edges, contact points and load-bearing surfaces are finished for repeated handling, while visible joins make the method of construction easy to inspect. The particular balance of form, material and service duty distinguishes them from neighbouring catalogue entries.	Small	Standard	2794	200	cotton	Era / Industrial Era;Era / Modern Era;Era / Nuclear Era;Era / Information Age Era	Wear_Gloves		portable		0			industrial_clothing	Authored Clothing, footwear and uniforms matrix: compact/gloves/workshop/cotton; priced by industrial_clothing analogue.	false	
industrialised_clothing_footwear_uniforms_0340_compact_scarf	shared-industrialised	Clothing, footwear and uniforms	industrial;modern;nuclear;information	scarf	a compact linen scarf for workshop wear	This compact scarf is formed chiefly from linen and proportioned for workshop wear. Its working edges, contact points and load-bearing surfaces are finished for repeated handling, while visible joins make the method of construction easy to inspect. The particular balance of form, material and service duty distinguishes it from neighbouring catalogue entries.	Small	Standard	2831	500	linen	Era / Industrial Era;Era / Modern Era;Era / Nuclear Era;Era / Information Age Era	Wear_Scarf		portable		0		industrialised_clothing_footwear_uniforms_0001_plain_rag	industrial_clothing	Authored Clothing, footwear and uniforms matrix: compact/scarf/workshop/linen; priced by industrial_clothing analogue.	false	salvage
industrialised_clothing_footwear_uniforms_0341_compact_skirt	shared-industrialised	Clothing, footwear and uniforms	industrial;modern;nuclear;information	skirt	a compact wool skirt for workshop wear	This compact skirt is formed chiefly from wool and proportioned for workshop wear. Its working edges, contact points and load-bearing surfaces are finished for repeated handling, while visible joins make the method of construction easy to inspect. The particular balance of form, material and service duty distinguishes it from neighbouring catalogue entries.	Small	Standard	2868	1	wool	Era / Industrial Era;Era / Modern Era;Era / Nuclear Era;Era / Information Age Era	Wear_Skirt		portable		0			industrial_clothing	Authored Clothing, footwear and uniforms matrix: compact/skirt/workshop/wool; priced by industrial_clothing analogue.	false	
industrialised_clothing_footwear_uniforms_0342_compact_socks	shared-industrialised	Clothing, footwear and uniforms	industrial;modern;nuclear;information	socks	some compact leather socks for workshop wear	These compact socks are formed chiefly from leather and proportioned for workshop wear. Their working edges, contact points and load-bearing surfaces are finished for repeated handling, while visible joins make the method of construction easy to inspect. The particular balance of form, material and service duty distinguishes them from neighbouring catalogue entries.	Small	Standard	2905	2	leather	Era / Industrial Era;Era / Modern Era;Era / Nuclear Era;Era / Information Age Era	Wear_Socks		portable		0			industrial_clothing	Authored Clothing, footwear and uniforms matrix: compact/socks/workshop/leather; priced by industrial_clothing analogue.	false	
industrialised_clothing_footwear_uniforms_0343_compact_vest	shared-industrialised	Clothing, footwear and uniforms	industrial;modern;nuclear;information	vest	a compact cotton vest for workshop wear	This compact vest is formed chiefly from cotton and proportioned for workshop wear. Its working edges, contact points and load-bearing surfaces are finished for repeated handling, while visible joins make the method of construction easy to inspect. The particular balance of form, material and service duty distinguishes it from neighbouring catalogue entries.	Small	Standard	2942	5	cotton	Era / Industrial Era;Era / Modern Era;Era / Nuclear Era;Era / Information Age Era	Wear_Vest		portable		0			industrial_clothing	Authored Clothing, footwear and uniforms matrix: compact/vest/workshop/cotton; priced by industrial_clothing analogue.	false	
industrialised_clothing_footwear_uniforms_0344_compact_coat	shared-industrialised	Clothing, footwear and uniforms	industrial;modern;nuclear;information	coat	a compact linen coat for workshop wear	This compact coat is formed chiefly from linen and proportioned for workshop wear. Its working edges, contact points and load-bearing surfaces are finished for repeated handling, while visible joins make the method of construction easy to inspect. The particular balance of form, material and service duty distinguishes it from neighbouring catalogue entries.	Small	Standard	2979	10	linen	Era / Industrial Era;Era / Modern Era;Era / Nuclear Era;Era / Information Age Era	Wear_Jacket		portable		0			industrial_clothing	Authored Clothing, footwear and uniforms matrix: compact/coat/workshop/linen; priced by industrial_clothing analogue.	false	
industrialised_clothing_footwear_uniforms_0345_compact_smock	shared-industrialised	Clothing, footwear and uniforms	industrial;modern;nuclear;information	smock	a compact wool smock for workshop wear	This compact smock is formed chiefly from wool and proportioned for workshop wear. Its working edges, contact points and load-bearing surfaces are finished for repeated handling, while visible joins make the method of construction easy to inspect. The particular balance of form, material and service duty distinguishes it from neighbouring catalogue entries.	Small	Standard	3016	20	wool	Era / Industrial Era;Era / Modern Era;Era / Nuclear Era;Era / Information Age Era	Wear_Shirt		portable		0		industrialised_clothing_footwear_uniforms_0001_plain_rag	industrial_clothing	Authored Clothing, footwear and uniforms matrix: compact/smock/workshop/wool; priced by industrial_clothing analogue.	false	salvage
industrialised_clothing_footwear_uniforms_0346_heavy_duty_rag	shared-industrialised	Clothing, footwear and uniforms	industrial;modern;nuclear;information	rag	a heavy-duty leather rag for workshop wear	This heavy-duty rag is formed chiefly from leather and proportioned for workshop wear. Its working edges, contact points and load-bearing surfaces are finished for repeated handling, while visible joins make the method of construction easy to inspect. The particular balance of form, material and service duty distinguishes it from neighbouring catalogue entries.	Small	Standard	3053	50	leather	Era / Industrial Era;Era / Modern Era;Era / Nuclear Era;Era / Information Age Era	Wear_Apron		portable		0			industrial_clothing	Authored Clothing, footwear and uniforms matrix: heavy-duty/rag/workshop/leather; priced by industrial_clothing analogue.	false	
industrialised_clothing_footwear_uniforms_0347_heavy_duty_apron	shared-industrialised	Clothing, footwear and uniforms	industrial;modern;nuclear;information	apron	a heavy-duty cotton apron for workshop wear	This heavy-duty apron is formed chiefly from cotton and proportioned for workshop wear. Its working edges, contact points and load-bearing surfaces are finished for repeated handling, while visible joins make the method of construction easy to inspect. The particular balance of form, material and service duty distinguishes it from neighbouring catalogue entries.	Small	Standard	3090	100	cotton	Era / Industrial Era;Era / Modern Era;Era / Nuclear Era;Era / Information Age Era	Wear_Apron		portable		0			industrial_clothing	Authored Clothing, footwear and uniforms matrix: heavy-duty/apron/workshop/cotton; priced by industrial_clothing analogue.	false	
industrialised_clothing_footwear_uniforms_0348_heavy_duty_shirt	shared-industrialised	Clothing, footwear and uniforms	industrial;modern;nuclear;information	shirt	a heavy-duty linen shirt for workshop wear	This heavy-duty shirt is formed chiefly from linen and proportioned for workshop wear. Its working edges, contact points and load-bearing surfaces are finished for repeated handling, while visible joins make the method of construction easy to inspect. The particular balance of form, material and service duty distinguishes it from neighbouring catalogue entries.	Small	Standard	3127	200	linen	Era / Industrial Era;Era / Modern Era;Era / Nuclear Era;Era / Information Age Era	Wear_Shirt		portable		0			industrial_clothing	Authored Clothing, footwear and uniforms matrix: heavy-duty/shirt/workshop/linen; priced by industrial_clothing analogue.	false	
industrialised_clothing_footwear_uniforms_0349_heavy_duty_trousers	shared-industrialised	Clothing, footwear and uniforms	industrial;modern;nuclear;information	trousers	some heavy-duty wool trousers for workshop wear	These heavy-duty trousers are formed chiefly from wool and proportioned for workshop wear. Their working edges, contact points and load-bearing surfaces are finished for repeated handling, while visible joins make the method of construction easy to inspect. The particular balance of form, material and service duty distinguishes them from neighbouring catalogue entries.	Small	Standard	3164	500	wool	Era / Industrial Era;Era / Modern Era;Era / Nuclear Era;Era / Information Age Era	Wear_Trousers		portable		0			industrial_clothing	Authored Clothing, footwear and uniforms matrix: heavy-duty/trousers/workshop/wool; priced by industrial_clothing analogue.	false	
industrialised_clothing_footwear_uniforms_0350_heavy_duty_boots	shared-industrialised	Clothing, footwear and uniforms	industrial;modern;nuclear;information	boots	some heavy-duty leather boots for workshop wear	These heavy-duty boots are formed chiefly from leather and proportioned for workshop wear. Their working edges, contact points and load-bearing surfaces are finished for repeated handling, while visible joins make the method of construction easy to inspect. The particular balance of form, material and service duty distinguishes them from neighbouring catalogue entries.	Small	Standard	3201	1	leather	Era / Industrial Era;Era / Modern Era;Era / Nuclear Era;Era / Information Age Era	Wear_Boots		portable		0		industrialised_clothing_footwear_uniforms_0001_plain_rag	industrial_clothing	Authored Clothing, footwear and uniforms matrix: heavy-duty/boots/workshop/leather; priced by industrial_clothing analogue.	false	salvage
industrialised_clothing_footwear_uniforms_0351_heavy_duty_dress	shared-industrialised	Clothing, footwear and uniforms	industrial;modern;nuclear;information	dress	a heavy-duty cotton dress for workshop wear	This heavy-duty dress is formed chiefly from cotton and proportioned for workshop wear. Its working edges, contact points and load-bearing surfaces are finished for repeated handling, while visible joins make the method of construction easy to inspect. The particular balance of form, material and service duty distinguishes it from neighbouring catalogue entries.	Small	Standard	3238	2	cotton	Era / Industrial Era;Era / Modern Era;Era / Nuclear Era;Era / Information Age Era	Wear_Dress		portable		0			industrial_clothing	Authored Clothing, footwear and uniforms matrix: heavy-duty/dress/workshop/cotton; priced by industrial_clothing analogue.	false	
industrialised_clothing_footwear_uniforms_0352_heavy_duty_jacket	shared-industrialised	Clothing, footwear and uniforms	industrial;modern;nuclear;information	jacket	a heavy-duty linen jacket for workshop wear	This heavy-duty jacket is formed chiefly from linen and proportioned for workshop wear. Its working edges, contact points and load-bearing surfaces are finished for repeated handling, while visible joins make the method of construction easy to inspect. The particular balance of form, material and service duty distinguishes it from neighbouring catalogue entries.	Small	Standard	3275	5	linen	Era / Industrial Era;Era / Modern Era;Era / Nuclear Era;Era / Information Age Era	Wear_Jacket		portable		0			industrial_clothing	Authored Clothing, footwear and uniforms matrix: heavy-duty/jacket/workshop/linen; priced by industrial_clothing analogue.	false	
industrialised_clothing_footwear_uniforms_0353_heavy_duty_hat	shared-industrialised	Clothing, footwear and uniforms	industrial;modern;nuclear;information	hat	a heavy-duty wool hat for workshop wear	This heavy-duty hat is formed chiefly from wool and proportioned for workshop wear. Its working edges, contact points and load-bearing surfaces are finished for repeated handling, while visible joins make the method of construction easy to inspect. The particular balance of form, material and service duty distinguishes it from neighbouring catalogue entries.	Small	Standard	3312	10	wool	Era / Industrial Era;Era / Modern Era;Era / Nuclear Era;Era / Information Age Era	Wear_Hat		portable		0			industrial_clothing	Authored Clothing, footwear and uniforms matrix: heavy-duty/hat/workshop/wool; priced by industrial_clothing analogue.	false	
industrialised_clothing_footwear_uniforms_0354_heavy_duty_gloves	shared-industrialised	Clothing, footwear and uniforms	industrial;modern;nuclear;information	gloves	some heavy-duty leather gloves for workshop wear	These heavy-duty gloves are formed chiefly from leather and proportioned for workshop wear. Their working edges, contact points and load-bearing surfaces are finished for repeated handling, while visible joins make the method of construction easy to inspect. The particular balance of form, material and service duty distinguishes them from neighbouring catalogue entries.	Small	Standard	3349	20	leather	Era / Industrial Era;Era / Modern Era;Era / Nuclear Era;Era / Information Age Era	Wear_Gloves		portable		0			industrial_clothing	Authored Clothing, footwear and uniforms matrix: heavy-duty/gloves/workshop/leather; priced by industrial_clothing analogue.	false	
industrialised_clothing_footwear_uniforms_0355_heavy_duty_scarf	shared-industrialised	Clothing, footwear and uniforms	industrial;modern;nuclear;information	scarf	a heavy-duty cotton scarf for workshop wear	This heavy-duty scarf is formed chiefly from cotton and proportioned for workshop wear. Its working edges, contact points and load-bearing surfaces are finished for repeated handling, while visible joins make the method of construction easy to inspect. The particular balance of form, material and service duty distinguishes it from neighbouring catalogue entries.	Small	Standard	3386	50	cotton	Era / Industrial Era;Era / Modern Era;Era / Nuclear Era;Era / Information Age Era	Wear_Scarf		portable		0		industrialised_clothing_footwear_uniforms_0001_plain_rag	industrial_clothing	Authored Clothing, footwear and uniforms matrix: heavy-duty/scarf/workshop/cotton; priced by industrial_clothing analogue.	false	salvage
industrialised_clothing_footwear_uniforms_0356_heavy_duty_skirt	shared-industrialised	Clothing, footwear and uniforms	industrial;modern;nuclear;information	skirt	a heavy-duty linen skirt for workshop wear	This heavy-duty skirt is formed chiefly from linen and proportioned for workshop wear. Its working edges, contact points and load-bearing surfaces are finished for repeated handling, while visible joins make the method of construction easy to inspect. The particular balance of form, material and service duty distinguishes it from neighbouring catalogue entries.	Small	Standard	3423	100	linen	Era / Industrial Era;Era / Modern Era;Era / Nuclear Era;Era / Information Age Era	Wear_Skirt		portable		0			industrial_clothing	Authored Clothing, footwear and uniforms matrix: heavy-duty/skirt/workshop/linen; priced by industrial_clothing analogue.	false	
industrialised_clothing_footwear_uniforms_0357_heavy_duty_socks	shared-industrialised	Clothing, footwear and uniforms	industrial;modern;nuclear;information	socks	some heavy-duty wool socks for workshop wear	These heavy-duty socks are formed chiefly from wool and proportioned for workshop wear. Their working edges, contact points and load-bearing surfaces are finished for repeated handling, while visible joins make the method of construction easy to inspect. The particular balance of form, material and service duty distinguishes them from neighbouring catalogue entries.	Small	Standard	3460	200	wool	Era / Industrial Era;Era / Modern Era;Era / Nuclear Era;Era / Information Age Era	Wear_Socks		portable		0			industrial_clothing	Authored Clothing, footwear and uniforms matrix: heavy-duty/socks/workshop/wool; priced by industrial_clothing analogue.	false	
industrialised_clothing_footwear_uniforms_0358_heavy_duty_vest	shared-industrialised	Clothing, footwear and uniforms	industrial;modern;nuclear;information	vest	a heavy-duty leather vest for workshop wear	This heavy-duty vest is formed chiefly from leather and proportioned for workshop wear. Its working edges, contact points and load-bearing surfaces are finished for repeated handling, while visible joins make the method of construction easy to inspect. The particular balance of form, material and service duty distinguishes it from neighbouring catalogue entries.	Small	Standard	3497	500	leather	Era / Industrial Era;Era / Modern Era;Era / Nuclear Era;Era / Information Age Era	Wear_Vest		portable		0			industrial_clothing	Authored Clothing, footwear and uniforms matrix: heavy-duty/vest/workshop/leather; priced by industrial_clothing analogue.	false	
industrialised_clothing_footwear_uniforms_0359_heavy_duty_coat	shared-industrialised	Clothing, footwear and uniforms	industrial;modern;nuclear;information	coat	a heavy-duty cotton coat for workshop wear	This heavy-duty coat is formed chiefly from cotton and proportioned for workshop wear. Its working edges, contact points and load-bearing surfaces are finished for repeated handling, while visible joins make the method of construction easy to inspect. The particular balance of form, material and service duty distinguishes it from neighbouring catalogue entries.	Small	Standard	3534	1	cotton	Era / Industrial Era;Era / Modern Era;Era / Nuclear Era;Era / Information Age Era	Wear_Jacket		portable		0			industrial_clothing	Authored Clothing, footwear and uniforms matrix: heavy-duty/coat/workshop/cotton; priced by industrial_clothing analogue.	false	
industrialised_clothing_footwear_uniforms_0360_heavy_duty_smock	shared-industrialised	Clothing, footwear and uniforms	industrial;modern;nuclear;information	smock	a heavy-duty linen smock for workshop wear	This heavy-duty smock is formed chiefly from linen and proportioned for workshop wear. Its working edges, contact points and load-bearing surfaces are finished for repeated handling, while visible joins make the method of construction easy to inspect. The particular balance of form, material and service duty distinguishes it from neighbouring catalogue entries.	Small	Standard	3571	2	linen	Era / Industrial Era;Era / Modern Era;Era / Nuclear Era;Era / Information Age Era	Wear_Shirt		portable		0		industrialised_clothing_footwear_uniforms_0001_plain_rag	industrial_clothing	Authored Clothing, footwear and uniforms matrix: heavy-duty/smock/workshop/linen; priced by industrial_clothing analogue.	false	salvage
industrialised_clothing_footwear_uniforms_0361_folding_rag	shared-industrialised	Clothing, footwear and uniforms	industrial;modern;nuclear;information	rag	a folding wool rag for workshop wear	This folding rag is formed chiefly from wool and proportioned for workshop wear. Its working edges, contact points and load-bearing surfaces are finished for repeated handling, while visible joins make the method of construction easy to inspect. The particular balance of form, material and service duty distinguishes it from neighbouring catalogue entries.	Small	Standard	3608	5	wool	Era / Industrial Era;Era / Modern Era;Era / Nuclear Era;Era / Information Age Era	Wear_Apron		portable		0			industrial_clothing	Authored Clothing, footwear and uniforms matrix: folding/rag/workshop/wool; priced by industrial_clothing analogue.	false	
industrialised_clothing_footwear_uniforms_0362_folding_apron	shared-industrialised	Clothing, footwear and uniforms	industrial;modern;nuclear;information	apron	a folding leather apron for workshop wear	This folding apron is formed chiefly from leather and proportioned for workshop wear. Its working edges, contact points and load-bearing surfaces are finished for repeated handling, while visible joins make the method of construction easy to inspect. The particular balance of form, material and service duty distinguishes it from neighbouring catalogue entries.	Small	Standard	3645	10	leather	Era / Industrial Era;Era / Modern Era;Era / Nuclear Era;Era / Information Age Era	Wear_Apron		portable		0			industrial_clothing	Authored Clothing, footwear and uniforms matrix: folding/apron/workshop/leather; priced by industrial_clothing analogue.	false	
industrialised_clothing_footwear_uniforms_0363_folding_shirt	shared-industrialised	Clothing, footwear and uniforms	industrial;modern;nuclear;information	shirt	a folding cotton shirt for workshop wear	This folding shirt is formed chiefly from cotton and proportioned for workshop wear. Its working edges, contact points and load-bearing surfaces are finished for repeated handling, while visible joins make the method of construction easy to inspect. The particular balance of form, material and service duty distinguishes it from neighbouring catalogue entries.	Small	Standard	3682	20	cotton	Era / Industrial Era;Era / Modern Era;Era / Nuclear Era;Era / Information Age Era	Wear_Shirt		portable		0			industrial_clothing	Authored Clothing, footwear and uniforms matrix: folding/shirt/workshop/cotton; priced by industrial_clothing analogue.	false	
industrialised_clothing_footwear_uniforms_0364_folding_trousers	shared-industrialised	Clothing, footwear and uniforms	industrial;modern;nuclear;information	trousers	some folding linen trousers for workshop wear	These folding trousers are formed chiefly from linen and proportioned for workshop wear. Their working edges, contact points and load-bearing surfaces are finished for repeated handling, while visible joins make the method of construction easy to inspect. The particular balance of form, material and service duty distinguishes them from neighbouring catalogue entries.	Small	Standard	3719	50	linen	Era / Industrial Era;Era / Modern Era;Era / Nuclear Era;Era / Information Age Era	Wear_Trousers		portable		0			industrial_clothing	Authored Clothing, footwear and uniforms matrix: folding/trousers/workshop/linen; priced by industrial_clothing analogue.	false	
industrialised_clothing_footwear_uniforms_0365_folding_boots	shared-industrialised	Clothing, footwear and uniforms	industrial;modern;nuclear;information	boots	some folding wool boots for workshop wear	These folding boots are formed chiefly from wool and proportioned for workshop wear. Their working edges, contact points and load-bearing surfaces are finished for repeated handling, while visible joins make the method of construction easy to inspect. The particular balance of form, material and service duty distinguishes them from neighbouring catalogue entries.	Small	Standard	3756	100	wool	Era / Industrial Era;Era / Modern Era;Era / Nuclear Era;Era / Information Age Era	Wear_Boots		portable		0		industrialised_clothing_footwear_uniforms_0001_plain_rag	industrial_clothing	Authored Clothing, footwear and uniforms matrix: folding/boots/workshop/wool; priced by industrial_clothing analogue.	false	salvage
industrialised_clothing_footwear_uniforms_0366_folding_dress	shared-industrialised	Clothing, footwear and uniforms	industrial;modern;nuclear;information	dress	a folding leather dress for workshop wear	This folding dress is formed chiefly from leather and proportioned for workshop wear. Its working edges, contact points and load-bearing surfaces are finished for repeated handling, while visible joins make the method of construction easy to inspect. The particular balance of form, material and service duty distinguishes it from neighbouring catalogue entries.	Small	Standard	3793	200	leather	Era / Industrial Era;Era / Modern Era;Era / Nuclear Era;Era / Information Age Era	Wear_Dress		portable		0			industrial_clothing	Authored Clothing, footwear and uniforms matrix: folding/dress/workshop/leather; priced by industrial_clothing analogue.	false	
industrialised_clothing_footwear_uniforms_0367_folding_jacket	shared-industrialised	Clothing, footwear and uniforms	industrial;modern;nuclear;information	jacket	a folding cotton jacket for workshop wear	This folding jacket is formed chiefly from cotton and proportioned for workshop wear. Its working edges, contact points and load-bearing surfaces are finished for repeated handling, while visible joins make the method of construction easy to inspect. The particular balance of form, material and service duty distinguishes it from neighbouring catalogue entries.	Small	Standard	3830	500	cotton	Era / Industrial Era;Era / Modern Era;Era / Nuclear Era;Era / Information Age Era	Wear_Jacket		portable		0			industrial_clothing	Authored Clothing, footwear and uniforms matrix: folding/jacket/workshop/cotton; priced by industrial_clothing analogue.	false	
industrialised_clothing_footwear_uniforms_0368_folding_hat	shared-industrialised	Clothing, footwear and uniforms	industrial;modern;nuclear;information	hat	a folding linen hat for workshop wear	This folding hat is formed chiefly from linen and proportioned for workshop wear. Its working edges, contact points and load-bearing surfaces are finished for repeated handling, while visible joins make the method of construction easy to inspect. The particular balance of form, material and service duty distinguishes it from neighbouring catalogue entries.	Small	Standard	3867	1	linen	Era / Industrial Era;Era / Modern Era;Era / Nuclear Era;Era / Information Age Era	Wear_Hat		portable		0			industrial_clothing	Authored Clothing, footwear and uniforms matrix: folding/hat/workshop/linen; priced by industrial_clothing analogue.	false	
industrialised_clothing_footwear_uniforms_0369_folding_gloves	shared-industrialised	Clothing, footwear and uniforms	industrial;modern;nuclear;information	gloves	some folding wool gloves for workshop wear	These folding gloves are formed chiefly from wool and proportioned for workshop wear. Their working edges, contact points and load-bearing surfaces are finished for repeated handling, while visible joins make the method of construction easy to inspect. The particular balance of form, material and service duty distinguishes them from neighbouring catalogue entries.	Small	Standard	3904	2	wool	Era / Industrial Era;Era / Modern Era;Era / Nuclear Era;Era / Information Age Era	Wear_Gloves		portable		0			industrial_clothing	Authored Clothing, footwear and uniforms matrix: folding/gloves/workshop/wool; priced by industrial_clothing analogue.	false	
industrialised_clothing_footwear_uniforms_0370_folding_scarf	shared-industrialised	Clothing, footwear and uniforms	industrial;modern;nuclear;information	scarf	a folding leather scarf for workshop wear	This folding scarf is formed chiefly from leather and proportioned for workshop wear. Its working edges, contact points and load-bearing surfaces are finished for repeated handling, while visible joins make the method of construction easy to inspect. The particular balance of form, material and service duty distinguishes it from neighbouring catalogue entries.	Small	Standard	3941	5	leather	Era / Industrial Era;Era / Modern Era;Era / Nuclear Era;Era / Information Age Era	Wear_Scarf		portable		0		industrialised_clothing_footwear_uniforms_0001_plain_rag	industrial_clothing	Authored Clothing, footwear and uniforms matrix: folding/scarf/workshop/leather; priced by industrial_clothing analogue.	false	salvage
industrialised_clothing_footwear_uniforms_0371_folding_skirt	shared-industrialised	Clothing, footwear and uniforms	industrial;modern;nuclear;information	skirt	a folding cotton skirt for workshop wear	This folding skirt is formed chiefly from cotton and proportioned for workshop wear. Its working edges, contact points and load-bearing surfaces are finished for repeated handling, while visible joins make the method of construction easy to inspect. The particular balance of form, material and service duty distinguishes it from neighbouring catalogue entries.	Small	Standard	3978	10	cotton	Era / Industrial Era;Era / Modern Era;Era / Nuclear Era;Era / Information Age Era	Wear_Skirt		portable		0			industrial_clothing	Authored Clothing, footwear and uniforms matrix: folding/skirt/workshop/cotton; priced by industrial_clothing analogue.	false	
industrialised_clothing_footwear_uniforms_0372_folding_socks	shared-industrialised	Clothing, footwear and uniforms	industrial;modern;nuclear;information	socks	some folding linen socks for workshop wear	These folding socks are formed chiefly from linen and proportioned for workshop wear. Their working edges, contact points and load-bearing surfaces are finished for repeated handling, while visible joins make the method of construction easy to inspect. The particular balance of form, material and service duty distinguishes them from neighbouring catalogue entries.	Small	Standard	4015	20	linen	Era / Industrial Era;Era / Modern Era;Era / Nuclear Era;Era / Information Age Era	Wear_Socks		portable		0			industrial_clothing	Authored Clothing, footwear and uniforms matrix: folding/socks/workshop/linen; priced by industrial_clothing analogue.	false	
industrialised_clothing_footwear_uniforms_0373_folding_vest	shared-industrialised	Clothing, footwear and uniforms	industrial;modern;nuclear;information	vest	a folding wool vest for workshop wear	This folding vest is formed chiefly from wool and proportioned for workshop wear. Its working edges, contact points and load-bearing surfaces are finished for repeated handling, while visible joins make the method of construction easy to inspect. The particular balance of form, material and service duty distinguishes it from neighbouring catalogue entries.	Small	Standard	4052	50	wool	Era / Industrial Era;Era / Modern Era;Era / Nuclear Era;Era / Information Age Era	Wear_Vest		portable		0			industrial_clothing	Authored Clothing, footwear and uniforms matrix: folding/vest/workshop/wool; priced by industrial_clothing analogue.	false	
industrialised_clothing_footwear_uniforms_0374_folding_coat	shared-industrialised	Clothing, footwear and uniforms	industrial;modern;nuclear;information	coat	a folding leather coat for workshop wear	This folding coat is formed chiefly from leather and proportioned for workshop wear. Its working edges, contact points and load-bearing surfaces are finished for repeated handling, while visible joins make the method of construction easy to inspect. The particular balance of form, material and service duty distinguishes it from neighbouring catalogue entries.	Small	Standard	4089	100	leather	Era / Industrial Era;Era / Modern Era;Era / Nuclear Era;Era / Information Age Era	Wear_Jacket		portable		0			industrial_clothing	Authored Clothing, footwear and uniforms matrix: folding/coat/workshop/leather; priced by industrial_clothing analogue.	false	
industrialised_clothing_footwear_uniforms_0375_folding_smock	shared-industrialised	Clothing, footwear and uniforms	industrial;modern;nuclear;information	smock	a folding cotton smock for workshop wear	This folding smock is formed chiefly from cotton and proportioned for workshop wear. Its working edges, contact points and load-bearing surfaces are finished for repeated handling, while visible joins make the method of construction easy to inspect. The particular balance of form, material and service duty distinguishes it from neighbouring catalogue entries.	Small	Standard	4126	200	cotton	Era / Industrial Era;Era / Modern Era;Era / Nuclear Era;Era / Information Age Era	Wear_Shirt		portable		0		industrialised_clothing_footwear_uniforms_0001_plain_rag	industrial_clothing	Authored Clothing, footwear and uniforms matrix: folding/smock/workshop/cotton; priced by industrial_clothing analogue.	false	salvage
industrialised_clothing_footwear_uniforms_0376_portable_rag	shared-industrialised	Clothing, footwear and uniforms	industrial;modern;nuclear;information	rag	a portable linen rag for workshop wear	This portable rag is formed chiefly from linen and proportioned for workshop wear. Its working edges, contact points and load-bearing surfaces are finished for repeated handling, while visible joins make the method of construction easy to inspect. The particular balance of form, material and service duty distinguishes it from neighbouring catalogue entries.	Small	Standard	4163	500	linen	Era / Industrial Era;Era / Modern Era;Era / Nuclear Era;Era / Information Age Era	Wear_Apron		portable		0			industrial_clothing	Authored Clothing, footwear and uniforms matrix: portable/rag/workshop/linen; priced by industrial_clothing analogue.	false	
industrialised_clothing_footwear_uniforms_0377_portable_apron	shared-industrialised	Clothing, footwear and uniforms	industrial;modern;nuclear;information	apron	a portable wool apron for workshop wear	This portable apron is formed chiefly from wool and proportioned for workshop wear. Its working edges, contact points and load-bearing surfaces are finished for repeated handling, while visible joins make the method of construction easy to inspect. The particular balance of form, material and service duty distinguishes it from neighbouring catalogue entries.	Small	Standard	4200	1	wool	Era / Industrial Era;Era / Modern Era;Era / Nuclear Era;Era / Information Age Era	Wear_Apron		portable		0			industrial_clothing	Authored Clothing, footwear and uniforms matrix: portable/apron/workshop/wool; priced by industrial_clothing analogue.	false	
industrialised_clothing_footwear_uniforms_0378_portable_shirt	shared-industrialised	Clothing, footwear and uniforms	industrial;modern;nuclear;information	shirt	a portable leather shirt for workshop wear	This portable shirt is formed chiefly from leather and proportioned for workshop wear. Its working edges, contact points and load-bearing surfaces are finished for repeated handling, while visible joins make the method of construction easy to inspect. The particular balance of form, material and service duty distinguishes it from neighbouring catalogue entries.	Small	Standard	4237	2	leather	Era / Industrial Era;Era / Modern Era;Era / Nuclear Era;Era / Information Age Era	Wear_Shirt		portable		0			industrial_clothing	Authored Clothing, footwear and uniforms matrix: portable/shirt/workshop/leather; priced by industrial_clothing analogue.	false	
industrialised_clothing_footwear_uniforms_0379_portable_trousers	shared-industrialised	Clothing, footwear and uniforms	industrial;modern;nuclear;information	trousers	some portable cotton trousers for workshop wear	These portable trousers are formed chiefly from cotton and proportioned for workshop wear. Their working edges, contact points and load-bearing surfaces are finished for repeated handling, while visible joins make the method of construction easy to inspect. The particular balance of form, material and service duty distinguishes them from neighbouring catalogue entries.	Small	Standard	4274	5	cotton	Era / Industrial Era;Era / Modern Era;Era / Nuclear Era;Era / Information Age Era	Wear_Trousers		portable		0			industrial_clothing	Authored Clothing, footwear and uniforms matrix: portable/trousers/workshop/cotton; priced by industrial_clothing analogue.	false	
industrialised_clothing_footwear_uniforms_0380_portable_boots	shared-industrialised	Clothing, footwear and uniforms	industrial;modern;nuclear;information	boots	some portable linen boots for workshop wear	These portable boots are formed chiefly from linen and proportioned for workshop wear. Their working edges, contact points and load-bearing surfaces are finished for repeated handling, while visible joins make the method of construction easy to inspect. The particular balance of form, material and service duty distinguishes them from neighbouring catalogue entries.	Small	Standard	4311	10	linen	Era / Industrial Era;Era / Modern Era;Era / Nuclear Era;Era / Information Age Era	Wear_Boots		portable		0		industrialised_clothing_footwear_uniforms_0001_plain_rag	industrial_clothing	Authored Clothing, footwear and uniforms matrix: portable/boots/workshop/linen; priced by industrial_clothing analogue.	false	salvage
industrialised_clothing_footwear_uniforms_0381_portable_dress	shared-industrialised	Clothing, footwear and uniforms	industrial;modern;nuclear;information	dress	a portable wool dress for workshop wear	This portable dress is formed chiefly from wool and proportioned for workshop wear. Its working edges, contact points and load-bearing surfaces are finished for repeated handling, while visible joins make the method of construction easy to inspect. The particular balance of form, material and service duty distinguishes it from neighbouring catalogue entries.	Small	Standard	4348	20	wool	Era / Industrial Era;Era / Modern Era;Era / Nuclear Era;Era / Information Age Era	Wear_Dress		portable		0			industrial_clothing	Authored Clothing, footwear and uniforms matrix: portable/dress/workshop/wool; priced by industrial_clothing analogue.	false	
industrialised_clothing_footwear_uniforms_0382_portable_jacket	shared-industrialised	Clothing, footwear and uniforms	industrial;modern;nuclear;information	jacket	a portable leather jacket for workshop wear	This portable jacket is formed chiefly from leather and proportioned for workshop wear. Its working edges, contact points and load-bearing surfaces are finished for repeated handling, while visible joins make the method of construction easy to inspect. The particular balance of form, material and service duty distinguishes it from neighbouring catalogue entries.	Small	Standard	4385	50	leather	Era / Industrial Era;Era / Modern Era;Era / Nuclear Era;Era / Information Age Era	Wear_Jacket		portable		0			industrial_clothing	Authored Clothing, footwear and uniforms matrix: portable/jacket/workshop/leather; priced by industrial_clothing analogue.	false	
industrialised_clothing_footwear_uniforms_0383_portable_hat	shared-industrialised	Clothing, footwear and uniforms	industrial;modern;nuclear;information	hat	a portable cotton hat for workshop wear	This portable hat is formed chiefly from cotton and proportioned for workshop wear. Its working edges, contact points and load-bearing surfaces are finished for repeated handling, while visible joins make the method of construction easy to inspect. The particular balance of form, material and service duty distinguishes it from neighbouring catalogue entries.	Small	Standard	4422	100	cotton	Era / Industrial Era;Era / Modern Era;Era / Nuclear Era;Era / Information Age Era	Wear_Hat		portable		0			industrial_clothing	Authored Clothing, footwear and uniforms matrix: portable/hat/workshop/cotton; priced by industrial_clothing analogue.	false	
industrialised_clothing_footwear_uniforms_0384_portable_gloves	shared-industrialised	Clothing, footwear and uniforms	industrial;modern;nuclear;information	gloves	some portable linen gloves for workshop wear	These portable gloves are formed chiefly from linen and proportioned for workshop wear. Their working edges, contact points and load-bearing surfaces are finished for repeated handling, while visible joins make the method of construction easy to inspect. The particular balance of form, material and service duty distinguishes them from neighbouring catalogue entries.	Small	Standard	4459	200	linen	Era / Industrial Era;Era / Modern Era;Era / Nuclear Era;Era / Information Age Era	Wear_Gloves		portable		0			industrial_clothing	Authored Clothing, footwear and uniforms matrix: portable/gloves/workshop/linen; priced by industrial_clothing analogue.	false	
industrialised_clothing_footwear_uniforms_0385_portable_scarf	shared-industrialised	Clothing, footwear and uniforms	industrial;modern;nuclear;information	scarf	a portable wool scarf for workshop wear	This portable scarf is formed chiefly from wool and proportioned for workshop wear. Its working edges, contact points and load-bearing surfaces are finished for repeated handling, while visible joins make the method of construction easy to inspect. The particular balance of form, material and service duty distinguishes it from neighbouring catalogue entries.	Small	Standard	4496	500	wool	Era / Industrial Era;Era / Modern Era;Era / Nuclear Era;Era / Information Age Era	Wear_Scarf		portable		0		industrialised_clothing_footwear_uniforms_0001_plain_rag	industrial_clothing	Authored Clothing, footwear and uniforms matrix: portable/scarf/workshop/wool; priced by industrial_clothing analogue.	false	salvage
industrialised_clothing_footwear_uniforms_0386_portable_skirt	shared-industrialised	Clothing, footwear and uniforms	industrial;modern;nuclear;information	skirt	a portable leather skirt for workshop wear	This portable skirt is formed chiefly from leather and proportioned for workshop wear. Its working edges, contact points and load-bearing surfaces are finished for repeated handling, while visible joins make the method of construction easy to inspect. The particular balance of form, material and service duty distinguishes it from neighbouring catalogue entries.	Small	Standard	4533	1	leather	Era / Industrial Era;Era / Modern Era;Era / Nuclear Era;Era / Information Age Era	Wear_Skirt		portable		0			industrial_clothing	Authored Clothing, footwear and uniforms matrix: portable/skirt/workshop/leather; priced by industrial_clothing analogue.	false	
industrialised_clothing_footwear_uniforms_0387_portable_socks	shared-industrialised	Clothing, footwear and uniforms	industrial;modern;nuclear;information	socks	some portable cotton socks for workshop wear	These portable socks are formed chiefly from cotton and proportioned for workshop wear. Their working edges, contact points and load-bearing surfaces are finished for repeated handling, while visible joins make the method of construction easy to inspect. The particular balance of form, material and service duty distinguishes them from neighbouring catalogue entries.	Small	Standard	4570	2	cotton	Era / Industrial Era;Era / Modern Era;Era / Nuclear Era;Era / Information Age Era	Wear_Socks		portable		0			industrial_clothing	Authored Clothing, footwear and uniforms matrix: portable/socks/workshop/cotton; priced by industrial_clothing analogue.	false	
industrialised_clothing_footwear_uniforms_0388_portable_vest	shared-industrialised	Clothing, footwear and uniforms	industrial;modern;nuclear;information	vest	a portable linen vest for workshop wear	This portable vest is formed chiefly from linen and proportioned for workshop wear. Its working edges, contact points and load-bearing surfaces are finished for repeated handling, while visible joins make the method of construction easy to inspect. The particular balance of form, material and service duty distinguishes it from neighbouring catalogue entries.	Small	Standard	4607	5	linen	Era / Industrial Era;Era / Modern Era;Era / Nuclear Era;Era / Information Age Era	Wear_Vest		portable		0			industrial_clothing	Authored Clothing, footwear and uniforms matrix: portable/vest/workshop/linen; priced by industrial_clothing analogue.	false	
industrialised_clothing_footwear_uniforms_0389_portable_coat	shared-industrialised	Clothing, footwear and uniforms	industrial;modern;nuclear;information	coat	a portable wool coat for workshop wear	This portable coat is formed chiefly from wool and proportioned for workshop wear. Its working edges, contact points and load-bearing surfaces are finished for repeated handling, while visible joins make the method of construction easy to inspect. The particular balance of form, material and service duty distinguishes it from neighbouring catalogue entries.	Small	Standard	4644	10	wool	Era / Industrial Era;Era / Modern Era;Era / Nuclear Era;Era / Information Age Era	Wear_Jacket		portable		0			industrial_clothing	Authored Clothing, footwear and uniforms matrix: portable/coat/workshop/wool; priced by industrial_clothing analogue.	false	
industrialised_clothing_footwear_uniforms_0390_portable_smock	shared-industrialised	Clothing, footwear and uniforms	industrial;modern;nuclear;information	smock	a portable leather smock for workshop wear	This portable smock is formed chiefly from leather and proportioned for workshop wear. Its working edges, contact points and load-bearing surfaces are finished for repeated handling, while visible joins make the method of construction easy to inspect. The particular balance of form, material and service duty distinguishes it from neighbouring catalogue entries.	Small	Standard	4681	20	leather	Era / Industrial Era;Era / Modern Era;Era / Nuclear Era;Era / Information Age Era	Wear_Shirt		portable		0		industrialised_clothing_footwear_uniforms_0001_plain_rag	industrial_clothing	Authored Clothing, footwear and uniforms matrix: portable/smock/workshop/leather; priced by industrial_clothing analogue.	false	salvage
industrialised_clothing_footwear_uniforms_0391_workshop_rag	shared-industrialised	Clothing, footwear and uniforms	industrial;modern;nuclear;information	rag	a workshop cotton rag for workshop wear	This workshop rag is formed chiefly from cotton and proportioned for workshop wear. Its working edges, contact points and load-bearing surfaces are finished for repeated handling, while visible joins make the method of construction easy to inspect. The particular balance of form, material and service duty distinguishes it from neighbouring catalogue entries.	Small	Standard	4718	50	cotton	Era / Industrial Era;Era / Modern Era;Era / Nuclear Era;Era / Information Age Era	Wear_Apron		portable		0			industrial_clothing	Authored Clothing, footwear and uniforms matrix: workshop/rag/workshop/cotton; priced by industrial_clothing analogue.	false	
industrialised_clothing_footwear_uniforms_0392_workshop_apron	shared-industrialised	Clothing, footwear and uniforms	industrial;modern;nuclear;information	apron	a workshop linen apron for workshop wear	This workshop apron is formed chiefly from linen and proportioned for workshop wear. Its working edges, contact points and load-bearing surfaces are finished for repeated handling, while visible joins make the method of construction easy to inspect. The particular balance of form, material and service duty distinguishes it from neighbouring catalogue entries.	Small	Standard	4755	100	linen	Era / Industrial Era;Era / Modern Era;Era / Nuclear Era;Era / Information Age Era	Wear_Apron		portable		0			industrial_clothing	Authored Clothing, footwear and uniforms matrix: workshop/apron/workshop/linen; priced by industrial_clothing analogue.	false	
industrialised_clothing_footwear_uniforms_0393_workshop_shirt	shared-industrialised	Clothing, footwear and uniforms	industrial;modern;nuclear;information	shirt	a workshop wool shirt for workshop wear	This workshop shirt is formed chiefly from wool and proportioned for workshop wear. Its working edges, contact points and load-bearing surfaces are finished for repeated handling, while visible joins make the method of construction easy to inspect. The particular balance of form, material and service duty distinguishes it from neighbouring catalogue entries.	Small	Standard	4792	200	wool	Era / Industrial Era;Era / Modern Era;Era / Nuclear Era;Era / Information Age Era	Wear_Shirt		portable		0			industrial_clothing	Authored Clothing, footwear and uniforms matrix: workshop/shirt/workshop/wool; priced by industrial_clothing analogue.	false	
industrialised_clothing_footwear_uniforms_0394_workshop_trousers	shared-industrialised	Clothing, footwear and uniforms	industrial;modern;nuclear;information	trousers	some workshop leather trousers for workshop wear	These workshop trousers are formed chiefly from leather and proportioned for workshop wear. Their working edges, contact points and load-bearing surfaces are finished for repeated handling, while visible joins make the method of construction easy to inspect. The particular balance of form, material and service duty distinguishes them from neighbouring catalogue entries.	Small	Standard	4829	500	leather	Era / Industrial Era;Era / Modern Era;Era / Nuclear Era;Era / Information Age Era	Wear_Trousers		portable		0			industrial_clothing	Authored Clothing, footwear and uniforms matrix: workshop/trousers/workshop/leather; priced by industrial_clothing analogue.	false	
industrialised_clothing_footwear_uniforms_0395_workshop_boots	shared-industrialised	Clothing, footwear and uniforms	industrial;modern;nuclear;information	boots	some workshop cotton boots for workshop wear	These workshop boots are formed chiefly from cotton and proportioned for workshop wear. Their working edges, contact points and load-bearing surfaces are finished for repeated handling, while visible joins make the method of construction easy to inspect. The particular balance of form, material and service duty distinguishes them from neighbouring catalogue entries.	Small	Standard	4866	1	cotton	Era / Industrial Era;Era / Modern Era;Era / Nuclear Era;Era / Information Age Era	Wear_Boots		portable		0		industrialised_clothing_footwear_uniforms_0001_plain_rag	industrial_clothing	Authored Clothing, footwear and uniforms matrix: workshop/boots/workshop/cotton; priced by industrial_clothing analogue.	false	salvage
industrialised_clothing_footwear_uniforms_0396_workshop_dress	shared-industrialised	Clothing, footwear and uniforms	industrial;modern;nuclear;information	dress	a workshop linen dress for workshop wear	This workshop dress is formed chiefly from linen and proportioned for workshop wear. Its working edges, contact points and load-bearing surfaces are finished for repeated handling, while visible joins make the method of construction easy to inspect. The particular balance of form, material and service duty distinguishes it from neighbouring catalogue entries.	Small	Standard	4903	2	linen	Era / Industrial Era;Era / Modern Era;Era / Nuclear Era;Era / Information Age Era	Wear_Dress		portable		0			industrial_clothing	Authored Clothing, footwear and uniforms matrix: workshop/dress/workshop/linen; priced by industrial_clothing analogue.	false	
industrialised_clothing_footwear_uniforms_0397_workshop_jacket	shared-industrialised	Clothing, footwear and uniforms	industrial;modern;nuclear;information	jacket	a workshop wool jacket for workshop wear	This workshop jacket is formed chiefly from wool and proportioned for workshop wear. Its working edges, contact points and load-bearing surfaces are finished for repeated handling, while visible joins make the method of construction easy to inspect. The particular balance of form, material and service duty distinguishes it from neighbouring catalogue entries.	Small	Standard	4940	5	wool	Era / Industrial Era;Era / Modern Era;Era / Nuclear Era;Era / Information Age Era	Wear_Jacket		portable		0			industrial_clothing	Authored Clothing, footwear and uniforms matrix: workshop/jacket/workshop/wool; priced by industrial_clothing analogue.	false	
industrialised_clothing_footwear_uniforms_0398_workshop_hat	shared-industrialised	Clothing, footwear and uniforms	industrial;modern;nuclear;information	hat	a workshop leather hat for workshop wear	This workshop hat is formed chiefly from leather and proportioned for workshop wear. Its working edges, contact points and load-bearing surfaces are finished for repeated handling, while visible joins make the method of construction easy to inspect. The particular balance of form, material and service duty distinguishes it from neighbouring catalogue entries.	Small	Standard	4977	10	leather	Era / Industrial Era;Era / Modern Era;Era / Nuclear Era;Era / Information Age Era	Wear_Hat		portable		0			industrial_clothing	Authored Clothing, footwear and uniforms matrix: workshop/hat/workshop/leather; priced by industrial_clothing analogue.	false	
industrialised_clothing_footwear_uniforms_0399_workshop_gloves	shared-industrialised	Clothing, footwear and uniforms	industrial;modern;nuclear;information	gloves	some workshop cotton gloves for workshop wear	These workshop gloves are formed chiefly from cotton and proportioned for workshop wear. Their working edges, contact points and load-bearing surfaces are finished for repeated handling, while visible joins make the method of construction easy to inspect. The particular balance of form, material and service duty distinguishes them from neighbouring catalogue entries.	Small	Standard	64	20	cotton	Era / Industrial Era;Era / Modern Era;Era / Nuclear Era;Era / Information Age Era	Wear_Gloves		portable		0			industrial_clothing	Authored Clothing, footwear and uniforms matrix: workshop/gloves/workshop/cotton; priced by industrial_clothing analogue.	false	
industrialised_clothing_footwear_uniforms_0400_workshop_scarf	shared-industrialised	Clothing, footwear and uniforms	industrial;modern;nuclear;information	scarf	a workshop linen scarf for workshop wear	This workshop scarf is formed chiefly from linen and proportioned for workshop wear. Its working edges, contact points and load-bearing surfaces are finished for repeated handling, while visible joins make the method of construction easy to inspect. The particular balance of form, material and service duty distinguishes it from neighbouring catalogue entries.	Small	Standard	101	50	linen	Era / Industrial Era;Era / Modern Era;Era / Nuclear Era;Era / Information Age Era	Wear_Scarf		portable		0		industrialised_clothing_footwear_uniforms_0001_plain_rag	industrial_clothing	Authored Clothing, footwear and uniforms matrix: workshop/scarf/workshop/linen; priced by industrial_clothing analogue.	false	salvage
industrialised_clothing_footwear_uniforms_0401_workshop_skirt	shared-industrialised	Clothing, footwear and uniforms	industrial;modern;nuclear;information	skirt	a workshop wool skirt for workshop wear	This workshop skirt is formed chiefly from wool and proportioned for workshop wear. Its working edges, contact points and load-bearing surfaces are finished for repeated handling, while visible joins make the method of construction easy to inspect. The particular balance of form, material and service duty distinguishes it from neighbouring catalogue entries.	Small	Standard	138	100	wool	Era / Industrial Era;Era / Modern Era;Era / Nuclear Era;Era / Information Age Era	Wear_Skirt		portable		0			industrial_clothing	Authored Clothing, footwear and uniforms matrix: workshop/skirt/workshop/wool; priced by industrial_clothing analogue.	false	
industrialised_clothing_footwear_uniforms_0402_workshop_socks	shared-industrialised	Clothing, footwear and uniforms	industrial;modern;nuclear;information	socks	some workshop leather socks for workshop wear	These workshop socks are formed chiefly from leather and proportioned for workshop wear. Their working edges, contact points and load-bearing surfaces are finished for repeated handling, while visible joins make the method of construction easy to inspect. The particular balance of form, material and service duty distinguishes them from neighbouring catalogue entries.	Small	Standard	175	200	leather	Era / Industrial Era;Era / Modern Era;Era / Nuclear Era;Era / Information Age Era	Wear_Socks		portable		0			industrial_clothing	Authored Clothing, footwear and uniforms matrix: workshop/socks/workshop/leather; priced by industrial_clothing analogue.	false	
industrialised_clothing_footwear_uniforms_0403_workshop_vest	shared-industrialised	Clothing, footwear and uniforms	industrial;modern;nuclear;information	vest	a workshop cotton vest for workshop wear	This workshop vest is formed chiefly from cotton and proportioned for workshop wear. Its working edges, contact points and load-bearing surfaces are finished for repeated handling, while visible joins make the method of construction easy to inspect. The particular balance of form, material and service duty distinguishes it from neighbouring catalogue entries.	Small	Standard	212	500	cotton	Era / Industrial Era;Era / Modern Era;Era / Nuclear Era;Era / Information Age Era	Wear_Vest		portable		0			industrial_clothing	Authored Clothing, footwear and uniforms matrix: workshop/vest/workshop/cotton; priced by industrial_clothing analogue.	false	
industrialised_clothing_footwear_uniforms_0404_workshop_coat	shared-industrialised	Clothing, footwear and uniforms	industrial;modern;nuclear;information	coat	a workshop linen coat for workshop wear	This workshop coat is formed chiefly from linen and proportioned for workshop wear. Its working edges, contact points and load-bearing surfaces are finished for repeated handling, while visible joins make the method of construction easy to inspect. The particular balance of form, material and service duty distinguishes it from neighbouring catalogue entries.	Small	Standard	249	1	linen	Era / Industrial Era;Era / Modern Era;Era / Nuclear Era;Era / Information Age Era	Wear_Jacket		portable		0			industrial_clothing	Authored Clothing, footwear and uniforms matrix: workshop/coat/workshop/linen; priced by industrial_clothing analogue.	false	
industrialised_clothing_footwear_uniforms_0405_workshop_smock	shared-industrialised	Clothing, footwear and uniforms	industrial;modern;nuclear;information	smock	a workshop wool smock for workshop wear	This workshop smock is formed chiefly from wool and proportioned for workshop wear. Its working edges, contact points and load-bearing surfaces are finished for repeated handling, while visible joins make the method of construction easy to inspect. The particular balance of form, material and service duty distinguishes it from neighbouring catalogue entries.	Small	Standard	286	2	wool	Era / Industrial Era;Era / Modern Era;Era / Nuclear Era;Era / Information Age Era	Wear_Shirt		portable		0		industrialised_clothing_footwear_uniforms_0001_plain_rag	industrial_clothing	Authored Clothing, footwear and uniforms matrix: workshop/smock/workshop/wool; priced by industrial_clothing analogue.	false	salvage
industrialised_clothing_footwear_uniforms_0406_institutional_rag	shared-industrialised	Clothing, footwear and uniforms	industrial;modern;nuclear;information	rag	an institutional leather rag for workshop wear	This institutional rag is formed chiefly from leather and proportioned for workshop wear. Its working edges, contact points and load-bearing surfaces are finished for repeated handling, while visible joins make the method of construction easy to inspect. The particular balance of form, material and service duty distinguishes it from neighbouring catalogue entries.	Small	Standard	323	5	leather	Era / Industrial Era;Era / Modern Era;Era / Nuclear Era;Era / Information Age Era	Wear_Apron		portable		0			industrial_clothing	Authored Clothing, footwear and uniforms matrix: institutional/rag/workshop/leather; priced by industrial_clothing analogue.	false	
industrialised_clothing_footwear_uniforms_0407_institutional_apron	shared-industrialised	Clothing, footwear and uniforms	industrial;modern;nuclear;information	apron	an institutional cotton apron for workshop wear	This institutional apron is formed chiefly from cotton and proportioned for workshop wear. Its working edges, contact points and load-bearing surfaces are finished for repeated handling, while visible joins make the method of construction easy to inspect. The particular balance of form, material and service duty distinguishes it from neighbouring catalogue entries.	Small	Standard	360	10	cotton	Era / Industrial Era;Era / Modern Era;Era / Nuclear Era;Era / Information Age Era	Wear_Apron		portable		0			industrial_clothing	Authored Clothing, footwear and uniforms matrix: institutional/apron/workshop/cotton; priced by industrial_clothing analogue.	false	
industrialised_clothing_footwear_uniforms_0408_institutional_shirt	shared-industrialised	Clothing, footwear and uniforms	industrial;modern;nuclear;information	shirt	an institutional linen shirt for workshop wear	This institutional shirt is formed chiefly from linen and proportioned for workshop wear. Its working edges, contact points and load-bearing surfaces are finished for repeated handling, while visible joins make the method of construction easy to inspect. The particular balance of form, material and service duty distinguishes it from neighbouring catalogue entries.	Small	Standard	397	20	linen	Era / Industrial Era;Era / Modern Era;Era / Nuclear Era;Era / Information Age Era	Wear_Shirt		portable		0			industrial_clothing	Authored Clothing, footwear and uniforms matrix: institutional/shirt/workshop/linen; priced by industrial_clothing analogue.	false	
industrialised_clothing_footwear_uniforms_0409_institutional_trousers	shared-industrialised	Clothing, footwear and uniforms	industrial;modern;nuclear;information	trousers	some institutional wool trousers for workshop wear	These institutional trousers are formed chiefly from wool and proportioned for workshop wear. Their working edges, contact points and load-bearing surfaces are finished for repeated handling, while visible joins make the method of construction easy to inspect. The particular balance of form, material and service duty distinguishes them from neighbouring catalogue entries.	Small	Standard	434	50	wool	Era / Industrial Era;Era / Modern Era;Era / Nuclear Era;Era / Information Age Era	Wear_Trousers		portable		0			industrial_clothing	Authored Clothing, footwear and uniforms matrix: institutional/trousers/workshop/wool; priced by industrial_clothing analogue.	false	
industrialised_clothing_footwear_uniforms_0410_institutional_boots	shared-industrialised	Clothing, footwear and uniforms	industrial;modern;nuclear;information	boots	some institutional leather boots for workshop wear	These institutional boots are formed chiefly from leather and proportioned for workshop wear. Their working edges, contact points and load-bearing surfaces are finished for repeated handling, while visible joins make the method of construction easy to inspect. The particular balance of form, material and service duty distinguishes them from neighbouring catalogue entries.	Small	Standard	471	100	leather	Era / Industrial Era;Era / Modern Era;Era / Nuclear Era;Era / Information Age Era	Wear_Boots		portable		0		industrialised_clothing_footwear_uniforms_0001_plain_rag	industrial_clothing	Authored Clothing, footwear and uniforms matrix: institutional/boots/workshop/leather; priced by industrial_clothing analogue.	false	salvage
industrialised_clothing_footwear_uniforms_0411_institutional_dress	shared-industrialised	Clothing, footwear and uniforms	industrial;modern;nuclear;information	dress	an institutional cotton dress for workshop wear	This institutional dress is formed chiefly from cotton and proportioned for workshop wear. Its working edges, contact points and load-bearing surfaces are finished for repeated handling, while visible joins make the method of construction easy to inspect. The particular balance of form, material and service duty distinguishes it from neighbouring catalogue entries.	Small	Standard	508	200	cotton	Era / Industrial Era;Era / Modern Era;Era / Nuclear Era;Era / Information Age Era	Wear_Dress		portable		0			industrial_clothing	Authored Clothing, footwear and uniforms matrix: institutional/dress/workshop/cotton; priced by industrial_clothing analogue.	false	
industrialised_clothing_footwear_uniforms_0412_institutional_jacket	shared-industrialised	Clothing, footwear and uniforms	industrial;modern;nuclear;information	jacket	an institutional linen jacket for workshop wear	This institutional jacket is formed chiefly from linen and proportioned for workshop wear. Its working edges, contact points and load-bearing surfaces are finished for repeated handling, while visible joins make the method of construction easy to inspect. The particular balance of form, material and service duty distinguishes it from neighbouring catalogue entries.	Small	Standard	545	500	linen	Era / Industrial Era;Era / Modern Era;Era / Nuclear Era;Era / Information Age Era	Wear_Jacket		portable		0			industrial_clothing	Authored Clothing, footwear and uniforms matrix: institutional/jacket/workshop/linen; priced by industrial_clothing analogue.	false	
industrialised_clothing_footwear_uniforms_0413_institutional_hat	shared-industrialised	Clothing, footwear and uniforms	industrial;modern;nuclear;information	hat	an institutional wool hat for workshop wear	This institutional hat is formed chiefly from wool and proportioned for workshop wear. Its working edges, contact points and load-bearing surfaces are finished for repeated handling, while visible joins make the method of construction easy to inspect. The particular balance of form, material and service duty distinguishes it from neighbouring catalogue entries.	Small	Standard	582	1	wool	Era / Industrial Era;Era / Modern Era;Era / Nuclear Era;Era / Information Age Era	Wear_Hat		portable		0			industrial_clothing	Authored Clothing, footwear and uniforms matrix: institutional/hat/workshop/wool; priced by industrial_clothing analogue.	false	
industrialised_clothing_footwear_uniforms_0414_institutional_gloves	shared-industrialised	Clothing, footwear and uniforms	industrial;modern;nuclear;information	gloves	some institutional leather gloves for workshop wear	These institutional gloves are formed chiefly from leather and proportioned for workshop wear. Their working edges, contact points and load-bearing surfaces are finished for repeated handling, while visible joins make the method of construction easy to inspect. The particular balance of form, material and service duty distinguishes them from neighbouring catalogue entries.	Small	Standard	619	2	leather	Era / Industrial Era;Era / Modern Era;Era / Nuclear Era;Era / Information Age Era	Wear_Gloves		portable		0			industrial_clothing	Authored Clothing, footwear and uniforms matrix: institutional/gloves/workshop/leather; priced by industrial_clothing analogue.	false	
industrialised_clothing_footwear_uniforms_0415_institutional_scarf	shared-industrialised	Clothing, footwear and uniforms	industrial;modern;nuclear;information	scarf	an institutional cotton scarf for workshop wear	This institutional scarf is formed chiefly from cotton and proportioned for workshop wear. Its working edges, contact points and load-bearing surfaces are finished for repeated handling, while visible joins make the method of construction easy to inspect. The particular balance of form, material and service duty distinguishes it from neighbouring catalogue entries.	Small	Standard	656	5	cotton	Era / Industrial Era;Era / Modern Era;Era / Nuclear Era;Era / Information Age Era	Wear_Scarf		portable		0		industrialised_clothing_footwear_uniforms_0001_plain_rag	industrial_clothing	Authored Clothing, footwear and uniforms matrix: institutional/scarf/workshop/cotton; priced by industrial_clothing analogue.	false	salvage
industrialised_clothing_footwear_uniforms_0416_institutional_skirt	shared-industrialised	Clothing, footwear and uniforms	industrial;modern;nuclear;information	skirt	an institutional linen skirt for workshop wear	This institutional skirt is formed chiefly from linen and proportioned for workshop wear. Its working edges, contact points and load-bearing surfaces are finished for repeated handling, while visible joins make the method of construction easy to inspect. The particular balance of form, material and service duty distinguishes it from neighbouring catalogue entries.	Small	Standard	693	10	linen	Era / Industrial Era;Era / Modern Era;Era / Nuclear Era;Era / Information Age Era	Wear_Skirt		portable		0			industrial_clothing	Authored Clothing, footwear and uniforms matrix: institutional/skirt/workshop/linen; priced by industrial_clothing analogue.	false	
industrialised_clothing_footwear_uniforms_0417_institutional_socks	shared-industrialised	Clothing, footwear and uniforms	industrial;modern;nuclear;information	socks	some institutional wool socks for workshop wear	These institutional socks are formed chiefly from wool and proportioned for workshop wear. Their working edges, contact points and load-bearing surfaces are finished for repeated handling, while visible joins make the method of construction easy to inspect. The particular balance of form, material and service duty distinguishes them from neighbouring catalogue entries.	Small	Standard	730	20	wool	Era / Industrial Era;Era / Modern Era;Era / Nuclear Era;Era / Information Age Era	Wear_Socks		portable		0			industrial_clothing	Authored Clothing, footwear and uniforms matrix: institutional/socks/workshop/wool; priced by industrial_clothing analogue.	false	
industrialised_clothing_footwear_uniforms_0418_institutional_vest	shared-industrialised	Clothing, footwear and uniforms	industrial;modern;nuclear;information	vest	an institutional leather vest for workshop wear	This institutional vest is formed chiefly from leather and proportioned for workshop wear. Its working edges, contact points and load-bearing surfaces are finished for repeated handling, while visible joins make the method of construction easy to inspect. The particular balance of form, material and service duty distinguishes it from neighbouring catalogue entries.	Small	Standard	767	50	leather	Era / Industrial Era;Era / Modern Era;Era / Nuclear Era;Era / Information Age Era	Wear_Vest		portable		0			industrial_clothing	Authored Clothing, footwear and uniforms matrix: institutional/vest/workshop/leather; priced by industrial_clothing analogue.	false	
industrialised_clothing_footwear_uniforms_0419_institutional_coat	shared-industrialised	Clothing, footwear and uniforms	industrial;modern;nuclear;information	coat	an institutional cotton coat for workshop wear	This institutional coat is formed chiefly from cotton and proportioned for workshop wear. Its working edges, contact points and load-bearing surfaces are finished for repeated handling, while visible joins make the method of construction easy to inspect. The particular balance of form, material and service duty distinguishes it from neighbouring catalogue entries.	Small	Standard	804	100	cotton	Era / Industrial Era;Era / Modern Era;Era / Nuclear Era;Era / Information Age Era	Wear_Jacket		portable		0			industrial_clothing	Authored Clothing, footwear and uniforms matrix: institutional/coat/workshop/cotton; priced by industrial_clothing analogue.	false	
industrialised_clothing_footwear_uniforms_0420_institutional_smock	shared-industrialised	Clothing, footwear and uniforms	industrial;modern;nuclear;information	smock	an institutional linen smock for workshop wear	This institutional smock is formed chiefly from linen and proportioned for workshop wear. Its working edges, contact points and load-bearing surfaces are finished for repeated handling, while visible joins make the method of construction easy to inspect. The particular balance of form, material and service duty distinguishes it from neighbouring catalogue entries.	Small	Standard	841	200	linen	Era / Industrial Era;Era / Modern Era;Era / Nuclear Era;Era / Information Age Era	Wear_Shirt		portable		0		industrialised_clothing_footwear_uniforms_0001_plain_rag	industrial_clothing	Authored Clothing, footwear and uniforms matrix: institutional/smock/workshop/linen; priced by industrial_clothing analogue.	false	salvage
industrialised_clothing_footwear_uniforms_0421_weatherproof_rag	shared-industrialised	Clothing, footwear and uniforms	industrial;modern;nuclear;information	rag	a weatherproof wool rag for workshop wear	This weatherproof rag is formed chiefly from wool and proportioned for workshop wear. Its working edges, contact points and load-bearing surfaces are finished for repeated handling, while visible joins make the method of construction easy to inspect. The particular balance of form, material and service duty distinguishes it from neighbouring catalogue entries.	Small	Standard	878	500	wool	Era / Industrial Era;Era / Modern Era;Era / Nuclear Era;Era / Information Age Era	Wear_Apron		portable		0			industrial_clothing	Authored Clothing, footwear and uniforms matrix: weatherproof/rag/workshop/wool; priced by industrial_clothing analogue.	false	
industrialised_clothing_footwear_uniforms_0422_weatherproof_apron	shared-industrialised	Clothing, footwear and uniforms	industrial;modern;nuclear;information	apron	a weatherproof leather apron for workshop wear	This weatherproof apron is formed chiefly from leather and proportioned for workshop wear. Its working edges, contact points and load-bearing surfaces are finished for repeated handling, while visible joins make the method of construction easy to inspect. The particular balance of form, material and service duty distinguishes it from neighbouring catalogue entries.	Small	Standard	915	1	leather	Era / Industrial Era;Era / Modern Era;Era / Nuclear Era;Era / Information Age Era	Wear_Apron		portable		0			industrial_clothing	Authored Clothing, footwear and uniforms matrix: weatherproof/apron/workshop/leather; priced by industrial_clothing analogue.	false	
industrialised_clothing_footwear_uniforms_0423_weatherproof_shirt	shared-industrialised	Clothing, footwear and uniforms	industrial;modern;nuclear;information	shirt	a weatherproof cotton shirt for workshop wear	This weatherproof shirt is formed chiefly from cotton and proportioned for workshop wear. Its working edges, contact points and load-bearing surfaces are finished for repeated handling, while visible joins make the method of construction easy to inspect. The particular balance of form, material and service duty distinguishes it from neighbouring catalogue entries.	Small	Standard	952	2	cotton	Era / Industrial Era;Era / Modern Era;Era / Nuclear Era;Era / Information Age Era	Wear_Shirt		portable		0			industrial_clothing	Authored Clothing, footwear and uniforms matrix: weatherproof/shirt/workshop/cotton; priced by industrial_clothing analogue.	false	
industrialised_clothing_footwear_uniforms_0424_weatherproof_trousers	shared-industrialised	Clothing, footwear and uniforms	industrial;modern;nuclear;information	trousers	some weatherproof linen trousers for workshop wear	These weatherproof trousers are formed chiefly from linen and proportioned for workshop wear. Their working edges, contact points and load-bearing surfaces are finished for repeated handling, while visible joins make the method of construction easy to inspect. The particular balance of form, material and service duty distinguishes them from neighbouring catalogue entries.	Small	Standard	989	5	linen	Era / Industrial Era;Era / Modern Era;Era / Nuclear Era;Era / Information Age Era	Wear_Trousers		portable		0			industrial_clothing	Authored Clothing, footwear and uniforms matrix: weatherproof/trousers/workshop/linen; priced by industrial_clothing analogue.	false	
industrialised_clothing_footwear_uniforms_0425_weatherproof_boots	shared-industrialised	Clothing, footwear and uniforms	industrial;modern;nuclear;information	boots	some weatherproof wool boots for workshop wear	These weatherproof boots are formed chiefly from wool and proportioned for workshop wear. Their working edges, contact points and load-bearing surfaces are finished for repeated handling, while visible joins make the method of construction easy to inspect. The particular balance of form, material and service duty distinguishes them from neighbouring catalogue entries.	Small	Standard	1026	10	wool	Era / Industrial Era;Era / Modern Era;Era / Nuclear Era;Era / Information Age Era	Wear_Boots		portable		0		industrialised_clothing_footwear_uniforms_0001_plain_rag	industrial_clothing	Authored Clothing, footwear and uniforms matrix: weatherproof/boots/workshop/wool; priced by industrial_clothing analogue.	false	salvage
industrialised_clothing_footwear_uniforms_0426_weatherproof_dress	shared-industrialised	Clothing, footwear and uniforms	industrial;modern;nuclear;information	dress	a weatherproof leather dress for workshop wear	This weatherproof dress is formed chiefly from leather and proportioned for workshop wear. Its working edges, contact points and load-bearing surfaces are finished for repeated handling, while visible joins make the method of construction easy to inspect. The particular balance of form, material and service duty distinguishes it from neighbouring catalogue entries.	Small	Standard	1063	20	leather	Era / Industrial Era;Era / Modern Era;Era / Nuclear Era;Era / Information Age Era	Wear_Dress		portable		0			industrial_clothing	Authored Clothing, footwear and uniforms matrix: weatherproof/dress/workshop/leather; priced by industrial_clothing analogue.	false	
industrialised_clothing_footwear_uniforms_0427_weatherproof_jacket	shared-industrialised	Clothing, footwear and uniforms	industrial;modern;nuclear;information	jacket	a weatherproof cotton jacket for workshop wear	This weatherproof jacket is formed chiefly from cotton and proportioned for workshop wear. Its working edges, contact points and load-bearing surfaces are finished for repeated handling, while visible joins make the method of construction easy to inspect. The particular balance of form, material and service duty distinguishes it from neighbouring catalogue entries.	Small	Standard	1100	50	cotton	Era / Industrial Era;Era / Modern Era;Era / Nuclear Era;Era / Information Age Era	Wear_Jacket		portable		0			industrial_clothing	Authored Clothing, footwear and uniforms matrix: weatherproof/jacket/workshop/cotton; priced by industrial_clothing analogue.	false	
industrialised_clothing_footwear_uniforms_0428_weatherproof_hat	shared-industrialised	Clothing, footwear and uniforms	industrial;modern;nuclear;information	hat	a weatherproof linen hat for workshop wear	This weatherproof hat is formed chiefly from linen and proportioned for workshop wear. Its working edges, contact points and load-bearing surfaces are finished for repeated handling, while visible joins make the method of construction easy to inspect. The particular balance of form, material and service duty distinguishes it from neighbouring catalogue entries.	Small	Standard	1137	100	linen	Era / Industrial Era;Era / Modern Era;Era / Nuclear Era;Era / Information Age Era	Wear_Hat		portable		0			industrial_clothing	Authored Clothing, footwear and uniforms matrix: weatherproof/hat/workshop/linen; priced by industrial_clothing analogue.	false	
industrialised_clothing_footwear_uniforms_0429_weatherproof_gloves	shared-industrialised	Clothing, footwear and uniforms	industrial;modern;nuclear;information	gloves	some weatherproof wool gloves for workshop wear	These weatherproof gloves are formed chiefly from wool and proportioned for workshop wear. Their working edges, contact points and load-bearing surfaces are finished for repeated handling, while visible joins make the method of construction easy to inspect. The particular balance of form, material and service duty distinguishes them from neighbouring catalogue entries.	Small	Standard	1174	200	wool	Era / Industrial Era;Era / Modern Era;Era / Nuclear Era;Era / Information Age Era	Wear_Gloves		portable		0			industrial_clothing	Authored Clothing, footwear and uniforms matrix: weatherproof/gloves/workshop/wool; priced by industrial_clothing analogue.	false	
industrialised_clothing_footwear_uniforms_0430_weatherproof_scarf	shared-industrialised	Clothing, footwear and uniforms	industrial;modern;nuclear;information	scarf	a weatherproof leather scarf for workshop wear	This weatherproof scarf is formed chiefly from leather and proportioned for workshop wear. Its working edges, contact points and load-bearing surfaces are finished for repeated handling, while visible joins make the method of construction easy to inspect. The particular balance of form, material and service duty distinguishes it from neighbouring catalogue entries.	Small	Standard	1211	500	leather	Era / Industrial Era;Era / Modern Era;Era / Nuclear Era;Era / Information Age Era	Wear_Scarf		portable		0		industrialised_clothing_footwear_uniforms_0001_plain_rag	industrial_clothing	Authored Clothing, footwear and uniforms matrix: weatherproof/scarf/workshop/leather; priced by industrial_clothing analogue.	false	salvage
industrialised_clothing_footwear_uniforms_0431_weatherproof_skirt	shared-industrialised	Clothing, footwear and uniforms	industrial;modern;nuclear;information	skirt	a weatherproof cotton skirt for workshop wear	This weatherproof skirt is formed chiefly from cotton and proportioned for workshop wear. Its working edges, contact points and load-bearing surfaces are finished for repeated handling, while visible joins make the method of construction easy to inspect. The particular balance of form, material and service duty distinguishes it from neighbouring catalogue entries.	Small	Standard	1248	1	cotton	Era / Industrial Era;Era / Modern Era;Era / Nuclear Era;Era / Information Age Era	Wear_Skirt		portable		0			industrial_clothing	Authored Clothing, footwear and uniforms matrix: weatherproof/skirt/workshop/cotton; priced by industrial_clothing analogue.	false	
industrialised_clothing_footwear_uniforms_0432_weatherproof_socks	shared-industrialised	Clothing, footwear and uniforms	industrial;modern;nuclear;information	socks	some weatherproof linen socks for workshop wear	These weatherproof socks are formed chiefly from linen and proportioned for workshop wear. Their working edges, contact points and load-bearing surfaces are finished for repeated handling, while visible joins make the method of construction easy to inspect. The particular balance of form, material and service duty distinguishes them from neighbouring catalogue entries.	Small	Standard	1285	2	linen	Era / Industrial Era;Era / Modern Era;Era / Nuclear Era;Era / Information Age Era	Wear_Socks		portable		0			industrial_clothing	Authored Clothing, footwear and uniforms matrix: weatherproof/socks/workshop/linen; priced by industrial_clothing analogue.	false	
industrialised_clothing_footwear_uniforms_0433_weatherproof_vest	shared-industrialised	Clothing, footwear and uniforms	industrial;modern;nuclear;information	vest	a weatherproof wool vest for workshop wear	This weatherproof vest is formed chiefly from wool and proportioned for workshop wear. Its working edges, contact points and load-bearing surfaces are finished for repeated handling, while visible joins make the method of construction easy to inspect. The particular balance of form, material and service duty distinguishes it from neighbouring catalogue entries.	Small	Standard	1322	5	wool	Era / Industrial Era;Era / Modern Era;Era / Nuclear Era;Era / Information Age Era	Wear_Vest		portable		0			industrial_clothing	Authored Clothing, footwear and uniforms matrix: weatherproof/vest/workshop/wool; priced by industrial_clothing analogue.	false	
industrialised_clothing_footwear_uniforms_0434_weatherproof_coat	shared-industrialised	Clothing, footwear and uniforms	industrial;modern;nuclear;information	coat	a weatherproof leather coat for workshop wear	This weatherproof coat is formed chiefly from leather and proportioned for workshop wear. Its working edges, contact points and load-bearing surfaces are finished for repeated handling, while visible joins make the method of construction easy to inspect. The particular balance of form, material and service duty distinguishes it from neighbouring catalogue entries.	Small	Standard	1359	10	leather	Era / Industrial Era;Era / Modern Era;Era / Nuclear Era;Era / Information Age Era	Wear_Jacket		portable		0			industrial_clothing	Authored Clothing, footwear and uniforms matrix: weatherproof/coat/workshop/leather; priced by industrial_clothing analogue.	false	
industrialised_clothing_footwear_uniforms_0435_weatherproof_smock	shared-industrialised	Clothing, footwear and uniforms	industrial;modern;nuclear;information	smock	a weatherproof cotton smock for workshop wear	This weatherproof smock is formed chiefly from cotton and proportioned for workshop wear. Its working edges, contact points and load-bearing surfaces are finished for repeated handling, while visible joins make the method of construction easy to inspect. The particular balance of form, material and service duty distinguishes it from neighbouring catalogue entries.	Small	Standard	1396	20	cotton	Era / Industrial Era;Era / Modern Era;Era / Nuclear Era;Era / Information Age Era	Wear_Shirt		portable		0		industrialised_clothing_footwear_uniforms_0001_plain_rag	industrial_clothing	Authored Clothing, footwear and uniforms matrix: weatherproof/smock/workshop/cotton; priced by industrial_clothing analogue.	false	salvage
industrialised_clothing_footwear_uniforms_0436_service_rag	shared-industrialised	Clothing, footwear and uniforms	industrial;modern;nuclear;information	rag	a service linen rag for workshop wear	This service rag is formed chiefly from linen and proportioned for workshop wear. Its working edges, contact points and load-bearing surfaces are finished for repeated handling, while visible joins make the method of construction easy to inspect. The particular balance of form, material and service duty distinguishes it from neighbouring catalogue entries.	Small	Standard	1433	50	linen	Era / Industrial Era;Era / Modern Era;Era / Nuclear Era;Era / Information Age Era	Wear_Apron		portable		0			industrial_clothing	Authored Clothing, footwear and uniforms matrix: service/rag/workshop/linen; priced by industrial_clothing analogue.	false	
industrialised_clothing_footwear_uniforms_0437_service_apron	shared-industrialised	Clothing, footwear and uniforms	industrial;modern;nuclear;information	apron	a service wool apron for workshop wear	This service apron is formed chiefly from wool and proportioned for workshop wear. Its working edges, contact points and load-bearing surfaces are finished for repeated handling, while visible joins make the method of construction easy to inspect. The particular balance of form, material and service duty distinguishes it from neighbouring catalogue entries.	Small	Standard	1470	100	wool	Era / Industrial Era;Era / Modern Era;Era / Nuclear Era;Era / Information Age Era	Wear_Apron		portable		0			industrial_clothing	Authored Clothing, footwear and uniforms matrix: service/apron/workshop/wool; priced by industrial_clothing analogue.	false	
industrialised_clothing_footwear_uniforms_0438_service_shirt	shared-industrialised	Clothing, footwear and uniforms	industrial;modern;nuclear;information	shirt	a service leather shirt for workshop wear	This service shirt is formed chiefly from leather and proportioned for workshop wear. Its working edges, contact points and load-bearing surfaces are finished for repeated handling, while visible joins make the method of construction easy to inspect. The particular balance of form, material and service duty distinguishes it from neighbouring catalogue entries.	Small	Standard	1507	200	leather	Era / Industrial Era;Era / Modern Era;Era / Nuclear Era;Era / Information Age Era	Wear_Shirt		portable		0			industrial_clothing	Authored Clothing, footwear and uniforms matrix: service/shirt/workshop/leather; priced by industrial_clothing analogue.	false	
industrialised_clothing_footwear_uniforms_0439_service_trousers	shared-industrialised	Clothing, footwear and uniforms	industrial;modern;nuclear;information	trousers	some service cotton trousers for workshop wear	These service trousers are formed chiefly from cotton and proportioned for workshop wear. Their working edges, contact points and load-bearing surfaces are finished for repeated handling, while visible joins make the method of construction easy to inspect. The particular balance of form, material and service duty distinguishes them from neighbouring catalogue entries.	Small	Standard	1544	500	cotton	Era / Industrial Era;Era / Modern Era;Era / Nuclear Era;Era / Information Age Era	Wear_Trousers		portable		0			industrial_clothing	Authored Clothing, footwear and uniforms matrix: service/trousers/workshop/cotton; priced by industrial_clothing analogue.	false	
industrialised_clothing_footwear_uniforms_0440_service_boots	shared-industrialised	Clothing, footwear and uniforms	industrial;modern;nuclear;information	boots	some service linen boots for workshop wear	These service boots are formed chiefly from linen and proportioned for workshop wear. Their working edges, contact points and load-bearing surfaces are finished for repeated handling, while visible joins make the method of construction easy to inspect. The particular balance of form, material and service duty distinguishes them from neighbouring catalogue entries.	Small	Standard	1581	1	linen	Era / Industrial Era;Era / Modern Era;Era / Nuclear Era;Era / Information Age Era	Wear_Boots		portable		0		industrialised_clothing_footwear_uniforms_0001_plain_rag	industrial_clothing	Authored Clothing, footwear and uniforms matrix: service/boots/workshop/linen; priced by industrial_clothing analogue.	false	salvage
industrialised_clothing_footwear_uniforms_0441_service_dress	shared-industrialised	Clothing, footwear and uniforms	industrial;modern;nuclear;information	dress	a service wool dress for workshop wear	This service dress is formed chiefly from wool and proportioned for workshop wear. Its working edges, contact points and load-bearing surfaces are finished for repeated handling, while visible joins make the method of construction easy to inspect. The particular balance of form, material and service duty distinguishes it from neighbouring catalogue entries.	Small	Standard	1618	2	wool	Era / Industrial Era;Era / Modern Era;Era / Nuclear Era;Era / Information Age Era	Wear_Dress		portable		0			industrial_clothing	Authored Clothing, footwear and uniforms matrix: service/dress/workshop/wool; priced by industrial_clothing analogue.	false	
industrialised_clothing_footwear_uniforms_0442_service_jacket	shared-industrialised	Clothing, footwear and uniforms	industrial;modern;nuclear;information	jacket	a service leather jacket for workshop wear	This service jacket is formed chiefly from leather and proportioned for workshop wear. Its working edges, contact points and load-bearing surfaces are finished for repeated handling, while visible joins make the method of construction easy to inspect. The particular balance of form, material and service duty distinguishes it from neighbouring catalogue entries.	Small	Standard	1655	5	leather	Era / Industrial Era;Era / Modern Era;Era / Nuclear Era;Era / Information Age Era	Wear_Jacket		portable		0			industrial_clothing	Authored Clothing, footwear and uniforms matrix: service/jacket/workshop/leather; priced by industrial_clothing analogue.	false	
industrialised_clothing_footwear_uniforms_0443_service_hat	shared-industrialised	Clothing, footwear and uniforms	industrial;modern;nuclear;information	hat	a service cotton hat for workshop wear	This service hat is formed chiefly from cotton and proportioned for workshop wear. Its working edges, contact points and load-bearing surfaces are finished for repeated handling, while visible joins make the method of construction easy to inspect. The particular balance of form, material and service duty distinguishes it from neighbouring catalogue entries.	Small	Standard	1692	10	cotton	Era / Industrial Era;Era / Modern Era;Era / Nuclear Era;Era / Information Age Era	Wear_Hat		portable		0			industrial_clothing	Authored Clothing, footwear and uniforms matrix: service/hat/workshop/cotton; priced by industrial_clothing analogue.	false	
industrialised_clothing_footwear_uniforms_0444_service_gloves	shared-industrialised	Clothing, footwear and uniforms	industrial;modern;nuclear;information	gloves	some service linen gloves for workshop wear	These service gloves are formed chiefly from linen and proportioned for workshop wear. Their working edges, contact points and load-bearing surfaces are finished for repeated handling, while visible joins make the method of construction easy to inspect. The particular balance of form, material and service duty distinguishes them from neighbouring catalogue entries.	Small	Standard	1729	20	linen	Era / Industrial Era;Era / Modern Era;Era / Nuclear Era;Era / Information Age Era	Wear_Gloves		portable		0			industrial_clothing	Authored Clothing, footwear and uniforms matrix: service/gloves/workshop/linen; priced by industrial_clothing analogue.	false	
industrialised_clothing_footwear_uniforms_0445_service_scarf	shared-industrialised	Clothing, footwear and uniforms	industrial;modern;nuclear;information	scarf	a service wool scarf for workshop wear	This service scarf is formed chiefly from wool and proportioned for workshop wear. Its working edges, contact points and load-bearing surfaces are finished for repeated handling, while visible joins make the method of construction easy to inspect. The particular balance of form, material and service duty distinguishes it from neighbouring catalogue entries.	Small	Standard	1766	50	wool	Era / Industrial Era;Era / Modern Era;Era / Nuclear Era;Era / Information Age Era	Wear_Scarf		portable		0		industrialised_clothing_footwear_uniforms_0001_plain_rag	industrial_clothing	Authored Clothing, footwear and uniforms matrix: service/scarf/workshop/wool; priced by industrial_clothing analogue.	false	salvage
industrialised_clothing_footwear_uniforms_0446_service_skirt	shared-industrialised	Clothing, footwear and uniforms	industrial;modern;nuclear;information	skirt	a service leather skirt for workshop wear	This service skirt is formed chiefly from leather and proportioned for workshop wear. Its working edges, contact points and load-bearing surfaces are finished for repeated handling, while visible joins make the method of construction easy to inspect. The particular balance of form, material and service duty distinguishes it from neighbouring catalogue entries.	Small	Standard	1803	100	leather	Era / Industrial Era;Era / Modern Era;Era / Nuclear Era;Era / Information Age Era	Wear_Skirt		portable		0			industrial_clothing	Authored Clothing, footwear and uniforms matrix: service/skirt/workshop/leather; priced by industrial_clothing analogue.	false	
industrialised_clothing_footwear_uniforms_0447_service_socks	shared-industrialised	Clothing, footwear and uniforms	industrial;modern;nuclear;information	socks	some service cotton socks for workshop wear	These service socks are formed chiefly from cotton and proportioned for workshop wear. Their working edges, contact points and load-bearing surfaces are finished for repeated handling, while visible joins make the method of construction easy to inspect. The particular balance of form, material and service duty distinguishes them from neighbouring catalogue entries.	Small	Standard	1840	200	cotton	Era / Industrial Era;Era / Modern Era;Era / Nuclear Era;Era / Information Age Era	Wear_Socks		portable		0			industrial_clothing	Authored Clothing, footwear and uniforms matrix: service/socks/workshop/cotton; priced by industrial_clothing analogue.	false	
industrialised_clothing_footwear_uniforms_0448_service_vest	shared-industrialised	Clothing, footwear and uniforms	industrial;modern;nuclear;information	vest	a service linen vest for workshop wear	This service vest is formed chiefly from linen and proportioned for workshop wear. Its working edges, contact points and load-bearing surfaces are finished for repeated handling, while visible joins make the method of construction easy to inspect. The particular balance of form, material and service duty distinguishes it from neighbouring catalogue entries.	Small	Standard	1877	500	linen	Era / Industrial Era;Era / Modern Era;Era / Nuclear Era;Era / Information Age Era	Wear_Vest		portable		0			industrial_clothing	Authored Clothing, footwear and uniforms matrix: service/vest/workshop/linen; priced by industrial_clothing analogue.	false	
industrialised_clothing_footwear_uniforms_0449_service_coat	shared-industrialised	Clothing, footwear and uniforms	industrial;modern;nuclear;information	coat	a service wool coat for workshop wear	This service coat is formed chiefly from wool and proportioned for workshop wear. Its working edges, contact points and load-bearing surfaces are finished for repeated handling, while visible joins make the method of construction easy to inspect. The particular balance of form, material and service duty distinguishes it from neighbouring catalogue entries.	Small	Standard	1914	1	wool	Era / Industrial Era;Era / Modern Era;Era / Nuclear Era;Era / Information Age Era	Wear_Jacket		portable		0			industrial_clothing	Authored Clothing, footwear and uniforms matrix: service/coat/workshop/wool; priced by industrial_clothing analogue.	false	
industrialised_clothing_footwear_uniforms_0450_service_smock	shared-industrialised	Clothing, footwear and uniforms	industrial;modern;nuclear;information	smock	a service leather smock for workshop wear	This service smock is formed chiefly from leather and proportioned for workshop wear. Its working edges, contact points and load-bearing surfaces are finished for repeated handling, while visible joins make the method of construction easy to inspect. The particular balance of form, material and service duty distinguishes it from neighbouring catalogue entries.	Small	Standard	1951	2	leather	Era / Industrial Era;Era / Modern Era;Era / Nuclear Era;Era / Information Age Era	Wear_Shirt		portable		0		industrialised_clothing_footwear_uniforms_0001_plain_rag	industrial_clothing	Authored Clothing, footwear and uniforms matrix: service/smock/workshop/leather; priced by industrial_clothing analogue.	false	salvage
industrialised_clothing_footwear_uniforms_0451_precision_rag	shared-industrialised	Clothing, footwear and uniforms	industrial;modern;nuclear;information	rag	a precision cotton rag for workshop wear	This precision rag is formed chiefly from cotton and proportioned for workshop wear. Its working edges, contact points and load-bearing surfaces are finished for repeated handling, while visible joins make the method of construction easy to inspect. The particular balance of form, material and service duty distinguishes it from neighbouring catalogue entries.	Small	Standard	1988	5	cotton	Era / Industrial Era;Era / Modern Era;Era / Nuclear Era;Era / Information Age Era	Wear_Apron		portable		0			industrial_clothing	Authored Clothing, footwear and uniforms matrix: precision/rag/workshop/cotton; priced by industrial_clothing analogue.	false	
industrialised_clothing_footwear_uniforms_0452_precision_apron	shared-industrialised	Clothing, footwear and uniforms	industrial;modern;nuclear;information	apron	a precision linen apron for workshop wear	This precision apron is formed chiefly from linen and proportioned for workshop wear. Its working edges, contact points and load-bearing surfaces are finished for repeated handling, while visible joins make the method of construction easy to inspect. The particular balance of form, material and service duty distinguishes it from neighbouring catalogue entries.	Small	Standard	2025	10	linen	Era / Industrial Era;Era / Modern Era;Era / Nuclear Era;Era / Information Age Era	Wear_Apron		portable		0			industrial_clothing	Authored Clothing, footwear and uniforms matrix: precision/apron/workshop/linen; priced by industrial_clothing analogue.	false	
industrialised_clothing_footwear_uniforms_0453_precision_shirt	shared-industrialised	Clothing, footwear and uniforms	industrial;modern;nuclear;information	shirt	a precision wool shirt for workshop wear	This precision shirt is formed chiefly from wool and proportioned for workshop wear. Its working edges, contact points and load-bearing surfaces are finished for repeated handling, while visible joins make the method of construction easy to inspect. The particular balance of form, material and service duty distinguishes it from neighbouring catalogue entries.	Small	Standard	2062	20	wool	Era / Industrial Era;Era / Modern Era;Era / Nuclear Era;Era / Information Age Era	Wear_Shirt		portable		0			industrial_clothing	Authored Clothing, footwear and uniforms matrix: precision/shirt/workshop/wool; priced by industrial_clothing analogue.	false	
industrialised_clothing_footwear_uniforms_0454_precision_trousers	shared-industrialised	Clothing, footwear and uniforms	industrial;modern;nuclear;information	trousers	some precision leather trousers for workshop wear	These precision trousers are formed chiefly from leather and proportioned for workshop wear. Their working edges, contact points and load-bearing surfaces are finished for repeated handling, while visible joins make the method of construction easy to inspect. The particular balance of form, material and service duty distinguishes them from neighbouring catalogue entries.	Small	Standard	2099	50	leather	Era / Industrial Era;Era / Modern Era;Era / Nuclear Era;Era / Information Age Era	Wear_Trousers		portable		0			industrial_clothing	Authored Clothing, footwear and uniforms matrix: precision/trousers/workshop/leather; priced by industrial_clothing analogue.	false	
industrialised_clothing_footwear_uniforms_0455_precision_boots	shared-industrialised	Clothing, footwear and uniforms	industrial;modern;nuclear;information	boots	some precision cotton boots for workshop wear	These precision boots are formed chiefly from cotton and proportioned for workshop wear. Their working edges, contact points and load-bearing surfaces are finished for repeated handling, while visible joins make the method of construction easy to inspect. The particular balance of form, material and service duty distinguishes them from neighbouring catalogue entries.	Small	Standard	2136	100	cotton	Era / Industrial Era;Era / Modern Era;Era / Nuclear Era;Era / Information Age Era	Wear_Boots		portable		0		industrialised_clothing_footwear_uniforms_0001_plain_rag	industrial_clothing	Authored Clothing, footwear and uniforms matrix: precision/boots/workshop/cotton; priced by industrial_clothing analogue.	false	salvage
industrialised_clothing_footwear_uniforms_0456_precision_dress	shared-industrialised	Clothing, footwear and uniforms	industrial;modern;nuclear;information	dress	a precision linen dress for workshop wear	This precision dress is formed chiefly from linen and proportioned for workshop wear. Its working edges, contact points and load-bearing surfaces are finished for repeated handling, while visible joins make the method of construction easy to inspect. The particular balance of form, material and service duty distinguishes it from neighbouring catalogue entries.	Small	Standard	2173	200	linen	Era / Industrial Era;Era / Modern Era;Era / Nuclear Era;Era / Information Age Era	Wear_Dress		portable		0			industrial_clothing	Authored Clothing, footwear and uniforms matrix: precision/dress/workshop/linen; priced by industrial_clothing analogue.	false	
industrialised_clothing_footwear_uniforms_0457_precision_jacket	shared-industrialised	Clothing, footwear and uniforms	industrial;modern;nuclear;information	jacket	a precision wool jacket for workshop wear	This precision jacket is formed chiefly from wool and proportioned for workshop wear. Its working edges, contact points and load-bearing surfaces are finished for repeated handling, while visible joins make the method of construction easy to inspect. The particular balance of form, material and service duty distinguishes it from neighbouring catalogue entries.	Small	Standard	2210	500	wool	Era / Industrial Era;Era / Modern Era;Era / Nuclear Era;Era / Information Age Era	Wear_Jacket		portable		0			industrial_clothing	Authored Clothing, footwear and uniforms matrix: precision/jacket/workshop/wool; priced by industrial_clothing analogue.	false	
industrialised_clothing_footwear_uniforms_0458_precision_hat	shared-industrialised	Clothing, footwear and uniforms	industrial;modern;nuclear;information	hat	a precision leather hat for workshop wear	This precision hat is formed chiefly from leather and proportioned for workshop wear. Its working edges, contact points and load-bearing surfaces are finished for repeated handling, while visible joins make the method of construction easy to inspect. The particular balance of form, material and service duty distinguishes it from neighbouring catalogue entries.	Small	Standard	2247	1	leather	Era / Industrial Era;Era / Modern Era;Era / Nuclear Era;Era / Information Age Era	Wear_Hat		portable		0			industrial_clothing	Authored Clothing, footwear and uniforms matrix: precision/hat/workshop/leather; priced by industrial_clothing analogue.	false	
industrialised_clothing_footwear_uniforms_0459_precision_gloves	shared-industrialised	Clothing, footwear and uniforms	industrial;modern;nuclear;information	gloves	some precision cotton gloves for workshop wear	These precision gloves are formed chiefly from cotton and proportioned for workshop wear. Their working edges, contact points and load-bearing surfaces are finished for repeated handling, while visible joins make the method of construction easy to inspect. The particular balance of form, material and service duty distinguishes them from neighbouring catalogue entries.	Small	Standard	2284	2	cotton	Era / Industrial Era;Era / Modern Era;Era / Nuclear Era;Era / Information Age Era	Wear_Gloves		portable		0			industrial_clothing	Authored Clothing, footwear and uniforms matrix: precision/gloves/workshop/cotton; priced by industrial_clothing analogue.	false	
industrialised_clothing_footwear_uniforms_0460_precision_scarf	shared-industrialised	Clothing, footwear and uniforms	industrial;modern;nuclear;information	scarf	a precision linen scarf for workshop wear	This precision scarf is formed chiefly from linen and proportioned for workshop wear. Its working edges, contact points and load-bearing surfaces are finished for repeated handling, while visible joins make the method of construction easy to inspect. The particular balance of form, material and service duty distinguishes it from neighbouring catalogue entries.	Small	Standard	2321	5	linen	Era / Industrial Era;Era / Modern Era;Era / Nuclear Era;Era / Information Age Era	Wear_Scarf		portable		0		industrialised_clothing_footwear_uniforms_0001_plain_rag	industrial_clothing	Authored Clothing, footwear and uniforms matrix: precision/scarf/workshop/linen; priced by industrial_clothing analogue.	false	salvage
industrialised_clothing_footwear_uniforms_0461_precision_skirt	shared-industrialised	Clothing, footwear and uniforms	industrial;modern;nuclear;information	skirt	a precision wool skirt for workshop wear	This precision skirt is formed chiefly from wool and proportioned for workshop wear. Its working edges, contact points and load-bearing surfaces are finished for repeated handling, while visible joins make the method of construction easy to inspect. The particular balance of form, material and service duty distinguishes it from neighbouring catalogue entries.	Small	Standard	2358	10	wool	Era / Industrial Era;Era / Modern Era;Era / Nuclear Era;Era / Information Age Era	Wear_Skirt		portable		0			industrial_clothing	Authored Clothing, footwear and uniforms matrix: precision/skirt/workshop/wool; priced by industrial_clothing analogue.	false	
industrialised_clothing_footwear_uniforms_0462_precision_socks	shared-industrialised	Clothing, footwear and uniforms	industrial;modern;nuclear;information	socks	some precision leather socks for workshop wear	These precision socks are formed chiefly from leather and proportioned for workshop wear. Their working edges, contact points and load-bearing surfaces are finished for repeated handling, while visible joins make the method of construction easy to inspect. The particular balance of form, material and service duty distinguishes them from neighbouring catalogue entries.	Small	Standard	2395	20	leather	Era / Industrial Era;Era / Modern Era;Era / Nuclear Era;Era / Information Age Era	Wear_Socks		portable		0			industrial_clothing	Authored Clothing, footwear and uniforms matrix: precision/socks/workshop/leather; priced by industrial_clothing analogue.	false	
industrialised_clothing_footwear_uniforms_0463_precision_vest	shared-industrialised	Clothing, footwear and uniforms	industrial;modern;nuclear;information	vest	a precision cotton vest for workshop wear	This precision vest is formed chiefly from cotton and proportioned for workshop wear. Its working edges, contact points and load-bearing surfaces are finished for repeated handling, while visible joins make the method of construction easy to inspect. The particular balance of form, material and service duty distinguishes it from neighbouring catalogue entries.	Small	Standard	2432	50	cotton	Era / Industrial Era;Era / Modern Era;Era / Nuclear Era;Era / Information Age Era	Wear_Vest		portable		0			industrial_clothing	Authored Clothing, footwear and uniforms matrix: precision/vest/workshop/cotton; priced by industrial_clothing analogue.	false	
industrialised_clothing_footwear_uniforms_0464_precision_coat	shared-industrialised	Clothing, footwear and uniforms	industrial;modern;nuclear;information	coat	a precision linen coat for workshop wear	This precision coat is formed chiefly from linen and proportioned for workshop wear. Its working edges, contact points and load-bearing surfaces are finished for repeated handling, while visible joins make the method of construction easy to inspect. The particular balance of form, material and service duty distinguishes it from neighbouring catalogue entries.	Small	Standard	2469	100	linen	Era / Industrial Era;Era / Modern Era;Era / Nuclear Era;Era / Information Age Era	Wear_Jacket		portable		0			industrial_clothing	Authored Clothing, footwear and uniforms matrix: precision/coat/workshop/linen; priced by industrial_clothing analogue.	false	
industrialised_clothing_footwear_uniforms_0465_precision_smock	shared-industrialised	Clothing, footwear and uniforms	industrial;modern;nuclear;information	smock	a precision wool smock for workshop wear	This precision smock is formed chiefly from wool and proportioned for workshop wear. Its working edges, contact points and load-bearing surfaces are finished for repeated handling, while visible joins make the method of construction easy to inspect. The particular balance of form, material and service duty distinguishes it from neighbouring catalogue entries.	Small	Standard	2506	200	wool	Era / Industrial Era;Era / Modern Era;Era / Nuclear Era;Era / Information Age Era	Wear_Shirt		portable		0		industrialised_clothing_footwear_uniforms_0001_plain_rag	industrial_clothing	Authored Clothing, footwear and uniforms matrix: precision/smock/workshop/wool; priced by industrial_clothing analogue.	false	salvage
industrialised_clothing_footwear_uniforms_0466_economy_rag	shared-industrialised	Clothing, footwear and uniforms	industrial;modern;nuclear;information	rag	an economy leather rag for workshop wear	This economy rag is formed chiefly from leather and proportioned for workshop wear. Its working edges, contact points and load-bearing surfaces are finished for repeated handling, while visible joins make the method of construction easy to inspect. The particular balance of form, material and service duty distinguishes it from neighbouring catalogue entries.	Small	Standard	2543	500	leather	Era / Industrial Era;Era / Modern Era;Era / Nuclear Era;Era / Information Age Era	Wear_Apron		portable		0			industrial_clothing	Authored Clothing, footwear and uniforms matrix: economy/rag/workshop/leather; priced by industrial_clothing analogue.	false	
industrialised_clothing_footwear_uniforms_0467_economy_apron	shared-industrialised	Clothing, footwear and uniforms	industrial;modern;nuclear;information	apron	an economy cotton apron for workshop wear	This economy apron is formed chiefly from cotton and proportioned for workshop wear. Its working edges, contact points and load-bearing surfaces are finished for repeated handling, while visible joins make the method of construction easy to inspect. The particular balance of form, material and service duty distinguishes it from neighbouring catalogue entries.	Small	Standard	2580	1	cotton	Era / Industrial Era;Era / Modern Era;Era / Nuclear Era;Era / Information Age Era	Wear_Apron		portable		0			industrial_clothing	Authored Clothing, footwear and uniforms matrix: economy/apron/workshop/cotton; priced by industrial_clothing analogue.	false	
industrialised_clothing_footwear_uniforms_0468_economy_shirt	shared-industrialised	Clothing, footwear and uniforms	industrial;modern;nuclear;information	shirt	an economy linen shirt for workshop wear	This economy shirt is formed chiefly from linen and proportioned for workshop wear. Its working edges, contact points and load-bearing surfaces are finished for repeated handling, while visible joins make the method of construction easy to inspect. The particular balance of form, material and service duty distinguishes it from neighbouring catalogue entries.	Small	Standard	2617	2	linen	Era / Industrial Era;Era / Modern Era;Era / Nuclear Era;Era / Information Age Era	Wear_Shirt		portable		0			industrial_clothing	Authored Clothing, footwear and uniforms matrix: economy/shirt/workshop/linen; priced by industrial_clothing analogue.	false	
industrialised_clothing_footwear_uniforms_0469_economy_trousers	shared-industrialised	Clothing, footwear and uniforms	industrial;modern;nuclear;information	trousers	some economy wool trousers for workshop wear	These economy trousers are formed chiefly from wool and proportioned for workshop wear. Their working edges, contact points and load-bearing surfaces are finished for repeated handling, while visible joins make the method of construction easy to inspect. The particular balance of form, material and service duty distinguishes them from neighbouring catalogue entries.	Small	Standard	2654	5	wool	Era / Industrial Era;Era / Modern Era;Era / Nuclear Era;Era / Information Age Era	Wear_Trousers		portable		0			industrial_clothing	Authored Clothing, footwear and uniforms matrix: economy/trousers/workshop/wool; priced by industrial_clothing analogue.	false	
industrialised_clothing_footwear_uniforms_0470_economy_boots	shared-industrialised	Clothing, footwear and uniforms	industrial;modern;nuclear;information	boots	some economy leather boots for workshop wear	These economy boots are formed chiefly from leather and proportioned for workshop wear. Their working edges, contact points and load-bearing surfaces are finished for repeated handling, while visible joins make the method of construction easy to inspect. The particular balance of form, material and service duty distinguishes them from neighbouring catalogue entries.	Small	Standard	2691	10	leather	Era / Industrial Era;Era / Modern Era;Era / Nuclear Era;Era / Information Age Era	Wear_Boots		portable		0		industrialised_clothing_footwear_uniforms_0001_plain_rag	industrial_clothing	Authored Clothing, footwear and uniforms matrix: economy/boots/workshop/leather; priced by industrial_clothing analogue.	false	salvage
industrialised_clothing_footwear_uniforms_0471_economy_dress	shared-industrialised	Clothing, footwear and uniforms	industrial;modern;nuclear;information	dress	an economy cotton dress for workshop wear	This economy dress is formed chiefly from cotton and proportioned for workshop wear. Its working edges, contact points and load-bearing surfaces are finished for repeated handling, while visible joins make the method of construction easy to inspect. The particular balance of form, material and service duty distinguishes it from neighbouring catalogue entries.	Small	Standard	2728	20	cotton	Era / Industrial Era;Era / Modern Era;Era / Nuclear Era;Era / Information Age Era	Wear_Dress		portable		0			industrial_clothing	Authored Clothing, footwear and uniforms matrix: economy/dress/workshop/cotton; priced by industrial_clothing analogue.	false	
industrialised_clothing_footwear_uniforms_0472_economy_jacket	shared-industrialised	Clothing, footwear and uniforms	industrial;modern;nuclear;information	jacket	an economy linen jacket for workshop wear	This economy jacket is formed chiefly from linen and proportioned for workshop wear. Its working edges, contact points and load-bearing surfaces are finished for repeated handling, while visible joins make the method of construction easy to inspect. The particular balance of form, material and service duty distinguishes it from neighbouring catalogue entries.	Small	Standard	2765	50	linen	Era / Industrial Era;Era / Modern Era;Era / Nuclear Era;Era / Information Age Era	Wear_Jacket		portable		0			industrial_clothing	Authored Clothing, footwear and uniforms matrix: economy/jacket/workshop/linen; priced by industrial_clothing analogue.	false	
industrialised_clothing_footwear_uniforms_0473_economy_hat	shared-industrialised	Clothing, footwear and uniforms	industrial;modern;nuclear;information	hat	an economy wool hat for workshop wear	This economy hat is formed chiefly from wool and proportioned for workshop wear. Its working edges, contact points and load-bearing surfaces are finished for repeated handling, while visible joins make the method of construction easy to inspect. The particular balance of form, material and service duty distinguishes it from neighbouring catalogue entries.	Small	Standard	2802	100	wool	Era / Industrial Era;Era / Modern Era;Era / Nuclear Era;Era / Information Age Era	Wear_Hat		portable		0			industrial_clothing	Authored Clothing, footwear and uniforms matrix: economy/hat/workshop/wool; priced by industrial_clothing analogue.	false	
industrialised_clothing_footwear_uniforms_0474_economy_gloves	shared-industrialised	Clothing, footwear and uniforms	industrial;modern;nuclear;information	gloves	some economy leather gloves for workshop wear	These economy gloves are formed chiefly from leather and proportioned for workshop wear. Their working edges, contact points and load-bearing surfaces are finished for repeated handling, while visible joins make the method of construction easy to inspect. The particular balance of form, material and service duty distinguishes them from neighbouring catalogue entries.	Small	Standard	2839	200	leather	Era / Industrial Era;Era / Modern Era;Era / Nuclear Era;Era / Information Age Era	Wear_Gloves		portable		0			industrial_clothing	Authored Clothing, footwear and uniforms matrix: economy/gloves/workshop/leather; priced by industrial_clothing analogue.	false	
industrialised_clothing_footwear_uniforms_0475_economy_scarf	shared-industrialised	Clothing, footwear and uniforms	industrial;modern;nuclear;information	scarf	an economy cotton scarf for workshop wear	This economy scarf is formed chiefly from cotton and proportioned for workshop wear. Its working edges, contact points and load-bearing surfaces are finished for repeated handling, while visible joins make the method of construction easy to inspect. The particular balance of form, material and service duty distinguishes it from neighbouring catalogue entries.	Small	Standard	2876	500	cotton	Era / Industrial Era;Era / Modern Era;Era / Nuclear Era;Era / Information Age Era	Wear_Scarf		portable		0		industrialised_clothing_footwear_uniforms_0001_plain_rag	industrial_clothing	Authored Clothing, footwear and uniforms matrix: economy/scarf/workshop/cotton; priced by industrial_clothing analogue.	false	salvage
industrialised_clothing_footwear_uniforms_0476_economy_skirt	shared-industrialised	Clothing, footwear and uniforms	industrial;modern;nuclear;information	skirt	an economy linen skirt for workshop wear	This economy skirt is formed chiefly from linen and proportioned for workshop wear. Its working edges, contact points and load-bearing surfaces are finished for repeated handling, while visible joins make the method of construction easy to inspect. The particular balance of form, material and service duty distinguishes it from neighbouring catalogue entries.	Small	Standard	2913	1	linen	Era / Industrial Era;Era / Modern Era;Era / Nuclear Era;Era / Information Age Era	Wear_Skirt		portable		0			industrial_clothing	Authored Clothing, footwear and uniforms matrix: economy/skirt/workshop/linen; priced by industrial_clothing analogue.	false	
industrialised_clothing_footwear_uniforms_0477_economy_socks	shared-industrialised	Clothing, footwear and uniforms	industrial;modern;nuclear;information	socks	some economy wool socks for workshop wear	These economy socks are formed chiefly from wool and proportioned for workshop wear. Their working edges, contact points and load-bearing surfaces are finished for repeated handling, while visible joins make the method of construction easy to inspect. The particular balance of form, material and service duty distinguishes them from neighbouring catalogue entries.	Small	Standard	2950	2	wool	Era / Industrial Era;Era / Modern Era;Era / Nuclear Era;Era / Information Age Era	Wear_Socks		portable		0			industrial_clothing	Authored Clothing, footwear and uniforms matrix: economy/socks/workshop/wool; priced by industrial_clothing analogue.	false	
industrialised_clothing_footwear_uniforms_0478_economy_vest	shared-industrialised	Clothing, footwear and uniforms	industrial;modern;nuclear;information	vest	an economy leather vest for workshop wear	This economy vest is formed chiefly from leather and proportioned for workshop wear. Its working edges, contact points and load-bearing surfaces are finished for repeated handling, while visible joins make the method of construction easy to inspect. The particular balance of form, material and service duty distinguishes it from neighbouring catalogue entries.	Small	Standard	2987	5	leather	Era / Industrial Era;Era / Modern Era;Era / Nuclear Era;Era / Information Age Era	Wear_Vest		portable		0			industrial_clothing	Authored Clothing, footwear and uniforms matrix: economy/vest/workshop/leather; priced by industrial_clothing analogue.	false	
industrialised_clothing_footwear_uniforms_0479_economy_coat	shared-industrialised	Clothing, footwear and uniforms	industrial;modern;nuclear;information	coat	an economy cotton coat for workshop wear	This economy coat is formed chiefly from cotton and proportioned for workshop wear. Its working edges, contact points and load-bearing surfaces are finished for repeated handling, while visible joins make the method of construction easy to inspect. The particular balance of form, material and service duty distinguishes it from neighbouring catalogue entries.	Small	Standard	3024	10	cotton	Era / Industrial Era;Era / Modern Era;Era / Nuclear Era;Era / Information Age Era	Wear_Jacket		portable		0			industrial_clothing	Authored Clothing, footwear and uniforms matrix: economy/coat/workshop/cotton; priced by industrial_clothing analogue.	false	
industrialised_clothing_footwear_uniforms_0480_economy_smock	shared-industrialised	Clothing, footwear and uniforms	industrial;modern;nuclear;information	smock	an economy linen smock for workshop wear	This economy smock is formed chiefly from linen and proportioned for workshop wear. Its working edges, contact points and load-bearing surfaces are finished for repeated handling, while visible joins make the method of construction easy to inspect. The particular balance of form, material and service duty distinguishes it from neighbouring catalogue entries.	Small	Standard	3061	20	linen	Era / Industrial Era;Era / Modern Era;Era / Nuclear Era;Era / Information Age Era	Wear_Shirt		portable		0		industrialised_clothing_footwear_uniforms_0001_plain_rag	industrial_clothing	Authored Clothing, footwear and uniforms matrix: economy/smock/workshop/linen; priced by industrial_clothing analogue.	false	salvage
industrialised_clothing_footwear_uniforms_0481_lined_rag	shared-industrialised	Clothing, footwear and uniforms	industrial;modern;nuclear;information	rag	a lined wool rag for workshop wear	This lined rag is formed chiefly from wool and proportioned for workshop wear. Its working edges, contact points and load-bearing surfaces are finished for repeated handling, while visible joins make the method of construction easy to inspect. The particular balance of form, material and service duty distinguishes it from neighbouring catalogue entries.	Small	Standard	3098	50	wool	Era / Industrial Era;Era / Modern Era;Era / Nuclear Era;Era / Information Age Era	Wear_Apron		portable		0			industrial_clothing	Authored Clothing, footwear and uniforms matrix: lined/rag/workshop/wool; priced by industrial_clothing analogue.	false	
industrialised_clothing_footwear_uniforms_0482_lined_apron	shared-industrialised	Clothing, footwear and uniforms	industrial;modern;nuclear;information	apron	a lined leather apron for workshop wear	This lined apron is formed chiefly from leather and proportioned for workshop wear. Its working edges, contact points and load-bearing surfaces are finished for repeated handling, while visible joins make the method of construction easy to inspect. The particular balance of form, material and service duty distinguishes it from neighbouring catalogue entries.	Small	Standard	3135	100	leather	Era / Industrial Era;Era / Modern Era;Era / Nuclear Era;Era / Information Age Era	Wear_Apron		portable		0			industrial_clothing	Authored Clothing, footwear and uniforms matrix: lined/apron/workshop/leather; priced by industrial_clothing analogue.	false	
industrialised_clothing_footwear_uniforms_0483_lined_shirt	shared-industrialised	Clothing, footwear and uniforms	industrial;modern;nuclear;information	shirt	a lined cotton shirt for workshop wear	This lined shirt is formed chiefly from cotton and proportioned for workshop wear. Its working edges, contact points and load-bearing surfaces are finished for repeated handling, while visible joins make the method of construction easy to inspect. The particular balance of form, material and service duty distinguishes it from neighbouring catalogue entries.	Small	Standard	3172	200	cotton	Era / Industrial Era;Era / Modern Era;Era / Nuclear Era;Era / Information Age Era	Wear_Shirt		portable		0			industrial_clothing	Authored Clothing, footwear and uniforms matrix: lined/shirt/workshop/cotton; priced by industrial_clothing analogue.	false	
industrialised_clothing_footwear_uniforms_0484_lined_trousers	shared-industrialised	Clothing, footwear and uniforms	industrial;modern;nuclear;information	trousers	some lined linen trousers for workshop wear	These lined trousers are formed chiefly from linen and proportioned for workshop wear. Their working edges, contact points and load-bearing surfaces are finished for repeated handling, while visible joins make the method of construction easy to inspect. The particular balance of form, material and service duty distinguishes them from neighbouring catalogue entries.	Small	Standard	3209	500	linen	Era / Industrial Era;Era / Modern Era;Era / Nuclear Era;Era / Information Age Era	Wear_Trousers		portable		0			industrial_clothing	Authored Clothing, footwear and uniforms matrix: lined/trousers/workshop/linen; priced by industrial_clothing analogue.	false	
industrialised_clothing_footwear_uniforms_0485_lined_boots	shared-industrialised	Clothing, footwear and uniforms	industrial;modern;nuclear;information	boots	some lined wool boots for workshop wear	These lined boots are formed chiefly from wool and proportioned for workshop wear. Their working edges, contact points and load-bearing surfaces are finished for repeated handling, while visible joins make the method of construction easy to inspect. The particular balance of form, material and service duty distinguishes them from neighbouring catalogue entries.	Small	Standard	3246	1	wool	Era / Industrial Era;Era / Modern Era;Era / Nuclear Era;Era / Information Age Era	Wear_Boots		portable		0		industrialised_clothing_footwear_uniforms_0001_plain_rag	industrial_clothing	Authored Clothing, footwear and uniforms matrix: lined/boots/workshop/wool; priced by industrial_clothing analogue.	false	salvage
industrialised_clothing_footwear_uniforms_0486_lined_dress	shared-industrialised	Clothing, footwear and uniforms	industrial;modern;nuclear;information	dress	a lined leather dress for workshop wear	This lined dress is formed chiefly from leather and proportioned for workshop wear. Its working edges, contact points and load-bearing surfaces are finished for repeated handling, while visible joins make the method of construction easy to inspect. The particular balance of form, material and service duty distinguishes it from neighbouring catalogue entries.	Small	Standard	3283	2	leather	Era / Industrial Era;Era / Modern Era;Era / Nuclear Era;Era / Information Age Era	Wear_Dress		portable		0			industrial_clothing	Authored Clothing, footwear and uniforms matrix: lined/dress/workshop/leather; priced by industrial_clothing analogue.	false	
industrialised_clothing_footwear_uniforms_0487_lined_jacket	shared-industrialised	Clothing, footwear and uniforms	industrial;modern;nuclear;information	jacket	a lined cotton jacket for workshop wear	This lined jacket is formed chiefly from cotton and proportioned for workshop wear. Its working edges, contact points and load-bearing surfaces are finished for repeated handling, while visible joins make the method of construction easy to inspect. The particular balance of form, material and service duty distinguishes it from neighbouring catalogue entries.	Small	Standard	3320	5	cotton	Era / Industrial Era;Era / Modern Era;Era / Nuclear Era;Era / Information Age Era	Wear_Jacket		portable		0			industrial_clothing	Authored Clothing, footwear and uniforms matrix: lined/jacket/workshop/cotton; priced by industrial_clothing analogue.	false	
industrialised_clothing_footwear_uniforms_0488_lined_hat	shared-industrialised	Clothing, footwear and uniforms	industrial;modern;nuclear;information	hat	a lined linen hat for workshop wear	This lined hat is formed chiefly from linen and proportioned for workshop wear. Its working edges, contact points and load-bearing surfaces are finished for repeated handling, while visible joins make the method of construction easy to inspect. The particular balance of form, material and service duty distinguishes it from neighbouring catalogue entries.	Small	Standard	3357	10	linen	Era / Industrial Era;Era / Modern Era;Era / Nuclear Era;Era / Information Age Era	Wear_Hat		portable		0			industrial_clothing	Authored Clothing, footwear and uniforms matrix: lined/hat/workshop/linen; priced by industrial_clothing analogue.	false	
industrialised_clothing_footwear_uniforms_0489_lined_gloves	shared-industrialised	Clothing, footwear and uniforms	industrial;modern;nuclear;information	gloves	some lined wool gloves for workshop wear	These lined gloves are formed chiefly from wool and proportioned for workshop wear. Their working edges, contact points and load-bearing surfaces are finished for repeated handling, while visible joins make the method of construction easy to inspect. The particular balance of form, material and service duty distinguishes them from neighbouring catalogue entries.	Small	Standard	3394	20	wool	Era / Industrial Era;Era / Modern Era;Era / Nuclear Era;Era / Information Age Era	Wear_Gloves		portable		0			industrial_clothing	Authored Clothing, footwear and uniforms matrix: lined/gloves/workshop/wool; priced by industrial_clothing analogue.	false	
industrialised_clothing_footwear_uniforms_0490_lined_scarf	shared-industrialised	Clothing, footwear and uniforms	industrial;modern;nuclear;information	scarf	a lined leather scarf for workshop wear	This lined scarf is formed chiefly from leather and proportioned for workshop wear. Its working edges, contact points and load-bearing surfaces are finished for repeated handling, while visible joins make the method of construction easy to inspect. The particular balance of form, material and service duty distinguishes it from neighbouring catalogue entries.	Small	Standard	3431	50	leather	Era / Industrial Era;Era / Modern Era;Era / Nuclear Era;Era / Information Age Era	Wear_Scarf		portable		0		industrialised_clothing_footwear_uniforms_0001_plain_rag	industrial_clothing	Authored Clothing, footwear and uniforms matrix: lined/scarf/workshop/leather; priced by industrial_clothing analogue.	false	salvage
industrialised_clothing_footwear_uniforms_0491_lined_skirt	shared-industrialised	Clothing, footwear and uniforms	industrial;modern;nuclear;information	skirt	a lined cotton skirt for workshop wear	This lined skirt is formed chiefly from cotton and proportioned for workshop wear. Its working edges, contact points and load-bearing surfaces are finished for repeated handling, while visible joins make the method of construction easy to inspect. The particular balance of form, material and service duty distinguishes it from neighbouring catalogue entries.	Small	Standard	3468	100	cotton	Era / Industrial Era;Era / Modern Era;Era / Nuclear Era;Era / Information Age Era	Wear_Skirt		portable		0			industrial_clothing	Authored Clothing, footwear and uniforms matrix: lined/skirt/workshop/cotton; priced by industrial_clothing analogue.	false	
industrialised_clothing_footwear_uniforms_0492_lined_socks	shared-industrialised	Clothing, footwear and uniforms	industrial;modern;nuclear;information	socks	some lined linen socks for workshop wear	These lined socks are formed chiefly from linen and proportioned for workshop wear. Their working edges, contact points and load-bearing surfaces are finished for repeated handling, while visible joins make the method of construction easy to inspect. The particular balance of form, material and service duty distinguishes them from neighbouring catalogue entries.	Small	Standard	3505	200	linen	Era / Industrial Era;Era / Modern Era;Era / Nuclear Era;Era / Information Age Era	Wear_Socks		portable		0			industrial_clothing	Authored Clothing, footwear and uniforms matrix: lined/socks/workshop/linen; priced by industrial_clothing analogue.	false	
industrialised_clothing_footwear_uniforms_0493_lined_vest	shared-industrialised	Clothing, footwear and uniforms	industrial;modern;nuclear;information	vest	a lined wool vest for workshop wear	This lined vest is formed chiefly from wool and proportioned for workshop wear. Its working edges, contact points and load-bearing surfaces are finished for repeated handling, while visible joins make the method of construction easy to inspect. The particular balance of form, material and service duty distinguishes it from neighbouring catalogue entries.	Small	Standard	3542	500	wool	Era / Industrial Era;Era / Modern Era;Era / Nuclear Era;Era / Information Age Era	Wear_Vest		portable		0			industrial_clothing	Authored Clothing, footwear and uniforms matrix: lined/vest/workshop/wool; priced by industrial_clothing analogue.	false	
industrialised_clothing_footwear_uniforms_0494_lined_coat	shared-industrialised	Clothing, footwear and uniforms	industrial;modern;nuclear;information	coat	a lined leather coat for workshop wear	This lined coat is formed chiefly from leather and proportioned for workshop wear. Its working edges, contact points and load-bearing surfaces are finished for repeated handling, while visible joins make the method of construction easy to inspect. The particular balance of form, material and service duty distinguishes it from neighbouring catalogue entries.	Small	Standard	3579	1	leather	Era / Industrial Era;Era / Modern Era;Era / Nuclear Era;Era / Information Age Era	Wear_Jacket		portable		0			industrial_clothing	Authored Clothing, footwear and uniforms matrix: lined/coat/workshop/leather; priced by industrial_clothing analogue.	false	
industrialised_clothing_footwear_uniforms_0495_lined_smock	shared-industrialised	Clothing, footwear and uniforms	industrial;modern;nuclear;information	smock	a lined cotton smock for workshop wear	This lined smock is formed chiefly from cotton and proportioned for workshop wear. Its working edges, contact points and load-bearing surfaces are finished for repeated handling, while visible joins make the method of construction easy to inspect. The particular balance of form, material and service duty distinguishes it from neighbouring catalogue entries.	Small	Standard	3616	2	cotton	Era / Industrial Era;Era / Modern Era;Era / Nuclear Era;Era / Information Age Era	Wear_Shirt		portable		0		industrialised_clothing_footwear_uniforms_0001_plain_rag	industrial_clothing	Authored Clothing, footwear and uniforms matrix: lined/smock/workshop/cotton; priced by industrial_clothing analogue.	false	salvage
industrialised_clothing_footwear_uniforms_0496_ventilated_rag	shared-industrialised	Clothing, footwear and uniforms	industrial;modern;nuclear;information	rag	a ventilated linen rag for workshop wear	This ventilated rag is formed chiefly from linen and proportioned for workshop wear. Its working edges, contact points and load-bearing surfaces are finished for repeated handling, while visible joins make the method of construction easy to inspect. The particular balance of form, material and service duty distinguishes it from neighbouring catalogue entries.	Small	Standard	3653	5	linen	Era / Industrial Era;Era / Modern Era;Era / Nuclear Era;Era / Information Age Era	Wear_Apron		portable		0			industrial_clothing	Authored Clothing, footwear and uniforms matrix: ventilated/rag/workshop/linen; priced by industrial_clothing analogue.	false	
industrialised_clothing_footwear_uniforms_0497_ventilated_apron	shared-industrialised	Clothing, footwear and uniforms	industrial;modern;nuclear;information	apron	a ventilated wool apron for workshop wear	This ventilated apron is formed chiefly from wool and proportioned for workshop wear. Its working edges, contact points and load-bearing surfaces are finished for repeated handling, while visible joins make the method of construction easy to inspect. The particular balance of form, material and service duty distinguishes it from neighbouring catalogue entries.	Small	Standard	3690	10	wool	Era / Industrial Era;Era / Modern Era;Era / Nuclear Era;Era / Information Age Era	Wear_Apron		portable		0			industrial_clothing	Authored Clothing, footwear and uniforms matrix: ventilated/apron/workshop/wool; priced by industrial_clothing analogue.	false	
industrialised_clothing_footwear_uniforms_0498_ventilated_shirt	shared-industrialised	Clothing, footwear and uniforms	industrial;modern;nuclear;information	shirt	a ventilated leather shirt for workshop wear	This ventilated shirt is formed chiefly from leather and proportioned for workshop wear. Its working edges, contact points and load-bearing surfaces are finished for repeated handling, while visible joins make the method of construction easy to inspect. The particular balance of form, material and service duty distinguishes it from neighbouring catalogue entries.	Small	Standard	3727	20	leather	Era / Industrial Era;Era / Modern Era;Era / Nuclear Era;Era / Information Age Era	Wear_Shirt		portable		0			industrial_clothing	Authored Clothing, footwear and uniforms matrix: ventilated/shirt/workshop/leather; priced by industrial_clothing analogue.	false	
industrialised_clothing_footwear_uniforms_0499_ventilated_trousers	shared-industrialised	Clothing, footwear and uniforms	industrial;modern;nuclear;information	trousers	some ventilated cotton trousers for workshop wear	These ventilated trousers are formed chiefly from cotton and proportioned for workshop wear. Their working edges, contact points and load-bearing surfaces are finished for repeated handling, while visible joins make the method of construction easy to inspect. The particular balance of form, material and service duty distinguishes them from neighbouring catalogue entries.	Small	Standard	3764	50	cotton	Era / Industrial Era;Era / Modern Era;Era / Nuclear Era;Era / Information Age Era	Wear_Trousers		portable		0			industrial_clothing	Authored Clothing, footwear and uniforms matrix: ventilated/trousers/workshop/cotton; priced by industrial_clothing analogue.	false	
industrialised_clothing_footwear_uniforms_0500_ventilated_boots	shared-industrialised	Clothing, footwear and uniforms	industrial;modern;nuclear;information	boots	some ventilated linen boots for workshop wear	These ventilated boots are formed chiefly from linen and proportioned for workshop wear. Their working edges, contact points and load-bearing surfaces are finished for repeated handling, while visible joins make the method of construction easy to inspect. The particular balance of form, material and service duty distinguishes them from neighbouring catalogue entries.	Small	Standard	3801	100	linen	Era / Industrial Era;Era / Modern Era;Era / Nuclear Era;Era / Information Age Era	Wear_Boots		portable		0		industrialised_clothing_footwear_uniforms_0001_plain_rag	industrial_clothing	Authored Clothing, footwear and uniforms matrix: ventilated/boots/workshop/linen; priced by industrial_clothing analogue.	false	salvage
industrialised_clothing_footwear_uniforms_0501_ventilated_dress	shared-industrialised	Clothing, footwear and uniforms	industrial;modern;nuclear;information	dress	a ventilated wool dress for workshop wear	This ventilated dress is formed chiefly from wool and proportioned for workshop wear. Its working edges, contact points and load-bearing surfaces are finished for repeated handling, while visible joins make the method of construction easy to inspect. The particular balance of form, material and service duty distinguishes it from neighbouring catalogue entries.	Small	Standard	3838	200	wool	Era / Industrial Era;Era / Modern Era;Era / Nuclear Era;Era / Information Age Era	Wear_Dress		portable		0			industrial_clothing	Authored Clothing, footwear and uniforms matrix: ventilated/dress/workshop/wool; priced by industrial_clothing analogue.	false	
industrialised_clothing_footwear_uniforms_0502_ventilated_jacket	shared-industrialised	Clothing, footwear and uniforms	industrial;modern;nuclear;information	jacket	a ventilated leather jacket for workshop wear	This ventilated jacket is formed chiefly from leather and proportioned for workshop wear. Its working edges, contact points and load-bearing surfaces are finished for repeated handling, while visible joins make the method of construction easy to inspect. The particular balance of form, material and service duty distinguishes it from neighbouring catalogue entries.	Small	Standard	3875	500	leather	Era / Industrial Era;Era / Modern Era;Era / Nuclear Era;Era / Information Age Era	Wear_Jacket		portable		0			industrial_clothing	Authored Clothing, footwear and uniforms matrix: ventilated/jacket/workshop/leather; priced by industrial_clothing analogue.	false	
industrialised_clothing_footwear_uniforms_0503_ventilated_hat	shared-industrialised	Clothing, footwear and uniforms	industrial;modern;nuclear;information	hat	a ventilated cotton hat for workshop wear	This ventilated hat is formed chiefly from cotton and proportioned for workshop wear. Its working edges, contact points and load-bearing surfaces are finished for repeated handling, while visible joins make the method of construction easy to inspect. The particular balance of form, material and service duty distinguishes it from neighbouring catalogue entries.	Small	Standard	3912	1	cotton	Era / Industrial Era;Era / Modern Era;Era / Nuclear Era;Era / Information Age Era	Wear_Hat		portable		0			industrial_clothing	Authored Clothing, footwear and uniforms matrix: ventilated/hat/workshop/cotton; priced by industrial_clothing analogue.	false	
industrialised_clothing_footwear_uniforms_0504_ventilated_gloves	shared-industrialised	Clothing, footwear and uniforms	industrial;modern;nuclear;information	gloves	some ventilated linen gloves for workshop wear	These ventilated gloves are formed chiefly from linen and proportioned for workshop wear. Their working edges, contact points and load-bearing surfaces are finished for repeated handling, while visible joins make the method of construction easy to inspect. The particular balance of form, material and service duty distinguishes them from neighbouring catalogue entries.	Small	Standard	3949	2	linen	Era / Industrial Era;Era / Modern Era;Era / Nuclear Era;Era / Information Age Era	Wear_Gloves		portable		0			industrial_clothing	Authored Clothing, footwear and uniforms matrix: ventilated/gloves/workshop/linen; priced by industrial_clothing analogue.	false	
industrialised_clothing_footwear_uniforms_0505_ventilated_scarf	shared-industrialised	Clothing, footwear and uniforms	industrial;modern;nuclear;information	scarf	a ventilated wool scarf for workshop wear	This ventilated scarf is formed chiefly from wool and proportioned for workshop wear. Its working edges, contact points and load-bearing surfaces are finished for repeated handling, while visible joins make the method of construction easy to inspect. The particular balance of form, material and service duty distinguishes it from neighbouring catalogue entries.	Small	Standard	3986	5	wool	Era / Industrial Era;Era / Modern Era;Era / Nuclear Era;Era / Information Age Era	Wear_Scarf		portable		0		industrialised_clothing_footwear_uniforms_0001_plain_rag	industrial_clothing	Authored Clothing, footwear and uniforms matrix: ventilated/scarf/workshop/wool; priced by industrial_clothing analogue.	false	salvage
industrialised_clothing_footwear_uniforms_0506_ventilated_skirt	shared-industrialised	Clothing, footwear and uniforms	industrial;modern;nuclear;information	skirt	a ventilated leather skirt for workshop wear	This ventilated skirt is formed chiefly from leather and proportioned for workshop wear. Its working edges, contact points and load-bearing surfaces are finished for repeated handling, while visible joins make the method of construction easy to inspect. The particular balance of form, material and service duty distinguishes it from neighbouring catalogue entries.	Small	Standard	4023	10	leather	Era / Industrial Era;Era / Modern Era;Era / Nuclear Era;Era / Information Age Era	Wear_Skirt		portable		0			industrial_clothing	Authored Clothing, footwear and uniforms matrix: ventilated/skirt/workshop/leather; priced by industrial_clothing analogue.	false	
industrialised_clothing_footwear_uniforms_0507_ventilated_socks	shared-industrialised	Clothing, footwear and uniforms	industrial;modern;nuclear;information	socks	some ventilated cotton socks for workshop wear	These ventilated socks are formed chiefly from cotton and proportioned for workshop wear. Their working edges, contact points and load-bearing surfaces are finished for repeated handling, while visible joins make the method of construction easy to inspect. The particular balance of form, material and service duty distinguishes them from neighbouring catalogue entries.	Small	Standard	4060	20	cotton	Era / Industrial Era;Era / Modern Era;Era / Nuclear Era;Era / Information Age Era	Wear_Socks		portable		0			industrial_clothing	Authored Clothing, footwear and uniforms matrix: ventilated/socks/workshop/cotton; priced by industrial_clothing analogue.	false	
industrialised_clothing_footwear_uniforms_0508_ventilated_vest	shared-industrialised	Clothing, footwear and uniforms	industrial;modern;nuclear;information	vest	a ventilated linen vest for workshop wear	This ventilated vest is formed chiefly from linen and proportioned for workshop wear. Its working edges, contact points and load-bearing surfaces are finished for repeated handling, while visible joins make the method of construction easy to inspect. The particular balance of form, material and service duty distinguishes it from neighbouring catalogue entries.	Small	Standard	4097	50	linen	Era / Industrial Era;Era / Modern Era;Era / Nuclear Era;Era / Information Age Era	Wear_Vest		portable		0			industrial_clothing	Authored Clothing, footwear and uniforms matrix: ventilated/vest/workshop/linen; priced by industrial_clothing analogue.	false	
industrialised_clothing_footwear_uniforms_0509_ventilated_coat	shared-industrialised	Clothing, footwear and uniforms	industrial;modern;nuclear;information	coat	a ventilated wool coat for workshop wear	This ventilated coat is formed chiefly from wool and proportioned for workshop wear. Its working edges, contact points and load-bearing surfaces are finished for repeated handling, while visible joins make the method of construction easy to inspect. The particular balance of form, material and service duty distinguishes it from neighbouring catalogue entries.	Small	Standard	4134	100	wool	Era / Industrial Era;Era / Modern Era;Era / Nuclear Era;Era / Information Age Era	Wear_Jacket		portable		0			industrial_clothing	Authored Clothing, footwear and uniforms matrix: ventilated/coat/workshop/wool; priced by industrial_clothing analogue.	false	
industrialised_clothing_footwear_uniforms_0510_ventilated_smock	shared-industrialised	Clothing, footwear and uniforms	industrial;modern;nuclear;information	smock	a ventilated leather smock for workshop wear	This ventilated smock is formed chiefly from leather and proportioned for workshop wear. Its working edges, contact points and load-bearing surfaces are finished for repeated handling, while visible joins make the method of construction easy to inspect. The particular balance of form, material and service duty distinguishes it from neighbouring catalogue entries.	Small	Standard	4171	200	leather	Era / Industrial Era;Era / Modern Era;Era / Nuclear Era;Era / Information Age Era	Wear_Shirt		portable		0		industrialised_clothing_footwear_uniforms_0001_plain_rag	industrial_clothing	Authored Clothing, footwear and uniforms matrix: ventilated/smock/workshop/leather; priced by industrial_clothing analogue.	false	salvage
industrialised_clothing_footwear_uniforms_0511_stackable_rag	shared-industrialised	Clothing, footwear and uniforms	industrial;modern;nuclear;information	rag	a stackable cotton rag for workshop wear	This stackable rag is formed chiefly from cotton and proportioned for workshop wear. Its working edges, contact points and load-bearing surfaces are finished for repeated handling, while visible joins make the method of construction easy to inspect. The particular balance of form, material and service duty distinguishes it from neighbouring catalogue entries.	Small	Standard	4208	500	cotton	Era / Industrial Era;Era / Modern Era;Era / Nuclear Era;Era / Information Age Era	Wear_Apron		portable		0			industrial_clothing	Authored Clothing, footwear and uniforms matrix: stackable/rag/workshop/cotton; priced by industrial_clothing analogue.	false	
industrialised_clothing_footwear_uniforms_0512_stackable_apron	shared-industrialised	Clothing, footwear and uniforms	industrial;modern;nuclear;information	apron	a stackable linen apron for workshop wear	This stackable apron is formed chiefly from linen and proportioned for workshop wear. Its working edges, contact points and load-bearing surfaces are finished for repeated handling, while visible joins make the method of construction easy to inspect. The particular balance of form, material and service duty distinguishes it from neighbouring catalogue entries.	Small	Standard	4245	1	linen	Era / Industrial Era;Era / Modern Era;Era / Nuclear Era;Era / Information Age Era	Wear_Apron		portable		0			industrial_clothing	Authored Clothing, footwear and uniforms matrix: stackable/apron/workshop/linen; priced by industrial_clothing analogue.	false	
industrialised_clothing_footwear_uniforms_0513_stackable_shirt	shared-industrialised	Clothing, footwear and uniforms	industrial;modern;nuclear;information	shirt	a stackable wool shirt for workshop wear	This stackable shirt is formed chiefly from wool and proportioned for workshop wear. Its working edges, contact points and load-bearing surfaces are finished for repeated handling, while visible joins make the method of construction easy to inspect. The particular balance of form, material and service duty distinguishes it from neighbouring catalogue entries.	Small	Standard	4282	2	wool	Era / Industrial Era;Era / Modern Era;Era / Nuclear Era;Era / Information Age Era	Wear_Shirt		portable		0			industrial_clothing	Authored Clothing, footwear and uniforms matrix: stackable/shirt/workshop/wool; priced by industrial_clothing analogue.	false	
industrialised_clothing_footwear_uniforms_0514_stackable_trousers	shared-industrialised	Clothing, footwear and uniforms	industrial;modern;nuclear;information	trousers	some stackable leather trousers for workshop wear	These stackable trousers are formed chiefly from leather and proportioned for workshop wear. Their working edges, contact points and load-bearing surfaces are finished for repeated handling, while visible joins make the method of construction easy to inspect. The particular balance of form, material and service duty distinguishes them from neighbouring catalogue entries.	Small	Standard	4319	5	leather	Era / Industrial Era;Era / Modern Era;Era / Nuclear Era;Era / Information Age Era	Wear_Trousers		portable		0			industrial_clothing	Authored Clothing, footwear and uniforms matrix: stackable/trousers/workshop/leather; priced by industrial_clothing analogue.	false	
industrialised_clothing_footwear_uniforms_0515_stackable_boots	shared-industrialised	Clothing, footwear and uniforms	industrial;modern;nuclear;information	boots	some stackable cotton boots for workshop wear	These stackable boots are formed chiefly from cotton and proportioned for workshop wear. Their working edges, contact points and load-bearing surfaces are finished for repeated handling, while visible joins make the method of construction easy to inspect. The particular balance of form, material and service duty distinguishes them from neighbouring catalogue entries.	Small	Standard	4356	10	cotton	Era / Industrial Era;Era / Modern Era;Era / Nuclear Era;Era / Information Age Era	Wear_Boots		portable		0		industrialised_clothing_footwear_uniforms_0001_plain_rag	industrial_clothing	Authored Clothing, footwear and uniforms matrix: stackable/boots/workshop/cotton; priced by industrial_clothing analogue.	false	salvage
industrialised_clothing_footwear_uniforms_0516_stackable_dress	shared-industrialised	Clothing, footwear and uniforms	industrial;modern;nuclear;information	dress	a stackable linen dress for workshop wear	This stackable dress is formed chiefly from linen and proportioned for workshop wear. Its working edges, contact points and load-bearing surfaces are finished for repeated handling, while visible joins make the method of construction easy to inspect. The particular balance of form, material and service duty distinguishes it from neighbouring catalogue entries.	Small	Standard	4393	20	linen	Era / Industrial Era;Era / Modern Era;Era / Nuclear Era;Era / Information Age Era	Wear_Dress		portable		0			industrial_clothing	Authored Clothing, footwear and uniforms matrix: stackable/dress/workshop/linen; priced by industrial_clothing analogue.	false	
industrialised_clothing_footwear_uniforms_0517_stackable_jacket	shared-industrialised	Clothing, footwear and uniforms	industrial;modern;nuclear;information	jacket	a stackable wool jacket for workshop wear	This stackable jacket is formed chiefly from wool and proportioned for workshop wear. Its working edges, contact points and load-bearing surfaces are finished for repeated handling, while visible joins make the method of construction easy to inspect. The particular balance of form, material and service duty distinguishes it from neighbouring catalogue entries.	Small	Standard	4430	50	wool	Era / Industrial Era;Era / Modern Era;Era / Nuclear Era;Era / Information Age Era	Wear_Jacket		portable		0			industrial_clothing	Authored Clothing, footwear and uniforms matrix: stackable/jacket/workshop/wool; priced by industrial_clothing analogue.	false	
industrialised_clothing_footwear_uniforms_0518_stackable_hat	shared-industrialised	Clothing, footwear and uniforms	industrial;modern;nuclear;information	hat	a stackable leather hat for workshop wear	This stackable hat is formed chiefly from leather and proportioned for workshop wear. Its working edges, contact points and load-bearing surfaces are finished for repeated handling, while visible joins make the method of construction easy to inspect. The particular balance of form, material and service duty distinguishes it from neighbouring catalogue entries.	Small	Standard	4467	100	leather	Era / Industrial Era;Era / Modern Era;Era / Nuclear Era;Era / Information Age Era	Wear_Hat		portable		0			industrial_clothing	Authored Clothing, footwear and uniforms matrix: stackable/hat/workshop/leather; priced by industrial_clothing analogue.	false	
industrialised_clothing_footwear_uniforms_0519_stackable_gloves	shared-industrialised	Clothing, footwear and uniforms	industrial;modern;nuclear;information	gloves	some stackable cotton gloves for workshop wear	These stackable gloves are formed chiefly from cotton and proportioned for workshop wear. Their working edges, contact points and load-bearing surfaces are finished for repeated handling, while visible joins make the method of construction easy to inspect. The particular balance of form, material and service duty distinguishes them from neighbouring catalogue entries.	Small	Standard	4504	200	cotton	Era / Industrial Era;Era / Modern Era;Era / Nuclear Era;Era / Information Age Era	Wear_Gloves		portable		0			industrial_clothing	Authored Clothing, footwear and uniforms matrix: stackable/gloves/workshop/cotton; priced by industrial_clothing analogue.	false	
industrialised_clothing_footwear_uniforms_0520_stackable_scarf	shared-industrialised	Clothing, footwear and uniforms	industrial;modern;nuclear;information	scarf	a stackable linen scarf for workshop wear	This stackable scarf is formed chiefly from linen and proportioned for workshop wear. Its working edges, contact points and load-bearing surfaces are finished for repeated handling, while visible joins make the method of construction easy to inspect. The particular balance of form, material and service duty distinguishes it from neighbouring catalogue entries.	Small	Standard	4541	500	linen	Era / Industrial Era;Era / Modern Era;Era / Nuclear Era;Era / Information Age Era	Wear_Scarf		portable		0		industrialised_clothing_footwear_uniforms_0001_plain_rag	industrial_clothing	Authored Clothing, footwear and uniforms matrix: stackable/scarf/workshop/linen; priced by industrial_clothing analogue.	false	salvage
industrialised_clothing_footwear_uniforms_0521_stackable_skirt	shared-industrialised	Clothing, footwear and uniforms	industrial;modern;nuclear;information	skirt	a stackable wool skirt for workshop wear	This stackable skirt is formed chiefly from wool and proportioned for workshop wear. Its working edges, contact points and load-bearing surfaces are finished for repeated handling, while visible joins make the method of construction easy to inspect. The particular balance of form, material and service duty distinguishes it from neighbouring catalogue entries.	Small	Standard	4578	1	wool	Era / Industrial Era;Era / Modern Era;Era / Nuclear Era;Era / Information Age Era	Wear_Skirt		portable		0			industrial_clothing	Authored Clothing, footwear and uniforms matrix: stackable/skirt/workshop/wool; priced by industrial_clothing analogue.	false	
industrialised_clothing_footwear_uniforms_0522_stackable_socks	shared-industrialised	Clothing, footwear and uniforms	industrial;modern;nuclear;information	socks	some stackable leather socks for workshop wear	These stackable socks are formed chiefly from leather and proportioned for workshop wear. Their working edges, contact points and load-bearing surfaces are finished for repeated handling, while visible joins make the method of construction easy to inspect. The particular balance of form, material and service duty distinguishes them from neighbouring catalogue entries.	Small	Standard	4615	2	leather	Era / Industrial Era;Era / Modern Era;Era / Nuclear Era;Era / Information Age Era	Wear_Socks		portable		0			industrial_clothing	Authored Clothing, footwear and uniforms matrix: stackable/socks/workshop/leather; priced by industrial_clothing analogue.	false	
industrialised_clothing_footwear_uniforms_0523_stackable_vest	shared-industrialised	Clothing, footwear and uniforms	industrial;modern;nuclear;information	vest	a stackable cotton vest for workshop wear	This stackable vest is formed chiefly from cotton and proportioned for workshop wear. Its working edges, contact points and load-bearing surfaces are finished for repeated handling, while visible joins make the method of construction easy to inspect. The particular balance of form, material and service duty distinguishes it from neighbouring catalogue entries.	Small	Standard	4652	5	cotton	Era / Industrial Era;Era / Modern Era;Era / Nuclear Era;Era / Information Age Era	Wear_Vest		portable		0			industrial_clothing	Authored Clothing, footwear and uniforms matrix: stackable/vest/workshop/cotton; priced by industrial_clothing analogue.	false	
industrialised_clothing_footwear_uniforms_0524_stackable_coat	shared-industrialised	Clothing, footwear and uniforms	industrial;modern;nuclear;information	coat	a stackable linen coat for workshop wear	This stackable coat is formed chiefly from linen and proportioned for workshop wear. Its working edges, contact points and load-bearing surfaces are finished for repeated handling, while visible joins make the method of construction easy to inspect. The particular balance of form, material and service duty distinguishes it from neighbouring catalogue entries.	Small	Standard	4689	10	linen	Era / Industrial Era;Era / Modern Era;Era / Nuclear Era;Era / Information Age Era	Wear_Jacket		portable		0			industrial_clothing	Authored Clothing, footwear and uniforms matrix: stackable/coat/workshop/linen; priced by industrial_clothing analogue.	false	
industrialised_clothing_footwear_uniforms_0525_stackable_smock	shared-industrialised	Clothing, footwear and uniforms	industrial;modern;nuclear;information	smock	a stackable wool smock for workshop wear	This stackable smock is formed chiefly from wool and proportioned for workshop wear. Its working edges, contact points and load-bearing surfaces are finished for repeated handling, while visible joins make the method of construction easy to inspect. The particular balance of form, material and service duty distinguishes it from neighbouring catalogue entries.	Small	Standard	4726	20	wool	Era / Industrial Era;Era / Modern Era;Era / Nuclear Era;Era / Information Age Era	Wear_Shirt		portable		0		industrialised_clothing_footwear_uniforms_0001_plain_rag	industrial_clothing	Authored Clothing, footwear and uniforms matrix: stackable/smock/workshop/wool; priced by industrial_clothing analogue.	false	salvage
industrialised_clothing_footwear_uniforms_0526_field_rag	shared-industrialised	Clothing, footwear and uniforms	industrial;modern;nuclear;information	rag	a field leather rag for workshop wear	This field rag is formed chiefly from leather and proportioned for workshop wear. Its working edges, contact points and load-bearing surfaces are finished for repeated handling, while visible joins make the method of construction easy to inspect. The particular balance of form, material and service duty distinguishes it from neighbouring catalogue entries.	Small	Standard	4763	50	leather	Era / Industrial Era;Era / Modern Era;Era / Nuclear Era;Era / Information Age Era	Wear_Apron		portable		0			industrial_clothing	Authored Clothing, footwear and uniforms matrix: field/rag/workshop/leather; priced by industrial_clothing analogue.	false	
industrialised_clothing_footwear_uniforms_0527_field_apron	shared-industrialised	Clothing, footwear and uniforms	industrial;modern;nuclear;information	apron	a field cotton apron for workshop wear	This field apron is formed chiefly from cotton and proportioned for workshop wear. Its working edges, contact points and load-bearing surfaces are finished for repeated handling, while visible joins make the method of construction easy to inspect. The particular balance of form, material and service duty distinguishes it from neighbouring catalogue entries.	Small	Standard	4800	100	cotton	Era / Industrial Era;Era / Modern Era;Era / Nuclear Era;Era / Information Age Era	Wear_Apron		portable		0			industrial_clothing	Authored Clothing, footwear and uniforms matrix: field/apron/workshop/cotton; priced by industrial_clothing analogue.	false	
industrialised_clothing_footwear_uniforms_0528_field_shirt	shared-industrialised	Clothing, footwear and uniforms	industrial;modern;nuclear;information	shirt	a field linen shirt for workshop wear	This field shirt is formed chiefly from linen and proportioned for workshop wear. Its working edges, contact points and load-bearing surfaces are finished for repeated handling, while visible joins make the method of construction easy to inspect. The particular balance of form, material and service duty distinguishes it from neighbouring catalogue entries.	Small	Standard	4837	200	linen	Era / Industrial Era;Era / Modern Era;Era / Nuclear Era;Era / Information Age Era	Wear_Shirt		portable		0			industrial_clothing	Authored Clothing, footwear and uniforms matrix: field/shirt/workshop/linen; priced by industrial_clothing analogue.	false	
industrialised_clothing_footwear_uniforms_0529_field_trousers	shared-industrialised	Clothing, footwear and uniforms	industrial;modern;nuclear;information	trousers	some field wool trousers for workshop wear	These field trousers are formed chiefly from wool and proportioned for workshop wear. Their working edges, contact points and load-bearing surfaces are finished for repeated handling, while visible joins make the method of construction easy to inspect. The particular balance of form, material and service duty distinguishes them from neighbouring catalogue entries.	Small	Standard	4874	500	wool	Era / Industrial Era;Era / Modern Era;Era / Nuclear Era;Era / Information Age Era	Wear_Trousers		portable		0			industrial_clothing	Authored Clothing, footwear and uniforms matrix: field/trousers/workshop/wool; priced by industrial_clothing analogue.	false	
industrialised_clothing_footwear_uniforms_0530_field_boots	shared-industrialised	Clothing, footwear and uniforms	industrial;modern;nuclear;information	boots	some field leather boots for workshop wear	These field boots are formed chiefly from leather and proportioned for workshop wear. Their working edges, contact points and load-bearing surfaces are finished for repeated handling, while visible joins make the method of construction easy to inspect. The particular balance of form, material and service duty distinguishes them from neighbouring catalogue entries.	Small	Standard	4911	1	leather	Era / Industrial Era;Era / Modern Era;Era / Nuclear Era;Era / Information Age Era	Wear_Boots		portable		0		industrialised_clothing_footwear_uniforms_0001_plain_rag	industrial_clothing	Authored Clothing, footwear and uniforms matrix: field/boots/workshop/leather; priced by industrial_clothing analogue.	false	salvage
industrialised_clothing_footwear_uniforms_0531_field_dress	shared-industrialised	Clothing, footwear and uniforms	industrial;modern;nuclear;information	dress	a field cotton dress for workshop wear	This field dress is formed chiefly from cotton and proportioned for workshop wear. Its working edges, contact points and load-bearing surfaces are finished for repeated handling, while visible joins make the method of construction easy to inspect. The particular balance of form, material and service duty distinguishes it from neighbouring catalogue entries.	Small	Standard	4948	2	cotton	Era / Industrial Era;Era / Modern Era;Era / Nuclear Era;Era / Information Age Era	Wear_Dress		portable		0			industrial_clothing	Authored Clothing, footwear and uniforms matrix: field/dress/workshop/cotton; priced by industrial_clothing analogue.	false	
industrialised_clothing_footwear_uniforms_0532_field_jacket	shared-industrialised	Clothing, footwear and uniforms	industrial;modern;nuclear;information	jacket	a field linen jacket for workshop wear	This field jacket is formed chiefly from linen and proportioned for workshop wear. Its working edges, contact points and load-bearing surfaces are finished for repeated handling, while visible joins make the method of construction easy to inspect. The particular balance of form, material and service duty distinguishes it from neighbouring catalogue entries.	Small	Standard	4985	5	linen	Era / Industrial Era;Era / Modern Era;Era / Nuclear Era;Era / Information Age Era	Wear_Jacket		portable		0			industrial_clothing	Authored Clothing, footwear and uniforms matrix: field/jacket/workshop/linen; priced by industrial_clothing analogue.	false	
industrialised_clothing_footwear_uniforms_0533_field_hat	shared-industrialised	Clothing, footwear and uniforms	industrial;modern;nuclear;information	hat	a field wool hat for workshop wear	This field hat is formed chiefly from wool and proportioned for workshop wear. Its working edges, contact points and load-bearing surfaces are finished for repeated handling, while visible joins make the method of construction easy to inspect. The particular balance of form, material and service duty distinguishes it from neighbouring catalogue entries.	Small	Standard	72	10	wool	Era / Industrial Era;Era / Modern Era;Era / Nuclear Era;Era / Information Age Era	Wear_Hat		portable		0			industrial_clothing	Authored Clothing, footwear and uniforms matrix: field/hat/workshop/wool; priced by industrial_clothing analogue.	false	
industrialised_clothing_footwear_uniforms_0534_field_gloves	shared-industrialised	Clothing, footwear and uniforms	industrial;modern;nuclear;information	gloves	some field leather gloves for workshop wear	These field gloves are formed chiefly from leather and proportioned for workshop wear. Their working edges, contact points and load-bearing surfaces are finished for repeated handling, while visible joins make the method of construction easy to inspect. The particular balance of form, material and service duty distinguishes them from neighbouring catalogue entries.	Small	Standard	109	20	leather	Era / Industrial Era;Era / Modern Era;Era / Nuclear Era;Era / Information Age Era	Wear_Gloves		portable		0			industrial_clothing	Authored Clothing, footwear and uniforms matrix: field/gloves/workshop/leather; priced by industrial_clothing analogue.	false	
industrialised_clothing_footwear_uniforms_0535_field_scarf	shared-industrialised	Clothing, footwear and uniforms	industrial;modern;nuclear;information	scarf	a field cotton scarf for workshop wear	This field scarf is formed chiefly from cotton and proportioned for workshop wear. Its working edges, contact points and load-bearing surfaces are finished for repeated handling, while visible joins make the method of construction easy to inspect. The particular balance of form, material and service duty distinguishes it from neighbouring catalogue entries.	Small	Standard	146	50	cotton	Era / Industrial Era;Era / Modern Era;Era / Nuclear Era;Era / Information Age Era	Wear_Scarf		portable		0		industrialised_clothing_footwear_uniforms_0001_plain_rag	industrial_clothing	Authored Clothing, footwear and uniforms matrix: field/scarf/workshop/cotton; priced by industrial_clothing analogue.	false	salvage
industrialised_clothing_footwear_uniforms_0536_field_skirt	shared-industrialised	Clothing, footwear and uniforms	industrial;modern;nuclear;information	skirt	a field linen skirt for workshop wear	This field skirt is formed chiefly from linen and proportioned for workshop wear. Its working edges, contact points and load-bearing surfaces are finished for repeated handling, while visible joins make the method of construction easy to inspect. The particular balance of form, material and service duty distinguishes it from neighbouring catalogue entries.	Small	Standard	183	100	linen	Era / Industrial Era;Era / Modern Era;Era / Nuclear Era;Era / Information Age Era	Wear_Skirt		portable		0			industrial_clothing	Authored Clothing, footwear and uniforms matrix: field/skirt/workshop/linen; priced by industrial_clothing analogue.	false	
industrialised_clothing_footwear_uniforms_0537_field_socks	shared-industrialised	Clothing, footwear and uniforms	industrial;modern;nuclear;information	socks	some field wool socks for workshop wear	These field socks are formed chiefly from wool and proportioned for workshop wear. Their working edges, contact points and load-bearing surfaces are finished for repeated handling, while visible joins make the method of construction easy to inspect. The particular balance of form, material and service duty distinguishes them from neighbouring catalogue entries.	Small	Standard	220	200	wool	Era / Industrial Era;Era / Modern Era;Era / Nuclear Era;Era / Information Age Era	Wear_Socks		portable		0			industrial_clothing	Authored Clothing, footwear and uniforms matrix: field/socks/workshop/wool; priced by industrial_clothing analogue.	false	
industrialised_clothing_footwear_uniforms_0538_field_vest	shared-industrialised	Clothing, footwear and uniforms	industrial;modern;nuclear;information	vest	a field leather vest for workshop wear	This field vest is formed chiefly from leather and proportioned for workshop wear. Its working edges, contact points and load-bearing surfaces are finished for repeated handling, while visible joins make the method of construction easy to inspect. The particular balance of form, material and service duty distinguishes it from neighbouring catalogue entries.	Small	Standard	257	500	leather	Era / Industrial Era;Era / Modern Era;Era / Nuclear Era;Era / Information Age Era	Wear_Vest		portable		0			industrial_clothing	Authored Clothing, footwear and uniforms matrix: field/vest/workshop/leather; priced by industrial_clothing analogue.	false	
industrialised_clothing_footwear_uniforms_0539_field_coat	shared-industrialised	Clothing, footwear and uniforms	industrial;modern;nuclear;information	coat	a field cotton coat for workshop wear	This field coat is formed chiefly from cotton and proportioned for workshop wear. Its working edges, contact points and load-bearing surfaces are finished for repeated handling, while visible joins make the method of construction easy to inspect. The particular balance of form, material and service duty distinguishes it from neighbouring catalogue entries.	Small	Standard	294	1	cotton	Era / Industrial Era;Era / Modern Era;Era / Nuclear Era;Era / Information Age Era	Wear_Jacket		portable		0			industrial_clothing	Authored Clothing, footwear and uniforms matrix: field/coat/workshop/cotton; priced by industrial_clothing analogue.	false	
industrialised_clothing_footwear_uniforms_0540_field_smock	shared-industrialised	Clothing, footwear and uniforms	industrial;modern;nuclear;information	smock	a field linen smock for workshop wear	This field smock is formed chiefly from linen and proportioned for workshop wear. Its working edges, contact points and load-bearing surfaces are finished for repeated handling, while visible joins make the method of construction easy to inspect. The particular balance of form, material and service duty distinguishes it from neighbouring catalogue entries.	Small	Standard	331	2	linen	Era / Industrial Era;Era / Modern Era;Era / Nuclear Era;Era / Information Age Era	Wear_Shirt		portable		0		industrialised_clothing_footwear_uniforms_0001_plain_rag	industrial_clothing	Authored Clothing, footwear and uniforms matrix: field/smock/workshop/linen; priced by industrial_clothing analogue.	false	salvage
industrialised_clothing_footwear_uniforms_0541_countertop_rag	shared-industrialised	Clothing, footwear and uniforms	industrial;modern;nuclear;information	rag	a countertop wool rag for workshop wear	This countertop rag is formed chiefly from wool and proportioned for workshop wear. Its working edges, contact points and load-bearing surfaces are finished for repeated handling, while visible joins make the method of construction easy to inspect. The particular balance of form, material and service duty distinguishes it from neighbouring catalogue entries.	Small	Standard	368	5	wool	Era / Industrial Era;Era / Modern Era;Era / Nuclear Era;Era / Information Age Era	Wear_Apron		portable		0			industrial_clothing	Authored Clothing, footwear and uniforms matrix: countertop/rag/workshop/wool; priced by industrial_clothing analogue.	false	
industrialised_clothing_footwear_uniforms_0542_countertop_apron	shared-industrialised	Clothing, footwear and uniforms	industrial;modern;nuclear;information	apron	a countertop leather apron for workshop wear	This countertop apron is formed chiefly from leather and proportioned for workshop wear. Its working edges, contact points and load-bearing surfaces are finished for repeated handling, while visible joins make the method of construction easy to inspect. The particular balance of form, material and service duty distinguishes it from neighbouring catalogue entries.	Small	Standard	405	10	leather	Era / Industrial Era;Era / Modern Era;Era / Nuclear Era;Era / Information Age Era	Wear_Apron		portable		0			industrial_clothing	Authored Clothing, footwear and uniforms matrix: countertop/apron/workshop/leather; priced by industrial_clothing analogue.	false	
industrialised_clothing_footwear_uniforms_0543_countertop_shirt	shared-industrialised	Clothing, footwear and uniforms	industrial;modern;nuclear;information	shirt	a countertop cotton shirt for workshop wear	This countertop shirt is formed chiefly from cotton and proportioned for workshop wear. Its working edges, contact points and load-bearing surfaces are finished for repeated handling, while visible joins make the method of construction easy to inspect. The particular balance of form, material and service duty distinguishes it from neighbouring catalogue entries.	Small	Standard	442	20	cotton	Era / Industrial Era;Era / Modern Era;Era / Nuclear Era;Era / Information Age Era	Wear_Shirt		portable		0			industrial_clothing	Authored Clothing, footwear and uniforms matrix: countertop/shirt/workshop/cotton; priced by industrial_clothing analogue.	false	
industrialised_clothing_footwear_uniforms_0544_countertop_trousers	shared-industrialised	Clothing, footwear and uniforms	industrial;modern;nuclear;information	trousers	some countertop linen trousers for workshop wear	These countertop trousers are formed chiefly from linen and proportioned for workshop wear. Their working edges, contact points and load-bearing surfaces are finished for repeated handling, while visible joins make the method of construction easy to inspect. The particular balance of form, material and service duty distinguishes them from neighbouring catalogue entries.	Small	Standard	479	50	linen	Era / Industrial Era;Era / Modern Era;Era / Nuclear Era;Era / Information Age Era	Wear_Trousers		portable		0			industrial_clothing	Authored Clothing, footwear and uniforms matrix: countertop/trousers/workshop/linen; priced by industrial_clothing analogue.	false	
industrialised_clothing_footwear_uniforms_0545_countertop_boots	shared-industrialised	Clothing, footwear and uniforms	industrial;modern;nuclear;information	boots	some countertop wool boots for workshop wear	These countertop boots are formed chiefly from wool and proportioned for workshop wear. Their working edges, contact points and load-bearing surfaces are finished for repeated handling, while visible joins make the method of construction easy to inspect. The particular balance of form, material and service duty distinguishes them from neighbouring catalogue entries.	Small	Standard	516	100	wool	Era / Industrial Era;Era / Modern Era;Era / Nuclear Era;Era / Information Age Era	Wear_Boots		portable		0		industrialised_clothing_footwear_uniforms_0001_plain_rag	industrial_clothing	Authored Clothing, footwear and uniforms matrix: countertop/boots/workshop/wool; priced by industrial_clothing analogue.	false	salvage
industrialised_clothing_footwear_uniforms_0546_countertop_dress	shared-industrialised	Clothing, footwear and uniforms	industrial;modern;nuclear;information	dress	a countertop leather dress for workshop wear	This countertop dress is formed chiefly from leather and proportioned for workshop wear. Its working edges, contact points and load-bearing surfaces are finished for repeated handling, while visible joins make the method of construction easy to inspect. The particular balance of form, material and service duty distinguishes it from neighbouring catalogue entries.	Small	Standard	553	200	leather	Era / Industrial Era;Era / Modern Era;Era / Nuclear Era;Era / Information Age Era	Wear_Dress		portable		0			industrial_clothing	Authored Clothing, footwear and uniforms matrix: countertop/dress/workshop/leather; priced by industrial_clothing analogue.	false	
industrialised_clothing_footwear_uniforms_0547_countertop_jacket	shared-industrialised	Clothing, footwear and uniforms	industrial;modern;nuclear;information	jacket	a countertop cotton jacket for workshop wear	This countertop jacket is formed chiefly from cotton and proportioned for workshop wear. Its working edges, contact points and load-bearing surfaces are finished for repeated handling, while visible joins make the method of construction easy to inspect. The particular balance of form, material and service duty distinguishes it from neighbouring catalogue entries.	Small	Standard	590	500	cotton	Era / Industrial Era;Era / Modern Era;Era / Nuclear Era;Era / Information Age Era	Wear_Jacket		portable		0			industrial_clothing	Authored Clothing, footwear and uniforms matrix: countertop/jacket/workshop/cotton; priced by industrial_clothing analogue.	false	
industrialised_clothing_footwear_uniforms_0548_countertop_hat	shared-industrialised	Clothing, footwear and uniforms	industrial;modern;nuclear;information	hat	a countertop linen hat for workshop wear	This countertop hat is formed chiefly from linen and proportioned for workshop wear. Its working edges, contact points and load-bearing surfaces are finished for repeated handling, while visible joins make the method of construction easy to inspect. The particular balance of form, material and service duty distinguishes it from neighbouring catalogue entries.	Small	Standard	627	1	linen	Era / Industrial Era;Era / Modern Era;Era / Nuclear Era;Era / Information Age Era	Wear_Hat		portable		0			industrial_clothing	Authored Clothing, footwear and uniforms matrix: countertop/hat/workshop/linen; priced by industrial_clothing analogue.	false	
industrialised_clothing_footwear_uniforms_0549_countertop_gloves	shared-industrialised	Clothing, footwear and uniforms	industrial;modern;nuclear;information	gloves	some countertop wool gloves for workshop wear	These countertop gloves are formed chiefly from wool and proportioned for workshop wear. Their working edges, contact points and load-bearing surfaces are finished for repeated handling, while visible joins make the method of construction easy to inspect. The particular balance of form, material and service duty distinguishes them from neighbouring catalogue entries.	Small	Standard	664	2	wool	Era / Industrial Era;Era / Modern Era;Era / Nuclear Era;Era / Information Age Era	Wear_Gloves		portable		0			industrial_clothing	Authored Clothing, footwear and uniforms matrix: countertop/gloves/workshop/wool; priced by industrial_clothing analogue.	false	
industrialised_clothing_footwear_uniforms_0550_countertop_scarf	shared-industrialised	Clothing, footwear and uniforms	industrial;modern;nuclear;information	scarf	a countertop leather scarf for workshop wear	This countertop scarf is formed chiefly from leather and proportioned for workshop wear. Its working edges, contact points and load-bearing surfaces are finished for repeated handling, while visible joins make the method of construction easy to inspect. The particular balance of form, material and service duty distinguishes it from neighbouring catalogue entries.	Small	Standard	701	5	leather	Era / Industrial Era;Era / Modern Era;Era / Nuclear Era;Era / Information Age Era	Wear_Scarf		portable		0		industrialised_clothing_footwear_uniforms_0001_plain_rag	industrial_clothing	Authored Clothing, footwear and uniforms matrix: countertop/scarf/workshop/leather; priced by industrial_clothing analogue.	false	salvage
industrialised_clothing_footwear_uniforms_0551_countertop_skirt	shared-industrialised	Clothing, footwear and uniforms	industrial;modern;nuclear;information	skirt	a countertop cotton skirt for workshop wear	This countertop skirt is formed chiefly from cotton and proportioned for workshop wear. Its working edges, contact points and load-bearing surfaces are finished for repeated handling, while visible joins make the method of construction easy to inspect. The particular balance of form, material and service duty distinguishes it from neighbouring catalogue entries.	Small	Standard	738	10	cotton	Era / Industrial Era;Era / Modern Era;Era / Nuclear Era;Era / Information Age Era	Wear_Skirt		portable		0			industrial_clothing	Authored Clothing, footwear and uniforms matrix: countertop/skirt/workshop/cotton; priced by industrial_clothing analogue.	false	
industrialised_clothing_footwear_uniforms_0552_countertop_socks	shared-industrialised	Clothing, footwear and uniforms	industrial;modern;nuclear;information	socks	some countertop linen socks for workshop wear	These countertop socks are formed chiefly from linen and proportioned for workshop wear. Their working edges, contact points and load-bearing surfaces are finished for repeated handling, while visible joins make the method of construction easy to inspect. The particular balance of form, material and service duty distinguishes them from neighbouring catalogue entries.	Small	Standard	775	20	linen	Era / Industrial Era;Era / Modern Era;Era / Nuclear Era;Era / Information Age Era	Wear_Socks		portable		0			industrial_clothing	Authored Clothing, footwear and uniforms matrix: countertop/socks/workshop/linen; priced by industrial_clothing analogue.	false	
industrialised_clothing_footwear_uniforms_0553_countertop_vest	shared-industrialised	Clothing, footwear and uniforms	industrial;modern;nuclear;information	vest	a countertop wool vest for workshop wear	This countertop vest is formed chiefly from wool and proportioned for workshop wear. Its working edges, contact points and load-bearing surfaces are finished for repeated handling, while visible joins make the method of construction easy to inspect. The particular balance of form, material and service duty distinguishes it from neighbouring catalogue entries.	Small	Standard	812	50	wool	Era / Industrial Era;Era / Modern Era;Era / Nuclear Era;Era / Information Age Era	Wear_Vest		portable		0			industrial_clothing	Authored Clothing, footwear and uniforms matrix: countertop/vest/workshop/wool; priced by industrial_clothing analogue.	false	
industrialised_clothing_footwear_uniforms_0554_countertop_coat	shared-industrialised	Clothing, footwear and uniforms	industrial;modern;nuclear;information	coat	a countertop leather coat for workshop wear	This countertop coat is formed chiefly from leather and proportioned for workshop wear. Its working edges, contact points and load-bearing surfaces are finished for repeated handling, while visible joins make the method of construction easy to inspect. The particular balance of form, material and service duty distinguishes it from neighbouring catalogue entries.	Small	Standard	849	100	leather	Era / Industrial Era;Era / Modern Era;Era / Nuclear Era;Era / Information Age Era	Wear_Jacket		portable		0			industrial_clothing	Authored Clothing, footwear and uniforms matrix: countertop/coat/workshop/leather; priced by industrial_clothing analogue.	false	
industrialised_clothing_footwear_uniforms_0555_countertop_smock	shared-industrialised	Clothing, footwear and uniforms	industrial;modern;nuclear;information	smock	a countertop cotton smock for workshop wear	This countertop smock is formed chiefly from cotton and proportioned for workshop wear. Its working edges, contact points and load-bearing surfaces are finished for repeated handling, while visible joins make the method of construction easy to inspect. The particular balance of form, material and service duty distinguishes it from neighbouring catalogue entries.	Small	Standard	886	200	cotton	Era / Industrial Era;Era / Modern Era;Era / Nuclear Era;Era / Information Age Era	Wear_Shirt		portable		0		industrialised_clothing_footwear_uniforms_0001_plain_rag	industrial_clothing	Authored Clothing, footwear and uniforms matrix: countertop/smock/workshop/cotton; priced by industrial_clothing analogue.	false	salvage
industrialised_clothing_footwear_uniforms_0556_wall_mounted_rag	shared-industrialised	Clothing, footwear and uniforms	industrial;modern;nuclear;information	rag	a wall-mounted linen rag for workshop wear	This wall-mounted rag is formed chiefly from linen and proportioned for workshop wear. Its working edges, contact points and load-bearing surfaces are finished for repeated handling, while visible joins make the method of construction easy to inspect. The particular balance of form, material and service duty distinguishes it from neighbouring catalogue entries.	Small	Standard	923	500	linen	Era / Industrial Era;Era / Modern Era;Era / Nuclear Era;Era / Information Age Era	Wear_Apron		portable		0			industrial_clothing	Authored Clothing, footwear and uniforms matrix: wall-mounted/rag/workshop/linen; priced by industrial_clothing analogue.	false	
industrialised_clothing_footwear_uniforms_0557_wall_mounted_apron	shared-industrialised	Clothing, footwear and uniforms	industrial;modern;nuclear;information	apron	a wall-mounted wool apron for workshop wear	This wall-mounted apron is formed chiefly from wool and proportioned for workshop wear. Its working edges, contact points and load-bearing surfaces are finished for repeated handling, while visible joins make the method of construction easy to inspect. The particular balance of form, material and service duty distinguishes it from neighbouring catalogue entries.	Small	Standard	960	1	wool	Era / Industrial Era;Era / Modern Era;Era / Nuclear Era;Era / Information Age Era	Wear_Apron		portable		0			industrial_clothing	Authored Clothing, footwear and uniforms matrix: wall-mounted/apron/workshop/wool; priced by industrial_clothing analogue.	false	
industrialised_clothing_footwear_uniforms_0558_wall_mounted_shirt	shared-industrialised	Clothing, footwear and uniforms	industrial;modern;nuclear;information	shirt	a wall-mounted leather shirt for workshop wear	This wall-mounted shirt is formed chiefly from leather and proportioned for workshop wear. Its working edges, contact points and load-bearing surfaces are finished for repeated handling, while visible joins make the method of construction easy to inspect. The particular balance of form, material and service duty distinguishes it from neighbouring catalogue entries.	Small	Standard	997	2	leather	Era / Industrial Era;Era / Modern Era;Era / Nuclear Era;Era / Information Age Era	Wear_Shirt		portable		0			industrial_clothing	Authored Clothing, footwear and uniforms matrix: wall-mounted/shirt/workshop/leather; priced by industrial_clothing analogue.	false	
industrialised_clothing_footwear_uniforms_0559_wall_mounted_trousers	shared-industrialised	Clothing, footwear and uniforms	industrial;modern;nuclear;information	trousers	some wall-mounted cotton trousers for workshop wear	These wall-mounted trousers are formed chiefly from cotton and proportioned for workshop wear. Their working edges, contact points and load-bearing surfaces are finished for repeated handling, while visible joins make the method of construction easy to inspect. The particular balance of form, material and service duty distinguishes them from neighbouring catalogue entries.	Small	Standard	1034	5	cotton	Era / Industrial Era;Era / Modern Era;Era / Nuclear Era;Era / Information Age Era	Wear_Trousers		portable		0			industrial_clothing	Authored Clothing, footwear and uniforms matrix: wall-mounted/trousers/workshop/cotton; priced by industrial_clothing analogue.	false	
industrialised_clothing_footwear_uniforms_0560_wall_mounted_boots	shared-industrialised	Clothing, footwear and uniforms	industrial;modern;nuclear;information	boots	some wall-mounted linen boots for workshop wear	These wall-mounted boots are formed chiefly from linen and proportioned for workshop wear. Their working edges, contact points and load-bearing surfaces are finished for repeated handling, while visible joins make the method of construction easy to inspect. The particular balance of form, material and service duty distinguishes them from neighbouring catalogue entries.	Small	Standard	1071	10	linen	Era / Industrial Era;Era / Modern Era;Era / Nuclear Era;Era / Information Age Era	Wear_Boots		portable		0		industrialised_clothing_footwear_uniforms_0001_plain_rag	industrial_clothing	Authored Clothing, footwear and uniforms matrix: wall-mounted/boots/workshop/linen; priced by industrial_clothing analogue.	false	salvage
industrialised_clothing_footwear_uniforms_0561_wall_mounted_dress	shared-industrialised	Clothing, footwear and uniforms	industrial;modern;nuclear;information	dress	a wall-mounted wool dress for workshop wear	This wall-mounted dress is formed chiefly from wool and proportioned for workshop wear. Its working edges, contact points and load-bearing surfaces are finished for repeated handling, while visible joins make the method of construction easy to inspect. The particular balance of form, material and service duty distinguishes it from neighbouring catalogue entries.	Small	Standard	1108	20	wool	Era / Industrial Era;Era / Modern Era;Era / Nuclear Era;Era / Information Age Era	Wear_Dress		portable		0			industrial_clothing	Authored Clothing, footwear and uniforms matrix: wall-mounted/dress/workshop/wool; priced by industrial_clothing analogue.	false	
industrialised_clothing_footwear_uniforms_0562_wall_mounted_jacket	shared-industrialised	Clothing, footwear and uniforms	industrial;modern;nuclear;information	jacket	a wall-mounted leather jacket for workshop wear	This wall-mounted jacket is formed chiefly from leather and proportioned for workshop wear. Its working edges, contact points and load-bearing surfaces are finished for repeated handling, while visible joins make the method of construction easy to inspect. The particular balance of form, material and service duty distinguishes it from neighbouring catalogue entries.	Small	Standard	1145	50	leather	Era / Industrial Era;Era / Modern Era;Era / Nuclear Era;Era / Information Age Era	Wear_Jacket		portable		0			industrial_clothing	Authored Clothing, footwear and uniforms matrix: wall-mounted/jacket/workshop/leather; priced by industrial_clothing analogue.	false	
industrialised_clothing_footwear_uniforms_0563_wall_mounted_hat	shared-industrialised	Clothing, footwear and uniforms	industrial;modern;nuclear;information	hat	a wall-mounted cotton hat for workshop wear	This wall-mounted hat is formed chiefly from cotton and proportioned for workshop wear. Its working edges, contact points and load-bearing surfaces are finished for repeated handling, while visible joins make the method of construction easy to inspect. The particular balance of form, material and service duty distinguishes it from neighbouring catalogue entries.	Small	Standard	1182	100	cotton	Era / Industrial Era;Era / Modern Era;Era / Nuclear Era;Era / Information Age Era	Wear_Hat		portable		0			industrial_clothing	Authored Clothing, footwear and uniforms matrix: wall-mounted/hat/workshop/cotton; priced by industrial_clothing analogue.	false	
industrialised_clothing_footwear_uniforms_0564_wall_mounted_gloves	shared-industrialised	Clothing, footwear and uniforms	industrial;modern;nuclear;information	gloves	some wall-mounted linen gloves for workshop wear	These wall-mounted gloves are formed chiefly from linen and proportioned for workshop wear. Their working edges, contact points and load-bearing surfaces are finished for repeated handling, while visible joins make the method of construction easy to inspect. The particular balance of form, material and service duty distinguishes them from neighbouring catalogue entries.	Small	Standard	1219	200	linen	Era / Industrial Era;Era / Modern Era;Era / Nuclear Era;Era / Information Age Era	Wear_Gloves		portable		0			industrial_clothing	Authored Clothing, footwear and uniforms matrix: wall-mounted/gloves/workshop/linen; priced by industrial_clothing analogue.	false	
industrialised_clothing_footwear_uniforms_0565_wall_mounted_scarf	shared-industrialised	Clothing, footwear and uniforms	industrial;modern;nuclear;information	scarf	a wall-mounted wool scarf for workshop wear	This wall-mounted scarf is formed chiefly from wool and proportioned for workshop wear. Its working edges, contact points and load-bearing surfaces are finished for repeated handling, while visible joins make the method of construction easy to inspect. The particular balance of form, material and service duty distinguishes it from neighbouring catalogue entries.	Small	Standard	1256	500	wool	Era / Industrial Era;Era / Modern Era;Era / Nuclear Era;Era / Information Age Era	Wear_Scarf		portable		0		industrialised_clothing_footwear_uniforms_0001_plain_rag	industrial_clothing	Authored Clothing, footwear and uniforms matrix: wall-mounted/scarf/workshop/wool; priced by industrial_clothing analogue.	false	salvage
industrialised_clothing_footwear_uniforms_0566_wall_mounted_skirt	shared-industrialised	Clothing, footwear and uniforms	industrial;modern;nuclear;information	skirt	a wall-mounted leather skirt for workshop wear	This wall-mounted skirt is formed chiefly from leather and proportioned for workshop wear. Its working edges, contact points and load-bearing surfaces are finished for repeated handling, while visible joins make the method of construction easy to inspect. The particular balance of form, material and service duty distinguishes it from neighbouring catalogue entries.	Small	Standard	1293	1	leather	Era / Industrial Era;Era / Modern Era;Era / Nuclear Era;Era / Information Age Era	Wear_Skirt		portable		0			industrial_clothing	Authored Clothing, footwear and uniforms matrix: wall-mounted/skirt/workshop/leather; priced by industrial_clothing analogue.	false	
industrialised_clothing_footwear_uniforms_0567_wall_mounted_socks	shared-industrialised	Clothing, footwear and uniforms	industrial;modern;nuclear;information	socks	some wall-mounted cotton socks for workshop wear	These wall-mounted socks are formed chiefly from cotton and proportioned for workshop wear. Their working edges, contact points and load-bearing surfaces are finished for repeated handling, while visible joins make the method of construction easy to inspect. The particular balance of form, material and service duty distinguishes them from neighbouring catalogue entries.	Small	Standard	1330	2	cotton	Era / Industrial Era;Era / Modern Era;Era / Nuclear Era;Era / Information Age Era	Wear_Socks		portable		0			industrial_clothing	Authored Clothing, footwear and uniforms matrix: wall-mounted/socks/workshop/cotton; priced by industrial_clothing analogue.	false	
industrialised_clothing_footwear_uniforms_0568_wall_mounted_vest	shared-industrialised	Clothing, footwear and uniforms	industrial;modern;nuclear;information	vest	a wall-mounted linen vest for workshop wear	This wall-mounted vest is formed chiefly from linen and proportioned for workshop wear. Its working edges, contact points and load-bearing surfaces are finished for repeated handling, while visible joins make the method of construction easy to inspect. The particular balance of form, material and service duty distinguishes it from neighbouring catalogue entries.	Small	Standard	1367	5	linen	Era / Industrial Era;Era / Modern Era;Era / Nuclear Era;Era / Information Age Era	Wear_Vest		portable		0			industrial_clothing	Authored Clothing, footwear and uniforms matrix: wall-mounted/vest/workshop/linen; priced by industrial_clothing analogue.	false	
industrialised_clothing_footwear_uniforms_0569_wall_mounted_coat	shared-industrialised	Clothing, footwear and uniforms	industrial;modern;nuclear;information	coat	a wall-mounted wool coat for workshop wear	This wall-mounted coat is formed chiefly from wool and proportioned for workshop wear. Its working edges, contact points and load-bearing surfaces are finished for repeated handling, while visible joins make the method of construction easy to inspect. The particular balance of form, material and service duty distinguishes it from neighbouring catalogue entries.	Small	Standard	1404	10	wool	Era / Industrial Era;Era / Modern Era;Era / Nuclear Era;Era / Information Age Era	Wear_Jacket		portable		0			industrial_clothing	Authored Clothing, footwear and uniforms matrix: wall-mounted/coat/workshop/wool; priced by industrial_clothing analogue.	false	
industrialised_clothing_footwear_uniforms_0570_wall_mounted_smock	shared-industrialised	Clothing, footwear and uniforms	industrial;modern;nuclear;information	smock	a wall-mounted leather smock for workshop wear	This wall-mounted smock is formed chiefly from leather and proportioned for workshop wear. Its working edges, contact points and load-bearing surfaces are finished for repeated handling, while visible joins make the method of construction easy to inspect. The particular balance of form, material and service duty distinguishes it from neighbouring catalogue entries.	Small	Standard	1441	20	leather	Era / Industrial Era;Era / Modern Era;Era / Nuclear Era;Era / Information Age Era	Wear_Shirt		portable		0		industrialised_clothing_footwear_uniforms_0001_plain_rag	industrial_clothing	Authored Clothing, footwear and uniforms matrix: wall-mounted/smock/workshop/leather; priced by industrial_clothing analogue.	false	salvage
industrialised_clothing_footwear_uniforms_0571_travel_rag	shared-industrialised	Clothing, footwear and uniforms	industrial;modern;nuclear;information	rag	a travel cotton rag for workshop wear	This travel rag is formed chiefly from cotton and proportioned for workshop wear. Its working edges, contact points and load-bearing surfaces are finished for repeated handling, while visible joins make the method of construction easy to inspect. The particular balance of form, material and service duty distinguishes it from neighbouring catalogue entries.	Small	Standard	1478	50	cotton	Era / Industrial Era;Era / Modern Era;Era / Nuclear Era;Era / Information Age Era	Wear_Apron		portable		0			industrial_clothing	Authored Clothing, footwear and uniforms matrix: travel/rag/workshop/cotton; priced by industrial_clothing analogue.	false	
industrialised_clothing_footwear_uniforms_0572_travel_apron	shared-industrialised	Clothing, footwear and uniforms	industrial;modern;nuclear;information	apron	a travel linen apron for workshop wear	This travel apron is formed chiefly from linen and proportioned for workshop wear. Its working edges, contact points and load-bearing surfaces are finished for repeated handling, while visible joins make the method of construction easy to inspect. The particular balance of form, material and service duty distinguishes it from neighbouring catalogue entries.	Small	Standard	1515	100	linen	Era / Industrial Era;Era / Modern Era;Era / Nuclear Era;Era / Information Age Era	Wear_Apron		portable		0			industrial_clothing	Authored Clothing, footwear and uniforms matrix: travel/apron/workshop/linen; priced by industrial_clothing analogue.	false	
industrialised_clothing_footwear_uniforms_0573_travel_shirt	shared-industrialised	Clothing, footwear and uniforms	industrial;modern;nuclear;information	shirt	a travel wool shirt for workshop wear	This travel shirt is formed chiefly from wool and proportioned for workshop wear. Its working edges, contact points and load-bearing surfaces are finished for repeated handling, while visible joins make the method of construction easy to inspect. The particular balance of form, material and service duty distinguishes it from neighbouring catalogue entries.	Small	Standard	1552	200	wool	Era / Industrial Era;Era / Modern Era;Era / Nuclear Era;Era / Information Age Era	Wear_Shirt		portable		0			industrial_clothing	Authored Clothing, footwear and uniforms matrix: travel/shirt/workshop/wool; priced by industrial_clothing analogue.	false	
industrialised_clothing_footwear_uniforms_0574_travel_trousers	shared-industrialised	Clothing, footwear and uniforms	industrial;modern;nuclear;information	trousers	some travel leather trousers for workshop wear	These travel trousers are formed chiefly from leather and proportioned for workshop wear. Their working edges, contact points and load-bearing surfaces are finished for repeated handling, while visible joins make the method of construction easy to inspect. The particular balance of form, material and service duty distinguishes them from neighbouring catalogue entries.	Small	Standard	1589	500	leather	Era / Industrial Era;Era / Modern Era;Era / Nuclear Era;Era / Information Age Era	Wear_Trousers		portable		0			industrial_clothing	Authored Clothing, footwear and uniforms matrix: travel/trousers/workshop/leather; priced by industrial_clothing analogue.	false	
industrialised_clothing_footwear_uniforms_0575_travel_boots	shared-industrialised	Clothing, footwear and uniforms	industrial;modern;nuclear;information	boots	some travel cotton boots for workshop wear	These travel boots are formed chiefly from cotton and proportioned for workshop wear. Their working edges, contact points and load-bearing surfaces are finished for repeated handling, while visible joins make the method of construction easy to inspect. The particular balance of form, material and service duty distinguishes them from neighbouring catalogue entries.	Small	Standard	1626	1	cotton	Era / Industrial Era;Era / Modern Era;Era / Nuclear Era;Era / Information Age Era	Wear_Boots		portable		0		industrialised_clothing_footwear_uniforms_0001_plain_rag	industrial_clothing	Authored Clothing, footwear and uniforms matrix: travel/boots/workshop/cotton; priced by industrial_clothing analogue.	false	salvage
industrialised_clothing_footwear_uniforms_0576_travel_dress	shared-industrialised	Clothing, footwear and uniforms	industrial;modern;nuclear;information	dress	a travel linen dress for workshop wear	This travel dress is formed chiefly from linen and proportioned for workshop wear. Its working edges, contact points and load-bearing surfaces are finished for repeated handling, while visible joins make the method of construction easy to inspect. The particular balance of form, material and service duty distinguishes it from neighbouring catalogue entries.	Small	Standard	1663	2	linen	Era / Industrial Era;Era / Modern Era;Era / Nuclear Era;Era / Information Age Era	Wear_Dress		portable		0			industrial_clothing	Authored Clothing, footwear and uniforms matrix: travel/dress/workshop/linen; priced by industrial_clothing analogue.	false	
industrialised_clothing_footwear_uniforms_0577_travel_jacket	shared-industrialised	Clothing, footwear and uniforms	industrial;modern;nuclear;information	jacket	a travel wool jacket for workshop wear	This travel jacket is formed chiefly from wool and proportioned for workshop wear. Its working edges, contact points and load-bearing surfaces are finished for repeated handling, while visible joins make the method of construction easy to inspect. The particular balance of form, material and service duty distinguishes it from neighbouring catalogue entries.	Small	Standard	1700	5	wool	Era / Industrial Era;Era / Modern Era;Era / Nuclear Era;Era / Information Age Era	Wear_Jacket		portable		0			industrial_clothing	Authored Clothing, footwear and uniforms matrix: travel/jacket/workshop/wool; priced by industrial_clothing analogue.	false	
industrialised_clothing_footwear_uniforms_0578_travel_hat	shared-industrialised	Clothing, footwear and uniforms	industrial;modern;nuclear;information	hat	a travel leather hat for workshop wear	This travel hat is formed chiefly from leather and proportioned for workshop wear. Its working edges, contact points and load-bearing surfaces are finished for repeated handling, while visible joins make the method of construction easy to inspect. The particular balance of form, material and service duty distinguishes it from neighbouring catalogue entries.	Small	Standard	1737	10	leather	Era / Industrial Era;Era / Modern Era;Era / Nuclear Era;Era / Information Age Era	Wear_Hat		portable		0			industrial_clothing	Authored Clothing, footwear and uniforms matrix: travel/hat/workshop/leather; priced by industrial_clothing analogue.	false	
industrialised_clothing_footwear_uniforms_0579_travel_gloves	shared-industrialised	Clothing, footwear and uniforms	industrial;modern;nuclear;information	gloves	some travel cotton gloves for workshop wear	These travel gloves are formed chiefly from cotton and proportioned for workshop wear. Their working edges, contact points and load-bearing surfaces are finished for repeated handling, while visible joins make the method of construction easy to inspect. The particular balance of form, material and service duty distinguishes them from neighbouring catalogue entries.	Small	Standard	1774	20	cotton	Era / Industrial Era;Era / Modern Era;Era / Nuclear Era;Era / Information Age Era	Wear_Gloves		portable		0			industrial_clothing	Authored Clothing, footwear and uniforms matrix: travel/gloves/workshop/cotton; priced by industrial_clothing analogue.	false	
industrialised_clothing_footwear_uniforms_0580_travel_scarf	shared-industrialised	Clothing, footwear and uniforms	industrial;modern;nuclear;information	scarf	a travel linen scarf for workshop wear	This travel scarf is formed chiefly from linen and proportioned for workshop wear. Its working edges, contact points and load-bearing surfaces are finished for repeated handling, while visible joins make the method of construction easy to inspect. The particular balance of form, material and service duty distinguishes it from neighbouring catalogue entries.	Small	Standard	1811	50	linen	Era / Industrial Era;Era / Modern Era;Era / Nuclear Era;Era / Information Age Era	Wear_Scarf		portable		0		industrialised_clothing_footwear_uniforms_0001_plain_rag	industrial_clothing	Authored Clothing, footwear and uniforms matrix: travel/scarf/workshop/linen; priced by industrial_clothing analogue.	false	salvage
industrialised_clothing_footwear_uniforms_0581_travel_skirt	shared-industrialised	Clothing, footwear and uniforms	industrial;modern;nuclear;information	skirt	a travel wool skirt for workshop wear	This travel skirt is formed chiefly from wool and proportioned for workshop wear. Its working edges, contact points and load-bearing surfaces are finished for repeated handling, while visible joins make the method of construction easy to inspect. The particular balance of form, material and service duty distinguishes it from neighbouring catalogue entries.	Small	Standard	1848	100	wool	Era / Industrial Era;Era / Modern Era;Era / Nuclear Era;Era / Information Age Era	Wear_Skirt		portable		0			industrial_clothing	Authored Clothing, footwear and uniforms matrix: travel/skirt/workshop/wool; priced by industrial_clothing analogue.	false	
industrialised_clothing_footwear_uniforms_0582_travel_socks	shared-industrialised	Clothing, footwear and uniforms	industrial;modern;nuclear;information	socks	some travel leather socks for workshop wear	These travel socks are formed chiefly from leather and proportioned for workshop wear. Their working edges, contact points and load-bearing surfaces are finished for repeated handling, while visible joins make the method of construction easy to inspect. The particular balance of form, material and service duty distinguishes them from neighbouring catalogue entries.	Small	Standard	1885	200	leather	Era / Industrial Era;Era / Modern Era;Era / Nuclear Era;Era / Information Age Era	Wear_Socks		portable		0			industrial_clothing	Authored Clothing, footwear and uniforms matrix: travel/socks/workshop/leather; priced by industrial_clothing analogue.	false	
industrialised_clothing_footwear_uniforms_0583_travel_vest	shared-industrialised	Clothing, footwear and uniforms	industrial;modern;nuclear;information	vest	a travel cotton vest for workshop wear	This travel vest is formed chiefly from cotton and proportioned for workshop wear. Its working edges, contact points and load-bearing surfaces are finished for repeated handling, while visible joins make the method of construction easy to inspect. The particular balance of form, material and service duty distinguishes it from neighbouring catalogue entries.	Small	Standard	1922	500	cotton	Era / Industrial Era;Era / Modern Era;Era / Nuclear Era;Era / Information Age Era	Wear_Vest		portable		0			industrial_clothing	Authored Clothing, footwear and uniforms matrix: travel/vest/workshop/cotton; priced by industrial_clothing analogue.	false	
industrialised_clothing_footwear_uniforms_0584_travel_coat	shared-industrialised	Clothing, footwear and uniforms	industrial;modern;nuclear;information	coat	a travel linen coat for workshop wear	This travel coat is formed chiefly from linen and proportioned for workshop wear. Its working edges, contact points and load-bearing surfaces are finished for repeated handling, while visible joins make the method of construction easy to inspect. The particular balance of form, material and service duty distinguishes it from neighbouring catalogue entries.	Small	Standard	1959	1	linen	Era / Industrial Era;Era / Modern Era;Era / Nuclear Era;Era / Information Age Era	Wear_Jacket		portable		0			industrial_clothing	Authored Clothing, footwear and uniforms matrix: travel/coat/workshop/linen; priced by industrial_clothing analogue.	false	
industrialised_clothing_footwear_uniforms_0585_travel_smock	shared-industrialised	Clothing, footwear and uniforms	industrial;modern;nuclear;information	smock	a travel wool smock for workshop wear	This travel smock is formed chiefly from wool and proportioned for workshop wear. Its working edges, contact points and load-bearing surfaces are finished for repeated handling, while visible joins make the method of construction easy to inspect. The particular balance of form, material and service duty distinguishes it from neighbouring catalogue entries.	Small	Standard	1996	2	wool	Era / Industrial Era;Era / Modern Era;Era / Nuclear Era;Era / Information Age Era	Wear_Shirt		portable		0		industrialised_clothing_footwear_uniforms_0001_plain_rag	industrial_clothing	Authored Clothing, footwear and uniforms matrix: travel/smock/workshop/wool; priced by industrial_clothing analogue.	false	salvage
industrialised_clothing_footwear_uniforms_0586_utility_rag	shared-industrialised	Clothing, footwear and uniforms	industrial;modern;nuclear;information	rag	an utility leather rag for workshop wear	This utility rag is formed chiefly from leather and proportioned for workshop wear. Its working edges, contact points and load-bearing surfaces are finished for repeated handling, while visible joins make the method of construction easy to inspect. The particular balance of form, material and service duty distinguishes it from neighbouring catalogue entries.	Small	Standard	2033	5	leather	Era / Industrial Era;Era / Modern Era;Era / Nuclear Era;Era / Information Age Era	Wear_Apron		portable		0			industrial_clothing	Authored Clothing, footwear and uniforms matrix: utility/rag/workshop/leather; priced by industrial_clothing analogue.	false	
industrialised_clothing_footwear_uniforms_0587_utility_apron	shared-industrialised	Clothing, footwear and uniforms	industrial;modern;nuclear;information	apron	an utility cotton apron for workshop wear	This utility apron is formed chiefly from cotton and proportioned for workshop wear. Its working edges, contact points and load-bearing surfaces are finished for repeated handling, while visible joins make the method of construction easy to inspect. The particular balance of form, material and service duty distinguishes it from neighbouring catalogue entries.	Small	Standard	2070	10	cotton	Era / Industrial Era;Era / Modern Era;Era / Nuclear Era;Era / Information Age Era	Wear_Apron		portable		0			industrial_clothing	Authored Clothing, footwear and uniforms matrix: utility/apron/workshop/cotton; priced by industrial_clothing analogue.	false	
industrialised_clothing_footwear_uniforms_0588_utility_shirt	shared-industrialised	Clothing, footwear and uniforms	industrial;modern;nuclear;information	shirt	an utility linen shirt for workshop wear	This utility shirt is formed chiefly from linen and proportioned for workshop wear. Its working edges, contact points and load-bearing surfaces are finished for repeated handling, while visible joins make the method of construction easy to inspect. The particular balance of form, material and service duty distinguishes it from neighbouring catalogue entries.	Small	Standard	2107	20	linen	Era / Industrial Era;Era / Modern Era;Era / Nuclear Era;Era / Information Age Era	Wear_Shirt		portable		0			industrial_clothing	Authored Clothing, footwear and uniforms matrix: utility/shirt/workshop/linen; priced by industrial_clothing analogue.	false	
industrialised_clothing_footwear_uniforms_0589_utility_trousers	shared-industrialised	Clothing, footwear and uniforms	industrial;modern;nuclear;information	trousers	some utility wool trousers for workshop wear	These utility trousers are formed chiefly from wool and proportioned for workshop wear. Their working edges, contact points and load-bearing surfaces are finished for repeated handling, while visible joins make the method of construction easy to inspect. The particular balance of form, material and service duty distinguishes them from neighbouring catalogue entries.	Small	Standard	2144	50	wool	Era / Industrial Era;Era / Modern Era;Era / Nuclear Era;Era / Information Age Era	Wear_Trousers		portable		0			industrial_clothing	Authored Clothing, footwear and uniforms matrix: utility/trousers/workshop/wool; priced by industrial_clothing analogue.	false	
industrialised_clothing_footwear_uniforms_0590_utility_boots	shared-industrialised	Clothing, footwear and uniforms	industrial;modern;nuclear;information	boots	some utility leather boots for workshop wear	These utility boots are formed chiefly from leather and proportioned for workshop wear. Their working edges, contact points and load-bearing surfaces are finished for repeated handling, while visible joins make the method of construction easy to inspect. The particular balance of form, material and service duty distinguishes them from neighbouring catalogue entries.	Small	Standard	2181	100	leather	Era / Industrial Era;Era / Modern Era;Era / Nuclear Era;Era / Information Age Era	Wear_Boots		portable		0		industrialised_clothing_footwear_uniforms_0001_plain_rag	industrial_clothing	Authored Clothing, footwear and uniforms matrix: utility/boots/workshop/leather; priced by industrial_clothing analogue.	false	salvage
industrialised_clothing_footwear_uniforms_0591_utility_dress	shared-industrialised	Clothing, footwear and uniforms	industrial;modern;nuclear;information	dress	an utility cotton dress for workshop wear	This utility dress is formed chiefly from cotton and proportioned for workshop wear. Its working edges, contact points and load-bearing surfaces are finished for repeated handling, while visible joins make the method of construction easy to inspect. The particular balance of form, material and service duty distinguishes it from neighbouring catalogue entries.	Small	Standard	2218	200	cotton	Era / Industrial Era;Era / Modern Era;Era / Nuclear Era;Era / Information Age Era	Wear_Dress		portable		0			industrial_clothing	Authored Clothing, footwear and uniforms matrix: utility/dress/workshop/cotton; priced by industrial_clothing analogue.	false	
industrialised_clothing_footwear_uniforms_0592_utility_jacket	shared-industrialised	Clothing, footwear and uniforms	industrial;modern;nuclear;information	jacket	an utility linen jacket for workshop wear	This utility jacket is formed chiefly from linen and proportioned for workshop wear. Its working edges, contact points and load-bearing surfaces are finished for repeated handling, while visible joins make the method of construction easy to inspect. The particular balance of form, material and service duty distinguishes it from neighbouring catalogue entries.	Small	Standard	2255	500	linen	Era / Industrial Era;Era / Modern Era;Era / Nuclear Era;Era / Information Age Era	Wear_Jacket		portable		0			industrial_clothing	Authored Clothing, footwear and uniforms matrix: utility/jacket/workshop/linen; priced by industrial_clothing analogue.	false	
industrialised_clothing_footwear_uniforms_0593_utility_hat	shared-industrialised	Clothing, footwear and uniforms	industrial;modern;nuclear;information	hat	an utility wool hat for workshop wear	This utility hat is formed chiefly from wool and proportioned for workshop wear. Its working edges, contact points and load-bearing surfaces are finished for repeated handling, while visible joins make the method of construction easy to inspect. The particular balance of form, material and service duty distinguishes it from neighbouring catalogue entries.	Small	Standard	2292	1	wool	Era / Industrial Era;Era / Modern Era;Era / Nuclear Era;Era / Information Age Era	Wear_Hat		portable		0			industrial_clothing	Authored Clothing, footwear and uniforms matrix: utility/hat/workshop/wool; priced by industrial_clothing analogue.	false	
industrialised_clothing_footwear_uniforms_0594_utility_gloves	shared-industrialised	Clothing, footwear and uniforms	industrial;modern;nuclear;information	gloves	some utility leather gloves for workshop wear	These utility gloves are formed chiefly from leather and proportioned for workshop wear. Their working edges, contact points and load-bearing surfaces are finished for repeated handling, while visible joins make the method of construction easy to inspect. The particular balance of form, material and service duty distinguishes them from neighbouring catalogue entries.	Small	Standard	2329	2	leather	Era / Industrial Era;Era / Modern Era;Era / Nuclear Era;Era / Information Age Era	Wear_Gloves		portable		0			industrial_clothing	Authored Clothing, footwear and uniforms matrix: utility/gloves/workshop/leather; priced by industrial_clothing analogue.	false	
industrialised_clothing_footwear_uniforms_0595_utility_scarf	shared-industrialised	Clothing, footwear and uniforms	industrial;modern;nuclear;information	scarf	an utility cotton scarf for workshop wear	This utility scarf is formed chiefly from cotton and proportioned for workshop wear. Its working edges, contact points and load-bearing surfaces are finished for repeated handling, while visible joins make the method of construction easy to inspect. The particular balance of form, material and service duty distinguishes it from neighbouring catalogue entries.	Small	Standard	2366	5	cotton	Era / Industrial Era;Era / Modern Era;Era / Nuclear Era;Era / Information Age Era	Wear_Scarf		portable		0		industrialised_clothing_footwear_uniforms_0001_plain_rag	industrial_clothing	Authored Clothing, footwear and uniforms matrix: utility/scarf/workshop/cotton; priced by industrial_clothing analogue.	false	salvage
industrialised_clothing_footwear_uniforms_0596_utility_skirt	shared-industrialised	Clothing, footwear and uniforms	industrial;modern;nuclear;information	skirt	an utility linen skirt for workshop wear	This utility skirt is formed chiefly from linen and proportioned for workshop wear. Its working edges, contact points and load-bearing surfaces are finished for repeated handling, while visible joins make the method of construction easy to inspect. The particular balance of form, material and service duty distinguishes it from neighbouring catalogue entries.	Small	Standard	2403	10	linen	Era / Industrial Era;Era / Modern Era;Era / Nuclear Era;Era / Information Age Era	Wear_Skirt		portable		0			industrial_clothing	Authored Clothing, footwear and uniforms matrix: utility/skirt/workshop/linen; priced by industrial_clothing analogue.	false	
industrialised_clothing_footwear_uniforms_0597_utility_socks	shared-industrialised	Clothing, footwear and uniforms	industrial;modern;nuclear;information	socks	some utility wool socks for workshop wear	These utility socks are formed chiefly from wool and proportioned for workshop wear. Their working edges, contact points and load-bearing surfaces are finished for repeated handling, while visible joins make the method of construction easy to inspect. The particular balance of form, material and service duty distinguishes them from neighbouring catalogue entries.	Small	Standard	2440	20	wool	Era / Industrial Era;Era / Modern Era;Era / Nuclear Era;Era / Information Age Era	Wear_Socks		portable		0			industrial_clothing	Authored Clothing, footwear and uniforms matrix: utility/socks/workshop/wool; priced by industrial_clothing analogue.	false	
industrialised_clothing_footwear_uniforms_0598_utility_vest	shared-industrialised	Clothing, footwear and uniforms	industrial;modern;nuclear;information	vest	an utility leather vest for workshop wear	This utility vest is formed chiefly from leather and proportioned for workshop wear. Its working edges, contact points and load-bearing surfaces are finished for repeated handling, while visible joins make the method of construction easy to inspect. The particular balance of form, material and service duty distinguishes it from neighbouring catalogue entries.	Small	Standard	2477	50	leather	Era / Industrial Era;Era / Modern Era;Era / Nuclear Era;Era / Information Age Era	Wear_Vest		portable		0			industrial_clothing	Authored Clothing, footwear and uniforms matrix: utility/vest/workshop/leather; priced by industrial_clothing analogue.	false	
industrialised_clothing_footwear_uniforms_0599_utility_coat	shared-industrialised	Clothing, footwear and uniforms	industrial;modern;nuclear;information	coat	an utility cotton coat for workshop wear	This utility coat is formed chiefly from cotton and proportioned for workshop wear. Its working edges, contact points and load-bearing surfaces are finished for repeated handling, while visible joins make the method of construction easy to inspect. The particular balance of form, material and service duty distinguishes it from neighbouring catalogue entries.	Small	Standard	2514	100	cotton	Era / Industrial Era;Era / Modern Era;Era / Nuclear Era;Era / Information Age Era	Wear_Jacket		portable		0			industrial_clothing	Authored Clothing, footwear and uniforms matrix: utility/coat/workshop/cotton; priced by industrial_clothing analogue.	false	
industrialised_clothing_footwear_uniforms_0600_utility_smock	shared-industrialised	Clothing, footwear and uniforms	industrial;modern;nuclear;information	smock	an utility linen smock for workshop wear	This utility smock is formed chiefly from linen and proportioned for workshop wear. Its working edges, contact points and load-bearing surfaces are finished for repeated handling, while visible joins make the method of construction easy to inspect. The particular balance of form, material and service duty distinguishes it from neighbouring catalogue entries.	Small	Standard	2551	200	linen	Era / Industrial Era;Era / Modern Era;Era / Nuclear Era;Era / Information Age Era	Wear_Shirt		portable		0		industrialised_clothing_footwear_uniforms_0001_plain_rag	industrial_clothing	Authored Clothing, footwear and uniforms matrix: utility/smock/workshop/linen; priced by industrial_clothing analogue.	false	salvage
industrial_clothing_footwear_uniforms_0001_plain_rag	industrial	Clothing, footwear and uniforms	industrial	rag	a plain wool rag for field wear	This plain rag is formed chiefly from wool and proportioned for field wear. Its working edges, contact points and load-bearing surfaces are finished for repeated handling, while visible joins make the method of construction easy to inspect. The particular balance of form, material and service duty distinguishes it from neighbouring catalogue entries.	Small	Standard	188	5	wool	Era / Industrial Era	Wear_Apron		portable		0			industrial_clothing	Authored Clothing, footwear and uniforms matrix: plain/rag/field/wool; priced by industrial_clothing analogue.	true	
industrial_clothing_footwear_uniforms_0002_plain_apron	industrial	Clothing, footwear and uniforms	industrial	apron	a plain leather apron for field wear	This plain apron is formed chiefly from leather and proportioned for field wear. Its working edges, contact points and load-bearing surfaces are finished for repeated handling, while visible joins make the method of construction easy to inspect. The particular balance of form, material and service duty distinguishes it from neighbouring catalogue entries.	Small	Standard	225	10	leather	Era / Industrial Era	Wear_Apron		portable		0			industrial_clothing	Authored Clothing, footwear and uniforms matrix: plain/apron/field/leather; priced by industrial_clothing analogue.	true	
industrial_clothing_footwear_uniforms_0003_plain_shirt	industrial	Clothing, footwear and uniforms	industrial	shirt	a plain cotton shirt for field wear	This plain shirt is formed chiefly from cotton and proportioned for field wear. Its working edges, contact points and load-bearing surfaces are finished for repeated handling, while visible joins make the method of construction easy to inspect. The particular balance of form, material and service duty distinguishes it from neighbouring catalogue entries.	Small	Standard	262	20	cotton	Era / Industrial Era	Wear_Shirt		portable		0			industrial_clothing	Authored Clothing, footwear and uniforms matrix: plain/shirt/field/cotton; priced by industrial_clothing analogue.	true	
industrial_clothing_footwear_uniforms_0004_plain_trousers	industrial	Clothing, footwear and uniforms	industrial	trousers	some plain linen trousers for field wear	These plain trousers are formed chiefly from linen and proportioned for field wear. Their working edges, contact points and load-bearing surfaces are finished for repeated handling, while visible joins make the method of construction easy to inspect. The particular balance of form, material and service duty distinguishes them from neighbouring catalogue entries.	Small	Standard	299	50	linen	Era / Industrial Era	Wear_Trousers		portable		0			industrial_clothing	Authored Clothing, footwear and uniforms matrix: plain/trousers/field/linen; priced by industrial_clothing analogue.	true	
industrial_clothing_footwear_uniforms_0005_plain_boots	industrial	Clothing, footwear and uniforms	industrial	boots	some plain wool boots for field wear	These plain boots are formed chiefly from wool and proportioned for field wear. Their working edges, contact points and load-bearing surfaces are finished for repeated handling, while visible joins make the method of construction easy to inspect. The particular balance of form, material and service duty distinguishes them from neighbouring catalogue entries.	Small	Standard	336	100	wool	Era / Industrial Era	Wear_Boots		portable		0		industrial_clothing_footwear_uniforms_0001_plain_rag	industrial_clothing	Authored Clothing, footwear and uniforms matrix: plain/boots/field/wool; priced by industrial_clothing analogue.	true	salvage
industrial_clothing_footwear_uniforms_0006_plain_dress	industrial	Clothing, footwear and uniforms	industrial	dress	a plain leather dress for field wear	This plain dress is formed chiefly from leather and proportioned for field wear. Its working edges, contact points and load-bearing surfaces are finished for repeated handling, while visible joins make the method of construction easy to inspect. The particular balance of form, material and service duty distinguishes it from neighbouring catalogue entries.	Small	Standard	373	200	leather	Era / Industrial Era	Wear_Dress		portable		0			industrial_clothing	Authored Clothing, footwear and uniforms matrix: plain/dress/field/leather; priced by industrial_clothing analogue.	true	
industrial_clothing_footwear_uniforms_0007_plain_jacket	industrial	Clothing, footwear and uniforms	industrial	jacket	a plain cotton jacket for field wear	This plain jacket is formed chiefly from cotton and proportioned for field wear. Its working edges, contact points and load-bearing surfaces are finished for repeated handling, while visible joins make the method of construction easy to inspect. The particular balance of form, material and service duty distinguishes it from neighbouring catalogue entries.	Small	Standard	410	500	cotton	Era / Industrial Era	Wear_Jacket		portable		0			industrial_clothing	Authored Clothing, footwear and uniforms matrix: plain/jacket/field/cotton; priced by industrial_clothing analogue.	true	
industrial_clothing_footwear_uniforms_0008_plain_hat	industrial	Clothing, footwear and uniforms	industrial	hat	a plain linen hat for field wear	This plain hat is formed chiefly from linen and proportioned for field wear. Its working edges, contact points and load-bearing surfaces are finished for repeated handling, while visible joins make the method of construction easy to inspect. The particular balance of form, material and service duty distinguishes it from neighbouring catalogue entries.	Small	Standard	447	1	linen	Era / Industrial Era	Wear_Hat		portable		0			industrial_clothing	Authored Clothing, footwear and uniforms matrix: plain/hat/field/linen; priced by industrial_clothing analogue.	true	
industrial_clothing_footwear_uniforms_0009_plain_gloves	industrial	Clothing, footwear and uniforms	industrial	gloves	some plain wool gloves for field wear	These plain gloves are formed chiefly from wool and proportioned for field wear. Their working edges, contact points and load-bearing surfaces are finished for repeated handling, while visible joins make the method of construction easy to inspect. The particular balance of form, material and service duty distinguishes them from neighbouring catalogue entries.	Small	Standard	484	2	wool	Era / Industrial Era	Wear_Gloves		portable		0			industrial_clothing	Authored Clothing, footwear and uniforms matrix: plain/gloves/field/wool; priced by industrial_clothing analogue.	true	
industrial_clothing_footwear_uniforms_0010_plain_scarf	industrial	Clothing, footwear and uniforms	industrial	scarf	a plain leather scarf for field wear	This plain scarf is formed chiefly from leather and proportioned for field wear. Its working edges, contact points and load-bearing surfaces are finished for repeated handling, while visible joins make the method of construction easy to inspect. The particular balance of form, material and service duty distinguishes it from neighbouring catalogue entries.	Small	Standard	521	5	leather	Era / Industrial Era	Wear_Scarf		portable		0		industrial_clothing_footwear_uniforms_0001_plain_rag	industrial_clothing	Authored Clothing, footwear and uniforms matrix: plain/scarf/field/leather; priced by industrial_clothing analogue.	true	salvage
industrial_clothing_footwear_uniforms_0011_plain_skirt	industrial	Clothing, footwear and uniforms	industrial	skirt	a plain cotton skirt for field wear	This plain skirt is formed chiefly from cotton and proportioned for field wear. Its working edges, contact points and load-bearing surfaces are finished for repeated handling, while visible joins make the method of construction easy to inspect. The particular balance of form, material and service duty distinguishes it from neighbouring catalogue entries.	Small	Standard	558	10	cotton	Era / Industrial Era	Wear_Skirt		portable		0			industrial_clothing	Authored Clothing, footwear and uniforms matrix: plain/skirt/field/cotton; priced by industrial_clothing analogue.	true	
industrial_clothing_footwear_uniforms_0012_plain_socks	industrial	Clothing, footwear and uniforms	industrial	socks	some plain linen socks for field wear	These plain socks are formed chiefly from linen and proportioned for field wear. Their working edges, contact points and load-bearing surfaces are finished for repeated handling, while visible joins make the method of construction easy to inspect. The particular balance of form, material and service duty distinguishes them from neighbouring catalogue entries.	Small	Standard	595	20	linen	Era / Industrial Era	Wear_Socks		portable		0			industrial_clothing	Authored Clothing, footwear and uniforms matrix: plain/socks/field/linen; priced by industrial_clothing analogue.	true	
industrial_clothing_footwear_uniforms_0013_plain_vest	industrial	Clothing, footwear and uniforms	industrial	vest	a plain wool vest for field wear	This plain vest is formed chiefly from wool and proportioned for field wear. Its working edges, contact points and load-bearing surfaces are finished for repeated handling, while visible joins make the method of construction easy to inspect. The particular balance of form, material and service duty distinguishes it from neighbouring catalogue entries.	Small	Standard	632	50	wool	Era / Industrial Era	Wear_Vest		portable		0			industrial_clothing	Authored Clothing, footwear and uniforms matrix: plain/vest/field/wool; priced by industrial_clothing analogue.	true	
industrial_clothing_footwear_uniforms_0014_plain_coat	industrial	Clothing, footwear and uniforms	industrial	coat	a plain leather coat for field wear	This plain coat is formed chiefly from leather and proportioned for field wear. Its working edges, contact points and load-bearing surfaces are finished for repeated handling, while visible joins make the method of construction easy to inspect. The particular balance of form, material and service duty distinguishes it from neighbouring catalogue entries.	Small	Standard	669	100	leather	Era / Industrial Era	Wear_Jacket		portable		0			industrial_clothing	Authored Clothing, footwear and uniforms matrix: plain/coat/field/leather; priced by industrial_clothing analogue.	true	
industrial_clothing_footwear_uniforms_0015_plain_smock	industrial	Clothing, footwear and uniforms	industrial	smock	a plain cotton smock for field wear	This plain smock is formed chiefly from cotton and proportioned for field wear. Its working edges, contact points and load-bearing surfaces are finished for repeated handling, while visible joins make the method of construction easy to inspect. The particular balance of form, material and service duty distinguishes it from neighbouring catalogue entries.	Small	Standard	706	200	cotton	Era / Industrial Era	Wear_Shirt		portable		0		industrial_clothing_footwear_uniforms_0001_plain_rag	industrial_clothing	Authored Clothing, footwear and uniforms matrix: plain/smock/field/cotton; priced by industrial_clothing analogue.	true	salvage
industrial_clothing_footwear_uniforms_0016_reinforced_rag	industrial	Clothing, footwear and uniforms	industrial	rag	a reinforced linen rag for field wear	This reinforced rag is formed chiefly from linen and proportioned for field wear. Its working edges, contact points and load-bearing surfaces are finished for repeated handling, while visible joins make the method of construction easy to inspect. The particular balance of form, material and service duty distinguishes it from neighbouring catalogue entries.	Small	Standard	743	500	linen	Era / Industrial Era	Wear_Apron		portable		0			industrial_clothing	Authored Clothing, footwear and uniforms matrix: reinforced/rag/field/linen; priced by industrial_clothing analogue.	true	
industrial_clothing_footwear_uniforms_0017_reinforced_apron	industrial	Clothing, footwear and uniforms	industrial	apron	a reinforced wool apron for field wear	This reinforced apron is formed chiefly from wool and proportioned for field wear. Its working edges, contact points and load-bearing surfaces are finished for repeated handling, while visible joins make the method of construction easy to inspect. The particular balance of form, material and service duty distinguishes it from neighbouring catalogue entries.	Small	Standard	780	1	wool	Era / Industrial Era	Wear_Apron		portable		0			industrial_clothing	Authored Clothing, footwear and uniforms matrix: reinforced/apron/field/wool; priced by industrial_clothing analogue.	true	
industrial_clothing_footwear_uniforms_0018_reinforced_shirt	industrial	Clothing, footwear and uniforms	industrial	shirt	a reinforced leather shirt for field wear	This reinforced shirt is formed chiefly from leather and proportioned for field wear. Its working edges, contact points and load-bearing surfaces are finished for repeated handling, while visible joins make the method of construction easy to inspect. The particular balance of form, material and service duty distinguishes it from neighbouring catalogue entries.	Small	Standard	817	2	leather	Era / Industrial Era	Wear_Shirt		portable		0			industrial_clothing	Authored Clothing, footwear and uniforms matrix: reinforced/shirt/field/leather; priced by industrial_clothing analogue.	true	
industrial_clothing_footwear_uniforms_0019_reinforced_trousers	industrial	Clothing, footwear and uniforms	industrial	trousers	some reinforced cotton trousers for field wear	These reinforced trousers are formed chiefly from cotton and proportioned for field wear. Their working edges, contact points and load-bearing surfaces are finished for repeated handling, while visible joins make the method of construction easy to inspect. The particular balance of form, material and service duty distinguishes them from neighbouring catalogue entries.	Small	Standard	854	5	cotton	Era / Industrial Era	Wear_Trousers		portable		0			industrial_clothing	Authored Clothing, footwear and uniforms matrix: reinforced/trousers/field/cotton; priced by industrial_clothing analogue.	true	
industrial_clothing_footwear_uniforms_0020_reinforced_boots	industrial	Clothing, footwear and uniforms	industrial	boots	some reinforced linen boots for field wear	These reinforced boots are formed chiefly from linen and proportioned for field wear. Their working edges, contact points and load-bearing surfaces are finished for repeated handling, while visible joins make the method of construction easy to inspect. The particular balance of form, material and service duty distinguishes them from neighbouring catalogue entries.	Small	Standard	891	10	linen	Era / Industrial Era	Wear_Boots		portable		0		industrial_clothing_footwear_uniforms_0001_plain_rag	industrial_clothing	Authored Clothing, footwear and uniforms matrix: reinforced/boots/field/linen; priced by industrial_clothing analogue.	true	salvage
industrial_clothing_footwear_uniforms_0021_reinforced_dress	industrial	Clothing, footwear and uniforms	industrial	dress	a reinforced wool dress for field wear	This reinforced dress is formed chiefly from wool and proportioned for field wear. Its working edges, contact points and load-bearing surfaces are finished for repeated handling, while visible joins make the method of construction easy to inspect. The particular balance of form, material and service duty distinguishes it from neighbouring catalogue entries.	Small	Standard	928	20	wool	Era / Industrial Era	Wear_Dress		portable		0			industrial_clothing	Authored Clothing, footwear and uniforms matrix: reinforced/dress/field/wool; priced by industrial_clothing analogue.	true	
industrial_clothing_footwear_uniforms_0022_reinforced_jacket	industrial	Clothing, footwear and uniforms	industrial	jacket	a reinforced leather jacket for field wear	This reinforced jacket is formed chiefly from leather and proportioned for field wear. Its working edges, contact points and load-bearing surfaces are finished for repeated handling, while visible joins make the method of construction easy to inspect. The particular balance of form, material and service duty distinguishes it from neighbouring catalogue entries.	Small	Standard	965	50	leather	Era / Industrial Era	Wear_Jacket		portable		0			industrial_clothing	Authored Clothing, footwear and uniforms matrix: reinforced/jacket/field/leather; priced by industrial_clothing analogue.	true	
industrial_clothing_footwear_uniforms_0023_reinforced_hat	industrial	Clothing, footwear and uniforms	industrial	hat	a reinforced cotton hat for field wear	This reinforced hat is formed chiefly from cotton and proportioned for field wear. Its working edges, contact points and load-bearing surfaces are finished for repeated handling, while visible joins make the method of construction easy to inspect. The particular balance of form, material and service duty distinguishes it from neighbouring catalogue entries.	Small	Standard	1002	100	cotton	Era / Industrial Era	Wear_Hat		portable		0			industrial_clothing	Authored Clothing, footwear and uniforms matrix: reinforced/hat/field/cotton; priced by industrial_clothing analogue.	true	
industrial_clothing_footwear_uniforms_0024_reinforced_gloves	industrial	Clothing, footwear and uniforms	industrial	gloves	some reinforced linen gloves for field wear	These reinforced gloves are formed chiefly from linen and proportioned for field wear. Their working edges, contact points and load-bearing surfaces are finished for repeated handling, while visible joins make the method of construction easy to inspect. The particular balance of form, material and service duty distinguishes them from neighbouring catalogue entries.	Small	Standard	1039	200	linen	Era / Industrial Era	Wear_Gloves		portable		0			industrial_clothing	Authored Clothing, footwear and uniforms matrix: reinforced/gloves/field/linen; priced by industrial_clothing analogue.	true	
industrial_clothing_footwear_uniforms_0025_reinforced_scarf	industrial	Clothing, footwear and uniforms	industrial	scarf	a reinforced wool scarf for field wear	This reinforced scarf is formed chiefly from wool and proportioned for field wear. Its working edges, contact points and load-bearing surfaces are finished for repeated handling, while visible joins make the method of construction easy to inspect. The particular balance of form, material and service duty distinguishes it from neighbouring catalogue entries.	Small	Standard	1076	500	wool	Era / Industrial Era	Wear_Scarf		portable		0		industrial_clothing_footwear_uniforms_0001_plain_rag	industrial_clothing	Authored Clothing, footwear and uniforms matrix: reinforced/scarf/field/wool; priced by industrial_clothing analogue.	true	salvage
industrial_clothing_footwear_uniforms_0026_reinforced_skirt	industrial	Clothing, footwear and uniforms	industrial	skirt	a reinforced leather skirt for field wear	This reinforced skirt is formed chiefly from leather and proportioned for field wear. Its working edges, contact points and load-bearing surfaces are finished for repeated handling, while visible joins make the method of construction easy to inspect. The particular balance of form, material and service duty distinguishes it from neighbouring catalogue entries.	Small	Standard	1113	1	leather	Era / Industrial Era	Wear_Skirt		portable		0			industrial_clothing	Authored Clothing, footwear and uniforms matrix: reinforced/skirt/field/leather; priced by industrial_clothing analogue.	true	
industrial_clothing_footwear_uniforms_0027_reinforced_socks	industrial	Clothing, footwear and uniforms	industrial	socks	some reinforced cotton socks for field wear	These reinforced socks are formed chiefly from cotton and proportioned for field wear. Their working edges, contact points and load-bearing surfaces are finished for repeated handling, while visible joins make the method of construction easy to inspect. The particular balance of form, material and service duty distinguishes them from neighbouring catalogue entries.	Small	Standard	1150	2	cotton	Era / Industrial Era	Wear_Socks		portable		0			industrial_clothing	Authored Clothing, footwear and uniforms matrix: reinforced/socks/field/cotton; priced by industrial_clothing analogue.	false	
industrial_clothing_footwear_uniforms_0028_reinforced_vest	industrial	Clothing, footwear and uniforms	industrial	vest	a reinforced linen vest for field wear	This reinforced vest is formed chiefly from linen and proportioned for field wear. Its working edges, contact points and load-bearing surfaces are finished for repeated handling, while visible joins make the method of construction easy to inspect. The particular balance of form, material and service duty distinguishes it from neighbouring catalogue entries.	Small	Standard	1187	5	linen	Era / Industrial Era	Wear_Vest		portable		0			industrial_clothing	Authored Clothing, footwear and uniforms matrix: reinforced/vest/field/linen; priced by industrial_clothing analogue.	false	
industrial_clothing_footwear_uniforms_0029_reinforced_coat	industrial	Clothing, footwear and uniforms	industrial	coat	a reinforced wool coat for field wear	This reinforced coat is formed chiefly from wool and proportioned for field wear. Its working edges, contact points and load-bearing surfaces are finished for repeated handling, while visible joins make the method of construction easy to inspect. The particular balance of form, material and service duty distinguishes it from neighbouring catalogue entries.	Small	Standard	1224	10	wool	Era / Industrial Era	Wear_Jacket		portable		0			industrial_clothing	Authored Clothing, footwear and uniforms matrix: reinforced/coat/field/wool; priced by industrial_clothing analogue.	false	
industrial_clothing_footwear_uniforms_0030_reinforced_smock	industrial	Clothing, footwear and uniforms	industrial	smock	a reinforced leather smock for field wear	This reinforced smock is formed chiefly from leather and proportioned for field wear. Its working edges, contact points and load-bearing surfaces are finished for repeated handling, while visible joins make the method of construction easy to inspect. The particular balance of form, material and service duty distinguishes it from neighbouring catalogue entries.	Small	Standard	1261	20	leather	Era / Industrial Era	Wear_Shirt		portable		0		industrial_clothing_footwear_uniforms_0001_plain_rag	industrial_clothing	Authored Clothing, footwear and uniforms matrix: reinforced/smock/field/leather; priced by industrial_clothing analogue.	false	salvage
industrial_clothing_footwear_uniforms_0031_compact_rag	industrial	Clothing, footwear and uniforms	industrial	rag	a compact cotton rag for field wear	This compact rag is formed chiefly from cotton and proportioned for field wear. Its working edges, contact points and load-bearing surfaces are finished for repeated handling, while visible joins make the method of construction easy to inspect. The particular balance of form, material and service duty distinguishes it from neighbouring catalogue entries.	Small	Standard	1298	50	cotton	Era / Industrial Era	Wear_Apron		portable		0			industrial_clothing	Authored Clothing, footwear and uniforms matrix: compact/rag/field/cotton; priced by industrial_clothing analogue.	false	
industrial_clothing_footwear_uniforms_0032_compact_apron	industrial	Clothing, footwear and uniforms	industrial	apron	a compact linen apron for field wear	This compact apron is formed chiefly from linen and proportioned for field wear. Its working edges, contact points and load-bearing surfaces are finished for repeated handling, while visible joins make the method of construction easy to inspect. The particular balance of form, material and service duty distinguishes it from neighbouring catalogue entries.	Small	Standard	1335	100	linen	Era / Industrial Era	Wear_Apron		portable		0			industrial_clothing	Authored Clothing, footwear and uniforms matrix: compact/apron/field/linen; priced by industrial_clothing analogue.	false	
industrial_clothing_footwear_uniforms_0033_compact_shirt	industrial	Clothing, footwear and uniforms	industrial	shirt	a compact wool shirt for field wear	This compact shirt is formed chiefly from wool and proportioned for field wear. Its working edges, contact points and load-bearing surfaces are finished for repeated handling, while visible joins make the method of construction easy to inspect. The particular balance of form, material and service duty distinguishes it from neighbouring catalogue entries.	Small	Standard	1372	200	wool	Era / Industrial Era	Wear_Shirt		portable		0			industrial_clothing	Authored Clothing, footwear and uniforms matrix: compact/shirt/field/wool; priced by industrial_clothing analogue.	false	
industrial_clothing_footwear_uniforms_0034_compact_trousers	industrial	Clothing, footwear and uniforms	industrial	trousers	some compact leather trousers for field wear	These compact trousers are formed chiefly from leather and proportioned for field wear. Their working edges, contact points and load-bearing surfaces are finished for repeated handling, while visible joins make the method of construction easy to inspect. The particular balance of form, material and service duty distinguishes them from neighbouring catalogue entries.	Small	Standard	1409	500	leather	Era / Industrial Era	Wear_Trousers		portable		0			industrial_clothing	Authored Clothing, footwear and uniforms matrix: compact/trousers/field/leather; priced by industrial_clothing analogue.	false	
industrial_clothing_footwear_uniforms_0035_compact_boots	industrial	Clothing, footwear and uniforms	industrial	boots	some compact cotton boots for field wear	These compact boots are formed chiefly from cotton and proportioned for field wear. Their working edges, contact points and load-bearing surfaces are finished for repeated handling, while visible joins make the method of construction easy to inspect. The particular balance of form, material and service duty distinguishes them from neighbouring catalogue entries.	Small	Standard	1446	1	cotton	Era / Industrial Era	Wear_Boots		portable		0		industrial_clothing_footwear_uniforms_0001_plain_rag	industrial_clothing	Authored Clothing, footwear and uniforms matrix: compact/boots/field/cotton; priced by industrial_clothing analogue.	false	salvage
industrial_clothing_footwear_uniforms_0036_compact_dress	industrial	Clothing, footwear and uniforms	industrial	dress	a compact linen dress for field wear	This compact dress is formed chiefly from linen and proportioned for field wear. Its working edges, contact points and load-bearing surfaces are finished for repeated handling, while visible joins make the method of construction easy to inspect. The particular balance of form, material and service duty distinguishes it from neighbouring catalogue entries.	Small	Standard	1483	2	linen	Era / Industrial Era	Wear_Dress		portable		0			industrial_clothing	Authored Clothing, footwear and uniforms matrix: compact/dress/field/linen; priced by industrial_clothing analogue.	false	
industrial_clothing_footwear_uniforms_0037_compact_jacket	industrial	Clothing, footwear and uniforms	industrial	jacket	a compact wool jacket for field wear	This compact jacket is formed chiefly from wool and proportioned for field wear. Its working edges, contact points and load-bearing surfaces are finished for repeated handling, while visible joins make the method of construction easy to inspect. The particular balance of form, material and service duty distinguishes it from neighbouring catalogue entries.	Small	Standard	1520	5	wool	Era / Industrial Era	Wear_Jacket		portable		0			industrial_clothing	Authored Clothing, footwear and uniforms matrix: compact/jacket/field/wool; priced by industrial_clothing analogue.	false	
industrial_clothing_footwear_uniforms_0038_compact_hat	industrial	Clothing, footwear and uniforms	industrial	hat	a compact leather hat for field wear	This compact hat is formed chiefly from leather and proportioned for field wear. Its working edges, contact points and load-bearing surfaces are finished for repeated handling, while visible joins make the method of construction easy to inspect. The particular balance of form, material and service duty distinguishes it from neighbouring catalogue entries.	Small	Standard	1557	10	leather	Era / Industrial Era	Wear_Hat		portable		0			industrial_clothing	Authored Clothing, footwear and uniforms matrix: compact/hat/field/leather; priced by industrial_clothing analogue.	false	
industrial_clothing_footwear_uniforms_0039_compact_gloves	industrial	Clothing, footwear and uniforms	industrial	gloves	some compact cotton gloves for field wear	These compact gloves are formed chiefly from cotton and proportioned for field wear. Their working edges, contact points and load-bearing surfaces are finished for repeated handling, while visible joins make the method of construction easy to inspect. The particular balance of form, material and service duty distinguishes them from neighbouring catalogue entries.	Small	Standard	1594	20	cotton	Era / Industrial Era	Wear_Gloves		portable		0			industrial_clothing	Authored Clothing, footwear and uniforms matrix: compact/gloves/field/cotton; priced by industrial_clothing analogue.	false	
industrial_clothing_footwear_uniforms_0040_compact_scarf	industrial	Clothing, footwear and uniforms	industrial	scarf	a compact linen scarf for field wear	This compact scarf is formed chiefly from linen and proportioned for field wear. Its working edges, contact points and load-bearing surfaces are finished for repeated handling, while visible joins make the method of construction easy to inspect. The particular balance of form, material and service duty distinguishes it from neighbouring catalogue entries.	Small	Standard	1631	50	linen	Era / Industrial Era	Wear_Scarf		portable		0		industrial_clothing_footwear_uniforms_0001_plain_rag	industrial_clothing	Authored Clothing, footwear and uniforms matrix: compact/scarf/field/linen; priced by industrial_clothing analogue.	false	salvage
industrial_clothing_footwear_uniforms_0041_compact_skirt	industrial	Clothing, footwear and uniforms	industrial	skirt	a compact wool skirt for field wear	This compact skirt is formed chiefly from wool and proportioned for field wear. Its working edges, contact points and load-bearing surfaces are finished for repeated handling, while visible joins make the method of construction easy to inspect. The particular balance of form, material and service duty distinguishes it from neighbouring catalogue entries.	Small	Standard	1668	100	wool	Era / Industrial Era	Wear_Skirt		portable		0			industrial_clothing	Authored Clothing, footwear and uniforms matrix: compact/skirt/field/wool; priced by industrial_clothing analogue.	false	
industrial_clothing_footwear_uniforms_0042_compact_socks	industrial	Clothing, footwear and uniforms	industrial	socks	some compact leather socks for field wear	These compact socks are formed chiefly from leather and proportioned for field wear. Their working edges, contact points and load-bearing surfaces are finished for repeated handling, while visible joins make the method of construction easy to inspect. The particular balance of form, material and service duty distinguishes them from neighbouring catalogue entries.	Small	Standard	1705	200	leather	Era / Industrial Era	Wear_Socks		portable		0			industrial_clothing	Authored Clothing, footwear and uniforms matrix: compact/socks/field/leather; priced by industrial_clothing analogue.	false	
industrial_clothing_footwear_uniforms_0043_compact_vest	industrial	Clothing, footwear and uniforms	industrial	vest	a compact cotton vest for field wear	This compact vest is formed chiefly from cotton and proportioned for field wear. Its working edges, contact points and load-bearing surfaces are finished for repeated handling, while visible joins make the method of construction easy to inspect. The particular balance of form, material and service duty distinguishes it from neighbouring catalogue entries.	Small	Standard	1742	500	cotton	Era / Industrial Era	Wear_Vest		portable		0			industrial_clothing	Authored Clothing, footwear and uniforms matrix: compact/vest/field/cotton; priced by industrial_clothing analogue.	false	
industrial_clothing_footwear_uniforms_0044_compact_coat	industrial	Clothing, footwear and uniforms	industrial	coat	a compact linen coat for field wear	This compact coat is formed chiefly from linen and proportioned for field wear. Its working edges, contact points and load-bearing surfaces are finished for repeated handling, while visible joins make the method of construction easy to inspect. The particular balance of form, material and service duty distinguishes it from neighbouring catalogue entries.	Small	Standard	1779	1	linen	Era / Industrial Era	Wear_Jacket		portable		0			industrial_clothing	Authored Clothing, footwear and uniforms matrix: compact/coat/field/linen; priced by industrial_clothing analogue.	false	
industrial_clothing_footwear_uniforms_0045_compact_smock	industrial	Clothing, footwear and uniforms	industrial	smock	a compact wool smock for field wear	This compact smock is formed chiefly from wool and proportioned for field wear. Its working edges, contact points and load-bearing surfaces are finished for repeated handling, while visible joins make the method of construction easy to inspect. The particular balance of form, material and service duty distinguishes it from neighbouring catalogue entries.	Small	Standard	1816	2	wool	Era / Industrial Era	Wear_Shirt		portable		0		industrial_clothing_footwear_uniforms_0001_plain_rag	industrial_clothing	Authored Clothing, footwear and uniforms matrix: compact/smock/field/wool; priced by industrial_clothing analogue.	false	salvage
industrial_clothing_footwear_uniforms_0046_heavy_duty_rag	industrial	Clothing, footwear and uniforms	industrial	rag	a heavy-duty leather rag for field wear	This heavy-duty rag is formed chiefly from leather and proportioned for field wear. Its working edges, contact points and load-bearing surfaces are finished for repeated handling, while visible joins make the method of construction easy to inspect. The particular balance of form, material and service duty distinguishes it from neighbouring catalogue entries.	Small	Standard	1853	5	leather	Era / Industrial Era	Wear_Apron		portable		0			industrial_clothing	Authored Clothing, footwear and uniforms matrix: heavy-duty/rag/field/leather; priced by industrial_clothing analogue.	false	
industrial_clothing_footwear_uniforms_0047_heavy_duty_apron	industrial	Clothing, footwear and uniforms	industrial	apron	a heavy-duty cotton apron for field wear	This heavy-duty apron is formed chiefly from cotton and proportioned for field wear. Its working edges, contact points and load-bearing surfaces are finished for repeated handling, while visible joins make the method of construction easy to inspect. The particular balance of form, material and service duty distinguishes it from neighbouring catalogue entries.	Small	Standard	1890	10	cotton	Era / Industrial Era	Wear_Apron		portable		0			industrial_clothing	Authored Clothing, footwear and uniforms matrix: heavy-duty/apron/field/cotton; priced by industrial_clothing analogue.	false	
industrial_clothing_footwear_uniforms_0048_heavy_duty_shirt	industrial	Clothing, footwear and uniforms	industrial	shirt	a heavy-duty linen shirt for field wear	This heavy-duty shirt is formed chiefly from linen and proportioned for field wear. Its working edges, contact points and load-bearing surfaces are finished for repeated handling, while visible joins make the method of construction easy to inspect. The particular balance of form, material and service duty distinguishes it from neighbouring catalogue entries.	Small	Standard	1927	20	linen	Era / Industrial Era	Wear_Shirt		portable		0			industrial_clothing	Authored Clothing, footwear and uniforms matrix: heavy-duty/shirt/field/linen; priced by industrial_clothing analogue.	false	
industrial_clothing_footwear_uniforms_0049_heavy_duty_trousers	industrial	Clothing, footwear and uniforms	industrial	trousers	some heavy-duty wool trousers for field wear	These heavy-duty trousers are formed chiefly from wool and proportioned for field wear. Their working edges, contact points and load-bearing surfaces are finished for repeated handling, while visible joins make the method of construction easy to inspect. The particular balance of form, material and service duty distinguishes them from neighbouring catalogue entries.	Small	Standard	1964	50	wool	Era / Industrial Era	Wear_Trousers		portable		0			industrial_clothing	Authored Clothing, footwear and uniforms matrix: heavy-duty/trousers/field/wool; priced by industrial_clothing analogue.	false	
industrial_clothing_footwear_uniforms_0050_heavy_duty_boots	industrial	Clothing, footwear and uniforms	industrial	boots	some heavy-duty leather boots for field wear	These heavy-duty boots are formed chiefly from leather and proportioned for field wear. Their working edges, contact points and load-bearing surfaces are finished for repeated handling, while visible joins make the method of construction easy to inspect. The particular balance of form, material and service duty distinguishes them from neighbouring catalogue entries.	Small	Standard	2001	100	leather	Era / Industrial Era	Wear_Boots		portable		0		industrial_clothing_footwear_uniforms_0001_plain_rag	industrial_clothing	Authored Clothing, footwear and uniforms matrix: heavy-duty/boots/field/leather; priced by industrial_clothing analogue.	false	salvage
industrial_clothing_footwear_uniforms_0051_heavy_duty_dress	industrial	Clothing, footwear and uniforms	industrial	dress	a heavy-duty cotton dress for field wear	This heavy-duty dress is formed chiefly from cotton and proportioned for field wear. Its working edges, contact points and load-bearing surfaces are finished for repeated handling, while visible joins make the method of construction easy to inspect. The particular balance of form, material and service duty distinguishes it from neighbouring catalogue entries.	Small	Standard	2038	200	cotton	Era / Industrial Era	Wear_Dress		portable		0			industrial_clothing	Authored Clothing, footwear and uniforms matrix: heavy-duty/dress/field/cotton; priced by industrial_clothing analogue.	false	
industrial_clothing_footwear_uniforms_0052_heavy_duty_jacket	industrial	Clothing, footwear and uniforms	industrial	jacket	a heavy-duty linen jacket for field wear	This heavy-duty jacket is formed chiefly from linen and proportioned for field wear. Its working edges, contact points and load-bearing surfaces are finished for repeated handling, while visible joins make the method of construction easy to inspect. The particular balance of form, material and service duty distinguishes it from neighbouring catalogue entries.	Small	Standard	2075	500	linen	Era / Industrial Era	Wear_Jacket		portable		0			industrial_clothing	Authored Clothing, footwear and uniforms matrix: heavy-duty/jacket/field/linen; priced by industrial_clothing analogue.	false	
industrial_clothing_footwear_uniforms_0053_heavy_duty_hat	industrial	Clothing, footwear and uniforms	industrial	hat	a heavy-duty wool hat for field wear	This heavy-duty hat is formed chiefly from wool and proportioned for field wear. Its working edges, contact points and load-bearing surfaces are finished for repeated handling, while visible joins make the method of construction easy to inspect. The particular balance of form, material and service duty distinguishes it from neighbouring catalogue entries.	Small	Standard	2112	1	wool	Era / Industrial Era	Wear_Hat		portable		0			industrial_clothing	Authored Clothing, footwear and uniforms matrix: heavy-duty/hat/field/wool; priced by industrial_clothing analogue.	false	
industrial_clothing_footwear_uniforms_0054_heavy_duty_gloves	industrial	Clothing, footwear and uniforms	industrial	gloves	some heavy-duty leather gloves for field wear	These heavy-duty gloves are formed chiefly from leather and proportioned for field wear. Their working edges, contact points and load-bearing surfaces are finished for repeated handling, while visible joins make the method of construction easy to inspect. The particular balance of form, material and service duty distinguishes them from neighbouring catalogue entries.	Small	Standard	2149	2	leather	Era / Industrial Era	Wear_Gloves		portable		0			industrial_clothing	Authored Clothing, footwear and uniforms matrix: heavy-duty/gloves/field/leather; priced by industrial_clothing analogue.	false	
industrial_clothing_footwear_uniforms_0055_heavy_duty_scarf	industrial	Clothing, footwear and uniforms	industrial	scarf	a heavy-duty cotton scarf for field wear	This heavy-duty scarf is formed chiefly from cotton and proportioned for field wear. Its working edges, contact points and load-bearing surfaces are finished for repeated handling, while visible joins make the method of construction easy to inspect. The particular balance of form, material and service duty distinguishes it from neighbouring catalogue entries.	Small	Standard	2186	5	cotton	Era / Industrial Era	Wear_Scarf		portable		0		industrial_clothing_footwear_uniforms_0001_plain_rag	industrial_clothing	Authored Clothing, footwear and uniforms matrix: heavy-duty/scarf/field/cotton; priced by industrial_clothing analogue.	false	salvage
industrial_clothing_footwear_uniforms_0056_heavy_duty_skirt	industrial	Clothing, footwear and uniforms	industrial	skirt	a heavy-duty linen skirt for field wear	This heavy-duty skirt is formed chiefly from linen and proportioned for field wear. Its working edges, contact points and load-bearing surfaces are finished for repeated handling, while visible joins make the method of construction easy to inspect. The particular balance of form, material and service duty distinguishes it from neighbouring catalogue entries.	Small	Standard	2223	10	linen	Era / Industrial Era	Wear_Skirt		portable		0			industrial_clothing	Authored Clothing, footwear and uniforms matrix: heavy-duty/skirt/field/linen; priced by industrial_clothing analogue.	false	
industrial_clothing_footwear_uniforms_0057_heavy_duty_socks	industrial	Clothing, footwear and uniforms	industrial	socks	some heavy-duty wool socks for field wear	These heavy-duty socks are formed chiefly from wool and proportioned for field wear. Their working edges, contact points and load-bearing surfaces are finished for repeated handling, while visible joins make the method of construction easy to inspect. The particular balance of form, material and service duty distinguishes them from neighbouring catalogue entries.	Small	Standard	2260	20	wool	Era / Industrial Era	Wear_Socks		portable		0			industrial_clothing	Authored Clothing, footwear and uniforms matrix: heavy-duty/socks/field/wool; priced by industrial_clothing analogue.	false	
industrial_clothing_footwear_uniforms_0058_heavy_duty_vest	industrial	Clothing, footwear and uniforms	industrial	vest	a heavy-duty leather vest for field wear	This heavy-duty vest is formed chiefly from leather and proportioned for field wear. Its working edges, contact points and load-bearing surfaces are finished for repeated handling, while visible joins make the method of construction easy to inspect. The particular balance of form, material and service duty distinguishes it from neighbouring catalogue entries.	Small	Standard	2297	50	leather	Era / Industrial Era	Wear_Vest		portable		0			industrial_clothing	Authored Clothing, footwear and uniforms matrix: heavy-duty/vest/field/leather; priced by industrial_clothing analogue.	false	
industrial_clothing_footwear_uniforms_0059_heavy_duty_coat	industrial	Clothing, footwear and uniforms	industrial	coat	a heavy-duty cotton coat for field wear	This heavy-duty coat is formed chiefly from cotton and proportioned for field wear. Its working edges, contact points and load-bearing surfaces are finished for repeated handling, while visible joins make the method of construction easy to inspect. The particular balance of form, material and service duty distinguishes it from neighbouring catalogue entries.	Small	Standard	2334	100	cotton	Era / Industrial Era	Wear_Jacket		portable		0			industrial_clothing	Authored Clothing, footwear and uniforms matrix: heavy-duty/coat/field/cotton; priced by industrial_clothing analogue.	false	
industrial_clothing_footwear_uniforms_0060_heavy_duty_smock	industrial	Clothing, footwear and uniforms	industrial	smock	a heavy-duty linen smock for field wear	This heavy-duty smock is formed chiefly from linen and proportioned for field wear. Its working edges, contact points and load-bearing surfaces are finished for repeated handling, while visible joins make the method of construction easy to inspect. The particular balance of form, material and service duty distinguishes it from neighbouring catalogue entries.	Small	Standard	2371	200	linen	Era / Industrial Era	Wear_Shirt		portable		0		industrial_clothing_footwear_uniforms_0001_plain_rag	industrial_clothing	Authored Clothing, footwear and uniforms matrix: heavy-duty/smock/field/linen; priced by industrial_clothing analogue.	false	salvage
industrial_clothing_footwear_uniforms_0061_folding_rag	industrial	Clothing, footwear and uniforms	industrial	rag	a folding wool rag for field wear	This folding rag is formed chiefly from wool and proportioned for field wear. Its working edges, contact points and load-bearing surfaces are finished for repeated handling, while visible joins make the method of construction easy to inspect. The particular balance of form, material and service duty distinguishes it from neighbouring catalogue entries.	Small	Standard	2408	500	wool	Era / Industrial Era	Wear_Apron		portable		0			industrial_clothing	Authored Clothing, footwear and uniforms matrix: folding/rag/field/wool; priced by industrial_clothing analogue.	false	
industrial_clothing_footwear_uniforms_0062_folding_apron	industrial	Clothing, footwear and uniforms	industrial	apron	a folding leather apron for field wear	This folding apron is formed chiefly from leather and proportioned for field wear. Its working edges, contact points and load-bearing surfaces are finished for repeated handling, while visible joins make the method of construction easy to inspect. The particular balance of form, material and service duty distinguishes it from neighbouring catalogue entries.	Small	Standard	2445	1	leather	Era / Industrial Era	Wear_Apron		portable		0			industrial_clothing	Authored Clothing, footwear and uniforms matrix: folding/apron/field/leather; priced by industrial_clothing analogue.	false	
industrial_clothing_footwear_uniforms_0063_folding_shirt	industrial	Clothing, footwear and uniforms	industrial	shirt	a folding cotton shirt for field wear	This folding shirt is formed chiefly from cotton and proportioned for field wear. Its working edges, contact points and load-bearing surfaces are finished for repeated handling, while visible joins make the method of construction easy to inspect. The particular balance of form, material and service duty distinguishes it from neighbouring catalogue entries.	Small	Standard	2482	2	cotton	Era / Industrial Era	Wear_Shirt		portable		0			industrial_clothing	Authored Clothing, footwear and uniforms matrix: folding/shirt/field/cotton; priced by industrial_clothing analogue.	false	
industrial_clothing_footwear_uniforms_0064_folding_trousers	industrial	Clothing, footwear and uniforms	industrial	trousers	some folding linen trousers for field wear	These folding trousers are formed chiefly from linen and proportioned for field wear. Their working edges, contact points and load-bearing surfaces are finished for repeated handling, while visible joins make the method of construction easy to inspect. The particular balance of form, material and service duty distinguishes them from neighbouring catalogue entries.	Small	Standard	2519	5	linen	Era / Industrial Era	Wear_Trousers		portable		0			industrial_clothing	Authored Clothing, footwear and uniforms matrix: folding/trousers/field/linen; priced by industrial_clothing analogue.	false	
industrial_clothing_footwear_uniforms_0065_folding_boots	industrial	Clothing, footwear and uniforms	industrial	boots	some folding wool boots for field wear	These folding boots are formed chiefly from wool and proportioned for field wear. Their working edges, contact points and load-bearing surfaces are finished for repeated handling, while visible joins make the method of construction easy to inspect. The particular balance of form, material and service duty distinguishes them from neighbouring catalogue entries.	Small	Standard	2556	10	wool	Era / Industrial Era	Wear_Boots		portable		0		industrial_clothing_footwear_uniforms_0001_plain_rag	industrial_clothing	Authored Clothing, footwear and uniforms matrix: folding/boots/field/wool; priced by industrial_clothing analogue.	false	salvage
industrial_clothing_footwear_uniforms_0066_folding_dress	industrial	Clothing, footwear and uniforms	industrial	dress	a folding leather dress for field wear	This folding dress is formed chiefly from leather and proportioned for field wear. Its working edges, contact points and load-bearing surfaces are finished for repeated handling, while visible joins make the method of construction easy to inspect. The particular balance of form, material and service duty distinguishes it from neighbouring catalogue entries.	Small	Standard	2593	20	leather	Era / Industrial Era	Wear_Dress		portable		0			industrial_clothing	Authored Clothing, footwear and uniforms matrix: folding/dress/field/leather; priced by industrial_clothing analogue.	false	
industrial_clothing_footwear_uniforms_0067_folding_jacket	industrial	Clothing, footwear and uniforms	industrial	jacket	a folding cotton jacket for field wear	This folding jacket is formed chiefly from cotton and proportioned for field wear. Its working edges, contact points and load-bearing surfaces are finished for repeated handling, while visible joins make the method of construction easy to inspect. The particular balance of form, material and service duty distinguishes it from neighbouring catalogue entries.	Small	Standard	2630	50	cotton	Era / Industrial Era	Wear_Jacket		portable		0			industrial_clothing	Authored Clothing, footwear and uniforms matrix: folding/jacket/field/cotton; priced by industrial_clothing analogue.	false	
industrial_clothing_footwear_uniforms_0068_folding_hat	industrial	Clothing, footwear and uniforms	industrial	hat	a folding linen hat for field wear	This folding hat is formed chiefly from linen and proportioned for field wear. Its working edges, contact points and load-bearing surfaces are finished for repeated handling, while visible joins make the method of construction easy to inspect. The particular balance of form, material and service duty distinguishes it from neighbouring catalogue entries.	Small	Standard	2667	100	linen	Era / Industrial Era	Wear_Hat		portable		0			industrial_clothing	Authored Clothing, footwear and uniforms matrix: folding/hat/field/linen; priced by industrial_clothing analogue.	false	
industrial_clothing_footwear_uniforms_0069_folding_gloves	industrial	Clothing, footwear and uniforms	industrial	gloves	some folding wool gloves for field wear	These folding gloves are formed chiefly from wool and proportioned for field wear. Their working edges, contact points and load-bearing surfaces are finished for repeated handling, while visible joins make the method of construction easy to inspect. The particular balance of form, material and service duty distinguishes them from neighbouring catalogue entries.	Small	Standard	2704	200	wool	Era / Industrial Era	Wear_Gloves		portable		0			industrial_clothing	Authored Clothing, footwear and uniforms matrix: folding/gloves/field/wool; priced by industrial_clothing analogue.	false	
industrial_clothing_footwear_uniforms_0070_folding_scarf	industrial	Clothing, footwear and uniforms	industrial	scarf	a folding leather scarf for field wear	This folding scarf is formed chiefly from leather and proportioned for field wear. Its working edges, contact points and load-bearing surfaces are finished for repeated handling, while visible joins make the method of construction easy to inspect. The particular balance of form, material and service duty distinguishes it from neighbouring catalogue entries.	Small	Standard	2741	500	leather	Era / Industrial Era	Wear_Scarf		portable		0		industrial_clothing_footwear_uniforms_0001_plain_rag	industrial_clothing	Authored Clothing, footwear and uniforms matrix: folding/scarf/field/leather; priced by industrial_clothing analogue.	false	salvage
