unique_reference,sdesc,fdesc
renaissance_door_common_panel_door_01,a knotted oak door leaf,"The oak door leaf is framed with a firm outer rail and a knotted worked face. Its hinge edge, closing edge, and lower corners show the ordinary abrasion of fitting and use."
renaissance_door_common_braced_door_02,a star pine braced door,"The pine braced door is framed with a firm outer rail and a star worked face. Its hinge edge, closing edge, and lower corners show the ordinary abrasion of fitting and use."
renaissance_door_common_lockable_door_03,a vine cedar lockable door,"The cedar lockable door is framed with a firm outer rail and a vine worked face. Its hinge edge, closing edge, and lower corners show the ordinary abrasion of fitting and use."
renaissance_door_common_secure_door_04,a cloud teak secure door,"The teak secure door is framed with a firm outer rail and a cloud worked face. Its hinge edge, closing edge, and lower corners show the ordinary abrasion of fitting and use."
renaissance_door_common_shutter_05,a reed wood shuttered opening,"The wood shuttered opening is framed with a firm outer rail and a reed worked face. Its hinge edge, closing edge, and lower corners show the ordinary abrasion of fitting and use."
renaissance_door_common_screen_06,a checker bamboo screen door,"The bamboo screen door is framed with a firm outer rail and a checker worked face. Its hinge edge, closing edge, and lower corners show the ordinary abrasion of fitting and use."
renaissance_door_common_lattice_gate_07,a radiating cedar lattice gate,"The cedar lattice gate is framed with a firm outer rail and a radiating worked face. Its hinge edge, closing edge, and lower corners show the ordinary abrasion of fitting and use."
renaissance_door_common_courtyard_gate_08,a sunburst teak courtyard gate,"The teak courtyard gate is framed with a firm outer rail and a sunburst worked face. Its hinge edge, closing edge, and lower corners show the ordinary abrasion of fitting and use."
renaissance_door_common_warehouse_gate_09,a knotted wrought iron warehouse gate,"The wrought iron warehouse gate is framed with a firm outer rail and a knotted worked face. Its hinge edge, closing edge, and lower corners show the ordinary abrasion of fitting and use."
renaissance_door_common_garden_gate_10,a star bronze garden gate,"The bronze garden gate is framed with a firm outer rail and a star worked face. Its hinge edge, closing edge, and lower corners show the ordinary abrasion of fitting and use."
renaissance_door_common_grille_11,a vine wrought iron metal grille,"The wrought iron metal grille is framed with a firm outer rail and a vine worked face. Its hinge edge, closing edge, and lower corners show the ordinary abrasion of fitting and use."
renaissance_door_common_barrier_12,a cloud bronze barred barrier,"The bronze barred barrier is framed with a firm outer rail and a cloud worked face. Its hinge edge, closing edge, and lower corners show the ordinary abrasion of fitting and use."
renaissance_door_common_hatch_13,a reed cedar service hatch,"The cedar service hatch is framed with a firm outer rail and a reed worked face. Its hinge edge, closing edge, and lower corners show the ordinary abrasion of fitting and use."
renaissance_door_common_wicket_14,a checker wrought iron wicket gate,"The wrought iron wicket gate is framed with a firm outer rail and a checker worked face. Its hinge edge, closing edge, and lower corners show the ordinary abrasion of fitting and use."
renaissance_door_common_panel_door_15,a radiating wood door leaf,"The wood door leaf is framed with a firm outer rail and a radiating worked face. Its hinge edge, closing edge, and lower corners show the ordinary abrasion of fitting and use."
renaissance_door_common_braced_door_16,a sunburst oak braced door,"The oak braced door is framed with a firm outer rail and a sunburst worked face. Its hinge edge, closing edge, and lower corners show the ordinary abrasion of fitting and use."
renaissance_door_common_lockable_door_17,a knotted pine lockable door,"The pine lockable door is framed with a firm outer rail and a knotted worked face. Its hinge edge, closing edge, and lower corners show the ordinary abrasion of fitting and use."
renaissance_door_common_secure_door_18,a star cedar secure door,"The cedar secure door is framed with a firm outer rail and a star worked face. Its hinge edge, closing edge, and lower corners show the ordinary abrasion of fitting and use."
renaissance_door_common_shutter_19,a vine teak shuttered opening,"The teak shuttered opening is framed with a firm outer rail and a vine worked face. Its hinge edge, closing edge, and lower corners show the ordinary abrasion of fitting and use."
renaissance_door_common_screen_20,a cloud cedar screen door,"The cedar screen door is framed with a firm outer rail and a cloud worked face. Its hinge edge, closing edge, and lower corners show the ordinary abrasion of fitting and use."
renaissance_door_common_lattice_gate_21,a reed oak lattice gate,"The oak lattice gate is framed with a firm outer rail and a reed worked face. Its hinge edge, closing edge, and lower corners show the ordinary abrasion of fitting and use."
renaissance_door_common_courtyard_gate_22,a checker cedar courtyard gate,"The cedar courtyard gate is framed with a firm outer rail and a checker worked face. Its hinge edge, closing edge, and lower corners show the ordinary abrasion of fitting and use."
renaissance_door_common_warehouse_gate_23,a radiating teak warehouse gate,"The teak warehouse gate is framed with a firm outer rail and a radiating worked face. Its hinge edge, closing edge, and lower corners show the ordinary abrasion of fitting and use."
renaissance_door_common_garden_gate_24,a sunburst wrought iron garden gate,"The wrought iron garden gate is framed with a firm outer rail and a sunburst worked face. Its hinge edge, closing edge, and lower corners show the ordinary abrasion of fitting and use."
renaissance_door_common_grille_25,a knotted brass metal grille,"The brass metal grille is framed with a firm outer rail and a knotted worked face. Its hinge edge, closing edge, and lower corners show the ordinary abrasion of fitting and use."
renaissance_door_common_barrier_26,a star wrought iron barred barrier,"The wrought iron barred barrier is framed with a firm outer rail and a star worked face. Its hinge edge, closing edge, and lower corners show the ordinary abrasion of fitting and use."
renaissance_door_common_hatch_27,a vine pine service hatch,"The pine service hatch is framed with a firm outer rail and a vine worked face. Its hinge edge, closing edge, and lower corners show the ordinary abrasion of fitting and use."
renaissance_door_common_wicket_28,a cloud teak wicket gate,"The teak wicket gate is framed with a firm outer rail and a cloud worked face. Its hinge edge, closing edge, and lower corners show the ordinary abrasion of fitting and use."
renaissance_door_common_panel_door_29,a reed teak door leaf,"The teak door leaf is framed with a firm outer rail and a reed worked face. Its hinge edge, closing edge, and lower corners show the ordinary abrasion of fitting and use."
renaissance_door_common_braced_door_30,a checker wood braced door,"The wood braced door is framed with a firm outer rail and a checker worked face. Its hinge edge, closing edge, and lower corners show the ordinary abrasion of fitting and use."
renaissance_door_common_lockable_door_31,a radiating oak lockable door,"The oak lockable door is framed with a firm outer rail and a radiating worked face. Its hinge edge, closing edge, and lower corners show the ordinary abrasion of fitting and use."
renaissance_door_common_secure_door_32,a sunburst pine secure door,"The pine secure door is framed with a firm outer rail and a sunburst worked face. Its hinge edge, closing edge, and lower corners show the ordinary abrasion of fitting and use."
renaissance_door_common_shutter_33,a knotted cedar shuttered opening,"The cedar shuttered opening is framed with a firm outer rail and a knotted worked face. Its hinge edge, closing edge, and lower corners show the ordinary abrasion of fitting and use."
renaissance_door_common_screen_34,a star bamboo screen door,"The bamboo screen door is framed with a firm outer rail and a star worked face. Its hinge edge, closing edge, and lower corners show the ordinary abrasion of fitting and use."
renaissance_door_common_lattice_gate_35,a vine bronze lattice gate,"The bronze lattice gate is framed with a firm outer rail and a vine worked face. Its hinge edge, closing edge, and lower corners show the ordinary abrasion of fitting and use."
renaissance_door_common_courtyard_gate_36,a cloud oak courtyard gate,"The oak courtyard gate is framed with a firm outer rail and a cloud worked face. Its hinge edge, closing edge, and lower corners show the ordinary abrasion of fitting and use."
renaissance_door_common_warehouse_gate_37,a reed cedar warehouse gate,"The cedar warehouse gate is framed with a firm outer rail and a reed worked face. Its hinge edge, closing edge, and lower corners show the ordinary abrasion of fitting and use."
renaissance_door_common_garden_gate_38,a checker teak garden gate,"The teak garden gate is framed with a firm outer rail and a checker worked face. Its hinge edge, closing edge, and lower corners show the ordinary abrasion of fitting and use."
renaissance_door_common_grille_39,a radiating bronze metal grille,"The bronze metal grille is framed with a firm outer rail and a radiating worked face. Its hinge edge, closing edge, and lower corners show the ordinary abrasion of fitting and use."
renaissance_door_common_barrier_40,a sunburst brass barred barrier,"The brass barred barrier is framed with a firm outer rail and a sunburst worked face. Its hinge edge, closing edge, and lower corners show the ordinary abrasion of fitting and use."
renaissance_door_common_hatch_41,a knotted oak service hatch,"The oak service hatch is framed with a firm outer rail and a knotted worked face. Its hinge edge, closing edge, and lower corners show the ordinary abrasion of fitting and use."
renaissance_door_common_wicket_42,a star cedar wicket gate,"The cedar wicket gate is framed with a firm outer rail and a star worked face. Its hinge edge, closing edge, and lower corners show the ordinary abrasion of fitting and use."
renaissance_door_common_panel_door_43,a vine cedar door leaf,"The cedar door leaf is framed with a firm outer rail and a vine worked face. Its hinge edge, closing edge, and lower corners show the ordinary abrasion of fitting and use."
renaissance_door_common_braced_door_44,a cloud teak braced door,"The teak braced door is framed with a firm outer rail and a cloud worked face. Its hinge edge, closing edge, and lower corners show the ordinary abrasion of fitting and use."
renaissance_door_common_lockable_door_45,a reed wood lockable door,"The wood lockable door is framed with a firm outer rail and a reed worked face. Its hinge edge, closing edge, and lower corners show the ordinary abrasion of fitting and use."
renaissance_door_common_secure_door_46,a checker oak secure door,"The oak secure door is framed with a firm outer rail and a checker worked face. Its hinge edge, closing edge, and lower corners show the ordinary abrasion of fitting and use."
renaissance_door_common_shutter_47,a radiating pine shuttered opening,"The pine shuttered opening is framed with a firm outer rail and a radiating worked face. Its hinge edge, closing edge, and lower corners show the ordinary abrasion of fitting and use."
renaissance_door_common_screen_48,a sunburst cedar screen door,"The cedar screen door is framed with a firm outer rail and a sunburst worked face. Its hinge edge, closing edge, and lower corners show the ordinary abrasion of fitting and use."
renaissance_door_common_lattice_gate_49,a knotted wrought iron lattice gate,"The wrought iron lattice gate is framed with a firm outer rail and a knotted worked face. Its hinge edge, closing edge, and lower corners show the ordinary abrasion of fitting and use."
renaissance_door_common_courtyard_gate_50,a star bronze courtyard gate,"The bronze courtyard gate is framed with a firm outer rail and a star worked face. Its hinge edge, closing edge, and lower corners show the ordinary abrasion of fitting and use."
renaissance_door_common_warehouse_gate_51,a vine oak warehouse gate,"The oak warehouse gate is framed with a firm outer rail and a vine worked face. Its hinge edge, closing edge, and lower corners show the ordinary abrasion of fitting and use."
renaissance_door_common_garden_gate_52,a cloud cedar garden gate,"The cedar garden gate is framed with a firm outer rail and a cloud worked face. Its hinge edge, closing edge, and lower corners show the ordinary abrasion of fitting and use."
renaissance_door_common_grille_53,a reed wrought iron metal grille,"The wrought iron metal grille is framed with a firm outer rail and a reed worked face. Its hinge edge, closing edge, and lower corners show the ordinary abrasion of fitting and use."
renaissance_door_common_barrier_54,a checker bronze barred barrier,"The bronze barred barrier is framed with a firm outer rail and a checker worked face. Its hinge edge, closing edge, and lower corners show the ordinary abrasion of fitting and use."
renaissance_door_common_hatch_55,a radiating wood service hatch,"The wood service hatch is framed with a firm outer rail and a radiating worked face. Its hinge edge, closing edge, and lower corners show the ordinary abrasion of fitting and use."
renaissance_door_common_wicket_56,a sunburst oak wicket gate,"The oak wicket gate is framed with a firm outer rail and a sunburst worked face. Its hinge edge, closing edge, and lower corners show the ordinary abrasion of fitting and use."
renaissance_door_common_panel_door_57,a knotted pine door leaf,"The pine door leaf is framed with a firm outer rail and a knotted worked face. Its hinge edge, closing edge, and lower corners show the ordinary abrasion of fitting and use."
renaissance_door_common_braced_door_58,a star cedar braced door,"The cedar braced door is framed with a firm outer rail and a star worked face. Its hinge edge, closing edge, and lower corners show the ordinary abrasion of fitting and use."
renaissance_door_common_lockable_door_59,a vine teak lockable door,"The teak lockable door is framed with a firm outer rail and a vine worked face. Its hinge edge, closing edge, and lower corners show the ordinary abrasion of fitting and use."
renaissance_door_common_secure_door_60,a cloud wood secure door,"The wood secure door is framed with a firm outer rail and a cloud worked face. Its hinge edge, closing edge, and lower corners show the ordinary abrasion of fitting and use."
renaissance_door_common_shutter_61,a reed oak shuttered opening,"The oak shuttered opening is framed with a firm outer rail and a reed worked face. Its hinge edge, closing edge, and lower corners show the ordinary abrasion of fitting and use."
renaissance_door_common_screen_62,a checker bamboo screen door,"The bamboo screen door is framed with a firm outer rail and a checker worked face. Its hinge edge, closing edge, and lower corners show the ordinary abrasion of fitting and use."
renaissance_door_common_lattice_gate_63,a radiating teak lattice gate,"The teak lattice gate is framed with a firm outer rail and a radiating worked face. Its hinge edge, closing edge, and lower corners show the ordinary abrasion of fitting and use."
renaissance_door_common_courtyard_gate_64,a sunburst wrought iron courtyard gate,"The wrought iron courtyard gate is framed with a firm outer rail and a sunburst worked face. Its hinge edge, closing edge, and lower corners show the ordinary abrasion of fitting and use."
renaissance_door_common_warehouse_gate_65,a knotted bronze warehouse gate,"The bronze warehouse gate is framed with a firm outer rail and a knotted worked face. Its hinge edge, closing edge, and lower corners show the ordinary abrasion of fitting and use."
renaissance_door_common_garden_gate_66,a star oak garden gate,"The oak garden gate is framed with a firm outer rail and a star worked face. Its hinge edge, closing edge, and lower corners show the ordinary abrasion of fitting and use."
renaissance_door_common_grille_67,a vine brass metal grille,"The brass metal grille is framed with a firm outer rail and a vine worked face. Its hinge edge, closing edge, and lower corners show the ordinary abrasion of fitting and use."
renaissance_door_common_barrier_68,a cloud wrought iron barred barrier,"The wrought iron barred barrier is framed with a firm outer rail and a cloud worked face. Its hinge edge, closing edge, and lower corners show the ordinary abrasion of fitting and use."
renaissance_door_common_hatch_69,a reed teak service hatch,"The teak service hatch is framed with a firm outer rail and a reed worked face. Its hinge edge, closing edge, and lower corners show the ordinary abrasion of fitting and use."
renaissance_door_common_wicket_70,a checker bronze wicket gate,"The bronze wicket gate is framed with a firm outer rail and a checker worked face. Its hinge edge, closing edge, and lower corners show the ordinary abrasion of fitting and use."
renaissance_door_common_panel_door_71,a radiating oak door leaf,"The oak door leaf is framed with a firm outer rail and a radiating worked face. Its hinge edge, closing edge, and lower corners show the ordinary abrasion of fitting and use."
renaissance_door_common_braced_door_72,a sunburst pine braced door,"The pine braced door is framed with a firm outer rail and a sunburst worked face. Its hinge edge, closing edge, and lower corners show the ordinary abrasion of fitting and use."
renaissance_door_common_lockable_door_73,a knotted cedar lockable door,"The cedar lockable door is framed with a firm outer rail and a knotted worked face. Its hinge edge, closing edge, and lower corners show the ordinary abrasion of fitting and use."
renaissance_door_common_secure_door_74,a star teak secure door,"The teak secure door is framed with a firm outer rail and a star worked face. Its hinge edge, closing edge, and lower corners show the ordinary abrasion of fitting and use."
renaissance_door_common_shutter_75,a vine wood shuttered opening,"The wood shuttered opening is framed with a firm outer rail and a vine worked face. Its hinge edge, closing edge, and lower corners show the ordinary abrasion of fitting and use."
renaissance_door_common_screen_76,a cloud cedar screen door,"The cedar screen door is framed with a firm outer rail and a cloud worked face. Its hinge edge, closing edge, and lower corners show the ordinary abrasion of fitting and use."
renaissance_door_common_lattice_gate_77,a reed cedar lattice gate,"The cedar lattice gate is framed with a firm outer rail and a reed worked face. Its hinge edge, closing edge, and lower corners show the ordinary abrasion of fitting and use."
renaissance_door_common_courtyard_gate_78,a checker teak courtyard gate,"The teak courtyard gate is framed with a firm outer rail and a checker worked face. Its hinge edge, closing edge, and lower corners show the ordinary abrasion of fitting and use."
renaissance_door_common_warehouse_gate_79,a radiating wrought iron warehouse gate,"The wrought iron warehouse gate is framed with a firm outer rail and a radiating worked face. Its hinge edge, closing edge, and lower corners show the ordinary abrasion of fitting and use."
renaissance_door_common_garden_gate_80,a sunburst bronze garden gate,"The bronze garden gate is framed with a firm outer rail and a sunburst worked face. Its hinge edge, closing edge, and lower corners show the ordinary abrasion of fitting and use."
renaissance_door_common_grille_81,a knotted bronze metal grille,"The bronze metal grille is framed with a firm outer rail and a knotted worked face. Its hinge edge, closing edge, and lower corners show the ordinary abrasion of fitting and use."
renaissance_door_common_barrier_82,a star brass barred barrier,"The brass barred barrier is framed with a firm outer rail and a star worked face. Its hinge edge, closing edge, and lower corners show the ordinary abrasion of fitting and use."
renaissance_door_common_hatch_83,a vine cedar service hatch,"The cedar service hatch is framed with a firm outer rail and a vine worked face. Its hinge edge, closing edge, and lower corners show the ordinary abrasion of fitting and use."
renaissance_door_common_wicket_84,a cloud wrought iron wicket gate,"The wrought iron wicket gate is framed with a firm outer rail and a cloud worked face. Its hinge edge, closing edge, and lower corners show the ordinary abrasion of fitting and use."
renaissance_door_common_panel_door_85,a reed wood door leaf,"The wood door leaf is framed with a firm outer rail and a reed worked face. Its hinge edge, closing edge, and lower corners show the ordinary abrasion of fitting and use."
renaissance_door_common_braced_door_86,a checker oak braced door,"The oak braced door is framed with a firm outer rail and a checker worked face. Its hinge edge, closing edge, and lower corners show the ordinary abrasion of fitting and use."
renaissance_door_common_lockable_door_87,a radiating pine lockable door,"The pine lockable door is framed with a firm outer rail and a radiating worked face. Its hinge edge, closing edge, and lower corners show the ordinary abrasion of fitting and use."
renaissance_door_common_secure_door_88,a sunburst cedar secure door,"The cedar secure door is framed with a firm outer rail and a sunburst worked face. Its hinge edge, closing edge, and lower corners show the ordinary abrasion of fitting and use."
renaissance_door_common_shutter_89,a knotted teak shuttered opening,"The teak shuttered opening is framed with a firm outer rail and a knotted worked face. Its hinge edge, closing edge, and lower corners show the ordinary abrasion of fitting and use."
renaissance_door_common_screen_90,a star bamboo screen door,"The bamboo screen door is framed with a firm outer rail and a star worked face. Its hinge edge, closing edge, and lower corners show the ordinary abrasion of fitting and use."
renaissance_door_common_lattice_gate_91,a vine oak lattice gate,"The oak lattice gate is framed with a firm outer rail and a vine worked face. Its hinge edge, closing edge, and lower corners show the ordinary abrasion of fitting and use."
renaissance_door_common_courtyard_gate_92,a cloud cedar courtyard gate,"The cedar courtyard gate is framed with a firm outer rail and a cloud worked face. Its hinge edge, closing edge, and lower corners show the ordinary abrasion of fitting and use."
renaissance_door_common_warehouse_gate_93,a reed teak warehouse gate,"The teak warehouse gate is framed with a firm outer rail and a reed worked face. Its hinge edge, closing edge, and lower corners show the ordinary abrasion of fitting and use."
renaissance_door_common_garden_gate_94,a checker wrought iron garden gate,"The wrought iron garden gate is framed with a firm outer rail and a checker worked face. Its hinge edge, closing edge, and lower corners show the ordinary abrasion of fitting and use."
renaissance_door_common_grille_95,a radiating wrought iron metal grille,"The wrought iron metal grille is framed with a firm outer rail and a radiating worked face. Its hinge edge, closing edge, and lower corners show the ordinary abrasion of fitting and use."
renaissance_door_common_barrier_96,a sunburst bronze barred barrier,"The bronze barred barrier is framed with a firm outer rail and a sunburst worked face. Its hinge edge, closing edge, and lower corners show the ordinary abrasion of fitting and use."
renaissance_door_common_hatch_97,a knotted pine service hatch,"The pine service hatch is framed with a firm outer rail and a knotted worked face. Its hinge edge, closing edge, and lower corners show the ordinary abrasion of fitting and use."
renaissance_door_common_wicket_98,a star teak wicket gate,"The teak wicket gate is framed with a firm outer rail and a star worked face. Its hinge edge, closing edge, and lower corners show the ordinary abrasion of fitting and use."
renaissance_door_common_panel_door_99,a vine teak door leaf,"The teak door leaf is framed with a firm outer rail and a vine worked face. Its hinge edge, closing edge, and lower corners show the ordinary abrasion of fitting and use."
renaissance_door_common_braced_door_100,a cloud wood braced door,"The wood braced door is framed with a firm outer rail and a cloud worked face. Its hinge edge, closing edge, and lower corners show the ordinary abrasion of fitting and use."
renaissance_door_common_lockable_door_101,a reed oak lockable door,"The oak lockable door is framed with a firm outer rail and a reed worked face. Its hinge edge, closing edge, and lower corners show the ordinary abrasion of fitting and use."
renaissance_door_common_secure_door_102,a checker pine secure door,"The pine secure door is framed with a firm outer rail and a checker worked face. Its hinge edge, closing edge, and lower corners show the ordinary abrasion of fitting and use."
renaissance_door_common_shutter_103,a radiating cedar shuttered opening,"The cedar shuttered opening is framed with a firm outer rail and a radiating worked face. Its hinge edge, closing edge, and lower corners show the ordinary abrasion of fitting and use."
renaissance_door_common_screen_104,a sunburst cedar screen door,"The cedar screen door is framed with a firm outer rail and a sunburst worked face. Its hinge edge, closing edge, and lower corners show the ordinary abrasion of fitting and use."
renaissance_door_common_lattice_gate_105,a knotted bronze lattice gate,"The bronze lattice gate is framed with a firm outer rail and a knotted worked face. Its hinge edge, closing edge, and lower corners show the ordinary abrasion of fitting and use."
renaissance_door_common_courtyard_gate_106,a star oak courtyard gate,"The oak courtyard gate is framed with a firm outer rail and a star worked face. Its hinge edge, closing edge, and lower corners show the ordinary abrasion of fitting and use."
renaissance_door_common_warehouse_gate_107,a vine cedar warehouse gate,"The cedar warehouse gate is framed with a firm outer rail and a vine worked face. Its hinge edge, closing edge, and lower corners show the ordinary abrasion of fitting and use."
renaissance_door_common_garden_gate_108,a cloud teak garden gate,"The teak garden gate is framed with a firm outer rail and a cloud worked face. Its hinge edge, closing edge, and lower corners show the ordinary abrasion of fitting and use."
renaissance_door_common_grille_109,a reed brass metal grille,"The brass metal grille is framed with a firm outer rail and a reed worked face. Its hinge edge, closing edge, and lower corners show the ordinary abrasion of fitting and use."
renaissance_door_common_barrier_110,a checker wrought iron barred barrier,"The wrought iron barred barrier is framed with a firm outer rail and a checker worked face. Its hinge edge, closing edge, and lower corners show the ordinary abrasion of fitting and use."
renaissance_door_common_hatch_111,a radiating oak service hatch,"The oak service hatch is framed with a firm outer rail and a radiating worked face. Its hinge edge, closing edge, and lower corners show the ordinary abrasion of fitting and use."
renaissance_door_common_wicket_112,a sunburst cedar wicket gate,"The cedar wicket gate is framed with a firm outer rail and a sunburst worked face. Its hinge edge, closing edge, and lower corners show the ordinary abrasion of fitting and use."
renaissance_door_common_panel_door_113,a knotted cedar door leaf,"The cedar door leaf is framed with a firm outer rail and a knotted worked face. Its hinge edge, closing edge, and lower corners show the ordinary abrasion of fitting and use."
renaissance_door_common_braced_door_114,a star teak braced door,"The teak braced door is framed with a firm outer rail and a star worked face. Its hinge edge, closing edge, and lower corners show the ordinary abrasion of fitting and use."
renaissance_door_common_lockable_door_115,a vine wood lockable door,"The wood lockable door is framed with a firm outer rail and a vine worked face. Its hinge edge, closing edge, and lower corners show the ordinary abrasion of fitting and use."
renaissance_door_common_secure_door_116,a cloud oak secure door,"The oak secure door is framed with a firm outer rail and a cloud worked face. Its hinge edge, closing edge, and lower corners show the ordinary abrasion of fitting and use."
renaissance_door_common_shutter_117,a reed pine shuttered opening,"The pine shuttered opening is framed with a firm outer rail and a reed worked face. Its hinge edge, closing edge, and lower corners show the ordinary abrasion of fitting and use."
renaissance_door_common_screen_118,a checker bamboo screen door,"The bamboo screen door is framed with a firm outer rail and a checker worked face. Its hinge edge, closing edge, and lower corners show the ordinary abrasion of fitting and use."
renaissance_door_common_lattice_gate_119,a radiating wrought iron lattice gate,"The wrought iron lattice gate is framed with a firm outer rail and a radiating worked face. Its hinge edge, closing edge, and lower corners show the ordinary abrasion of fitting and use."
renaissance_door_common_courtyard_gate_120,a sunburst bronze courtyard gate,"The bronze courtyard gate is framed with a firm outer rail and a sunburst worked face. Its hinge edge, closing edge, and lower corners show the ordinary abrasion of fitting and use."
renaissance_door_common_warehouse_gate_121,a knotted oak warehouse gate,"The oak warehouse gate is framed with a firm outer rail and a knotted worked face. Its hinge edge, closing edge, and lower corners show the ordinary abrasion of fitting and use."
renaissance_door_common_garden_gate_122,a star cedar garden gate,"The cedar garden gate is framed with a firm outer rail and a star worked face. Its hinge edge, closing edge, and lower corners show the ordinary abrasion of fitting and use."
renaissance_door_common_grille_123,a vine bronze metal grille,"The bronze metal grille is framed with a firm outer rail and a vine worked face. Its hinge edge, closing edge, and lower corners show the ordinary abrasion of fitting and use."
renaissance_door_common_barrier_124,a cloud brass barred barrier,"The brass barred barrier is framed with a firm outer rail and a cloud worked face. Its hinge edge, closing edge, and lower corners show the ordinary abrasion of fitting and use."
renaissance_door_common_hatch_125,a reed wood service hatch,"The wood service hatch is framed with a firm outer rail and a reed worked face. Its hinge edge, closing edge, and lower corners show the ordinary abrasion of fitting and use."
renaissance_door_common_wicket_126,a checker oak wicket gate,"The oak wicket gate is framed with a firm outer rail and a checker worked face. Its hinge edge, closing edge, and lower corners show the ordinary abrasion of fitting and use."
renaissance_door_common_panel_door_127,a radiating pine door leaf,"The pine door leaf is framed with a firm outer rail and a radiating worked face. Its hinge edge, closing edge, and lower corners show the ordinary abrasion of fitting and use."
renaissance_door_common_braced_door_128,a sunburst cedar braced door,"The cedar braced door is framed with a firm outer rail and a sunburst worked face. Its hinge edge, closing edge, and lower corners show the ordinary abrasion of fitting and use."
renaissance_door_common_lockable_door_129,a knotted teak lockable door,"The teak lockable door is framed with a firm outer rail and a knotted worked face. Its hinge edge, closing edge, and lower corners show the ordinary abrasion of fitting and use."
renaissance_door_common_secure_door_130,a star wood secure door,"The wood secure door is framed with a firm outer rail and a star worked face. Its hinge edge, closing edge, and lower corners show the ordinary abrasion of fitting and use."
renaissance_door_common_shutter_131,a vine oak shuttered opening,"The oak shuttered opening is framed with a firm outer rail and a vine worked face. Its hinge edge, closing edge, and lower corners show the ordinary abrasion of fitting and use."
renaissance_door_common_screen_132,a cloud cedar screen door,"The cedar screen door is framed with a firm outer rail and a cloud worked face. Its hinge edge, closing edge, and lower corners show the ordinary abrasion of fitting and use."
renaissance_door_common_lattice_gate_133,a reed teak lattice gate,"The teak lattice gate is framed with a firm outer rail and a reed worked face. Its hinge edge, closing edge, and lower corners show the ordinary abrasion of fitting and use."
renaissance_door_common_courtyard_gate_134,a checker wrought iron courtyard gate,"The wrought iron courtyard gate is framed with a firm outer rail and a checker worked face. Its hinge edge, closing edge, and lower corners show the ordinary abrasion of fitting and use."
renaissance_door_common_warehouse_gate_135,a radiating bronze warehouse gate,"The bronze warehouse gate is framed with a firm outer rail and a radiating worked face. Its hinge edge, closing edge, and lower corners show the ordinary abrasion of fitting and use."
renaissance_door_common_garden_gate_136,a sunburst oak garden gate,"The oak garden gate is framed with a firm outer rail and a sunburst worked face. Its hinge edge, closing edge, and lower corners show the ordinary abrasion of fitting and use."
renaissance_door_common_grille_137,a knotted wrought iron metal grille,"The wrought iron metal grille is framed with a firm outer rail and a knotted worked face. Its hinge edge, closing edge, and lower corners show the ordinary abrasion of fitting and use."
renaissance_door_common_barrier_138,a star bronze barred barrier,"The bronze barred barrier is framed with a firm outer rail and a star worked face. Its hinge edge, closing edge, and lower corners show the ordinary abrasion of fitting and use."
renaissance_door_common_hatch_139,a vine teak service hatch,"The teak service hatch is framed with a firm outer rail and a vine worked face. Its hinge edge, closing edge, and lower corners show the ordinary abrasion of fitting and use."
renaissance_door_common_wicket_140,a cloud bronze wicket gate,"The bronze wicket gate is framed with a firm outer rail and a cloud worked face. Its hinge edge, closing edge, and lower corners show the ordinary abrasion of fitting and use."
renaissance_door_common_panel_door_141,a reed oak door leaf,"The oak door leaf is framed with a firm outer rail and a reed worked face. Its hinge edge, closing edge, and lower corners show the ordinary abrasion of fitting and use."
renaissance_door_common_braced_door_142,a checker pine braced door,"The pine braced door is framed with a firm outer rail and a checker worked face. Its hinge edge, closing edge, and lower corners show the ordinary abrasion of fitting and use."
renaissance_door_common_lockable_door_143,a radiating cedar lockable door,"The cedar lockable door is framed with a firm outer rail and a radiating worked face. Its hinge edge, closing edge, and lower corners show the ordinary abrasion of fitting and use."
renaissance_door_common_secure_door_144,a sunburst teak secure door,"The teak secure door is framed with a firm outer rail and a sunburst worked face. Its hinge edge, closing edge, and lower corners show the ordinary abrasion of fitting and use."
renaissance_door_common_hasp_145,a bird pewter iron hasp,"The pewter iron hasp has a bird worked face, rubbed bearing edges, and a plainly accessible working surface. It represents only the behaviour supplied by its fitted mechanical component."
renaissance_door_common_hook_latch_146,a vine wrought iron hook latch,"The wrought iron hook latch has a vine worked face, rubbed bearing edges, and a plainly accessible working surface. It represents only the behaviour supplied by its fitted mechanical component."
renaissance_door_common_strike_plate_147,a geometric bronze strike plate,"The bronze strike plate has a geometric worked face, rubbed bearing edges, and a plainly accessible working surface. It represents only the behaviour supplied by its fitted mechanical component."
renaissance_door_common_hinge_pair_148,a cloud brass hinge pair,"The brass hinge pair has a cloud worked face, rubbed bearing edges, and a plainly accessible working surface. It represents only the behaviour supplied by its fitted mechanical component."
renaissance_door_common_keyring_149,a shell copper keyring,"The copper keyring has a shell worked face, rubbed bearing edges, and a plainly accessible working surface. It represents only the behaviour supplied by its fitted mechanical component."
renaissance_door_common_escutcheon_150,a reed pewter keyhole escutcheon,"The pewter keyhole escutcheon has a reed worked face, rubbed bearing edges, and a plainly accessible working surface. It represents only the behaviour supplied by its fitted mechanical component."
renaissance_door_common_warded_lock_151,a rosette wrought iron warded lock,"The wrought iron warded lock has a rosette worked face, rubbed bearing edges, and a plainly accessible working surface. It represents only the behaviour supplied by its fitted mechanical component."
renaissance_door_common_good_warded_lock_152,a checker bronze fine warded lock,"The bronze fine warded lock has a checker worked face, rubbed bearing edges, and a plainly accessible working surface. It represents only the behaviour supplied by its fitted mechanical component."
renaissance_door_common_master_warded_lock_153,a braided brass master warded lock,"The brass master warded lock has a braided worked face, rubbed bearing edges, and a plainly accessible working surface. It represents only the behaviour supplied by its fitted mechanical component."
renaissance_door_common_warded_key_154,a radiating copper warded key,"The copper warded key has a radiating worked face, rubbed bearing edges, and a plainly accessible working surface. It represents only the behaviour supplied by its fitted mechanical component."
renaissance_door_common_ring_key_155,a leaf-scroll pewter ring bow key,"The pewter ring bow key has a leaf-scroll worked face, rubbed bearing edges, and a plainly accessible working surface. It represents only the behaviour supplied by its fitted mechanical component."
renaissance_door_common_door_latch_156,a sunburst wrought iron door latch,"The wrought iron door latch has a sunburst worked face, rubbed bearing edges, and a plainly accessible working surface. It represents only the behaviour supplied by its fitted mechanical component."
renaissance_door_common_gate_dropbar_157,a water-wave bronze gate drop bar,"The bronze gate drop bar has a water-wave worked face, rubbed bearing edges, and a plainly accessible working surface. It represents only the behaviour supplied by its fitted mechanical component."
renaissance_door_common_door_bar_158,a knotted brass door bar,"The brass door bar has a knotted worked face, rubbed bearing edges, and a plainly accessible working surface. It represents only the behaviour supplied by its fitted mechanical component."
renaissance_door_common_portcullis_pawl_159,a flower-head copper winch pawl,"The copper winch pawl has a flower-head worked face, rubbed bearing edges, and a plainly accessible working surface. It represents only the behaviour supplied by its fitted mechanical component."
renaissance_door_common_hasp_160,a star pewter iron hasp,"The pewter iron hasp has a star worked face, rubbed bearing edges, and a plainly accessible working surface. It represents only the behaviour supplied by its fitted mechanical component."
renaissance_door_common_hook_latch_161,a bird wrought iron hook latch,"The wrought iron hook latch has a bird worked face, rubbed bearing edges, and a plainly accessible working surface. It represents only the behaviour supplied by its fitted mechanical component."
renaissance_door_common_strike_plate_162,a vine bronze strike plate,"The bronze strike plate has a vine worked face, rubbed bearing edges, and a plainly accessible working surface. It represents only the behaviour supplied by its fitted mechanical component."
renaissance_door_common_hinge_pair_163,a geometric brass hinge pair,"The brass hinge pair has a geometric worked face, rubbed bearing edges, and a plainly accessible working surface. It represents only the behaviour supplied by its fitted mechanical component."
renaissance_door_common_keyring_164,a cloud copper keyring,"The copper keyring has a cloud worked face, rubbed bearing edges, and a plainly accessible working surface. It represents only the behaviour supplied by its fitted mechanical component."
renaissance_door_common_escutcheon_165,a shell pewter keyhole escutcheon,"The pewter keyhole escutcheon has a shell worked face, rubbed bearing edges, and a plainly accessible working surface. It represents only the behaviour supplied by its fitted mechanical component."
renaissance_door_common_warded_lock_166,a reed wrought iron warded lock,"The wrought iron warded lock has a reed worked face, rubbed bearing edges, and a plainly accessible working surface. It represents only the behaviour supplied by its fitted mechanical component."
renaissance_door_common_good_warded_lock_167,a rosette bronze fine warded lock,"The bronze fine warded lock has a rosette worked face, rubbed bearing edges, and a plainly accessible working surface. It represents only the behaviour supplied by its fitted mechanical component."
renaissance_door_common_master_warded_lock_168,a checker brass master warded lock,"The brass master warded lock has a checker worked face, rubbed bearing edges, and a plainly accessible working surface. It represents only the behaviour supplied by its fitted mechanical component."
renaissance_door_common_warded_key_169,a braided copper warded key,"The copper warded key has a braided worked face, rubbed bearing edges, and a plainly accessible working surface. It represents only the behaviour supplied by its fitted mechanical component."
renaissance_door_common_ring_key_170,a radiating pewter ring bow key,"The pewter ring bow key has a radiating worked face, rubbed bearing edges, and a plainly accessible working surface. It represents only the behaviour supplied by its fitted mechanical component."
renaissance_door_common_door_latch_171,a leaf-scroll wrought iron door latch,"The wrought iron door latch has a leaf-scroll worked face, rubbed bearing edges, and a plainly accessible working surface. It represents only the behaviour supplied by its fitted mechanical component."
renaissance_door_common_gate_dropbar_172,a sunburst bronze gate drop bar,"The bronze gate drop bar has a sunburst worked face, rubbed bearing edges, and a plainly accessible working surface. It represents only the behaviour supplied by its fitted mechanical component."
renaissance_door_common_door_bar_173,a water-wave brass door bar,"The brass door bar has a water-wave worked face, rubbed bearing edges, and a plainly accessible working surface. It represents only the behaviour supplied by its fitted mechanical component."
renaissance_door_common_portcullis_pawl_174,a knotted copper winch pawl,"The copper winch pawl has a knotted worked face, rubbed bearing edges, and a plainly accessible working surface. It represents only the behaviour supplied by its fitted mechanical component."
renaissance_door_common_hasp_175,a flower-head pewter iron hasp,"The pewter iron hasp has a flower-head worked face, rubbed bearing edges, and a plainly accessible working surface. It represents only the behaviour supplied by its fitted mechanical component."
renaissance_door_common_hook_latch_176,a star wrought iron hook latch,"The wrought iron hook latch has a star worked face, rubbed bearing edges, and a plainly accessible working surface. It represents only the behaviour supplied by its fitted mechanical component."
renaissance_door_common_strike_plate_177,a bird bronze strike plate,"The bronze strike plate has a bird worked face, rubbed bearing edges, and a plainly accessible working surface. It represents only the behaviour supplied by its fitted mechanical component."
renaissance_door_common_hinge_pair_178,a vine brass hinge pair,"The brass hinge pair has a vine worked face, rubbed bearing edges, and a plainly accessible working surface. It represents only the behaviour supplied by its fitted mechanical component."
renaissance_door_common_keyring_179,a geometric copper keyring,"The copper keyring has a geometric worked face, rubbed bearing edges, and a plainly accessible working surface. It represents only the behaviour supplied by its fitted mechanical component."
renaissance_door_common_escutcheon_180,a cloud pewter keyhole escutcheon,"The pewter keyhole escutcheon has a cloud worked face, rubbed bearing edges, and a plainly accessible working surface. It represents only the behaviour supplied by its fitted mechanical component."
renaissance_door_common_warded_lock_181,a shell wrought iron warded lock,"The wrought iron warded lock has a shell worked face, rubbed bearing edges, and a plainly accessible working surface. It represents only the behaviour supplied by its fitted mechanical component."
renaissance_door_common_good_warded_lock_182,a reed bronze fine warded lock,"The bronze fine warded lock has a reed worked face, rubbed bearing edges, and a plainly accessible working surface. It represents only the behaviour supplied by its fitted mechanical component."
renaissance_door_common_master_warded_lock_183,a rosette brass master warded lock,"The brass master warded lock has a rosette worked face, rubbed bearing edges, and a plainly accessible working surface. It represents only the behaviour supplied by its fitted mechanical component."
renaissance_door_common_warded_key_184,a checker copper warded key,"The copper warded key has a checker worked face, rubbed bearing edges, and a plainly accessible working surface. It represents only the behaviour supplied by its fitted mechanical component."
renaissance_door_common_ring_key_185,a braided pewter ring bow key,"The pewter ring bow key has a braided worked face, rubbed bearing edges, and a plainly accessible working surface. It represents only the behaviour supplied by its fitted mechanical component."
renaissance_door_common_door_latch_186,a radiating wrought iron door latch,"The wrought iron door latch has a radiating worked face, rubbed bearing edges, and a plainly accessible working surface. It represents only the behaviour supplied by its fitted mechanical component."
renaissance_door_common_gate_dropbar_187,a leaf-scroll bronze gate drop bar,"The bronze gate drop bar has a leaf-scroll worked face, rubbed bearing edges, and a plainly accessible working surface. It represents only the behaviour supplied by its fitted mechanical component."
renaissance_door_common_door_bar_188,a sunburst brass door bar,"The brass door bar has a sunburst worked face, rubbed bearing edges, and a plainly accessible working surface. It represents only the behaviour supplied by its fitted mechanical component."
renaissance_door_common_portcullis_pawl_189,a water-wave copper winch pawl,"The copper winch pawl has a water-wave worked face, rubbed bearing edges, and a plainly accessible working surface. It represents only the behaviour supplied by its fitted mechanical component."
renaissance_door_common_hasp_190,a knotted pewter iron hasp,"The pewter iron hasp has a knotted worked face, rubbed bearing edges, and a plainly accessible working surface. It represents only the behaviour supplied by its fitted mechanical component."
renaissance_door_common_hook_latch_191,a flower-head wrought iron hook latch,"The wrought iron hook latch has a flower-head worked face, rubbed bearing edges, and a plainly accessible working surface. It represents only the behaviour supplied by its fitted mechanical component."
renaissance_door_common_strike_plate_192,a star bronze strike plate,"The bronze strike plate has a star worked face, rubbed bearing edges, and a plainly accessible working surface. It represents only the behaviour supplied by its fitted mechanical component."
renaissance_door_common_hinge_pair_193,a bird brass hinge pair,"The brass hinge pair has a bird worked face, rubbed bearing edges, and a plainly accessible working surface. It represents only the behaviour supplied by its fitted mechanical component."
renaissance_door_common_keyring_194,a vine copper keyring,"The copper keyring has a vine worked face, rubbed bearing edges, and a plainly accessible working surface. It represents only the behaviour supplied by its fitted mechanical component."
renaissance_door_common_escutcheon_195,a geometric pewter keyhole escutcheon,"The pewter keyhole escutcheon has a geometric worked face, rubbed bearing edges, and a plainly accessible working surface. It represents only the behaviour supplied by its fitted mechanical component."
renaissance_door_common_warded_lock_196,a cloud wrought iron warded lock,"The wrought iron warded lock has a cloud worked face, rubbed bearing edges, and a plainly accessible working surface. It represents only the behaviour supplied by its fitted mechanical component."
renaissance_door_common_good_warded_lock_197,a shell bronze fine warded lock,"The bronze fine warded lock has a shell worked face, rubbed bearing edges, and a plainly accessible working surface. It represents only the behaviour supplied by its fitted mechanical component."
renaissance_door_common_master_warded_lock_198,a reed brass master warded lock,"The brass master warded lock has a reed worked face, rubbed bearing edges, and a plainly accessible working surface. It represents only the behaviour supplied by its fitted mechanical component."
renaissance_door_common_warded_key_199,a rosette copper warded key,"The copper warded key has a rosette worked face, rubbed bearing edges, and a plainly accessible working surface. It represents only the behaviour supplied by its fitted mechanical component."
renaissance_door_common_ring_key_200,a checker pewter ring bow key,"The pewter ring bow key has a checker worked face, rubbed bearing edges, and a plainly accessible working surface. It represents only the behaviour supplied by its fitted mechanical component."
renaissance_door_common_door_latch_201,a braided wrought iron door latch,"The wrought iron door latch has a braided worked face, rubbed bearing edges, and a plainly accessible working surface. It represents only the behaviour supplied by its fitted mechanical component."
renaissance_door_common_gate_dropbar_202,a radiating bronze gate drop bar,"The bronze gate drop bar has a radiating worked face, rubbed bearing edges, and a plainly accessible working surface. It represents only the behaviour supplied by its fitted mechanical component."
renaissance_door_common_door_bar_203,a leaf-scroll brass door bar,"The brass door bar has a leaf-scroll worked face, rubbed bearing edges, and a plainly accessible working surface. It represents only the behaviour supplied by its fitted mechanical component."
renaissance_door_common_portcullis_pawl_204,a sunburst copper winch pawl,"The copper winch pawl has a sunburst worked face, rubbed bearing edges, and a plainly accessible working surface. It represents only the behaviour supplied by its fitted mechanical component."
renaissance_door_common_hasp_205,a water-wave pewter iron hasp,"The pewter iron hasp has a water-wave worked face, rubbed bearing edges, and a plainly accessible working surface. It represents only the behaviour supplied by its fitted mechanical component."
renaissance_door_common_hook_latch_206,a knotted wrought iron hook latch,"The wrought iron hook latch has a knotted worked face, rubbed bearing edges, and a plainly accessible working surface. It represents only the behaviour supplied by its fitted mechanical component."
renaissance_door_common_strike_plate_207,a flower-head bronze strike plate,"The bronze strike plate has a flower-head worked face, rubbed bearing edges, and a plainly accessible working surface. It represents only the behaviour supplied by its fitted mechanical component."
renaissance_door_common_hinge_pair_208,a star brass hinge pair,"The brass hinge pair has a star worked face, rubbed bearing edges, and a plainly accessible working surface. It represents only the behaviour supplied by its fitted mechanical component."
renaissance_door_common_keyring_209,a bird copper keyring,"The copper keyring has a bird worked face, rubbed bearing edges, and a plainly accessible working surface. It represents only the behaviour supplied by its fitted mechanical component."
renaissance_door_common_escutcheon_210,a vine pewter keyhole escutcheon,"The pewter keyhole escutcheon has a vine worked face, rubbed bearing edges, and a plainly accessible working surface. It represents only the behaviour supplied by its fitted mechanical component."
renaissance_door_common_warded_lock_211,a geometric wrought iron warded lock,"The wrought iron warded lock has a geometric worked face, rubbed bearing edges, and a plainly accessible working surface. It represents only the behaviour supplied by its fitted mechanical component."
renaissance_door_common_good_warded_lock_212,a cloud bronze fine warded lock,"The bronze fine warded lock has a cloud worked face, rubbed bearing edges, and a plainly accessible working surface. It represents only the behaviour supplied by its fitted mechanical component."
renaissance_door_common_master_warded_lock_213,a shell brass master warded lock,"The brass master warded lock has a shell worked face, rubbed bearing edges, and a plainly accessible working surface. It represents only the behaviour supplied by its fitted mechanical component."
renaissance_door_common_warded_key_214,a reed copper warded key,"The copper warded key has a reed worked face, rubbed bearing edges, and a plainly accessible working surface. It represents only the behaviour supplied by its fitted mechanical component."
renaissance_door_common_ring_key_215,a rosette pewter ring bow key,"The pewter ring bow key has a rosette worked face, rubbed bearing edges, and a plainly accessible working surface. It represents only the behaviour supplied by its fitted mechanical component."
renaissance_door_common_door_latch_216,a checker wrought iron door latch,"The wrought iron door latch has a checker worked face, rubbed bearing edges, and a plainly accessible working surface. It represents only the behaviour supplied by its fitted mechanical component."
renaissance_door_common_gate_dropbar_217,a braided bronze gate drop bar,"The bronze gate drop bar has a braided worked face, rubbed bearing edges, and a plainly accessible working surface. It represents only the behaviour supplied by its fitted mechanical component."
renaissance_door_common_door_bar_218,a radiating brass door bar,"The brass door bar has a radiating worked face, rubbed bearing edges, and a plainly accessible working surface. It represents only the behaviour supplied by its fitted mechanical component."
renaissance_door_common_portcullis_pawl_219,a leaf-scroll copper winch pawl,"The copper winch pawl has a leaf-scroll worked face, rubbed bearing edges, and a plainly accessible working surface. It represents only the behaviour supplied by its fitted mechanical component."
renaissance_door_common_hasp_220,a sunburst pewter iron hasp,"The pewter iron hasp has a sunburst worked face, rubbed bearing edges, and a plainly accessible working surface. It represents only the behaviour supplied by its fitted mechanical component."
renaissance_door_common_hook_latch_221,a water-wave wrought iron hook latch,"The wrought iron hook latch has a water-wave worked face, rubbed bearing edges, and a plainly accessible working surface. It represents only the behaviour supplied by its fitted mechanical component."
renaissance_door_common_strike_plate_222,a knotted bronze strike plate,"The bronze strike plate has a knotted worked face, rubbed bearing edges, and a plainly accessible working surface. It represents only the behaviour supplied by its fitted mechanical component."
renaissance_door_common_hinge_pair_223,a flower-head brass hinge pair,"The brass hinge pair has a flower-head worked face, rubbed bearing edges, and a plainly accessible working surface. It represents only the behaviour supplied by its fitted mechanical component."
renaissance_door_common_keyring_224,a star copper keyring,"The copper keyring has a star worked face, rubbed bearing edges, and a plainly accessible working surface. It represents only the behaviour supplied by its fitted mechanical component."
renaissance_door_common_escutcheon_225,a bird pewter keyhole escutcheon,"The pewter keyhole escutcheon has a bird worked face, rubbed bearing edges, and a plainly accessible working surface. It represents only the behaviour supplied by its fitted mechanical component."
renaissance_door_common_warded_lock_226,a vine wrought iron warded lock,"The wrought iron warded lock has a vine worked face, rubbed bearing edges, and a plainly accessible working surface. It represents only the behaviour supplied by its fitted mechanical component."
renaissance_door_common_good_warded_lock_227,a geometric bronze fine warded lock,"The bronze fine warded lock has a geometric worked face, rubbed bearing edges, and a plainly accessible working surface. It represents only the behaviour supplied by its fitted mechanical component."
renaissance_door_common_master_warded_lock_228,a cloud brass master warded lock,"The brass master warded lock has a cloud worked face, rubbed bearing edges, and a plainly accessible working surface. It represents only the behaviour supplied by its fitted mechanical component."
renaissance_door_common_warded_key_229,a shell copper warded key,"The copper warded key has a shell worked face, rubbed bearing edges, and a plainly accessible working surface. It represents only the behaviour supplied by its fitted mechanical component."
renaissance_door_common_ring_key_230,a reed pewter ring bow key,"The pewter ring bow key has a reed worked face, rubbed bearing edges, and a plainly accessible working surface. It represents only the behaviour supplied by its fitted mechanical component."
renaissance_door_common_door_latch_231,a rosette wrought iron door latch,"The wrought iron door latch has a rosette worked face, rubbed bearing edges, and a plainly accessible working surface. It represents only the behaviour supplied by its fitted mechanical component."
renaissance_door_common_gate_dropbar_232,a checker bronze gate drop bar,"The bronze gate drop bar has a checker worked face, rubbed bearing edges, and a plainly accessible working surface. It represents only the behaviour supplied by its fitted mechanical component."
renaissance_door_common_door_bar_233,a braided brass door bar,"The brass door bar has a braided worked face, rubbed bearing edges, and a plainly accessible working surface. It represents only the behaviour supplied by its fitted mechanical component."
renaissance_door_common_portcullis_pawl_234,a radiating copper winch pawl,"The copper winch pawl has a radiating worked face, rubbed bearing edges, and a plainly accessible working surface. It represents only the behaviour supplied by its fitted mechanical component."
renaissance_door_common_hasp_235,a leaf-scroll pewter iron hasp,"The pewter iron hasp has a leaf-scroll worked face, rubbed bearing edges, and a plainly accessible working surface. It represents only the behaviour supplied by its fitted mechanical component."
renaissance_door_common_hook_latch_236,a sunburst wrought iron hook latch,"The wrought iron hook latch has a sunburst worked face, rubbed bearing edges, and a plainly accessible working surface. It represents only the behaviour supplied by its fitted mechanical component."
renaissance_door_common_strike_plate_237,a water-wave bronze strike plate,"The bronze strike plate has a water-wave worked face, rubbed bearing edges, and a plainly accessible working surface. It represents only the behaviour supplied by its fitted mechanical component."
renaissance_door_common_hinge_pair_238,a knotted brass hinge pair,"The brass hinge pair has a knotted worked face, rubbed bearing edges, and a plainly accessible working surface. It represents only the behaviour supplied by its fitted mechanical component."
renaissance_door_common_keyring_239,a flower-head copper keyring,"The copper keyring has a flower-head worked face, rubbed bearing edges, and a plainly accessible working surface. It represents only the behaviour supplied by its fitted mechanical component."
renaissance_door_common_escutcheon_240,a star pewter keyhole escutcheon,"The pewter keyhole escutcheon has a star worked face, rubbed bearing edges, and a plainly accessible working surface. It represents only the behaviour supplied by its fitted mechanical component."
renaissance_door_wer_panel_door_01,a rosette teak door leaf,"The teak door leaf is framed with a firm outer rail and a rosette worked face. Its hinge edge, closing edge, and lower corners show the ordinary abrasion of fitting and use."
renaissance_door_wer_braced_door_02,a braided wood braced door,"The wood braced door is framed with a firm outer rail and a braided worked face. Its hinge edge, closing edge, and lower corners show the ordinary abrasion of fitting and use."
renaissance_door_wer_lockable_door_03,a leaf-scroll oak lockable door,"The oak lockable door is framed with a firm outer rail and a leaf-scroll worked face. Its hinge edge, closing edge, and lower corners show the ordinary abrasion of fitting and use."
renaissance_door_wer_secure_door_04,a water-wave pine secure door,"The pine secure door is framed with a firm outer rail and a water-wave worked face. Its hinge edge, closing edge, and lower corners show the ordinary abrasion of fitting and use."
renaissance_door_wer_shutter_05,a flower-head cedar shuttered opening,"The cedar shuttered opening is framed with a firm outer rail and a flower-head worked face. Its hinge edge, closing edge, and lower corners show the ordinary abrasion of fitting and use."
renaissance_door_wer_screen_06,a bird teak screen door,"The teak screen door is framed with a firm outer rail and a bird worked face. Its hinge edge, closing edge, and lower corners show the ordinary abrasion of fitting and use."
renaissance_door_wer_lattice_gate_07,a geometric bronze lattice gate,"The bronze lattice gate is framed with a firm outer rail and a geometric worked face. Its hinge edge, closing edge, and lower corners show the ordinary abrasion of fitting and use."
renaissance_door_wer_courtyard_gate_08,a shell oak courtyard gate,"The oak courtyard gate is framed with a firm outer rail and a shell worked face. Its hinge edge, closing edge, and lower corners show the ordinary abrasion of fitting and use."
renaissance_door_wer_warehouse_gate_09,a rosette cedar warehouse gate,"The cedar warehouse gate is framed with a firm outer rail and a rosette worked face. Its hinge edge, closing edge, and lower corners show the ordinary abrasion of fitting and use."
renaissance_door_wer_garden_gate_10,a braided teak garden gate,"The teak garden gate is framed with a firm outer rail and a braided worked face. Its hinge edge, closing edge, and lower corners show the ordinary abrasion of fitting and use."
renaissance_door_wer_grille_11,a leaf-scroll brass metal grille,"The brass metal grille is framed with a firm outer rail and a leaf-scroll worked face. Its hinge edge, closing edge, and lower corners show the ordinary abrasion of fitting and use."
renaissance_door_wer_barrier_12,a water-wave wrought iron barred barrier,"The wrought iron barred barrier is framed with a firm outer rail and a water-wave worked face. Its hinge edge, closing edge, and lower corners show the ordinary abrasion of fitting and use."
renaissance_door_wer_hatch_13,a flower-head oak service hatch,"The oak service hatch is framed with a firm outer rail and a flower-head worked face. Its hinge edge, closing edge, and lower corners show the ordinary abrasion of fitting and use."
renaissance_door_wer_wicket_14,a bird cedar wicket gate,"The cedar wicket gate is framed with a firm outer rail and a bird worked face. Its hinge edge, closing edge, and lower corners show the ordinary abrasion of fitting and use."
renaissance_door_wer_panel_door_15,a geometric cedar door leaf,"The cedar door leaf is framed with a firm outer rail and a geometric worked face. Its hinge edge, closing edge, and lower corners show the ordinary abrasion of fitting and use."
renaissance_door_wer_braced_door_16,a shell teak braced door,"The teak braced door is framed with a firm outer rail and a shell worked face. Its hinge edge, closing edge, and lower corners show the ordinary abrasion of fitting and use."
renaissance_door_wer_lockable_door_17,a rosette wood lockable door,"The wood lockable door is framed with a firm outer rail and a rosette worked face. Its hinge edge, closing edge, and lower corners show the ordinary abrasion of fitting and use."
renaissance_door_wer_master_warded_lock_18,a cloud brass master warded lock,"The brass master warded lock has a cloud worked face, rubbed bearing edges, and a plainly accessible working surface. It represents only the behaviour supplied by its fitted mechanical component."
renaissance_door_wer_warded_key_19,a shell copper warded key,"The copper warded key has a shell worked face, rubbed bearing edges, and a plainly accessible working surface. It represents only the behaviour supplied by its fitted mechanical component."
renaissance_door_wer_ring_key_20,a reed pewter ring bow key,"The pewter ring bow key has a reed worked face, rubbed bearing edges, and a plainly accessible working surface. It represents only the behaviour supplied by its fitted mechanical component."
renaissance_door_wer_door_latch_21,a rosette wrought iron door latch,"The wrought iron door latch has a rosette worked face, rubbed bearing edges, and a plainly accessible working surface. It represents only the behaviour supplied by its fitted mechanical component."
renaissance_door_wer_gate_dropbar_22,a checker bronze gate drop bar,"The bronze gate drop bar has a checker worked face, rubbed bearing edges, and a plainly accessible working surface. It represents only the behaviour supplied by its fitted mechanical component."
renaissance_door_wer_door_bar_23,a braided brass door bar,"The brass door bar has a braided worked face, rubbed bearing edges, and a plainly accessible working surface. It represents only the behaviour supplied by its fitted mechanical component."
renaissance_door_wer_portcullis_pawl_24,a radiating copper winch pawl,"The copper winch pawl has a radiating worked face, rubbed bearing edges, and a plainly accessible working surface. It represents only the behaviour supplied by its fitted mechanical component."
renaissance_door_wer_hasp_25,a leaf-scroll pewter iron hasp,"The pewter iron hasp has a leaf-scroll worked face, rubbed bearing edges, and a plainly accessible working surface. It represents only the behaviour supplied by its fitted mechanical component."
renaissance_door_wer_hook_latch_26,a sunburst wrought iron hook latch,"The wrought iron hook latch has a sunburst worked face, rubbed bearing edges, and a plainly accessible working surface. It represents only the behaviour supplied by its fitted mechanical component."
renaissance_door_wer_strike_plate_27,a water-wave bronze strike plate,"The bronze strike plate has a water-wave worked face, rubbed bearing edges, and a plainly accessible working surface. It represents only the behaviour supplied by its fitted mechanical component."
renaissance_door_wer_hinge_pair_28,a knotted brass hinge pair,"The brass hinge pair has a knotted worked face, rubbed bearing edges, and a plainly accessible working surface. It represents only the behaviour supplied by its fitted mechanical component."
renaissance_door_iba_panel_door_29,a geometric wood door leaf,"The wood door leaf is framed with a firm outer rail and a geometric worked face. Its hinge edge, closing edge, and lower corners show the ordinary abrasion of fitting and use."
renaissance_door_iba_braced_door_30,a shell oak braced door,"The oak braced door is framed with a firm outer rail and a shell worked face. Its hinge edge, closing edge, and lower corners show the ordinary abrasion of fitting and use."
renaissance_door_iba_lockable_door_31,a rosette pine lockable door,"The pine lockable door is framed with a firm outer rail and a rosette worked face. Its hinge edge, closing edge, and lower corners show the ordinary abrasion of fitting and use."
renaissance_door_iba_secure_door_32,a braided cedar secure door,"The cedar secure door is framed with a firm outer rail and a braided worked face. Its hinge edge, closing edge, and lower corners show the ordinary abrasion of fitting and use."
renaissance_door_iba_shutter_33,a leaf-scroll teak shuttered opening,"The teak shuttered opening is framed with a firm outer rail and a leaf-scroll worked face. Its hinge edge, closing edge, and lower corners show the ordinary abrasion of fitting and use."
renaissance_door_iba_screen_34,a water-wave teak screen door,"The teak screen door is framed with a firm outer rail and a water-wave worked face. Its hinge edge, closing edge, and lower corners show the ordinary abrasion of fitting and use."
renaissance_door_iba_lattice_gate_35,a flower-head oak lattice gate,"The oak lattice gate is framed with a firm outer rail and a flower-head worked face. Its hinge edge, closing edge, and lower corners show the ordinary abrasion of fitting and use."
renaissance_door_iba_courtyard_gate_36,a bird cedar courtyard gate,"The cedar courtyard gate is framed with a firm outer rail and a bird worked face. Its hinge edge, closing edge, and lower corners show the ordinary abrasion of fitting and use."
renaissance_door_iba_warehouse_gate_37,a geometric teak warehouse gate,"The teak warehouse gate is framed with a firm outer rail and a geometric worked face. Its hinge edge, closing edge, and lower corners show the ordinary abrasion of fitting and use."
renaissance_door_iba_garden_gate_38,a shell wrought iron garden gate,"The wrought iron garden gate is framed with a firm outer rail and a shell worked face. Its hinge edge, closing edge, and lower corners show the ordinary abrasion of fitting and use."
renaissance_door_iba_grille_39,a rosette wrought iron metal grille,"The wrought iron metal grille is framed with a firm outer rail and a rosette worked face. Its hinge edge, closing edge, and lower corners show the ordinary abrasion of fitting and use."
renaissance_door_iba_barrier_40,a braided bronze barred barrier,"The bronze barred barrier is framed with a firm outer rail and a braided worked face. Its hinge edge, closing edge, and lower corners show the ordinary abrasion of fitting and use."
renaissance_door_iba_hatch_41,a leaf-scroll pine service hatch,"The pine service hatch is framed with a firm outer rail and a leaf-scroll worked face. Its hinge edge, closing edge, and lower corners show the ordinary abrasion of fitting and use."
renaissance_door_iba_wicket_42,a water-wave teak wicket gate,"The teak wicket gate is framed with a firm outer rail and a water-wave worked face. Its hinge edge, closing edge, and lower corners show the ordinary abrasion of fitting and use."
renaissance_door_iba_panel_door_43,a flower-head teak door leaf,"The teak door leaf is framed with a firm outer rail and a flower-head worked face. Its hinge edge, closing edge, and lower corners show the ordinary abrasion of fitting and use."
renaissance_door_iba_braced_door_44,a bird wood braced door,"The wood braced door is framed with a firm outer rail and a bird worked face. Its hinge edge, closing edge, and lower corners show the ordinary abrasion of fitting and use."
renaissance_door_iba_lockable_door_45,a geometric oak lockable door,"The oak lockable door is framed with a firm outer rail and a geometric worked face. Its hinge edge, closing edge, and lower corners show the ordinary abrasion of fitting and use."
renaissance_door_iba_master_warded_lock_46,a checker wrought iron master warded lock,"The wrought iron master warded lock has a checker worked face, rubbed bearing edges, and a plainly accessible working surface. It represents only the behaviour supplied by its fitted mechanical component."
renaissance_door_iba_warded_key_47,a braided bronze warded key,"The bronze warded key has a braided worked face, rubbed bearing edges, and a plainly accessible working surface. It represents only the behaviour supplied by its fitted mechanical component."
renaissance_door_iba_ring_key_48,a radiating brass ring bow key,"The brass ring bow key has a radiating worked face, rubbed bearing edges, and a plainly accessible working surface. It represents only the behaviour supplied by its fitted mechanical component."
renaissance_door_iba_door_latch_49,a leaf-scroll copper door latch,"The copper door latch has a leaf-scroll worked face, rubbed bearing edges, and a plainly accessible working surface. It represents only the behaviour supplied by its fitted mechanical component."
renaissance_door_iba_gate_dropbar_50,a sunburst pewter gate drop bar,"The pewter gate drop bar has a sunburst worked face, rubbed bearing edges, and a plainly accessible working surface. It represents only the behaviour supplied by its fitted mechanical component."
renaissance_door_iba_door_bar_51,a water-wave wrought iron door bar,"The wrought iron door bar has a water-wave worked face, rubbed bearing edges, and a plainly accessible working surface. It represents only the behaviour supplied by its fitted mechanical component."
renaissance_door_iba_portcullis_pawl_52,a knotted bronze winch pawl,"The bronze winch pawl has a knotted worked face, rubbed bearing edges, and a plainly accessible working surface. It represents only the behaviour supplied by its fitted mechanical component."
renaissance_door_iba_hasp_53,a flower-head brass iron hasp,"The brass iron hasp has a flower-head worked face, rubbed bearing edges, and a plainly accessible working surface. It represents only the behaviour supplied by its fitted mechanical component."
renaissance_door_iba_hook_latch_54,a star copper hook latch,"The copper hook latch has a star worked face, rubbed bearing edges, and a plainly accessible working surface. It represents only the behaviour supplied by its fitted mechanical component."
renaissance_door_iba_strike_plate_55,a bird pewter strike plate,"The pewter strike plate has a bird worked face, rubbed bearing edges, and a plainly accessible working surface. It represents only the behaviour supplied by its fitted mechanical component."
renaissance_door_iba_hinge_pair_56,a vine wrought iron hinge pair,"The wrought iron hinge pair has a vine worked face, rubbed bearing edges, and a plainly accessible working surface. It represents only the behaviour supplied by its fitted mechanical component."
renaissance_door_cen_panel_door_57,a leaf-scroll cedar door leaf,"The cedar door leaf is framed with a firm outer rail and a leaf-scroll worked face. Its hinge edge, closing edge, and lower corners show the ordinary abrasion of fitting and use."
renaissance_door_cen_braced_door_58,a water-wave teak braced door,"The teak braced door is framed with a firm outer rail and a water-wave worked face. Its hinge edge, closing edge, and lower corners show the ordinary abrasion of fitting and use."
renaissance_door_cen_lockable_door_59,a flower-head wood lockable door,"The wood lockable door is framed with a firm outer rail and a flower-head worked face. Its hinge edge, closing edge, and lower corners show the ordinary abrasion of fitting and use."
renaissance_door_cen_secure_door_60,a bird oak secure door,"The oak secure door is framed with a firm outer rail and a bird worked face. Its hinge edge, closing edge, and lower corners show the ordinary abrasion of fitting and use."
renaissance_door_cen_shutter_61,a geometric pine shuttered opening,"The pine shuttered opening is framed with a firm outer rail and a geometric worked face. Its hinge edge, closing edge, and lower corners show the ordinary abrasion of fitting and use."
renaissance_door_cen_screen_62,a shell teak screen door,"The teak screen door is framed with a firm outer rail and a shell worked face. Its hinge edge, closing edge, and lower corners show the ordinary abrasion of fitting and use."
renaissance_door_cen_lattice_gate_63,a rosette wrought iron lattice gate,"The wrought iron lattice gate is framed with a firm outer rail and a rosette worked face. Its hinge edge, closing edge, and lower corners show the ordinary abrasion of fitting and use."
renaissance_door_cen_courtyard_gate_64,a braided bronze courtyard gate,"The bronze courtyard gate is framed with a firm outer rail and a braided worked face. Its hinge edge, closing edge, and lower corners show the ordinary abrasion of fitting and use."
renaissance_door_cen_warehouse_gate_65,a leaf-scroll oak warehouse gate,"The oak warehouse gate is framed with a firm outer rail and a leaf-scroll worked face. Its hinge edge, closing edge, and lower corners show the ordinary abrasion of fitting and use."
renaissance_door_cen_garden_gate_66,a water-wave cedar garden gate,"The cedar garden gate is framed with a firm outer rail and a water-wave worked face. Its hinge edge, closing edge, and lower corners show the ordinary abrasion of fitting and use."
renaissance_door_cen_grille_67,a flower-head bronze metal grille,"The bronze metal grille is framed with a firm outer rail and a flower-head worked face. Its hinge edge, closing edge, and lower corners show the ordinary abrasion of fitting and use."
renaissance_door_cen_barrier_68,a bird brass barred barrier,"The brass barred barrier is framed with a firm outer rail and a bird worked face. Its hinge edge, closing edge, and lower corners show the ordinary abrasion of fitting and use."
renaissance_door_cen_hatch_69,a geometric wood service hatch,"The wood service hatch is framed with a firm outer rail and a geometric worked face. Its hinge edge, closing edge, and lower corners show the ordinary abrasion of fitting and use."
renaissance_door_cen_wicket_70,a shell oak wicket gate,"The oak wicket gate is framed with a firm outer rail and a shell worked face. Its hinge edge, closing edge, and lower corners show the ordinary abrasion of fitting and use."
renaissance_door_cen_panel_door_71,a rosette pine door leaf,"The pine door leaf is framed with a firm outer rail and a rosette worked face. Its hinge edge, closing edge, and lower corners show the ordinary abrasion of fitting and use."
renaissance_door_cen_braced_door_72,a braided cedar braced door,"The cedar braced door is framed with a firm outer rail and a braided worked face. Its hinge edge, closing edge, and lower corners show the ordinary abrasion of fitting and use."
renaissance_door_cen_lockable_door_73,a leaf-scroll teak lockable door,"The teak lockable door is framed with a firm outer rail and a leaf-scroll worked face. Its hinge edge, closing edge, and lower corners show the ordinary abrasion of fitting and use."
renaissance_door_cen_master_warded_lock_74,a cloud copper master warded lock,"The copper master warded lock has a cloud worked face, rubbed bearing edges, and a plainly accessible working surface. It represents only the behaviour supplied by its fitted mechanical component."
renaissance_door_cen_warded_key_75,a shell pewter warded key,"The pewter warded key has a shell worked face, rubbed bearing edges, and a plainly accessible working surface. It represents only the behaviour supplied by its fitted mechanical component."
renaissance_door_cen_ring_key_76,a reed wrought iron ring bow key,"The wrought iron ring bow key has a reed worked face, rubbed bearing edges, and a plainly accessible working surface. It represents only the behaviour supplied by its fitted mechanical component."
renaissance_door_cen_door_latch_77,a rosette bronze door latch,"The bronze door latch has a rosette worked face, rubbed bearing edges, and a plainly accessible working surface. It represents only the behaviour supplied by its fitted mechanical component."
renaissance_door_cen_gate_dropbar_78,a checker brass gate drop bar,"The brass gate drop bar has a checker worked face, rubbed bearing edges, and a plainly accessible working surface. It represents only the behaviour supplied by its fitted mechanical component."
renaissance_door_cen_door_bar_79,a braided copper door bar,"The copper door bar has a braided worked face, rubbed bearing edges, and a plainly accessible working surface. It represents only the behaviour supplied by its fitted mechanical component."
renaissance_door_cen_portcullis_pawl_80,a radiating pewter winch pawl,"The pewter winch pawl has a radiating worked face, rubbed bearing edges, and a plainly accessible working surface. It represents only the behaviour supplied by its fitted mechanical component."
renaissance_door_cen_hasp_81,a leaf-scroll wrought iron iron hasp,"The wrought iron iron hasp has a leaf-scroll worked face, rubbed bearing edges, and a plainly accessible working surface. It represents only the behaviour supplied by its fitted mechanical component."
renaissance_door_cen_hook_latch_82,a sunburst bronze hook latch,"The bronze hook latch has a sunburst worked face, rubbed bearing edges, and a plainly accessible working surface. It represents only the behaviour supplied by its fitted mechanical component."
renaissance_door_cen_strike_plate_83,a water-wave brass strike plate,"The brass strike plate has a water-wave worked face, rubbed bearing edges, and a plainly accessible working surface. It represents only the behaviour supplied by its fitted mechanical component."
renaissance_door_cen_hinge_pair_84,a knotted copper hinge pair,"The copper hinge pair has a knotted worked face, rubbed bearing edges, and a plainly accessible working surface. It represents only the behaviour supplied by its fitted mechanical component."
renaissance_door_nba_panel_door_85,a vine wood door leaf,"The wood door leaf is framed with a firm outer rail and a vine worked face. Its hinge edge, closing edge, and lower corners show the ordinary abrasion of fitting and use."
renaissance_door_nba_braced_door_86,a cloud oak braced door,"The oak braced door is framed with a firm outer rail and a cloud worked face. Its hinge edge, closing edge, and lower corners show the ordinary abrasion of fitting and use."
renaissance_door_nba_lockable_door_87,a reed pine lockable door,"The pine lockable door is framed with a firm outer rail and a reed worked face. Its hinge edge, closing edge, and lower corners show the ordinary abrasion of fitting and use."
renaissance_door_nba_secure_door_88,a checker cedar secure door,"The cedar secure door is framed with a firm outer rail and a checker worked face. Its hinge edge, closing edge, and lower corners show the ordinary abrasion of fitting and use."
renaissance_door_nba_shutter_89,a radiating teak shuttered opening,"The teak shuttered opening is framed with a firm outer rail and a radiating worked face. Its hinge edge, closing edge, and lower corners show the ordinary abrasion of fitting and use."
renaissance_door_nba_screen_90,a sunburst bamboo screen door,"The bamboo screen door is framed with a firm outer rail and a sunburst worked face. Its hinge edge, closing edge, and lower corners show the ordinary abrasion of fitting and use."
renaissance_door_nba_lattice_gate_91,a knotted oak lattice gate,"The oak lattice gate is framed with a firm outer rail and a knotted worked face. Its hinge edge, closing edge, and lower corners show the ordinary abrasion of fitting and use."
renaissance_door_nba_courtyard_gate_92,a star cedar courtyard gate,"The cedar courtyard gate is framed with a firm outer rail and a star worked face. Its hinge edge, closing edge, and lower corners show the ordinary abrasion of fitting and use."
renaissance_door_nba_warehouse_gate_93,a vine teak warehouse gate,"The teak warehouse gate is framed with a firm outer rail and a vine worked face. Its hinge edge, closing edge, and lower corners show the ordinary abrasion of fitting and use."
renaissance_door_nba_garden_gate_94,a cloud wrought iron garden gate,"The wrought iron garden gate is framed with a firm outer rail and a cloud worked face. Its hinge edge, closing edge, and lower corners show the ordinary abrasion of fitting and use."
renaissance_door_nba_grille_95,a reed bronze metal grille,"The bronze metal grille is framed with a firm outer rail and a reed worked face. Its hinge edge, closing edge, and lower corners show the ordinary abrasion of fitting and use."
renaissance_door_nba_barrier_96,a checker brass barred barrier,"The brass barred barrier is framed with a firm outer rail and a checker worked face. Its hinge edge, closing edge, and lower corners show the ordinary abrasion of fitting and use."
renaissance_door_nba_hatch_97,a radiating pine service hatch,"The pine service hatch is framed with a firm outer rail and a radiating worked face. Its hinge edge, closing edge, and lower corners show the ordinary abrasion of fitting and use."
renaissance_door_nba_wicket_98,a sunburst teak wicket gate,"The teak wicket gate is framed with a firm outer rail and a sunburst worked face. Its hinge edge, closing edge, and lower corners show the ordinary abrasion of fitting and use."
renaissance_door_nba_panel_door_99,a knotted teak door leaf,"The teak door leaf is framed with a firm outer rail and a knotted worked face. Its hinge edge, closing edge, and lower corners show the ordinary abrasion of fitting and use."
renaissance_door_nba_braced_door_100,a star wood braced door,"The wood braced door is framed with a firm outer rail and a star worked face. Its hinge edge, closing edge, and lower corners show the ordinary abrasion of fitting and use."
renaissance_door_nba_lockable_door_101,a vine oak lockable door,"The oak lockable door is framed with a firm outer rail and a vine worked face. Its hinge edge, closing edge, and lower corners show the ordinary abrasion of fitting and use."
renaissance_door_nba_master_warded_lock_102,a knotted bronze master warded lock,"The bronze master warded lock has a knotted worked face, rubbed bearing edges, and a plainly accessible working surface. It represents only the behaviour supplied by its fitted mechanical component."
renaissance_door_nba_warded_key_103,a flower-head brass warded key,"The brass warded key has a flower-head worked face, rubbed bearing edges, and a plainly accessible working surface. It represents only the behaviour supplied by its fitted mechanical component."
renaissance_door_nba_ring_key_104,a star copper ring bow key,"The copper ring bow key has a star worked face, rubbed bearing edges, and a plainly accessible working surface. It represents only the behaviour supplied by its fitted mechanical component."
renaissance_door_nba_door_latch_105,a bird pewter door latch,"The pewter door latch has a bird worked face, rubbed bearing edges, and a plainly accessible working surface. It represents only the behaviour supplied by its fitted mechanical component."
renaissance_door_nba_gate_dropbar_106,a vine wrought iron gate drop bar,"The wrought iron gate drop bar has a vine worked face, rubbed bearing edges, and a plainly accessible working surface. It represents only the behaviour supplied by its fitted mechanical component."
renaissance_door_nba_door_bar_107,a geometric bronze door bar,"The bronze door bar has a geometric worked face, rubbed bearing edges, and a plainly accessible working surface. It represents only the behaviour supplied by its fitted mechanical component."
renaissance_door_nba_portcullis_pawl_108,a cloud brass winch pawl,"The brass winch pawl has a cloud worked face, rubbed bearing edges, and a plainly accessible working surface. It represents only the behaviour supplied by its fitted mechanical component."
renaissance_door_nba_hasp_109,a shell copper iron hasp,"The copper iron hasp has a shell worked face, rubbed bearing edges, and a plainly accessible working surface. It represents only the behaviour supplied by its fitted mechanical component."
renaissance_door_nba_hook_latch_110,a reed pewter hook latch,"The pewter hook latch has a reed worked face, rubbed bearing edges, and a plainly accessible working surface. It represents only the behaviour supplied by its fitted mechanical component."
renaissance_door_nba_strike_plate_111,a rosette wrought iron strike plate,"The wrought iron strike plate has a rosette worked face, rubbed bearing edges, and a plainly accessible working surface. It represents only the behaviour supplied by its fitted mechanical component."
renaissance_door_nba_hinge_pair_112,a checker bronze hinge pair,"The bronze hinge pair has a checker worked face, rubbed bearing edges, and a plainly accessible working surface. It represents only the behaviour supplied by its fitted mechanical component."
renaissance_door_cef_panel_door_113,a geometric pine door leaf,"The pine door leaf is framed with a firm outer rail and a geometric worked face. Its hinge edge, closing edge, and lower corners show the ordinary abrasion of fitting and use."
renaissance_door_cef_braced_door_114,a shell cedar braced door,"The cedar braced door is framed with a firm outer rail and a shell worked face. Its hinge edge, closing edge, and lower corners show the ordinary abrasion of fitting and use."
renaissance_door_cef_lockable_door_115,a rosette teak lockable door,"The teak lockable door is framed with a firm outer rail and a rosette worked face. Its hinge edge, closing edge, and lower corners show the ordinary abrasion of fitting and use."
renaissance_door_cef_secure_door_116,a braided wood secure door,"The wood secure door is framed with a firm outer rail and a braided worked face. Its hinge edge, closing edge, and lower corners show the ordinary abrasion of fitting and use."
renaissance_door_cef_shutter_117,a leaf-scroll oak shuttered opening,"The oak shuttered opening is framed with a firm outer rail and a leaf-scroll worked face. Its hinge edge, closing edge, and lower corners show the ordinary abrasion of fitting and use."
renaissance_door_cef_screen_118,a water-wave teak screen door,"The teak screen door is framed with a firm outer rail and a water-wave worked face. Its hinge edge, closing edge, and lower corners show the ordinary abrasion of fitting and use."
renaissance_door_cef_lattice_gate_119,a flower-head teak lattice gate,"The teak lattice gate is framed with a firm outer rail and a flower-head worked face. Its hinge edge, closing edge, and lower corners show the ordinary abrasion of fitting and use."
renaissance_door_cef_courtyard_gate_120,a bird wrought iron courtyard gate,"The wrought iron courtyard gate is framed with a firm outer rail and a bird worked face. Its hinge edge, closing edge, and lower corners show the ordinary abrasion of fitting and use."
renaissance_door_cef_warehouse_gate_121,a geometric bronze warehouse gate,"The bronze warehouse gate is framed with a firm outer rail and a geometric worked face. Its hinge edge, closing edge, and lower corners show the ordinary abrasion of fitting and use."
renaissance_door_cef_garden_gate_122,a shell oak garden gate,"The oak garden gate is framed with a firm outer rail and a shell worked face. Its hinge edge, closing edge, and lower corners show the ordinary abrasion of fitting and use."
renaissance_door_cef_grille_123,a rosette brass metal grille,"The brass metal grille is framed with a firm outer rail and a rosette worked face. Its hinge edge, closing edge, and lower corners show the ordinary abrasion of fitting and use."
renaissance_door_cef_barrier_124,a braided wrought iron barred barrier,"The wrought iron barred barrier is framed with a firm outer rail and a braided worked face. Its hinge edge, closing edge, and lower corners show the ordinary abrasion of fitting and use."
renaissance_door_cef_hatch_125,a leaf-scroll teak service hatch,"The teak service hatch is framed with a firm outer rail and a leaf-scroll worked face. Its hinge edge, closing edge, and lower corners show the ordinary abrasion of fitting and use."
renaissance_door_cef_wicket_126,a water-wave bronze wicket gate,"The bronze wicket gate is framed with a firm outer rail and a water-wave worked face. Its hinge edge, closing edge, and lower corners show the ordinary abrasion of fitting and use."
renaissance_door_cef_panel_door_127,a flower-head oak door leaf,"The oak door leaf is framed with a firm outer rail and a flower-head worked face. Its hinge edge, closing edge, and lower corners show the ordinary abrasion of fitting and use."
renaissance_door_cef_braced_door_128,a bird pine braced door,"The pine braced door is framed with a firm outer rail and a bird worked face. Its hinge edge, closing edge, and lower corners show the ordinary abrasion of fitting and use."
renaissance_door_cef_lockable_door_129,a geometric cedar lockable door,"The cedar lockable door is framed with a firm outer rail and a geometric worked face. Its hinge edge, closing edge, and lower corners show the ordinary abrasion of fitting and use."
renaissance_door_cef_master_warded_lock_130,a sunburst pewter master warded lock,"The pewter master warded lock has a sunburst worked face, rubbed bearing edges, and a plainly accessible working surface. It represents only the behaviour supplied by its fitted mechanical component."
renaissance_door_cef_warded_key_131,a water-wave wrought iron warded key,"The wrought iron warded key has a water-wave worked face, rubbed bearing edges, and a plainly accessible working surface. It represents only the behaviour supplied by its fitted mechanical component."
renaissance_door_cef_ring_key_132,a knotted bronze ring bow key,"The bronze ring bow key has a knotted worked face, rubbed bearing edges, and a plainly accessible working surface. It represents only the behaviour supplied by its fitted mechanical component."
renaissance_door_cef_door_latch_133,a flower-head brass door latch,"The brass door latch has a flower-head worked face, rubbed bearing edges, and a plainly accessible working surface. It represents only the behaviour supplied by its fitted mechanical component."
renaissance_door_cef_gate_dropbar_134,a star copper gate drop bar,"The copper gate drop bar has a star worked face, rubbed bearing edges, and a plainly accessible working surface. It represents only the behaviour supplied by its fitted mechanical component."
renaissance_door_cef_door_bar_135,a bird pewter door bar,"The pewter door bar has a bird worked face, rubbed bearing edges, and a plainly accessible working surface. It represents only the behaviour supplied by its fitted mechanical component."
renaissance_door_cef_portcullis_pawl_136,a vine wrought iron winch pawl,"The wrought iron winch pawl has a vine worked face, rubbed bearing edges, and a plainly accessible working surface. It represents only the behaviour supplied by its fitted mechanical component."
renaissance_door_cef_hasp_137,a geometric bronze iron hasp,"The bronze iron hasp has a geometric worked face, rubbed bearing edges, and a plainly accessible working surface. It represents only the behaviour supplied by its fitted mechanical component."
renaissance_door_cef_hook_latch_138,a cloud brass hook latch,"The brass hook latch has a cloud worked face, rubbed bearing edges, and a plainly accessible working surface. It represents only the behaviour supplied by its fitted mechanical component."
renaissance_door_cef_strike_plate_139,a shell copper strike plate,"The copper strike plate has a shell worked face, rubbed bearing edges, and a plainly accessible working surface. It represents only the behaviour supplied by its fitted mechanical component."
renaissance_door_cef_hinge_pair_140,a reed pewter hinge pair,"The pewter hinge pair has a reed worked face, rubbed bearing edges, and a plainly accessible working surface. It represents only the behaviour supplied by its fitted mechanical component."
renaissance_door_eon_panel_door_141,a sunburst oak door leaf,"The oak door leaf is framed with a firm outer rail and a sunburst worked face. Its hinge edge, closing edge, and lower corners show the ordinary abrasion of fitting and use."
renaissance_door_eon_braced_door_142,a knotted pine braced door,"The pine braced door is framed with a firm outer rail and a knotted worked face. Its hinge edge, closing edge, and lower corners show the ordinary abrasion of fitting and use."
renaissance_door_eon_lockable_door_143,a star cedar lockable door,"The cedar lockable door is framed with a firm outer rail and a star worked face. Its hinge edge, closing edge, and lower corners show the ordinary abrasion of fitting and use."
renaissance_door_eon_secure_door_144,a vine teak secure door,"The teak secure door is framed with a firm outer rail and a vine worked face. Its hinge edge, closing edge, and lower corners show the ordinary abrasion of fitting and use."
renaissance_door_eon_shutter_145,a cloud wood shuttered opening,"The wood shuttered opening is framed with a firm outer rail and a cloud worked face. Its hinge edge, closing edge, and lower corners show the ordinary abrasion of fitting and use."
renaissance_door_eon_screen_146,a reed cedar screen door,"The cedar screen door is framed with a firm outer rail and a reed worked face. Its hinge edge, closing edge, and lower corners show the ordinary abrasion of fitting and use."
renaissance_door_eon_lattice_gate_147,a checker cedar lattice gate,"The cedar lattice gate is framed with a firm outer rail and a checker worked face. Its hinge edge, closing edge, and lower corners show the ordinary abrasion of fitting and use."
renaissance_door_eon_courtyard_gate_148,a radiating teak courtyard gate,"The teak courtyard gate is framed with a firm outer rail and a radiating worked face. Its hinge edge, closing edge, and lower corners show the ordinary abrasion of fitting and use."
renaissance_door_eon_warehouse_gate_149,a sunburst wrought iron warehouse gate,"The wrought iron warehouse gate is framed with a firm outer rail and a sunburst worked face. Its hinge edge, closing edge, and lower corners show the ordinary abrasion of fitting and use."
renaissance_door_eon_garden_gate_150,a knotted bronze garden gate,"The bronze garden gate is framed with a firm outer rail and a knotted worked face. Its hinge edge, closing edge, and lower corners show the ordinary abrasion of fitting and use."
renaissance_door_eon_grille_151,a star bronze metal grille,"The bronze metal grille is framed with a firm outer rail and a star worked face. Its hinge edge, closing edge, and lower corners show the ordinary abrasion of fitting and use."
renaissance_door_eon_barrier_152,a vine brass barred barrier,"The brass barred barrier is framed with a firm outer rail and a vine worked face. Its hinge edge, closing edge, and lower corners show the ordinary abrasion of fitting and use."
renaissance_door_eon_hatch_153,a cloud cedar service hatch,"The cedar service hatch is framed with a firm outer rail and a cloud worked face. Its hinge edge, closing edge, and lower corners show the ordinary abrasion of fitting and use."
renaissance_door_eon_wicket_154,a reed wrought iron wicket gate,"The wrought iron wicket gate is framed with a firm outer rail and a reed worked face. Its hinge edge, closing edge, and lower corners show the ordinary abrasion of fitting and use."
renaissance_door_eon_panel_door_155,a checker wood door leaf,"The wood door leaf is framed with a firm outer rail and a checker worked face. Its hinge edge, closing edge, and lower corners show the ordinary abrasion of fitting and use."
renaissance_door_eon_braced_door_156,a radiating oak braced door,"The oak braced door is framed with a firm outer rail and a radiating worked face. Its hinge edge, closing edge, and lower corners show the ordinary abrasion of fitting and use."
renaissance_door_eon_lockable_door_157,a sunburst pine lockable door,"The pine lockable door is framed with a firm outer rail and a sunburst worked face. Its hinge edge, closing edge, and lower corners show the ordinary abrasion of fitting and use."
renaissance_door_eon_master_warded_lock_158,a radiating brass master warded lock,"The brass master warded lock has a radiating worked face, rubbed bearing edges, and a plainly accessible working surface. It represents only the behaviour supplied by its fitted mechanical component."
renaissance_door_eon_warded_key_159,a leaf-scroll copper warded key,"The copper warded key has a leaf-scroll worked face, rubbed bearing edges, and a plainly accessible working surface. It represents only the behaviour supplied by its fitted mechanical component."
renaissance_door_eon_ring_key_160,a sunburst pewter ring bow key,"The pewter ring bow key has a sunburst worked face, rubbed bearing edges, and a plainly accessible working surface. It represents only the behaviour supplied by its fitted mechanical component."
renaissance_door_eon_door_latch_161,a water-wave wrought iron door latch,"The wrought iron door latch has a water-wave worked face, rubbed bearing edges, and a plainly accessible working surface. It represents only the behaviour supplied by its fitted mechanical component."
renaissance_door_eon_gate_dropbar_162,a knotted bronze gate drop bar,"The bronze gate drop bar has a knotted worked face, rubbed bearing edges, and a plainly accessible working surface. It represents only the behaviour supplied by its fitted mechanical component."
renaissance_door_eon_door_bar_163,a flower-head brass door bar,"The brass door bar has a flower-head worked face, rubbed bearing edges, and a plainly accessible working surface. It represents only the behaviour supplied by its fitted mechanical component."
renaissance_door_eon_portcullis_pawl_164,a star copper winch pawl,"The copper winch pawl has a star worked face, rubbed bearing edges, and a plainly accessible working surface. It represents only the behaviour supplied by its fitted mechanical component."
renaissance_door_eon_hasp_165,a bird pewter iron hasp,"The pewter iron hasp has a bird worked face, rubbed bearing edges, and a plainly accessible working surface. It represents only the behaviour supplied by its fitted mechanical component."
renaissance_door_eon_hook_latch_166,a vine wrought iron hook latch,"The wrought iron hook latch has a vine worked face, rubbed bearing edges, and a plainly accessible working surface. It represents only the behaviour supplied by its fitted mechanical component."
renaissance_door_eon_strike_plate_167,a geometric bronze strike plate,"The bronze strike plate has a geometric worked face, rubbed bearing edges, and a plainly accessible working surface. It represents only the behaviour supplied by its fitted mechanical component."
renaissance_door_eon_hinge_pair_168,a cloud brass hinge pair,"The brass hinge pair has a cloud worked face, rubbed bearing edges, and a plainly accessible working surface. It represents only the behaviour supplied by its fitted mechanical component."
renaissance_door_ott_panel_door_169,a water-wave pine door leaf,"The pine door leaf is framed with a firm outer rail and a water-wave worked face. Its hinge edge, closing edge, and lower corners show the ordinary abrasion of fitting and use."
renaissance_door_ott_braced_door_170,a flower-head cedar braced door,"The cedar braced door is framed with a firm outer rail and a flower-head worked face. Its hinge edge, closing edge, and lower corners show the ordinary abrasion of fitting and use."
renaissance_door_ott_lockable_door_171,a bird teak lockable door,"The teak lockable door is framed with a firm outer rail and a bird worked face. Its hinge edge, closing edge, and lower corners show the ordinary abrasion of fitting and use."
renaissance_door_ott_secure_door_172,a geometric wood secure door,"The wood secure door is framed with a firm outer rail and a geometric worked face. Its hinge edge, closing edge, and lower corners show the ordinary abrasion of fitting and use."
renaissance_door_ott_shutter_173,a shell oak shuttered opening,"The oak shuttered opening is framed with a firm outer rail and a shell worked face. Its hinge edge, closing edge, and lower corners show the ordinary abrasion of fitting and use."
renaissance_door_ott_screen_174,a rosette wood screen door,"The wood screen door is framed with a firm outer rail and a rosette worked face. Its hinge edge, closing edge, and lower corners show the ordinary abrasion of fitting and use."
renaissance_door_ott_lattice_gate_175,a braided teak lattice gate,"The teak lattice gate is framed with a firm outer rail and a braided worked face. Its hinge edge, closing edge, and lower corners show the ordinary abrasion of fitting and use."
renaissance_door_ott_courtyard_gate_176,a leaf-scroll wrought iron courtyard gate,"The wrought iron courtyard gate is framed with a firm outer rail and a leaf-scroll worked face. Its hinge edge, closing edge, and lower corners show the ordinary abrasion of fitting and use."
renaissance_door_ott_warehouse_gate_177,a water-wave bronze warehouse gate,"The bronze warehouse gate is framed with a firm outer rail and a water-wave worked face. Its hinge edge, closing edge, and lower corners show the ordinary abrasion of fitting and use."
renaissance_door_ott_garden_gate_178,a flower-head oak garden gate,"The oak garden gate is framed with a firm outer rail and a flower-head worked face. Its hinge edge, closing edge, and lower corners show the ordinary abrasion of fitting and use."
renaissance_door_ott_grille_179,a bird bronze metal grille,"The bronze metal grille is framed with a firm outer rail and a bird worked face. Its hinge edge, closing edge, and lower corners show the ordinary abrasion of fitting and use."
renaissance_door_ott_barrier_180,a geometric brass barred barrier,"The brass barred barrier is framed with a firm outer rail and a geometric worked face. Its hinge edge, closing edge, and lower corners show the ordinary abrasion of fitting and use."
renaissance_door_ott_hatch_181,a shell teak service hatch,"The teak service hatch is framed with a firm outer rail and a shell worked face. Its hinge edge, closing edge, and lower corners show the ordinary abrasion of fitting and use."
renaissance_door_ott_wicket_182,a rosette bronze wicket gate,"The bronze wicket gate is framed with a firm outer rail and a rosette worked face. Its hinge edge, closing edge, and lower corners show the ordinary abrasion of fitting and use."
renaissance_door_ott_panel_door_183,a braided oak door leaf,"The oak door leaf is framed with a firm outer rail and a braided worked face. Its hinge edge, closing edge, and lower corners show the ordinary abrasion of fitting and use."
renaissance_door_ott_braced_door_184,a leaf-scroll pine braced door,"The pine braced door is framed with a firm outer rail and a leaf-scroll worked face. Its hinge edge, closing edge, and lower corners show the ordinary abrasion of fitting and use."
renaissance_door_ott_lockable_door_185,a water-wave cedar lockable door,"The cedar lockable door is framed with a firm outer rail and a water-wave worked face. Its hinge edge, closing edge, and lower corners show the ordinary abrasion of fitting and use."
renaissance_door_ott_master_warded_lock_186,a checker wrought iron master warded lock,"The wrought iron master warded lock has a checker worked face, rubbed bearing edges, and a plainly accessible working surface. It represents only the behaviour supplied by its fitted mechanical component."
renaissance_door_ott_warded_key_187,a braided bronze warded key,"The bronze warded key has a braided worked face, rubbed bearing edges, and a plainly accessible working surface. It represents only the behaviour supplied by its fitted mechanical component."
renaissance_door_ott_ring_key_188,a radiating brass ring bow key,"The brass ring bow key has a radiating worked face, rubbed bearing edges, and a plainly accessible working surface. It represents only the behaviour supplied by its fitted mechanical component."
renaissance_door_ott_door_latch_189,a leaf-scroll copper door latch,"The copper door latch has a leaf-scroll worked face, rubbed bearing edges, and a plainly accessible working surface. It represents only the behaviour supplied by its fitted mechanical component."
renaissance_door_ott_gate_dropbar_190,a sunburst pewter gate drop bar,"The pewter gate drop bar has a sunburst worked face, rubbed bearing edges, and a plainly accessible working surface. It represents only the behaviour supplied by its fitted mechanical component."
renaissance_door_ott_door_bar_191,a water-wave wrought iron door bar,"The wrought iron door bar has a water-wave worked face, rubbed bearing edges, and a plainly accessible working surface. It represents only the behaviour supplied by its fitted mechanical component."
renaissance_door_ott_portcullis_pawl_192,a knotted bronze winch pawl,"The bronze winch pawl has a knotted worked face, rubbed bearing edges, and a plainly accessible working surface. It represents only the behaviour supplied by its fitted mechanical component."
renaissance_door_ott_hasp_193,a flower-head brass iron hasp,"The brass iron hasp has a flower-head worked face, rubbed bearing edges, and a plainly accessible working surface. It represents only the behaviour supplied by its fitted mechanical component."
renaissance_door_ott_hook_latch_194,a star copper hook latch,"The copper hook latch has a star worked face, rubbed bearing edges, and a plainly accessible working surface. It represents only the behaviour supplied by its fitted mechanical component."
renaissance_door_ott_strike_plate_195,a bird pewter strike plate,"The pewter strike plate has a bird worked face, rubbed bearing edges, and a plainly accessible working surface. It represents only the behaviour supplied by its fitted mechanical component."
renaissance_door_ott_hinge_pair_196,a vine wrought iron hinge pair,"The wrought iron hinge pair has a vine worked face, rubbed bearing edges, and a plainly accessible working surface. It represents only the behaviour supplied by its fitted mechanical component."
renaissance_door_pip_panel_door_197,a radiating wood door leaf,"The wood door leaf is framed with a firm outer rail and a radiating worked face. Its hinge edge, closing edge, and lower corners show the ordinary abrasion of fitting and use."
renaissance_door_pip_braced_door_198,a sunburst oak braced door,"The oak braced door is framed with a firm outer rail and a sunburst worked face. Its hinge edge, closing edge, and lower corners show the ordinary abrasion of fitting and use."
renaissance_door_pip_lockable_door_199,a knotted pine lockable door,"The pine lockable door is framed with a firm outer rail and a knotted worked face. Its hinge edge, closing edge, and lower corners show the ordinary abrasion of fitting and use."
renaissance_door_pip_secure_door_200,a star cedar secure door,"The cedar secure door is framed with a firm outer rail and a star worked face. Its hinge edge, closing edge, and lower corners show the ordinary abrasion of fitting and use."
renaissance_door_pip_shutter_201,a vine teak shuttered opening,"The teak shuttered opening is framed with a firm outer rail and a vine worked face. Its hinge edge, closing edge, and lower corners show the ordinary abrasion of fitting and use."
renaissance_door_pip_screen_202,a cloud bamboo screen door,"The bamboo screen door is framed with a firm outer rail and a cloud worked face. Its hinge edge, closing edge, and lower corners show the ordinary abrasion of fitting and use."
renaissance_door_pip_lattice_gate_203,a reed oak lattice gate,"The oak lattice gate is framed with a firm outer rail and a reed worked face. Its hinge edge, closing edge, and lower corners show the ordinary abrasion of fitting and use."
renaissance_door_pip_courtyard_gate_204,a checker cedar courtyard gate,"The cedar courtyard gate is framed with a firm outer rail and a checker worked face. Its hinge edge, closing edge, and lower corners show the ordinary abrasion of fitting and use."
renaissance_door_pip_warehouse_gate_205,a radiating teak warehouse gate,"The teak warehouse gate is framed with a firm outer rail and a radiating worked face. Its hinge edge, closing edge, and lower corners show the ordinary abrasion of fitting and use."
renaissance_door_pip_garden_gate_206,a sunburst wrought iron garden gate,"The wrought iron garden gate is framed with a firm outer rail and a sunburst worked face. Its hinge edge, closing edge, and lower corners show the ordinary abrasion of fitting and use."
renaissance_door_pip_grille_207,a knotted bronze metal grille,"The bronze metal grille is framed with a firm outer rail and a knotted worked face. Its hinge edge, closing edge, and lower corners show the ordinary abrasion of fitting and use."
renaissance_door_pip_barrier_208,a star brass barred barrier,"The brass barred barrier is framed with a firm outer rail and a star worked face. Its hinge edge, closing edge, and lower corners show the ordinary abrasion of fitting and use."
renaissance_door_pip_hatch_209,a vine pine service hatch,"The pine service hatch is framed with a firm outer rail and a vine worked face. Its hinge edge, closing edge, and lower corners show the ordinary abrasion of fitting and use."
renaissance_door_pip_wicket_210,a cloud teak wicket gate,"The teak wicket gate is framed with a firm outer rail and a cloud worked face. Its hinge edge, closing edge, and lower corners show the ordinary abrasion of fitting and use."
renaissance_door_pip_panel_door_211,a reed teak door leaf,"The teak door leaf is framed with a firm outer rail and a reed worked face. Its hinge edge, closing edge, and lower corners show the ordinary abrasion of fitting and use."
renaissance_door_pip_braced_door_212,a checker wood braced door,"The wood braced door is framed with a firm outer rail and a checker worked face. Its hinge edge, closing edge, and lower corners show the ordinary abrasion of fitting and use."
renaissance_door_pip_lockable_door_213,a radiating oak lockable door,"The oak lockable door is framed with a firm outer rail and a radiating worked face. Its hinge edge, closing edge, and lower corners show the ordinary abrasion of fitting and use."
renaissance_door_pip_master_warded_lock_214,a knotted copper master warded lock,"The copper master warded lock has a knotted worked face, rubbed bearing edges, and a plainly accessible working surface. It represents only the behaviour supplied by its fitted mechanical component."
renaissance_door_pip_warded_key_215,a flower-head pewter warded key,"The pewter warded key has a flower-head worked face, rubbed bearing edges, and a plainly accessible working surface. It represents only the behaviour supplied by its fitted mechanical component."
renaissance_door_pip_ring_key_216,a star wrought iron ring bow key,"The wrought iron ring bow key has a star worked face, rubbed bearing edges, and a plainly accessible working surface. It represents only the behaviour supplied by its fitted mechanical component."
renaissance_door_pip_door_latch_217,a bird bronze door latch,"The bronze door latch has a bird worked face, rubbed bearing edges, and a plainly accessible working surface. It represents only the behaviour supplied by its fitted mechanical component."
renaissance_door_pip_gate_dropbar_218,a vine brass gate drop bar,"The brass gate drop bar has a vine worked face, rubbed bearing edges, and a plainly accessible working surface. It represents only the behaviour supplied by its fitted mechanical component."
renaissance_door_pip_door_bar_219,a geometric copper door bar,"The copper door bar has a geometric worked face, rubbed bearing edges, and a plainly accessible working surface. It represents only the behaviour supplied by its fitted mechanical component."
renaissance_door_pip_portcullis_pawl_220,a cloud pewter winch pawl,"The pewter winch pawl has a cloud worked face, rubbed bearing edges, and a plainly accessible working surface. It represents only the behaviour supplied by its fitted mechanical component."
renaissance_door_pip_hasp_221,a shell wrought iron iron hasp,"The wrought iron iron hasp has a shell worked face, rubbed bearing edges, and a plainly accessible working surface. It represents only the behaviour supplied by its fitted mechanical component."
renaissance_door_pip_hook_latch_222,a reed bronze hook latch,"The bronze hook latch has a reed worked face, rubbed bearing edges, and a plainly accessible working surface. It represents only the behaviour supplied by its fitted mechanical component."
renaissance_door_pip_strike_plate_223,a rosette brass strike plate,"The brass strike plate has a rosette worked face, rubbed bearing edges, and a plainly accessible working surface. It represents only the behaviour supplied by its fitted mechanical component."
renaissance_door_pip_hinge_pair_224,a checker copper hinge pair,"The copper hinge pair has a checker worked face, rubbed bearing edges, and a plainly accessible working surface. It represents only the behaviour supplied by its fitted mechanical component."
renaissance_door_sas_panel_door_225,a reed oak door leaf,"The oak door leaf is framed with a firm outer rail and a reed worked face. Its hinge edge, closing edge, and lower corners show the ordinary abrasion of fitting and use."
renaissance_door_sas_braced_door_226,a checker pine braced door,"The pine braced door is framed with a firm outer rail and a checker worked face. Its hinge edge, closing edge, and lower corners show the ordinary abrasion of fitting and use."
renaissance_door_sas_lockable_door_227,a radiating cedar lockable door,"The cedar lockable door is framed with a firm outer rail and a radiating worked face. Its hinge edge, closing edge, and lower corners show the ordinary abrasion of fitting and use."
renaissance_door_sas_secure_door_228,a sunburst teak secure door,"The teak secure door is framed with a firm outer rail and a sunburst worked face. Its hinge edge, closing edge, and lower corners show the ordinary abrasion of fitting and use."
renaissance_door_sas_shutter_229,a knotted wood shuttered opening,"The wood shuttered opening is framed with a firm outer rail and a knotted worked face. Its hinge edge, closing edge, and lower corners show the ordinary abrasion of fitting and use."
renaissance_door_sas_screen_230,a star bamboo screen door,"The bamboo screen door is framed with a firm outer rail and a star worked face. Its hinge edge, closing edge, and lower corners show the ordinary abrasion of fitting and use."
renaissance_door_sas_lattice_gate_231,a vine cedar lattice gate,"The cedar lattice gate is framed with a firm outer rail and a vine worked face. Its hinge edge, closing edge, and lower corners show the ordinary abrasion of fitting and use."
renaissance_door_sas_courtyard_gate_232,a cloud teak courtyard gate,"The teak courtyard gate is framed with a firm outer rail and a cloud worked face. Its hinge edge, closing edge, and lower corners show the ordinary abrasion of fitting and use."
renaissance_door_sas_warehouse_gate_233,a reed wrought iron warehouse gate,"The wrought iron warehouse gate is framed with a firm outer rail and a reed worked face. Its hinge edge, closing edge, and lower corners show the ordinary abrasion of fitting and use."
renaissance_door_sas_garden_gate_234,a checker bronze garden gate,"The bronze garden gate is framed with a firm outer rail and a checker worked face. Its hinge edge, closing edge, and lower corners show the ordinary abrasion of fitting and use."
renaissance_door_sas_grille_235,a radiating brass metal grille,"The brass metal grille is framed with a firm outer rail and a radiating worked face. Its hinge edge, closing edge, and lower corners show the ordinary abrasion of fitting and use."
renaissance_door_sas_barrier_236,a sunburst wrought iron barred barrier,"The wrought iron barred barrier is framed with a firm outer rail and a sunburst worked face. Its hinge edge, closing edge, and lower corners show the ordinary abrasion of fitting and use."
renaissance_door_sas_hatch_237,a knotted cedar service hatch,"The cedar service hatch is framed with a firm outer rail and a knotted worked face. Its hinge edge, closing edge, and lower corners show the ordinary abrasion of fitting and use."
renaissance_door_sas_wicket_238,a star wrought iron wicket gate,"The wrought iron wicket gate is framed with a firm outer rail and a star worked face. Its hinge edge, closing edge, and lower corners show the ordinary abrasion of fitting and use."
renaissance_door_sas_panel_door_239,a vine wood door leaf,"The wood door leaf is framed with a firm outer rail and a vine worked face. Its hinge edge, closing edge, and lower corners show the ordinary abrasion of fitting and use."
renaissance_door_sas_braced_door_240,a cloud oak braced door,"The oak braced door is framed with a firm outer rail and a cloud worked face. Its hinge edge, closing edge, and lower corners show the ordinary abrasion of fitting and use."
renaissance_door_sas_lockable_door_241,a reed pine lockable door,"The pine lockable door is framed with a firm outer rail and a reed worked face. Its hinge edge, closing edge, and lower corners show the ordinary abrasion of fitting and use."
renaissance_door_sas_master_warded_lock_242,a vine bronze master warded lock,"The bronze master warded lock has a vine worked face, rubbed bearing edges, and a plainly accessible working surface. It represents only the behaviour supplied by its fitted mechanical component."
renaissance_door_sas_warded_key_243,a geometric brass warded key,"The brass warded key has a geometric worked face, rubbed bearing edges, and a plainly accessible working surface. It represents only the behaviour supplied by its fitted mechanical component."
renaissance_door_sas_ring_key_244,a cloud copper ring bow key,"The copper ring bow key has a cloud worked face, rubbed bearing edges, and a plainly accessible working surface. It represents only the behaviour supplied by its fitted mechanical component."
renaissance_door_sas_door_latch_245,a shell pewter door latch,"The pewter door latch has a shell worked face, rubbed bearing edges, and a plainly accessible working surface. It represents only the behaviour supplied by its fitted mechanical component."
renaissance_door_sas_gate_dropbar_246,a reed wrought iron gate drop bar,"The wrought iron gate drop bar has a reed worked face, rubbed bearing edges, and a plainly accessible working surface. It represents only the behaviour supplied by its fitted mechanical component."
renaissance_door_sas_door_bar_247,a rosette bronze door bar,"The bronze door bar has a rosette worked face, rubbed bearing edges, and a plainly accessible working surface. It represents only the behaviour supplied by its fitted mechanical component."
renaissance_door_sas_portcullis_pawl_248,a checker brass winch pawl,"The brass winch pawl has a checker worked face, rubbed bearing edges, and a plainly accessible working surface. It represents only the behaviour supplied by its fitted mechanical component."
renaissance_door_sas_hasp_249,a braided copper iron hasp,"The copper iron hasp has a braided worked face, rubbed bearing edges, and a plainly accessible working surface. It represents only the behaviour supplied by its fitted mechanical component."
renaissance_door_sas_hook_latch_250,a radiating pewter hook latch,"The pewter hook latch has a radiating worked face, rubbed bearing edges, and a plainly accessible working surface. It represents only the behaviour supplied by its fitted mechanical component."
renaissance_door_sas_strike_plate_251,a leaf-scroll wrought iron strike plate,"The wrought iron strike plate has a leaf-scroll worked face, rubbed bearing edges, and a plainly accessible working surface. It represents only the behaviour supplied by its fitted mechanical component."
renaissance_door_sas_hinge_pair_252,a sunburst bronze hinge pair,"The bronze hinge pair has a sunburst worked face, rubbed bearing edges, and a plainly accessible working surface. It represents only the behaviour supplied by its fitted mechanical component."
renaissance_door_eal_panel_door_253,a reed pine door leaf,"The pine door leaf is framed with a firm outer rail and a reed worked face. Its hinge edge, closing edge, and lower corners show the ordinary abrasion of fitting and use."
renaissance_door_eal_braced_door_254,a checker cedar braced door,"The cedar braced door is framed with a firm outer rail and a checker worked face. Its hinge edge, closing edge, and lower corners show the ordinary abrasion of fitting and use."
renaissance_door_eal_lockable_door_255,a radiating teak lockable door,"The teak lockable door is framed with a firm outer rail and a radiating worked face. Its hinge edge, closing edge, and lower corners show the ordinary abrasion of fitting and use."
renaissance_door_eal_secure_door_256,a sunburst wood secure door,"The wood secure door is framed with a firm outer rail and a sunburst worked face. Its hinge edge, closing edge, and lower corners show the ordinary abrasion of fitting and use."
renaissance_door_eal_shutter_257,a knotted oak shuttered opening,"The oak shuttered opening is framed with a firm outer rail and a knotted worked face. Its hinge edge, closing edge, and lower corners show the ordinary abrasion of fitting and use."
renaissance_door_eal_screen_258,a star bamboo screen door,"The bamboo screen door is framed with a firm outer rail and a star worked face. Its hinge edge, closing edge, and lower corners show the ordinary abrasion of fitting and use."
renaissance_door_eal_lattice_gate_259,a vine teak lattice gate,"The teak lattice gate is framed with a firm outer rail and a vine worked face. Its hinge edge, closing edge, and lower corners show the ordinary abrasion of fitting and use."
renaissance_door_eal_courtyard_gate_260,a cloud wrought iron courtyard gate,"The wrought iron courtyard gate is framed with a firm outer rail and a cloud worked face. Its hinge edge, closing edge, and lower corners show the ordinary abrasion of fitting and use."
renaissance_door_eal_warehouse_gate_261,a reed bronze warehouse gate,"The bronze warehouse gate is framed with a firm outer rail and a reed worked face. Its hinge edge, closing edge, and lower corners show the ordinary abrasion of fitting and use."
renaissance_door_eal_garden_gate_262,a checker oak garden gate,"The oak garden gate is framed with a firm outer rail and a checker worked face. Its hinge edge, closing edge, and lower corners show the ordinary abrasion of fitting and use."
renaissance_door_eal_grille_263,a radiating brass metal grille,"The brass metal grille is framed with a firm outer rail and a radiating worked face. Its hinge edge, closing edge, and lower corners show the ordinary abrasion of fitting and use."
renaissance_door_eal_barrier_264,a sunburst wrought iron barred barrier,"The wrought iron barred barrier is framed with a firm outer rail and a sunburst worked face. Its hinge edge, closing edge, and lower corners show the ordinary abrasion of fitting and use."
renaissance_door_eal_hatch_265,a knotted teak service hatch,"The teak service hatch is framed with a firm outer rail and a knotted worked face. Its hinge edge, closing edge, and lower corners show the ordinary abrasion of fitting and use."
renaissance_door_eal_wicket_266,a star bronze wicket gate,"The bronze wicket gate is framed with a firm outer rail and a star worked face. Its hinge edge, closing edge, and lower corners show the ordinary abrasion of fitting and use."
renaissance_door_eal_panel_door_267,a vine oak door leaf,"The oak door leaf is framed with a firm outer rail and a vine worked face. Its hinge edge, closing edge, and lower corners show the ordinary abrasion of fitting and use."
renaissance_door_eal_braced_door_268,a cloud pine braced door,"The pine braced door is framed with a firm outer rail and a cloud worked face. Its hinge edge, closing edge, and lower corners show the ordinary abrasion of fitting and use."
renaissance_door_eal_lockable_door_269,a reed cedar lockable door,"The cedar lockable door is framed with a firm outer rail and a reed worked face. Its hinge edge, closing edge, and lower corners show the ordinary abrasion of fitting and use."
renaissance_door_eal_master_warded_lock_270,a knotted pewter master warded lock,"The pewter master warded lock has a knotted worked face, rubbed bearing edges, and a plainly accessible working surface. It represents only the behaviour supplied by its fitted mechanical component."
renaissance_door_eal_warded_key_271,a flower-head wrought iron warded key,"The wrought iron warded key has a flower-head worked face, rubbed bearing edges, and a plainly accessible working surface. It represents only the behaviour supplied by its fitted mechanical component."
renaissance_door_eal_ring_key_272,a star bronze ring bow key,"The bronze ring bow key has a star worked face, rubbed bearing edges, and a plainly accessible working surface. It represents only the behaviour supplied by its fitted mechanical component."
renaissance_door_eal_door_latch_273,a bird brass door latch,"The brass door latch has a bird worked face, rubbed bearing edges, and a plainly accessible working surface. It represents only the behaviour supplied by its fitted mechanical component."
renaissance_door_eal_gate_dropbar_274,a vine copper gate drop bar,"The copper gate drop bar has a vine worked face, rubbed bearing edges, and a plainly accessible working surface. It represents only the behaviour supplied by its fitted mechanical component."
renaissance_door_eal_door_bar_275,a geometric pewter door bar,"The pewter door bar has a geometric worked face, rubbed bearing edges, and a plainly accessible working surface. It represents only the behaviour supplied by its fitted mechanical component."
renaissance_door_eal_portcullis_pawl_276,a cloud wrought iron winch pawl,"The wrought iron winch pawl has a cloud worked face, rubbed bearing edges, and a plainly accessible working surface. It represents only the behaviour supplied by its fitted mechanical component."
renaissance_door_eal_hasp_277,a shell bronze iron hasp,"The bronze iron hasp has a shell worked face, rubbed bearing edges, and a plainly accessible working surface. It represents only the behaviour supplied by its fitted mechanical component."
renaissance_door_eal_hook_latch_278,a reed brass hook latch,"The brass hook latch has a reed worked face, rubbed bearing edges, and a plainly accessible working surface. It represents only the behaviour supplied by its fitted mechanical component."
renaissance_door_eal_strike_plate_279,a rosette copper strike plate,"The copper strike plate has a rosette worked face, rubbed bearing edges, and a plainly accessible working surface. It represents only the behaviour supplied by its fitted mechanical component."
renaissance_door_eal_hinge_pair_280,a checker pewter hinge pair,"The pewter hinge pair has a checker worked face, rubbed bearing edges, and a plainly accessible working surface. It represents only the behaviour supplied by its fitted mechanical component."
renaissance_door_jpn_panel_door_281,a geometric teak door leaf,"The teak door leaf is framed with a firm outer rail and a geometric worked face. Its hinge edge, closing edge, and lower corners show the ordinary abrasion of fitting and use."
renaissance_door_jpn_braced_door_282,a shell wood braced door,"The wood braced door is framed with a firm outer rail and a shell worked face. Its hinge edge, closing edge, and lower corners show the ordinary abrasion of fitting and use."
renaissance_door_jpn_lockable_door_283,a rosette oak lockable door,"The oak lockable door is framed with a firm outer rail and a rosette worked face. Its hinge edge, closing edge, and lower corners show the ordinary abrasion of fitting and use."
renaissance_door_jpn_secure_door_284,a braided pine secure door,"The pine secure door is framed with a firm outer rail and a braided worked face. Its hinge edge, closing edge, and lower corners show the ordinary abrasion of fitting and use."
renaissance_door_jpn_shutter_285,a leaf-scroll cedar shuttered opening,"The cedar shuttered opening is framed with a firm outer rail and a leaf-scroll worked face. Its hinge edge, closing edge, and lower corners show the ordinary abrasion of fitting and use."
renaissance_door_jpn_screen_286,a water-wave teak screen door,"The teak screen door is framed with a firm outer rail and a water-wave worked face. Its hinge edge, closing edge, and lower corners show the ordinary abrasion of fitting and use."
renaissance_door_jpn_lattice_gate_287,a flower-head bronze lattice gate,"The bronze lattice gate is framed with a firm outer rail and a flower-head worked face. Its hinge edge, closing edge, and lower corners show the ordinary abrasion of fitting and use."
renaissance_door_jpn_courtyard_gate_288,a bird oak courtyard gate,"The oak courtyard gate is framed with a firm outer rail and a bird worked face. Its hinge edge, closing edge, and lower corners show the ordinary abrasion of fitting and use."
renaissance_door_jpn_warehouse_gate_289,a geometric cedar warehouse gate,"The cedar warehouse gate is framed with a firm outer rail and a geometric worked face. Its hinge edge, closing edge, and lower corners show the ordinary abrasion of fitting and use."
renaissance_door_jpn_garden_gate_290,a shell teak garden gate,"The teak garden gate is framed with a firm outer rail and a shell worked face. Its hinge edge, closing edge, and lower corners show the ordinary abrasion of fitting and use."
renaissance_door_jpn_grille_291,a rosette bronze metal grille,"The bronze metal grille is framed with a firm outer rail and a rosette worked face. Its hinge edge, closing edge, and lower corners show the ordinary abrasion of fitting and use."
renaissance_door_jpn_barrier_292,a braided brass barred barrier,"The brass barred barrier is framed with a firm outer rail and a braided worked face. Its hinge edge, closing edge, and lower corners show the ordinary abrasion of fitting and use."
renaissance_door_jpn_hatch_293,a leaf-scroll oak service hatch,"The oak service hatch is framed with a firm outer rail and a leaf-scroll worked face. Its hinge edge, closing edge, and lower corners show the ordinary abrasion of fitting and use."
renaissance_door_jpn_wicket_294,a water-wave cedar wicket gate,"The cedar wicket gate is framed with a firm outer rail and a water-wave worked face. Its hinge edge, closing edge, and lower corners show the ordinary abrasion of fitting and use."
renaissance_door_jpn_panel_door_295,a flower-head cedar door leaf,"The cedar door leaf is framed with a firm outer rail and a flower-head worked face. Its hinge edge, closing edge, and lower corners show the ordinary abrasion of fitting and use."
renaissance_door_jpn_braced_door_296,a bird teak braced door,"The teak braced door is framed with a firm outer rail and a bird worked face. Its hinge edge, closing edge, and lower corners show the ordinary abrasion of fitting and use."
renaissance_door_jpn_lockable_door_297,a geometric wood lockable door,"The wood lockable door is framed with a firm outer rail and a geometric worked face. Its hinge edge, closing edge, and lower corners show the ordinary abrasion of fitting and use."
renaissance_door_jpn_master_warded_lock_298,a cloud brass master warded lock,"The brass master warded lock has a cloud worked face, rubbed bearing edges, and a plainly accessible working surface. It represents only the behaviour supplied by its fitted mechanical component."
renaissance_door_jpn_warded_key_299,a shell copper warded key,"The copper warded key has a shell worked face, rubbed bearing edges, and a plainly accessible working surface. It represents only the behaviour supplied by its fitted mechanical component."
renaissance_door_jpn_ring_key_300,a reed pewter ring bow key,"The pewter ring bow key has a reed worked face, rubbed bearing edges, and a plainly accessible working surface. It represents only the behaviour supplied by its fitted mechanical component."
renaissance_door_jpn_door_latch_301,a rosette wrought iron door latch,"The wrought iron door latch has a rosette worked face, rubbed bearing edges, and a plainly accessible working surface. It represents only the behaviour supplied by its fitted mechanical component."
renaissance_door_jpn_gate_dropbar_302,a checker bronze gate drop bar,"The bronze gate drop bar has a checker worked face, rubbed bearing edges, and a plainly accessible working surface. It represents only the behaviour supplied by its fitted mechanical component."
renaissance_door_jpn_door_bar_303,a braided brass door bar,"The brass door bar has a braided worked face, rubbed bearing edges, and a plainly accessible working surface. It represents only the behaviour supplied by its fitted mechanical component."
renaissance_door_jpn_portcullis_pawl_304,a radiating copper winch pawl,"The copper winch pawl has a radiating worked face, rubbed bearing edges, and a plainly accessible working surface. It represents only the behaviour supplied by its fitted mechanical component."
renaissance_door_jpn_hasp_305,a leaf-scroll pewter iron hasp,"The pewter iron hasp has a leaf-scroll worked face, rubbed bearing edges, and a plainly accessible working surface. It represents only the behaviour supplied by its fitted mechanical component."
renaissance_door_jpn_hook_latch_306,a sunburst wrought iron hook latch,"The wrought iron hook latch has a sunburst worked face, rubbed bearing edges, and a plainly accessible working surface. It represents only the behaviour supplied by its fitted mechanical component."
renaissance_door_jpn_strike_plate_307,a water-wave bronze strike plate,"The bronze strike plate has a water-wave worked face, rubbed bearing edges, and a plainly accessible working surface. It represents only the behaviour supplied by its fitted mechanical component."
renaissance_door_jpn_hinge_pair_308,a knotted brass hinge pair,"The brass hinge pair has a knotted worked face, rubbed bearing edges, and a plainly accessible working surface. It represents only the behaviour supplied by its fitted mechanical component."
renaissance_door_mea_panel_door_309,a reed cedar door leaf,"The cedar door leaf is framed with a firm outer rail and a reed worked face. Its hinge edge, closing edge, and lower corners show the ordinary abrasion of fitting and use."
renaissance_door_mea_braced_door_310,a checker teak braced door,"The teak braced door is framed with a firm outer rail and a checker worked face. Its hinge edge, closing edge, and lower corners show the ordinary abrasion of fitting and use."
renaissance_door_mea_lockable_door_311,a radiating wood lockable door,"The wood lockable door is framed with a firm outer rail and a radiating worked face. Its hinge edge, closing edge, and lower corners show the ordinary abrasion of fitting and use."
renaissance_door_mea_secure_door_312,a sunburst oak secure door,"The oak secure door is framed with a firm outer rail and a sunburst worked face. Its hinge edge, closing edge, and lower corners show the ordinary abrasion of fitting and use."
renaissance_door_mea_shutter_313,a knotted pine shuttered opening,"The pine shuttered opening is framed with a firm outer rail and a knotted worked face. Its hinge edge, closing edge, and lower corners show the ordinary abrasion of fitting and use."
renaissance_door_mea_screen_314,a star bamboo screen door,"The bamboo screen door is framed with a firm outer rail and a star worked face. Its hinge edge, closing edge, and lower corners show the ordinary abrasion of fitting and use."
renaissance_door_mea_lattice_gate_315,a vine wrought iron lattice gate,"The wrought iron lattice gate is framed with a firm outer rail and a vine worked face. Its hinge edge, closing edge, and lower corners show the ordinary abrasion of fitting and use."
renaissance_door_mea_courtyard_gate_316,a cloud bronze courtyard gate,"The bronze courtyard gate is framed with a firm outer rail and a cloud worked face. Its hinge edge, closing edge, and lower corners show the ordinary abrasion of fitting and use."
renaissance_door_mea_warehouse_gate_317,a reed oak warehouse gate,"The oak warehouse gate is framed with a firm outer rail and a reed worked face. Its hinge edge, closing edge, and lower corners show the ordinary abrasion of fitting and use."
renaissance_door_mea_garden_gate_318,a checker cedar garden gate,"The cedar garden gate is framed with a firm outer rail and a checker worked face. Its hinge edge, closing edge, and lower corners show the ordinary abrasion of fitting and use."
renaissance_door_mea_grille_319,a radiating bronze metal grille,"The bronze metal grille is framed with a firm outer rail and a radiating worked face. Its hinge edge, closing edge, and lower corners show the ordinary abrasion of fitting and use."
renaissance_door_mea_barrier_320,a sunburst brass barred barrier,"The brass barred barrier is framed with a firm outer rail and a sunburst worked face. Its hinge edge, closing edge, and lower corners show the ordinary abrasion of fitting and use."
renaissance_door_mea_hatch_321,a knotted wood service hatch,"The wood service hatch is framed with a firm outer rail and a knotted worked face. Its hinge edge, closing edge, and lower corners show the ordinary abrasion of fitting and use."
renaissance_door_mea_wicket_322,a star oak wicket gate,"The oak wicket gate is framed with a firm outer rail and a star worked face. Its hinge edge, closing edge, and lower corners show the ordinary abrasion of fitting and use."
renaissance_door_mea_panel_door_323,a vine pine door leaf,"The pine door leaf is framed with a firm outer rail and a vine worked face. Its hinge edge, closing edge, and lower corners show the ordinary abrasion of fitting and use."
renaissance_door_mea_braced_door_324,a cloud cedar braced door,"The cedar braced door is framed with a firm outer rail and a cloud worked face. Its hinge edge, closing edge, and lower corners show the ordinary abrasion of fitting and use."
renaissance_door_mea_lockable_door_325,a reed teak lockable door,"The teak lockable door is framed with a firm outer rail and a reed worked face. Its hinge edge, closing edge, and lower corners show the ordinary abrasion of fitting and use."
renaissance_door_mea_master_warded_lock_326,a reed wrought iron master warded lock,"The wrought iron master warded lock has a reed worked face, rubbed bearing edges, and a plainly accessible working surface. It represents only the behaviour supplied by its fitted mechanical component."
renaissance_door_mea_warded_key_327,a rosette bronze warded key,"The bronze warded key has a rosette worked face, rubbed bearing edges, and a plainly accessible working surface. It represents only the behaviour supplied by its fitted mechanical component."
renaissance_door_mea_ring_key_328,a checker brass ring bow key,"The brass ring bow key has a checker worked face, rubbed bearing edges, and a plainly accessible working surface. It represents only the behaviour supplied by its fitted mechanical component."
renaissance_door_mea_door_latch_329,a braided copper door latch,"The copper door latch has a braided worked face, rubbed bearing edges, and a plainly accessible working surface. It represents only the behaviour supplied by its fitted mechanical component."
renaissance_door_mea_gate_dropbar_330,a radiating pewter gate drop bar,"The pewter gate drop bar has a radiating worked face, rubbed bearing edges, and a plainly accessible working surface. It represents only the behaviour supplied by its fitted mechanical component."
renaissance_door_mea_door_bar_331,a leaf-scroll wrought iron door bar,"The wrought iron door bar has a leaf-scroll worked face, rubbed bearing edges, and a plainly accessible working surface. It represents only the behaviour supplied by its fitted mechanical component."
renaissance_door_mea_portcullis_pawl_332,a sunburst bronze winch pawl,"The bronze winch pawl has a sunburst worked face, rubbed bearing edges, and a plainly accessible working surface. It represents only the behaviour supplied by its fitted mechanical component."
renaissance_door_mea_hasp_333,a water-wave brass iron hasp,"The brass iron hasp has a water-wave worked face, rubbed bearing edges, and a plainly accessible working surface. It represents only the behaviour supplied by its fitted mechanical component."
renaissance_door_mea_hook_latch_334,a knotted copper hook latch,"The copper hook latch has a knotted worked face, rubbed bearing edges, and a plainly accessible working surface. It represents only the behaviour supplied by its fitted mechanical component."
renaissance_door_mea_strike_plate_335,a flower-head pewter strike plate,"The pewter strike plate has a flower-head worked face, rubbed bearing edges, and a plainly accessible working surface. It represents only the behaviour supplied by its fitted mechanical component."
renaissance_door_mea_hinge_pair_336,a star wrought iron hinge pair,"The wrought iron hinge pair has a star worked face, rubbed bearing edges, and a plainly accessible working surface. It represents only the behaviour supplied by its fitted mechanical component."
renaissance_door_sem_panel_door_337,a cloud pine door leaf,"The pine door leaf is framed with a firm outer rail and a cloud worked face. Its hinge edge, closing edge, and lower corners show the ordinary abrasion of fitting and use."
renaissance_door_sem_braced_door_338,a reed cedar braced door,"The cedar braced door is framed with a firm outer rail and a reed worked face. Its hinge edge, closing edge, and lower corners show the ordinary abrasion of fitting and use."
renaissance_door_sem_lockable_door_339,a checker teak lockable door,"The teak lockable door is framed with a firm outer rail and a checker worked face. Its hinge edge, closing edge, and lower corners show the ordinary abrasion of fitting and use."
renaissance_door_sem_secure_door_340,a radiating wood secure door,"The wood secure door is framed with a firm outer rail and a radiating worked face. Its hinge edge, closing edge, and lower corners show the ordinary abrasion of fitting and use."
renaissance_door_sem_shutter_341,a sunburst oak shuttered opening,"The oak shuttered opening is framed with a firm outer rail and a sunburst worked face. Its hinge edge, closing edge, and lower corners show the ordinary abrasion of fitting and use."
renaissance_door_sem_screen_342,a knotted cedar screen door,"The cedar screen door is framed with a firm outer rail and a knotted worked face. Its hinge edge, closing edge, and lower corners show the ordinary abrasion of fitting and use."
renaissance_door_sem_lattice_gate_343,a star teak lattice gate,"The teak lattice gate is framed with a firm outer rail and a star worked face. Its hinge edge, closing edge, and lower corners show the ordinary abrasion of fitting and use."
renaissance_door_sem_courtyard_gate_344,a vine wrought iron courtyard gate,"The wrought iron courtyard gate is framed with a firm outer rail and a vine worked face. Its hinge edge, closing edge, and lower corners show the ordinary abrasion of fitting and use."
renaissance_door_sem_warehouse_gate_345,a cloud bronze warehouse gate,"The bronze warehouse gate is framed with a firm outer rail and a cloud worked face. Its hinge edge, closing edge, and lower corners show the ordinary abrasion of fitting and use."
renaissance_door_sem_garden_gate_346,a reed oak garden gate,"The oak garden gate is framed with a firm outer rail and a reed worked face. Its hinge edge, closing edge, and lower corners show the ordinary abrasion of fitting and use."
renaissance_door_sem_grille_347,a checker brass metal grille,"The brass metal grille is framed with a firm outer rail and a checker worked face. Its hinge edge, closing edge, and lower corners show the ordinary abrasion of fitting and use."
renaissance_door_sem_barrier_348,a radiating wrought iron barred barrier,"The wrought iron barred barrier is framed with a firm outer rail and a radiating worked face. Its hinge edge, closing edge, and lower corners show the ordinary abrasion of fitting and use."
renaissance_door_sem_hatch_349,a sunburst teak service hatch,"The teak service hatch is framed with a firm outer rail and a sunburst worked face. Its hinge edge, closing edge, and lower corners show the ordinary abrasion of fitting and use."
renaissance_door_sem_wicket_350,a knotted bronze wicket gate,"The bronze wicket gate is framed with a firm outer rail and a knotted worked face. Its hinge edge, closing edge, and lower corners show the ordinary abrasion of fitting and use."
renaissance_door_sem_panel_door_351,a star oak door leaf,"The oak door leaf is framed with a firm outer rail and a star worked face. Its hinge edge, closing edge, and lower corners show the ordinary abrasion of fitting and use."
renaissance_door_sem_braced_door_352,a vine pine braced door,"The pine braced door is framed with a firm outer rail and a vine worked face. Its hinge edge, closing edge, and lower corners show the ordinary abrasion of fitting and use."
renaissance_door_sem_lockable_door_353,a cloud cedar lockable door,"The cedar lockable door is framed with a firm outer rail and a cloud worked face. Its hinge edge, closing edge, and lower corners show the ordinary abrasion of fitting and use."
renaissance_door_sem_master_warded_lock_354,a knotted copper master warded lock,"The copper master warded lock has a knotted worked face, rubbed bearing edges, and a plainly accessible working surface. It represents only the behaviour supplied by its fitted mechanical component."
renaissance_door_sem_warded_key_355,a flower-head pewter warded key,"The pewter warded key has a flower-head worked face, rubbed bearing edges, and a plainly accessible working surface. It represents only the behaviour supplied by its fitted mechanical component."
renaissance_door_sem_ring_key_356,a star wrought iron ring bow key,"The wrought iron ring bow key has a star worked face, rubbed bearing edges, and a plainly accessible working surface. It represents only the behaviour supplied by its fitted mechanical component."
renaissance_door_sem_door_latch_357,a bird bronze door latch,"The bronze door latch has a bird worked face, rubbed bearing edges, and a plainly accessible working surface. It represents only the behaviour supplied by its fitted mechanical component."
renaissance_door_sem_gate_dropbar_358,a vine brass gate drop bar,"The brass gate drop bar has a vine worked face, rubbed bearing edges, and a plainly accessible working surface. It represents only the behaviour supplied by its fitted mechanical component."
renaissance_door_sem_door_bar_359,a geometric copper door bar,"The copper door bar has a geometric worked face, rubbed bearing edges, and a plainly accessible working surface. It represents only the behaviour supplied by its fitted mechanical component."
renaissance_door_sem_portcullis_pawl_360,a cloud pewter winch pawl,"The pewter winch pawl has a cloud worked face, rubbed bearing edges, and a plainly accessible working surface. It represents only the behaviour supplied by its fitted mechanical component."
renaissance_door_sem_hasp_361,a shell wrought iron iron hasp,"The wrought iron iron hasp has a shell worked face, rubbed bearing edges, and a plainly accessible working surface. It represents only the behaviour supplied by its fitted mechanical component."
renaissance_door_sem_hook_latch_362,a reed bronze hook latch,"The bronze hook latch has a reed worked face, rubbed bearing edges, and a plainly accessible working surface. It represents only the behaviour supplied by its fitted mechanical component."
renaissance_door_sem_strike_plate_363,a rosette brass strike plate,"The brass strike plate has a rosette worked face, rubbed bearing edges, and a plainly accessible working surface. It represents only the behaviour supplied by its fitted mechanical component."
renaissance_door_sem_hinge_pair_364,a checker copper hinge pair,"The copper hinge pair has a checker worked face, rubbed bearing edges, and a plainly accessible working surface. It represents only the behaviour supplied by its fitted mechanical component."
renaissance_door_msea_panel_door_365,a sunburst wood door leaf,"The wood door leaf is framed with a firm outer rail and a sunburst worked face. Its hinge edge, closing edge, and lower corners show the ordinary abrasion of fitting and use."
renaissance_door_msea_braced_door_366,a knotted oak braced door,"The oak braced door is framed with a firm outer rail and a knotted worked face. Its hinge edge, closing edge, and lower corners show the ordinary abrasion of fitting and use."
renaissance_door_msea_lockable_door_367,a star pine lockable door,"The pine lockable door is framed with a firm outer rail and a star worked face. Its hinge edge, closing edge, and lower corners show the ordinary abrasion of fitting and use."
renaissance_door_msea_secure_door_368,a vine cedar secure door,"The cedar secure door is framed with a firm outer rail and a vine worked face. Its hinge edge, closing edge, and lower corners show the ordinary abrasion of fitting and use."
renaissance_door_msea_shutter_369,a cloud teak shuttered opening,"The teak shuttered opening is framed with a firm outer rail and a cloud worked face. Its hinge edge, closing edge, and lower corners show the ordinary abrasion of fitting and use."
renaissance_door_msea_screen_370,a reed cedar screen door,"The cedar screen door is framed with a firm outer rail and a reed worked face. Its hinge edge, closing edge, and lower corners show the ordinary abrasion of fitting and use."
renaissance_door_msea_lattice_gate_371,a checker oak lattice gate,"The oak lattice gate is framed with a firm outer rail and a checker worked face. Its hinge edge, closing edge, and lower corners show the ordinary abrasion of fitting and use."
renaissance_door_msea_courtyard_gate_372,a radiating cedar courtyard gate,"The cedar courtyard gate is framed with a firm outer rail and a radiating worked face. Its hinge edge, closing edge, and lower corners show the ordinary abrasion of fitting and use."
renaissance_door_msea_warehouse_gate_373,a sunburst teak warehouse gate,"The teak warehouse gate is framed with a firm outer rail and a sunburst worked face. Its hinge edge, closing edge, and lower corners show the ordinary abrasion of fitting and use."
renaissance_door_msea_garden_gate_374,a knotted wrought iron garden gate,"The wrought iron garden gate is framed with a firm outer rail and a knotted worked face. Its hinge edge, closing edge, and lower corners show the ordinary abrasion of fitting and use."
renaissance_door_msea_grille_375,a star wrought iron metal grille,"The wrought iron metal grille is framed with a firm outer rail and a star worked face. Its hinge edge, closing edge, and lower corners show the ordinary abrasion of fitting and use."
renaissance_door_msea_barrier_376,a vine bronze barred barrier,"The bronze barred barrier is framed with a firm outer rail and a vine worked face. Its hinge edge, closing edge, and lower corners show the ordinary abrasion of fitting and use."
renaissance_door_msea_hatch_377,a cloud pine service hatch,"The pine service hatch is framed with a firm outer rail and a cloud worked face. Its hinge edge, closing edge, and lower corners show the ordinary abrasion of fitting and use."
renaissance_door_msea_wicket_378,a reed teak wicket gate,"The teak wicket gate is framed with a firm outer rail and a reed worked face. Its hinge edge, closing edge, and lower corners show the ordinary abrasion of fitting and use."
renaissance_door_msea_panel_door_379,a checker teak door leaf,"The teak door leaf is framed with a firm outer rail and a checker worked face. Its hinge edge, closing edge, and lower corners show the ordinary abrasion of fitting and use."
renaissance_door_msea_braced_door_380,a radiating wood braced door,"The wood braced door is framed with a firm outer rail and a radiating worked face. Its hinge edge, closing edge, and lower corners show the ordinary abrasion of fitting and use."
renaissance_door_msea_lockable_door_381,a sunburst oak lockable door,"The oak lockable door is framed with a firm outer rail and a sunburst worked face. Its hinge edge, closing edge, and lower corners show the ordinary abrasion of fitting and use."
renaissance_door_msea_master_warded_lock_382,a radiating bronze master warded lock,"The bronze master warded lock has a radiating worked face, rubbed bearing edges, and a plainly accessible working surface. It represents only the behaviour supplied by its fitted mechanical component."
renaissance_door_msea_warded_key_383,a leaf-scroll brass warded key,"The brass warded key has a leaf-scroll worked face, rubbed bearing edges, and a plainly accessible working surface. It represents only the behaviour supplied by its fitted mechanical component."
renaissance_door_msea_ring_key_384,a sunburst copper ring bow key,"The copper ring bow key has a sunburst worked face, rubbed bearing edges, and a plainly accessible working surface. It represents only the behaviour supplied by its fitted mechanical component."
renaissance_door_msea_door_latch_385,a water-wave pewter door latch,"The pewter door latch has a water-wave worked face, rubbed bearing edges, and a plainly accessible working surface. It represents only the behaviour supplied by its fitted mechanical component."
renaissance_door_msea_gate_dropbar_386,a knotted wrought iron gate drop bar,"The wrought iron gate drop bar has a knotted worked face, rubbed bearing edges, and a plainly accessible working surface. It represents only the behaviour supplied by its fitted mechanical component."
renaissance_door_msea_door_bar_387,a flower-head bronze door bar,"The bronze door bar has a flower-head worked face, rubbed bearing edges, and a plainly accessible working surface. It represents only the behaviour supplied by its fitted mechanical component."
renaissance_door_msea_portcullis_pawl_388,a star brass winch pawl,"The brass winch pawl has a star worked face, rubbed bearing edges, and a plainly accessible working surface. It represents only the behaviour supplied by its fitted mechanical component."
renaissance_door_msea_hasp_389,a bird copper iron hasp,"The copper iron hasp has a bird worked face, rubbed bearing edges, and a plainly accessible working surface. It represents only the behaviour supplied by its fitted mechanical component."
renaissance_door_msea_hook_latch_390,a vine pewter hook latch,"The pewter hook latch has a vine worked face, rubbed bearing edges, and a plainly accessible working surface. It represents only the behaviour supplied by its fitted mechanical component."
renaissance_door_msea_strike_plate_391,a geometric wrought iron strike plate,"The wrought iron strike plate has a geometric worked face, rubbed bearing edges, and a plainly accessible working surface. It represents only the behaviour supplied by its fitted mechanical component."
renaissance_door_msea_hinge_pair_392,a cloud bronze hinge pair,"The bronze hinge pair has a cloud worked face, rubbed bearing edges, and a plainly accessible working surface. It represents only the behaviour supplied by its fitted mechanical component."
renaissance_door_stp_panel_door_393,a water-wave oak door leaf,"The oak door leaf is framed with a firm outer rail and a water-wave worked face. Its hinge edge, closing edge, and lower corners show the ordinary abrasion of fitting and use."
renaissance_door_stp_braced_door_394,a flower-head pine braced door,"The pine braced door is framed with a firm outer rail and a flower-head worked face. Its hinge edge, closing edge, and lower corners show the ordinary abrasion of fitting and use."
renaissance_door_stp_lockable_door_395,a bird cedar lockable door,"The cedar lockable door is framed with a firm outer rail and a bird worked face. Its hinge edge, closing edge, and lower corners show the ordinary abrasion of fitting and use."
renaissance_door_stp_secure_door_396,a geometric teak secure door,"The teak secure door is framed with a firm outer rail and a geometric worked face. Its hinge edge, closing edge, and lower corners show the ordinary abrasion of fitting and use."
renaissance_door_stp_shutter_397,a shell wood shuttered opening,"The wood shuttered opening is framed with a firm outer rail and a shell worked face. Its hinge edge, closing edge, and lower corners show the ordinary abrasion of fitting and use."
renaissance_door_stp_screen_398,a rosette wood screen door,"The wood screen door is framed with a firm outer rail and a rosette worked face. Its hinge edge, closing edge, and lower corners show the ordinary abrasion of fitting and use."
renaissance_door_stp_lattice_gate_399,a braided cedar lattice gate,"The cedar lattice gate is framed with a firm outer rail and a braided worked face. Its hinge edge, closing edge, and lower corners show the ordinary abrasion of fitting and use."
renaissance_door_stp_courtyard_gate_400,a leaf-scroll teak courtyard gate,"The teak courtyard gate is framed with a firm outer rail and a leaf-scroll worked face. Its hinge edge, closing edge, and lower corners show the ordinary abrasion of fitting and use."
renaissance_door_stp_warehouse_gate_401,a water-wave wrought iron warehouse gate,"The wrought iron warehouse gate is framed with a firm outer rail and a water-wave worked face. Its hinge edge, closing edge, and lower corners show the ordinary abrasion of fitting and use."
renaissance_door_stp_garden_gate_402,a flower-head bronze garden gate,"The bronze garden gate is framed with a firm outer rail and a flower-head worked face. Its hinge edge, closing edge, and lower corners show the ordinary abrasion of fitting and use."
renaissance_door_stp_grille_403,a bird wrought iron metal grille,"The wrought iron metal grille is framed with a firm outer rail and a bird worked face. Its hinge edge, closing edge, and lower corners show the ordinary abrasion of fitting and use."
renaissance_door_stp_barrier_404,a geometric bronze barred barrier,"The bronze barred barrier is framed with a firm outer rail and a geometric worked face. Its hinge edge, closing edge, and lower corners show the ordinary abrasion of fitting and use."
renaissance_door_stp_hatch_405,a shell cedar service hatch,"The cedar service hatch is framed with a firm outer rail and a shell worked face. Its hinge edge, closing edge, and lower corners show the ordinary abrasion of fitting and use."
renaissance_door_stp_wicket_406,a rosette wrought iron wicket gate,"The wrought iron wicket gate is framed with a firm outer rail and a rosette worked face. Its hinge edge, closing edge, and lower corners show the ordinary abrasion of fitting and use."
renaissance_door_stp_panel_door_407,a braided wood door leaf,"The wood door leaf is framed with a firm outer rail and a braided worked face. Its hinge edge, closing edge, and lower corners show the ordinary abrasion of fitting and use."
renaissance_door_stp_braced_door_408,a leaf-scroll oak braced door,"The oak braced door is framed with a firm outer rail and a leaf-scroll worked face. Its hinge edge, closing edge, and lower corners show the ordinary abrasion of fitting and use."
renaissance_door_stp_lockable_door_409,a water-wave pine lockable door,"The pine lockable door is framed with a firm outer rail and a water-wave worked face. Its hinge edge, closing edge, and lower corners show the ordinary abrasion of fitting and use."
renaissance_door_stp_master_warded_lock_410,a checker pewter master warded lock,"The pewter master warded lock has a checker worked face, rubbed bearing edges, and a plainly accessible working surface. It represents only the behaviour supplied by its fitted mechanical component."
renaissance_door_stp_warded_key_411,a braided wrought iron warded key,"The wrought iron warded key has a braided worked face, rubbed bearing edges, and a plainly accessible working surface. It represents only the behaviour supplied by its fitted mechanical component."
renaissance_door_stp_ring_key_412,a radiating bronze ring bow key,"The bronze ring bow key has a radiating worked face, rubbed bearing edges, and a plainly accessible working surface. It represents only the behaviour supplied by its fitted mechanical component."
renaissance_door_stp_door_latch_413,a leaf-scroll brass door latch,"The brass door latch has a leaf-scroll worked face, rubbed bearing edges, and a plainly accessible working surface. It represents only the behaviour supplied by its fitted mechanical component."
renaissance_door_stp_gate_dropbar_414,a sunburst copper gate drop bar,"The copper gate drop bar has a sunburst worked face, rubbed bearing edges, and a plainly accessible working surface. It represents only the behaviour supplied by its fitted mechanical component."
renaissance_door_stp_door_bar_415,a water-wave pewter door bar,"The pewter door bar has a water-wave worked face, rubbed bearing edges, and a plainly accessible working surface. It represents only the behaviour supplied by its fitted mechanical component."
renaissance_door_stp_portcullis_pawl_416,a knotted wrought iron winch pawl,"The wrought iron winch pawl has a knotted worked face, rubbed bearing edges, and a plainly accessible working surface. It represents only the behaviour supplied by its fitted mechanical component."
renaissance_door_stp_hasp_417,a flower-head bronze iron hasp,"The bronze iron hasp has a flower-head worked face, rubbed bearing edges, and a plainly accessible working surface. It represents only the behaviour supplied by its fitted mechanical component."
renaissance_door_stp_hook_latch_418,a star brass hook latch,"The brass hook latch has a star worked face, rubbed bearing edges, and a plainly accessible working surface. It represents only the behaviour supplied by its fitted mechanical component."
renaissance_door_stp_strike_plate_419,a bird copper strike plate,"The copper strike plate has a bird worked face, rubbed bearing edges, and a plainly accessible working surface. It represents only the behaviour supplied by its fitted mechanical component."
renaissance_door_stp_hinge_pair_420,a vine pewter hinge pair,"The pewter hinge pair has a vine worked face, rubbed bearing edges, and a plainly accessible working surface. It represents only the behaviour supplied by its fitted mechanical component."
renaissance_door_aca_panel_door_421,a braided cedar door leaf,"The cedar door leaf is framed with a firm outer rail and a braided worked face. Its hinge edge, closing edge, and lower corners show the ordinary abrasion of fitting and use."
renaissance_door_aca_braced_door_422,a leaf-scroll teak braced door,"The teak braced door is framed with a firm outer rail and a leaf-scroll worked face. Its hinge edge, closing edge, and lower corners show the ordinary abrasion of fitting and use."
renaissance_door_aca_lockable_door_423,a water-wave wood lockable door,"The wood lockable door is framed with a firm outer rail and a water-wave worked face. Its hinge edge, closing edge, and lower corners show the ordinary abrasion of fitting and use."
renaissance_door_aca_secure_door_424,a flower-head oak secure door,"The oak secure door is framed with a firm outer rail and a flower-head worked face. Its hinge edge, closing edge, and lower corners show the ordinary abrasion of fitting and use."
renaissance_door_aca_shutter_425,a bird pine shuttered opening,"The pine shuttered opening is framed with a firm outer rail and a bird worked face. Its hinge edge, closing edge, and lower corners show the ordinary abrasion of fitting and use."
renaissance_door_aca_screen_426,a geometric wood screen door,"The wood screen door is framed with a firm outer rail and a geometric worked face. Its hinge edge, closing edge, and lower corners show the ordinary abrasion of fitting and use."
renaissance_door_aca_lattice_gate_427,a shell wrought iron lattice gate,"The wrought iron lattice gate is framed with a firm outer rail and a shell worked face. Its hinge edge, closing edge, and lower corners show the ordinary abrasion of fitting and use."
renaissance_door_aca_courtyard_gate_428,a rosette bronze courtyard gate,"The bronze courtyard gate is framed with a firm outer rail and a rosette worked face. Its hinge edge, closing edge, and lower corners show the ordinary abrasion of fitting and use."
renaissance_door_aca_warehouse_gate_429,a braided oak warehouse gate,"The oak warehouse gate is framed with a firm outer rail and a braided worked face. Its hinge edge, closing edge, and lower corners show the ordinary abrasion of fitting and use."
renaissance_door_aca_garden_gate_430,a leaf-scroll cedar garden gate,"The cedar garden gate is framed with a firm outer rail and a leaf-scroll worked face. Its hinge edge, closing edge, and lower corners show the ordinary abrasion of fitting and use."
renaissance_door_aca_grille_431,a water-wave brass metal grille,"The brass metal grille is framed with a firm outer rail and a water-wave worked face. Its hinge edge, closing edge, and lower corners show the ordinary abrasion of fitting and use."
renaissance_door_aca_barrier_432,a flower-head wrought iron barred barrier,"The wrought iron barred barrier is framed with a firm outer rail and a flower-head worked face. Its hinge edge, closing edge, and lower corners show the ordinary abrasion of fitting and use."
renaissance_door_aca_hatch_433,a bird wood service hatch,"The wood service hatch is framed with a firm outer rail and a bird worked face. Its hinge edge, closing edge, and lower corners show the ordinary abrasion of fitting and use."
renaissance_door_aca_wicket_434,a geometric oak wicket gate,"The oak wicket gate is framed with a firm outer rail and a geometric worked face. Its hinge edge, closing edge, and lower corners show the ordinary abrasion of fitting and use."
renaissance_door_aca_panel_door_435,a shell pine door leaf,"The pine door leaf is framed with a firm outer rail and a shell worked face. Its hinge edge, closing edge, and lower corners show the ordinary abrasion of fitting and use."
renaissance_door_aca_braced_door_436,a rosette cedar braced door,"The cedar braced door is framed with a firm outer rail and a rosette worked face. Its hinge edge, closing edge, and lower corners show the ordinary abrasion of fitting and use."
renaissance_door_aca_lockable_door_437,a braided teak lockable door,"The teak lockable door is framed with a firm outer rail and a braided worked face. Its hinge edge, closing edge, and lower corners show the ordinary abrasion of fitting and use."
renaissance_door_aca_master_warded_lock_438,a sunburst brass master warded lock,"The brass master warded lock has a sunburst worked face, rubbed bearing edges, and a plainly accessible working surface. It represents only the behaviour supplied by its fitted mechanical component."
renaissance_door_aca_warded_key_439,a water-wave copper warded key,"The copper warded key has a water-wave worked face, rubbed bearing edges, and a plainly accessible working surface. It represents only the behaviour supplied by its fitted mechanical component."
renaissance_door_aca_ring_key_440,a knotted pewter ring bow key,"The pewter ring bow key has a knotted worked face, rubbed bearing edges, and a plainly accessible working surface. It represents only the behaviour supplied by its fitted mechanical component."
renaissance_door_aca_door_latch_441,a flower-head wrought iron door latch,"The wrought iron door latch has a flower-head worked face, rubbed bearing edges, and a plainly accessible working surface. It represents only the behaviour supplied by its fitted mechanical component."
renaissance_door_aca_gate_dropbar_442,a star bronze gate drop bar,"The bronze gate drop bar has a star worked face, rubbed bearing edges, and a plainly accessible working surface. It represents only the behaviour supplied by its fitted mechanical component."
renaissance_door_aca_door_bar_443,a bird brass door bar,"The brass door bar has a bird worked face, rubbed bearing edges, and a plainly accessible working surface. It represents only the behaviour supplied by its fitted mechanical component."
renaissance_door_aca_portcullis_pawl_444,a vine copper winch pawl,"The copper winch pawl has a vine worked face, rubbed bearing edges, and a plainly accessible working surface. It represents only the behaviour supplied by its fitted mechanical component."
renaissance_door_aca_hasp_445,a geometric pewter iron hasp,"The pewter iron hasp has a geometric worked face, rubbed bearing edges, and a plainly accessible working surface. It represents only the behaviour supplied by its fitted mechanical component."
renaissance_door_aca_hook_latch_446,a cloud wrought iron hook latch,"The wrought iron hook latch has a cloud worked face, rubbed bearing edges, and a plainly accessible working surface. It represents only the behaviour supplied by its fitted mechanical component."
renaissance_door_aca_strike_plate_447,a shell bronze strike plate,"The bronze strike plate has a shell worked face, rubbed bearing edges, and a plainly accessible working surface. It represents only the behaviour supplied by its fitted mechanical component."
renaissance_door_aca_hinge_pair_448,a reed brass hinge pair,"The brass hinge pair has a reed worked face, rubbed bearing edges, and a plainly accessible working surface. It represents only the behaviour supplied by its fitted mechanical component."
renaissance_door_sai_panel_door_449,a leaf-scroll wood door leaf,"The wood door leaf is framed with a firm outer rail and a leaf-scroll worked face. Its hinge edge, closing edge, and lower corners show the ordinary abrasion of fitting and use."
renaissance_door_sai_braced_door_450,a water-wave oak braced door,"The oak braced door is framed with a firm outer rail and a water-wave worked face. Its hinge edge, closing edge, and lower corners show the ordinary abrasion of fitting and use."
renaissance_door_sai_lockable_door_451,a flower-head pine lockable door,"The pine lockable door is framed with a firm outer rail and a flower-head worked face. Its hinge edge, closing edge, and lower corners show the ordinary abrasion of fitting and use."
renaissance_door_sai_secure_door_452,a bird cedar secure door,"The cedar secure door is framed with a firm outer rail and a bird worked face. Its hinge edge, closing edge, and lower corners show the ordinary abrasion of fitting and use."
renaissance_door_sai_shutter_453,a geometric teak shuttered opening,"The teak shuttered opening is framed with a firm outer rail and a geometric worked face. Its hinge edge, closing edge, and lower corners show the ordinary abrasion of fitting and use."
renaissance_door_sai_screen_454,a shell teak screen door,"The teak screen door is framed with a firm outer rail and a shell worked face. Its hinge edge, closing edge, and lower corners show the ordinary abrasion of fitting and use."
renaissance_door_sai_lattice_gate_455,a rosette oak lattice gate,"The oak lattice gate is framed with a firm outer rail and a rosette worked face. Its hinge edge, closing edge, and lower corners show the ordinary abrasion of fitting and use."
renaissance_door_sai_courtyard_gate_456,a braided cedar courtyard gate,"The cedar courtyard gate is framed with a firm outer rail and a braided worked face. Its hinge edge, closing edge, and lower corners show the ordinary abrasion of fitting and use."
renaissance_door_sai_warehouse_gate_457,a leaf-scroll teak warehouse gate,"The teak warehouse gate is framed with a firm outer rail and a leaf-scroll worked face. Its hinge edge, closing edge, and lower corners show the ordinary abrasion of fitting and use."
renaissance_door_sai_garden_gate_458,a water-wave wrought iron garden gate,"The wrought iron garden gate is framed with a firm outer rail and a water-wave worked face. Its hinge edge, closing edge, and lower corners show the ordinary abrasion of fitting and use."
renaissance_door_sai_grille_459,a flower-head wrought iron metal grille,"The wrought iron metal grille is framed with a firm outer rail and a flower-head worked face. Its hinge edge, closing edge, and lower corners show the ordinary abrasion of fitting and use."
renaissance_door_sai_barrier_460,a bird bronze barred barrier,"The bronze barred barrier is framed with a firm outer rail and a bird worked face. Its hinge edge, closing edge, and lower corners show the ordinary abrasion of fitting and use."
renaissance_door_sai_hatch_461,a geometric pine service hatch,"The pine service hatch is framed with a firm outer rail and a geometric worked face. Its hinge edge, closing edge, and lower corners show the ordinary abrasion of fitting and use."
renaissance_door_sai_wicket_462,a shell teak wicket gate,"The teak wicket gate is framed with a firm outer rail and a shell worked face. Its hinge edge, closing edge, and lower corners show the ordinary abrasion of fitting and use."
renaissance_door_sai_panel_door_463,a rosette teak door leaf,"The teak door leaf is framed with a firm outer rail and a rosette worked face. Its hinge edge, closing edge, and lower corners show the ordinary abrasion of fitting and use."
renaissance_door_sai_braced_door_464,a braided wood braced door,"The wood braced door is framed with a firm outer rail and a braided worked face. Its hinge edge, closing edge, and lower corners show the ordinary abrasion of fitting and use."
renaissance_door_sai_lockable_door_465,a leaf-scroll oak lockable door,"The oak lockable door is framed with a firm outer rail and a leaf-scroll worked face. Its hinge edge, closing edge, and lower corners show the ordinary abrasion of fitting and use."
renaissance_door_sai_master_warded_lock_466,a sunburst wrought iron master warded lock,"The wrought iron master warded lock has a sunburst worked face, rubbed bearing edges, and a plainly accessible working surface. It represents only the behaviour supplied by its fitted mechanical component."
renaissance_door_sai_warded_key_467,a water-wave bronze warded key,"The bronze warded key has a water-wave worked face, rubbed bearing edges, and a plainly accessible working surface. It represents only the behaviour supplied by its fitted mechanical component."
renaissance_door_sai_ring_key_468,a knotted brass ring bow key,"The brass ring bow key has a knotted worked face, rubbed bearing edges, and a plainly accessible working surface. It represents only the behaviour supplied by its fitted mechanical component."
renaissance_door_sai_door_latch_469,a flower-head copper door latch,"The copper door latch has a flower-head worked face, rubbed bearing edges, and a plainly accessible working surface. It represents only the behaviour supplied by its fitted mechanical component."
renaissance_door_sai_gate_dropbar_470,a star pewter gate drop bar,"The pewter gate drop bar has a star worked face, rubbed bearing edges, and a plainly accessible working surface. It represents only the behaviour supplied by its fitted mechanical component."
renaissance_door_sai_door_bar_471,a bird wrought iron door bar,"The wrought iron door bar has a bird worked face, rubbed bearing edges, and a plainly accessible working surface. It represents only the behaviour supplied by its fitted mechanical component."
renaissance_door_sai_portcullis_pawl_472,a vine bronze winch pawl,"The bronze winch pawl has a vine worked face, rubbed bearing edges, and a plainly accessible working surface. It represents only the behaviour supplied by its fitted mechanical component."
renaissance_door_sai_hasp_473,a geometric brass iron hasp,"The brass iron hasp has a geometric worked face, rubbed bearing edges, and a plainly accessible working surface. It represents only the behaviour supplied by its fitted mechanical component."
renaissance_door_sai_hook_latch_474,a cloud copper hook latch,"The copper hook latch has a cloud worked face, rubbed bearing edges, and a plainly accessible working surface. It represents only the behaviour supplied by its fitted mechanical component."
renaissance_door_sai_strike_plate_475,a shell pewter strike plate,"The pewter strike plate has a shell worked face, rubbed bearing edges, and a plainly accessible working surface. It represents only the behaviour supplied by its fitted mechanical component."
renaissance_door_sai_hinge_pair_476,a reed wrought iron hinge pair,"The wrought iron hinge pair has a reed worked face, rubbed bearing edges, and a plainly accessible working surface. It represents only the behaviour supplied by its fitted mechanical component."
renaissance_door_rse_panel_door_477,a radiating teak door leaf,"The teak door leaf is framed with a firm outer rail and a radiating worked face. Its hinge edge, closing edge, and lower corners show the ordinary abrasion of fitting and use."
renaissance_door_rse_braced_door_478,a sunburst wood braced door,"The wood braced door is framed with a firm outer rail and a sunburst worked face. Its hinge edge, closing edge, and lower corners show the ordinary abrasion of fitting and use."
renaissance_door_rse_lockable_door_479,a knotted oak lockable door,"The oak lockable door is framed with a firm outer rail and a knotted worked face. Its hinge edge, closing edge, and lower corners show the ordinary abrasion of fitting and use."
renaissance_door_rse_secure_door_480,a star pine secure door,"The pine secure door is framed with a firm outer rail and a star worked face. Its hinge edge, closing edge, and lower corners show the ordinary abrasion of fitting and use."
renaissance_door_rse_shutter_481,a vine cedar shuttered opening,"The cedar shuttered opening is framed with a firm outer rail and a vine worked face. Its hinge edge, closing edge, and lower corners show the ordinary abrasion of fitting and use."
renaissance_door_rse_screen_482,a cloud bamboo screen door,"The bamboo screen door is framed with a firm outer rail and a cloud worked face. Its hinge edge, closing edge, and lower corners show the ordinary abrasion of fitting and use."
renaissance_door_rse_lattice_gate_483,a reed bronze lattice gate,"The bronze lattice gate is framed with a firm outer rail and a reed worked face. Its hinge edge, closing edge, and lower corners show the ordinary abrasion of fitting and use."
renaissance_door_rse_courtyard_gate_484,a checker oak courtyard gate,"The oak courtyard gate is framed with a firm outer rail and a checker worked face. Its hinge edge, closing edge, and lower corners show the ordinary abrasion of fitting and use."
renaissance_door_rse_warehouse_gate_485,a radiating cedar warehouse gate,"The cedar warehouse gate is framed with a firm outer rail and a radiating worked face. Its hinge edge, closing edge, and lower corners show the ordinary abrasion of fitting and use."
renaissance_door_rse_garden_gate_486,a sunburst teak garden gate,"The teak garden gate is framed with a firm outer rail and a sunburst worked face. Its hinge edge, closing edge, and lower corners show the ordinary abrasion of fitting and use."
renaissance_door_rse_grille_487,a knotted bronze metal grille,"The bronze metal grille is framed with a firm outer rail and a knotted worked face. Its hinge edge, closing edge, and lower corners show the ordinary abrasion of fitting and use."
renaissance_door_rse_barrier_488,a star brass barred barrier,"The brass barred barrier is framed with a firm outer rail and a star worked face. Its hinge edge, closing edge, and lower corners show the ordinary abrasion of fitting and use."
renaissance_door_rse_hatch_489,a vine oak service hatch,"The oak service hatch is framed with a firm outer rail and a vine worked face. Its hinge edge, closing edge, and lower corners show the ordinary abrasion of fitting and use."
renaissance_door_rse_wicket_490,a cloud cedar wicket gate,"The cedar wicket gate is framed with a firm outer rail and a cloud worked face. Its hinge edge, closing edge, and lower corners show the ordinary abrasion of fitting and use."
renaissance_door_rse_panel_door_491,a reed cedar door leaf,"The cedar door leaf is framed with a firm outer rail and a reed worked face. Its hinge edge, closing edge, and lower corners show the ordinary abrasion of fitting and use."
renaissance_door_rse_braced_door_492,a checker teak braced door,"The teak braced door is framed with a firm outer rail and a checker worked face. Its hinge edge, closing edge, and lower corners show the ordinary abrasion of fitting and use."
renaissance_door_rse_lockable_door_493,a radiating wood lockable door,"The wood lockable door is framed with a firm outer rail and a radiating worked face. Its hinge edge, closing edge, and lower corners show the ordinary abrasion of fitting and use."
renaissance_door_rse_master_warded_lock_494,a reed copper master warded lock,"The copper master warded lock has a reed worked face, rubbed bearing edges, and a plainly accessible working surface. It represents only the behaviour supplied by its fitted mechanical component."
renaissance_door_rse_warded_key_495,a rosette pewter warded key,"The pewter warded key has a rosette worked face, rubbed bearing edges, and a plainly accessible working surface. It represents only the behaviour supplied by its fitted mechanical component."
renaissance_door_rse_ring_key_496,a checker wrought iron ring bow key,"The wrought iron ring bow key has a checker worked face, rubbed bearing edges, and a plainly accessible working surface. It represents only the behaviour supplied by its fitted mechanical component."
renaissance_door_rse_door_latch_497,a braided bronze door latch,"The bronze door latch has a braided worked face, rubbed bearing edges, and a plainly accessible working surface. It represents only the behaviour supplied by its fitted mechanical component."
renaissance_door_rse_gate_dropbar_498,a radiating brass gate drop bar,"The brass gate drop bar has a radiating worked face, rubbed bearing edges, and a plainly accessible working surface. It represents only the behaviour supplied by its fitted mechanical component."
renaissance_door_rse_door_bar_499,a leaf-scroll copper door bar,"The copper door bar has a leaf-scroll worked face, rubbed bearing edges, and a plainly accessible working surface. It represents only the behaviour supplied by its fitted mechanical component."
renaissance_door_rse_portcullis_pawl_500,a sunburst pewter winch pawl,"The pewter winch pawl has a sunburst worked face, rubbed bearing edges, and a plainly accessible working surface. It represents only the behaviour supplied by its fitted mechanical component."
renaissance_door_rse_hasp_501,a water-wave wrought iron iron hasp,"The wrought iron iron hasp has a water-wave worked face, rubbed bearing edges, and a plainly accessible working surface. It represents only the behaviour supplied by its fitted mechanical component."
renaissance_door_rse_hook_latch_502,a knotted bronze hook latch,"The bronze hook latch has a knotted worked face, rubbed bearing edges, and a plainly accessible working surface. It represents only the behaviour supplied by its fitted mechanical component."
renaissance_door_rse_strike_plate_503,a flower-head brass strike plate,"The brass strike plate has a flower-head worked face, rubbed bearing edges, and a plainly accessible working surface. It represents only the behaviour supplied by its fitted mechanical component."
renaissance_door_rse_hinge_pair_504,a star copper hinge pair,"The copper hinge pair has a star worked face, rubbed bearing edges, and a plainly accessible working surface. It represents only the behaviour supplied by its fitted mechanical component."
renaissance_door_ind_panel_door_505,a rosette pine door leaf,"The pine door leaf is framed with a firm outer rail and a rosette worked face. Its hinge edge, closing edge, and lower corners show the ordinary abrasion of fitting and use."
renaissance_door_ind_braced_door_506,a braided cedar braced door,"The cedar braced door is framed with a firm outer rail and a braided worked face. Its hinge edge, closing edge, and lower corners show the ordinary abrasion of fitting and use."
renaissance_door_ind_lockable_door_507,a leaf-scroll teak lockable door,"The teak lockable door is framed with a firm outer rail and a leaf-scroll worked face. Its hinge edge, closing edge, and lower corners show the ordinary abrasion of fitting and use."
renaissance_door_ind_secure_door_508,a water-wave wood secure door,"The wood secure door is framed with a firm outer rail and a water-wave worked face. Its hinge edge, closing edge, and lower corners show the ordinary abrasion of fitting and use."
renaissance_door_ind_shutter_509,a flower-head oak shuttered opening,"The oak shuttered opening is framed with a firm outer rail and a flower-head worked face. Its hinge edge, closing edge, and lower corners show the ordinary abrasion of fitting and use."
renaissance_door_ind_screen_510,a bird teak screen door,"The teak screen door is framed with a firm outer rail and a bird worked face. Its hinge edge, closing edge, and lower corners show the ordinary abrasion of fitting and use."
renaissance_door_ind_lattice_gate_511,a geometric teak lattice gate,"The teak lattice gate is framed with a firm outer rail and a geometric worked face. Its hinge edge, closing edge, and lower corners show the ordinary abrasion of fitting and use."
renaissance_door_ind_courtyard_gate_512,a shell wrought iron courtyard gate,"The wrought iron courtyard gate is framed with a firm outer rail and a shell worked face. Its hinge edge, closing edge, and lower corners show the ordinary abrasion of fitting and use."
renaissance_door_ind_warehouse_gate_513,a rosette bronze warehouse gate,"The bronze warehouse gate is framed with a firm outer rail and a rosette worked face. Its hinge edge, closing edge, and lower corners show the ordinary abrasion of fitting and use."
renaissance_door_ind_garden_gate_514,a braided oak garden gate,"The oak garden gate is framed with a firm outer rail and a braided worked face. Its hinge edge, closing edge, and lower corners show the ordinary abrasion of fitting and use."
renaissance_door_ind_grille_515,a leaf-scroll bronze metal grille,"The bronze metal grille is framed with a firm outer rail and a leaf-scroll worked face. Its hinge edge, closing edge, and lower corners show the ordinary abrasion of fitting and use."
renaissance_door_ind_barrier_516,a water-wave brass barred barrier,"The brass barred barrier is framed with a firm outer rail and a water-wave worked face. Its hinge edge, closing edge, and lower corners show the ordinary abrasion of fitting and use."
renaissance_door_ind_hatch_517,a flower-head teak service hatch,"The teak service hatch is framed with a firm outer rail and a flower-head worked face. Its hinge edge, closing edge, and lower corners show the ordinary abrasion of fitting and use."
renaissance_door_ind_wicket_518,a bird bronze wicket gate,"The bronze wicket gate is framed with a firm outer rail and a bird worked face. Its hinge edge, closing edge, and lower corners show the ordinary abrasion of fitting and use."
renaissance_door_ind_panel_door_519,a geometric oak door leaf,"The oak door leaf is framed with a firm outer rail and a geometric worked face. Its hinge edge, closing edge, and lower corners show the ordinary abrasion of fitting and use."
renaissance_door_ind_braced_door_520,a shell pine braced door,"The pine braced door is framed with a firm outer rail and a shell worked face. Its hinge edge, closing edge, and lower corners show the ordinary abrasion of fitting and use."
renaissance_door_ind_lockable_door_521,a rosette cedar lockable door,"The cedar lockable door is framed with a firm outer rail and a rosette worked face. Its hinge edge, closing edge, and lower corners show the ordinary abrasion of fitting and use."
renaissance_door_ind_master_warded_lock_522,a sunburst bronze master warded lock,"The bronze master warded lock has a sunburst worked face, rubbed bearing edges, and a plainly accessible working surface. It represents only the behaviour supplied by its fitted mechanical component."
renaissance_door_ind_warded_key_523,a water-wave brass warded key,"The brass warded key has a water-wave worked face, rubbed bearing edges, and a plainly accessible working surface. It represents only the behaviour supplied by its fitted mechanical component."
renaissance_door_ind_ring_key_524,a knotted copper ring bow key,"The copper ring bow key has a knotted worked face, rubbed bearing edges, and a plainly accessible working surface. It represents only the behaviour supplied by its fitted mechanical component."
renaissance_door_ind_door_latch_525,a flower-head pewter door latch,"The pewter door latch has a flower-head worked face, rubbed bearing edges, and a plainly accessible working surface. It represents only the behaviour supplied by its fitted mechanical component."
renaissance_door_ind_gate_dropbar_526,a star wrought iron gate drop bar,"The wrought iron gate drop bar has a star worked face, rubbed bearing edges, and a plainly accessible working surface. It represents only the behaviour supplied by its fitted mechanical component."
renaissance_door_ind_door_bar_527,a bird bronze door bar,"The bronze door bar has a bird worked face, rubbed bearing edges, and a plainly accessible working surface. It represents only the behaviour supplied by its fitted mechanical component."
renaissance_door_ind_portcullis_pawl_528,a vine brass winch pawl,"The brass winch pawl has a vine worked face, rubbed bearing edges, and a plainly accessible working surface. It represents only the behaviour supplied by its fitted mechanical component."
renaissance_door_ind_hasp_529,a geometric copper iron hasp,"The copper iron hasp has a geometric worked face, rubbed bearing edges, and a plainly accessible working surface. It represents only the behaviour supplied by its fitted mechanical component."
renaissance_door_ind_hook_latch_530,a cloud pewter hook latch,"The pewter hook latch has a cloud worked face, rubbed bearing edges, and a plainly accessible working surface. It represents only the behaviour supplied by its fitted mechanical component."
renaissance_door_ind_strike_plate_531,a shell wrought iron strike plate,"The wrought iron strike plate has a shell worked face, rubbed bearing edges, and a plainly accessible working surface. It represents only the behaviour supplied by its fitted mechanical component."
renaissance_door_ind_hinge_pair_532,a reed bronze hinge pair,"The bronze hinge pair has a reed worked face, rubbed bearing edges, and a plainly accessible working surface. It represents only the behaviour supplied by its fitted mechanical component."
renaissance_door_mes_panel_door_533,a flower-head wood door leaf,"The wood door leaf is framed with a firm outer rail and a flower-head worked face. Its hinge edge, closing edge, and lower corners show the ordinary abrasion of fitting and use."
renaissance_door_mes_braced_door_534,a bird oak braced door,"The oak braced door is framed with a firm outer rail and a bird worked face. Its hinge edge, closing edge, and lower corners show the ordinary abrasion of fitting and use."
renaissance_door_mes_lockable_door_535,a geometric pine lockable door,"The pine lockable door is framed with a firm outer rail and a geometric worked face. Its hinge edge, closing edge, and lower corners show the ordinary abrasion of fitting and use."
renaissance_door_mes_secure_door_536,a shell cedar secure door,"The cedar secure door is framed with a firm outer rail and a shell worked face. Its hinge edge, closing edge, and lower corners show the ordinary abrasion of fitting and use."
renaissance_door_mes_shutter_537,a rosette teak shuttered opening,"The teak shuttered opening is framed with a firm outer rail and a rosette worked face. Its hinge edge, closing edge, and lower corners show the ordinary abrasion of fitting and use."
renaissance_door_mes_screen_538,a braided teak screen door,"The teak screen door is framed with a firm outer rail and a braided worked face. Its hinge edge, closing edge, and lower corners show the ordinary abrasion of fitting and use."
renaissance_door_mes_lattice_gate_539,a leaf-scroll oak lattice gate,"The oak lattice gate is framed with a firm outer rail and a leaf-scroll worked face. Its hinge edge, closing edge, and lower corners show the ordinary abrasion of fitting and use."
renaissance_door_mes_courtyard_gate_540,a water-wave cedar courtyard gate,"The cedar courtyard gate is framed with a firm outer rail and a water-wave worked face. Its hinge edge, closing edge, and lower corners show the ordinary abrasion of fitting and use."
renaissance_door_mes_warehouse_gate_541,a flower-head teak warehouse gate,"The teak warehouse gate is framed with a firm outer rail and a flower-head worked face. Its hinge edge, closing edge, and lower corners show the ordinary abrasion of fitting and use."
renaissance_door_mes_garden_gate_542,a bird wrought iron garden gate,"The wrought iron garden gate is framed with a firm outer rail and a bird worked face. Its hinge edge, closing edge, and lower corners show the ordinary abrasion of fitting and use."
renaissance_door_mes_grille_543,a geometric brass metal grille,"The brass metal grille is framed with a firm outer rail and a geometric worked face. Its hinge edge, closing edge, and lower corners show the ordinary abrasion of fitting and use."
renaissance_door_mes_barrier_544,a shell wrought iron barred barrier,"The wrought iron barred barrier is framed with a firm outer rail and a shell worked face. Its hinge edge, closing edge, and lower corners show the ordinary abrasion of fitting and use."
renaissance_door_mes_hatch_545,a rosette pine service hatch,"The pine service hatch is framed with a firm outer rail and a rosette worked face. Its hinge edge, closing edge, and lower corners show the ordinary abrasion of fitting and use."
renaissance_door_mes_wicket_546,a braided teak wicket gate,"The teak wicket gate is framed with a firm outer rail and a braided worked face. Its hinge edge, closing edge, and lower corners show the ordinary abrasion of fitting and use."
renaissance_door_mes_panel_door_547,a leaf-scroll teak door leaf,"The teak door leaf is framed with a firm outer rail and a leaf-scroll worked face. Its hinge edge, closing edge, and lower corners show the ordinary abrasion of fitting and use."
renaissance_door_mes_braced_door_548,a water-wave wood braced door,"The wood braced door is framed with a firm outer rail and a water-wave worked face. Its hinge edge, closing edge, and lower corners show the ordinary abrasion of fitting and use."
renaissance_door_mes_lockable_door_549,a flower-head oak lockable door,"The oak lockable door is framed with a firm outer rail and a flower-head worked face. Its hinge edge, closing edge, and lower corners show the ordinary abrasion of fitting and use."
renaissance_door_mes_master_warded_lock_550,a checker pewter master warded lock,"The pewter master warded lock has a checker worked face, rubbed bearing edges, and a plainly accessible working surface. It represents only the behaviour supplied by its fitted mechanical component."
renaissance_door_mes_warded_key_551,a braided wrought iron warded key,"The wrought iron warded key has a braided worked face, rubbed bearing edges, and a plainly accessible working surface. It represents only the behaviour supplied by its fitted mechanical component."
renaissance_door_mes_ring_key_552,a radiating bronze ring bow key,"The bronze ring bow key has a radiating worked face, rubbed bearing edges, and a plainly accessible working surface. It represents only the behaviour supplied by its fitted mechanical component."
renaissance_door_mes_door_latch_553,a leaf-scroll brass door latch,"The brass door latch has a leaf-scroll worked face, rubbed bearing edges, and a plainly accessible working surface. It represents only the behaviour supplied by its fitted mechanical component."
renaissance_door_mes_gate_dropbar_554,a sunburst copper gate drop bar,"The copper gate drop bar has a sunburst worked face, rubbed bearing edges, and a plainly accessible working surface. It represents only the behaviour supplied by its fitted mechanical component."
renaissance_door_mes_door_bar_555,a water-wave pewter door bar,"The pewter door bar has a water-wave worked face, rubbed bearing edges, and a plainly accessible working surface. It represents only the behaviour supplied by its fitted mechanical component."
renaissance_door_mes_portcullis_pawl_556,a knotted wrought iron winch pawl,"The wrought iron winch pawl has a knotted worked face, rubbed bearing edges, and a plainly accessible working surface. It represents only the behaviour supplied by its fitted mechanical component."
renaissance_door_mes_hasp_557,a flower-head bronze iron hasp,"The bronze iron hasp has a flower-head worked face, rubbed bearing edges, and a plainly accessible working surface. It represents only the behaviour supplied by its fitted mechanical component."
renaissance_door_mes_hook_latch_558,a star brass hook latch,"The brass hook latch has a star worked face, rubbed bearing edges, and a plainly accessible working surface. It represents only the behaviour supplied by its fitted mechanical component."
renaissance_door_mes_strike_plate_559,a bird copper strike plate,"The copper strike plate has a bird worked face, rubbed bearing edges, and a plainly accessible working surface. It represents only the behaviour supplied by its fitted mechanical component."
renaissance_door_mes_hinge_pair_560,a vine pewter hinge pair,"The pewter hinge pair has a vine worked face, rubbed bearing edges, and a plainly accessible working surface. It represents only the behaviour supplied by its fitted mechanical component."
renaissance_door_and_panel_door_561,a bird pine door leaf,"The pine door leaf is framed with a firm outer rail and a bird worked face. Its hinge edge, closing edge, and lower corners show the ordinary abrasion of fitting and use."
renaissance_door_and_braced_door_562,a geometric cedar braced door,"The cedar braced door is framed with a firm outer rail and a geometric worked face. Its hinge edge, closing edge, and lower corners show the ordinary abrasion of fitting and use."
renaissance_door_and_lockable_door_563,a shell teak lockable door,"The teak lockable door is framed with a firm outer rail and a shell worked face. Its hinge edge, closing edge, and lower corners show the ordinary abrasion of fitting and use."
renaissance_door_and_secure_door_564,a rosette wood secure door,"The wood secure door is framed with a firm outer rail and a rosette worked face. Its hinge edge, closing edge, and lower corners show the ordinary abrasion of fitting and use."
renaissance_door_and_shutter_565,a braided oak shuttered opening,"The oak shuttered opening is framed with a firm outer rail and a braided worked face. Its hinge edge, closing edge, and lower corners show the ordinary abrasion of fitting and use."
renaissance_door_and_screen_566,a leaf-scroll wood screen door,"The wood screen door is framed with a firm outer rail and a leaf-scroll worked face. Its hinge edge, closing edge, and lower corners show the ordinary abrasion of fitting and use."
renaissance_door_and_lattice_gate_567,a water-wave teak lattice gate,"The teak lattice gate is framed with a firm outer rail and a water-wave worked face. Its hinge edge, closing edge, and lower corners show the ordinary abrasion of fitting and use."
renaissance_door_and_courtyard_gate_568,a flower-head wrought iron courtyard gate,"The wrought iron courtyard gate is framed with a firm outer rail and a flower-head worked face. Its hinge edge, closing edge, and lower corners show the ordinary abrasion of fitting and use."
renaissance_door_and_warehouse_gate_569,a bird bronze warehouse gate,"The bronze warehouse gate is framed with a firm outer rail and a bird worked face. Its hinge edge, closing edge, and lower corners show the ordinary abrasion of fitting and use."
renaissance_door_and_garden_gate_570,a geometric oak garden gate,"The oak garden gate is framed with a firm outer rail and a geometric worked face. Its hinge edge, closing edge, and lower corners show the ordinary abrasion of fitting and use."
renaissance_door_and_grille_571,a shell wrought iron metal grille,"The wrought iron metal grille is framed with a firm outer rail and a shell worked face. Its hinge edge, closing edge, and lower corners show the ordinary abrasion of fitting and use."
renaissance_door_and_barrier_572,a rosette bronze barred barrier,"The bronze barred barrier is framed with a firm outer rail and a rosette worked face. Its hinge edge, closing edge, and lower corners show the ordinary abrasion of fitting and use."
renaissance_door_and_hatch_573,a braided teak service hatch,"The teak service hatch is framed with a firm outer rail and a braided worked face. Its hinge edge, closing edge, and lower corners show the ordinary abrasion of fitting and use."
renaissance_door_and_wicket_574,a leaf-scroll bronze wicket gate,"The bronze wicket gate is framed with a firm outer rail and a leaf-scroll worked face. Its hinge edge, closing edge, and lower corners show the ordinary abrasion of fitting and use."
renaissance_door_and_panel_door_575,a water-wave oak door leaf,"The oak door leaf is framed with a firm outer rail and a water-wave worked face. Its hinge edge, closing edge, and lower corners show the ordinary abrasion of fitting and use."
renaissance_door_and_braced_door_576,a flower-head pine braced door,"The pine braced door is framed with a firm outer rail and a flower-head worked face. Its hinge edge, closing edge, and lower corners show the ordinary abrasion of fitting and use."
renaissance_door_and_lockable_door_577,a bird cedar lockable door,"The cedar lockable door is framed with a firm outer rail and a bird worked face. Its hinge edge, closing edge, and lower corners show the ordinary abrasion of fitting and use."
renaissance_door_and_master_warded_lock_578,a checker brass master warded lock,"The brass master warded lock has a checker worked face, rubbed bearing edges, and a plainly accessible working surface. It represents only the behaviour supplied by its fitted mechanical component."
renaissance_door_and_warded_key_579,a braided copper warded key,"The copper warded key has a braided worked face, rubbed bearing edges, and a plainly accessible working surface. It represents only the behaviour supplied by its fitted mechanical component."
renaissance_door_and_ring_key_580,a radiating pewter ring bow key,"The pewter ring bow key has a radiating worked face, rubbed bearing edges, and a plainly accessible working surface. It represents only the behaviour supplied by its fitted mechanical component."
renaissance_door_and_door_latch_581,a leaf-scroll wrought iron door latch,"The wrought iron door latch has a leaf-scroll worked face, rubbed bearing edges, and a plainly accessible working surface. It represents only the behaviour supplied by its fitted mechanical component."
renaissance_door_and_gate_dropbar_582,a sunburst bronze gate drop bar,"The bronze gate drop bar has a sunburst worked face, rubbed bearing edges, and a plainly accessible working surface. It represents only the behaviour supplied by its fitted mechanical component."
renaissance_door_and_door_bar_583,a water-wave brass door bar,"The brass door bar has a water-wave worked face, rubbed bearing edges, and a plainly accessible working surface. It represents only the behaviour supplied by its fitted mechanical component."
renaissance_door_and_portcullis_pawl_584,a knotted copper winch pawl,"The copper winch pawl has a knotted worked face, rubbed bearing edges, and a plainly accessible working surface. It represents only the behaviour supplied by its fitted mechanical component."
renaissance_door_and_hasp_585,a flower-head pewter iron hasp,"The pewter iron hasp has a flower-head worked face, rubbed bearing edges, and a plainly accessible working surface. It represents only the behaviour supplied by its fitted mechanical component."
renaissance_door_and_hook_latch_586,a star wrought iron hook latch,"The wrought iron hook latch has a star worked face, rubbed bearing edges, and a plainly accessible working surface. It represents only the behaviour supplied by its fitted mechanical component."
renaissance_door_and_strike_plate_587,a bird bronze strike plate,"The bronze strike plate has a bird worked face, rubbed bearing edges, and a plainly accessible working surface. It represents only the behaviour supplied by its fitted mechanical component."
renaissance_door_and_hinge_pair_588,a vine brass hinge pair,"The brass hinge pair has a vine worked face, rubbed bearing edges, and a plainly accessible working surface. It represents only the behaviour supplied by its fitted mechanical component."
renaissance_door_car_panel_door_589,a cloud oak door leaf,"The oak door leaf is framed with a firm outer rail and a cloud worked face. Its hinge edge, closing edge, and lower corners show the ordinary abrasion of fitting and use."
renaissance_door_car_braced_door_590,a reed pine braced door,"The pine braced door is framed with a firm outer rail and a reed worked face. Its hinge edge, closing edge, and lower corners show the ordinary abrasion of fitting and use."
renaissance_door_car_lockable_door_591,a checker cedar lockable door,"The cedar lockable door is framed with a firm outer rail and a checker worked face. Its hinge edge, closing edge, and lower corners show the ordinary abrasion of fitting and use."
renaissance_door_car_secure_door_592,a radiating teak secure door,"The teak secure door is framed with a firm outer rail and a radiating worked face. Its hinge edge, closing edge, and lower corners show the ordinary abrasion of fitting and use."
renaissance_door_car_shutter_593,a sunburst wood shuttered opening,"The wood shuttered opening is framed with a firm outer rail and a sunburst worked face. Its hinge edge, closing edge, and lower corners show the ordinary abrasion of fitting and use."
renaissance_door_car_screen_594,a knotted cedar screen door,"The cedar screen door is framed with a firm outer rail and a knotted worked face. Its hinge edge, closing edge, and lower corners show the ordinary abrasion of fitting and use."
renaissance_door_car_lattice_gate_595,a star cedar lattice gate,"The cedar lattice gate is framed with a firm outer rail and a star worked face. Its hinge edge, closing edge, and lower corners show the ordinary abrasion of fitting and use."
renaissance_door_car_courtyard_gate_596,a vine teak courtyard gate,"The teak courtyard gate is framed with a firm outer rail and a vine worked face. Its hinge edge, closing edge, and lower corners show the ordinary abrasion of fitting and use."
renaissance_door_car_warehouse_gate_597,a cloud wrought iron warehouse gate,"The wrought iron warehouse gate is framed with a firm outer rail and a cloud worked face. Its hinge edge, closing edge, and lower corners show the ordinary abrasion of fitting and use."
renaissance_door_car_garden_gate_598,a reed bronze garden gate,"The bronze garden gate is framed with a firm outer rail and a reed worked face. Its hinge edge, closing edge, and lower corners show the ordinary abrasion of fitting and use."
renaissance_door_car_grille_599,a checker wrought iron metal grille,"The wrought iron metal grille is framed with a firm outer rail and a checker worked face. Its hinge edge, closing edge, and lower corners show the ordinary abrasion of fitting and use."
renaissance_door_car_barrier_600,a radiating bronze barred barrier,"The bronze barred barrier is framed with a firm outer rail and a radiating worked face. Its hinge edge, closing edge, and lower corners show the ordinary abrasion of fitting and use."
renaissance_door_car_hatch_601,a sunburst cedar service hatch,"The cedar service hatch is framed with a firm outer rail and a sunburst worked face. Its hinge edge, closing edge, and lower corners show the ordinary abrasion of fitting and use."
renaissance_door_car_wicket_602,a knotted wrought iron wicket gate,"The wrought iron wicket gate is framed with a firm outer rail and a knotted worked face. Its hinge edge, closing edge, and lower corners show the ordinary abrasion of fitting and use."
renaissance_door_car_panel_door_603,a star wood door leaf,"The wood door leaf is framed with a firm outer rail and a star worked face. Its hinge edge, closing edge, and lower corners show the ordinary abrasion of fitting and use."
renaissance_door_car_braced_door_604,a vine oak braced door,"The oak braced door is framed with a firm outer rail and a vine worked face. Its hinge edge, closing edge, and lower corners show the ordinary abrasion of fitting and use."
renaissance_door_car_lockable_door_605,a cloud pine lockable door,"The pine lockable door is framed with a firm outer rail and a cloud worked face. Its hinge edge, closing edge, and lower corners show the ordinary abrasion of fitting and use."
renaissance_door_car_master_warded_lock_606,a radiating wrought iron master warded lock,"The wrought iron master warded lock has a radiating worked face, rubbed bearing edges, and a plainly accessible working surface. It represents only the behaviour supplied by its fitted mechanical component."
renaissance_door_car_warded_key_607,a leaf-scroll bronze warded key,"The bronze warded key has a leaf-scroll worked face, rubbed bearing edges, and a plainly accessible working surface. It represents only the behaviour supplied by its fitted mechanical component."
renaissance_door_car_ring_key_608,a sunburst brass ring bow key,"The brass ring bow key has a sunburst worked face, rubbed bearing edges, and a plainly accessible working surface. It represents only the behaviour supplied by its fitted mechanical component."
renaissance_door_car_door_latch_609,a water-wave copper door latch,"The copper door latch has a water-wave worked face, rubbed bearing edges, and a plainly accessible working surface. It represents only the behaviour supplied by its fitted mechanical component."
renaissance_door_car_gate_dropbar_610,a knotted pewter gate drop bar,"The pewter gate drop bar has a knotted worked face, rubbed bearing edges, and a plainly accessible working surface. It represents only the behaviour supplied by its fitted mechanical component."
renaissance_door_car_door_bar_611,a flower-head wrought iron door bar,"The wrought iron door bar has a flower-head worked face, rubbed bearing edges, and a plainly accessible working surface. It represents only the behaviour supplied by its fitted mechanical component."
renaissance_door_car_portcullis_pawl_612,a star bronze winch pawl,"The bronze winch pawl has a star worked face, rubbed bearing edges, and a plainly accessible working surface. It represents only the behaviour supplied by its fitted mechanical component."
renaissance_door_car_hasp_613,a bird brass iron hasp,"The brass iron hasp has a bird worked face, rubbed bearing edges, and a plainly accessible working surface. It represents only the behaviour supplied by its fitted mechanical component."
renaissance_door_car_hook_latch_614,a vine copper hook latch,"The copper hook latch has a vine worked face, rubbed bearing edges, and a plainly accessible working surface. It represents only the behaviour supplied by its fitted mechanical component."
renaissance_door_car_strike_plate_615,a geometric pewter strike plate,"The pewter strike plate has a geometric worked face, rubbed bearing edges, and a plainly accessible working surface. It represents only the behaviour supplied by its fitted mechanical component."
renaissance_door_car_hinge_pair_616,a cloud wrought iron hinge pair,"The wrought iron hinge pair has a cloud worked face, rubbed bearing edges, and a plainly accessible working surface. It represents only the behaviour supplied by its fitted mechanical component."
renaissance_door_nac_panel_door_617,a bird teak door leaf,"The teak door leaf is framed with a firm outer rail and a bird worked face. Its hinge edge, closing edge, and lower corners show the ordinary abrasion of fitting and use."
renaissance_door_nac_braced_door_618,a geometric wood braced door,"The wood braced door is framed with a firm outer rail and a geometric worked face. Its hinge edge, closing edge, and lower corners show the ordinary abrasion of fitting and use."
renaissance_door_nac_lockable_door_619,a shell oak lockable door,"The oak lockable door is framed with a firm outer rail and a shell worked face. Its hinge edge, closing edge, and lower corners show the ordinary abrasion of fitting and use."
renaissance_door_nac_secure_door_620,a rosette pine secure door,"The pine secure door is framed with a firm outer rail and a rosette worked face. Its hinge edge, closing edge, and lower corners show the ordinary abrasion of fitting and use."
renaissance_door_nac_shutter_621,a braided cedar shuttered opening,"The cedar shuttered opening is framed with a firm outer rail and a braided worked face. Its hinge edge, closing edge, and lower corners show the ordinary abrasion of fitting and use."
renaissance_door_nac_screen_622,a leaf-scroll wood screen door,"The wood screen door is framed with a firm outer rail and a leaf-scroll worked face. Its hinge edge, closing edge, and lower corners show the ordinary abrasion of fitting and use."
renaissance_door_nac_lattice_gate_623,a water-wave bronze lattice gate,"The bronze lattice gate is framed with a firm outer rail and a water-wave worked face. Its hinge edge, closing edge, and lower corners show the ordinary abrasion of fitting and use."
renaissance_door_nac_courtyard_gate_624,a flower-head oak courtyard gate,"The oak courtyard gate is framed with a firm outer rail and a flower-head worked face. Its hinge edge, closing edge, and lower corners show the ordinary abrasion of fitting and use."
renaissance_door_nac_warehouse_gate_625,a bird cedar warehouse gate,"The cedar warehouse gate is framed with a firm outer rail and a bird worked face. Its hinge edge, closing edge, and lower corners show the ordinary abrasion of fitting and use."
renaissance_door_nac_garden_gate_626,a geometric teak garden gate,"The teak garden gate is framed with a firm outer rail and a geometric worked face. Its hinge edge, closing edge, and lower corners show the ordinary abrasion of fitting and use."
renaissance_door_nac_grille_627,a shell wrought iron metal grille,"The wrought iron metal grille is framed with a firm outer rail and a shell worked face. Its hinge edge, closing edge, and lower corners show the ordinary abrasion of fitting and use."
renaissance_door_nac_barrier_628,a rosette bronze barred barrier,"The bronze barred barrier is framed with a firm outer rail and a rosette worked face. Its hinge edge, closing edge, and lower corners show the ordinary abrasion of fitting and use."
renaissance_door_nac_hatch_629,a braided oak service hatch,"The oak service hatch is framed with a firm outer rail and a braided worked face. Its hinge edge, closing edge, and lower corners show the ordinary abrasion of fitting and use."
renaissance_door_nac_wicket_630,a leaf-scroll cedar wicket gate,"The cedar wicket gate is framed with a firm outer rail and a leaf-scroll worked face. Its hinge edge, closing edge, and lower corners show the ordinary abrasion of fitting and use."
renaissance_door_nac_panel_door_631,a water-wave cedar door leaf,"The cedar door leaf is framed with a firm outer rail and a water-wave worked face. Its hinge edge, closing edge, and lower corners show the ordinary abrasion of fitting and use."
renaissance_door_nac_braced_door_632,a flower-head teak braced door,"The teak braced door is framed with a firm outer rail and a flower-head worked face. Its hinge edge, closing edge, and lower corners show the ordinary abrasion of fitting and use."
renaissance_door_nac_lockable_door_633,a bird wood lockable door,"The wood lockable door is framed with a firm outer rail and a bird worked face. Its hinge edge, closing edge, and lower corners show the ordinary abrasion of fitting and use."
renaissance_door_nac_master_warded_lock_634,a star copper master warded lock,"The copper master warded lock has a star worked face, rubbed bearing edges, and a plainly accessible working surface. It represents only the behaviour supplied by its fitted mechanical component."
renaissance_door_nac_warded_key_635,a bird pewter warded key,"The pewter warded key has a bird worked face, rubbed bearing edges, and a plainly accessible working surface. It represents only the behaviour supplied by its fitted mechanical component."
renaissance_door_nac_ring_key_636,a vine wrought iron ring bow key,"The wrought iron ring bow key has a vine worked face, rubbed bearing edges, and a plainly accessible working surface. It represents only the behaviour supplied by its fitted mechanical component."
renaissance_door_nac_door_latch_637,a geometric bronze door latch,"The bronze door latch has a geometric worked face, rubbed bearing edges, and a plainly accessible working surface. It represents only the behaviour supplied by its fitted mechanical component."
renaissance_door_nac_gate_dropbar_638,a cloud brass gate drop bar,"The brass gate drop bar has a cloud worked face, rubbed bearing edges, and a plainly accessible working surface. It represents only the behaviour supplied by its fitted mechanical component."
renaissance_door_nac_door_bar_639,a shell copper door bar,"The copper door bar has a shell worked face, rubbed bearing edges, and a plainly accessible working surface. It represents only the behaviour supplied by its fitted mechanical component."
renaissance_door_nac_portcullis_pawl_640,a reed pewter winch pawl,"The pewter winch pawl has a reed worked face, rubbed bearing edges, and a plainly accessible working surface. It represents only the behaviour supplied by its fitted mechanical component."
renaissance_door_nac_hasp_641,a rosette wrought iron iron hasp,"The wrought iron iron hasp has a rosette worked face, rubbed bearing edges, and a plainly accessible working surface. It represents only the behaviour supplied by its fitted mechanical component."
renaissance_door_nac_hook_latch_642,a checker bronze hook latch,"The bronze hook latch has a checker worked face, rubbed bearing edges, and a plainly accessible working surface. It represents only the behaviour supplied by its fitted mechanical component."
renaissance_door_nac_strike_plate_643,a braided brass strike plate,"The brass strike plate has a braided worked face, rubbed bearing edges, and a plainly accessible working surface. It represents only the behaviour supplied by its fitted mechanical component."
renaissance_door_nac_hinge_pair_644,a radiating copper hinge pair,"The copper hinge pair has a radiating worked face, rubbed bearing edges, and a plainly accessible working surface. It represents only the behaviour supplied by its fitted mechanical component."
renaissance_door_col_panel_door_645,a cloud pine door leaf,"The pine door leaf is framed with a firm outer rail and a cloud worked face. Its hinge edge, closing edge, and lower corners show the ordinary abrasion of fitting and use."
renaissance_door_col_braced_door_646,a reed cedar braced door,"The cedar braced door is framed with a firm outer rail and a reed worked face. Its hinge edge, closing edge, and lower corners show the ordinary abrasion of fitting and use."
renaissance_door_col_lockable_door_647,a checker teak lockable door,"The teak lockable door is framed with a firm outer rail and a checker worked face. Its hinge edge, closing edge, and lower corners show the ordinary abrasion of fitting and use."
renaissance_door_col_secure_door_648,a radiating wood secure door,"The wood secure door is framed with a firm outer rail and a radiating worked face. Its hinge edge, closing edge, and lower corners show the ordinary abrasion of fitting and use."
renaissance_door_col_shutter_649,a sunburst oak shuttered opening,"The oak shuttered opening is framed with a firm outer rail and a sunburst worked face. Its hinge edge, closing edge, and lower corners show the ordinary abrasion of fitting and use."
renaissance_door_col_screen_650,a knotted cedar screen door,"The cedar screen door is framed with a firm outer rail and a knotted worked face. Its hinge edge, closing edge, and lower corners show the ordinary abrasion of fitting and use."
renaissance_door_col_lattice_gate_651,a star teak lattice gate,"The teak lattice gate is framed with a firm outer rail and a star worked face. Its hinge edge, closing edge, and lower corners show the ordinary abrasion of fitting and use."
renaissance_door_col_courtyard_gate_652,a vine wrought iron courtyard gate,"The wrought iron courtyard gate is framed with a firm outer rail and a vine worked face. Its hinge edge, closing edge, and lower corners show the ordinary abrasion of fitting and use."
renaissance_door_col_warehouse_gate_653,a cloud bronze warehouse gate,"The bronze warehouse gate is framed with a firm outer rail and a cloud worked face. Its hinge edge, closing edge, and lower corners show the ordinary abrasion of fitting and use."
renaissance_door_col_garden_gate_654,a reed oak garden gate,"The oak garden gate is framed with a firm outer rail and a reed worked face. Its hinge edge, closing edge, and lower corners show the ordinary abrasion of fitting and use."
renaissance_door_col_grille_655,a checker brass metal grille,"The brass metal grille is framed with a firm outer rail and a checker worked face. Its hinge edge, closing edge, and lower corners show the ordinary abrasion of fitting and use."
renaissance_door_col_barrier_656,a radiating wrought iron barred barrier,"The wrought iron barred barrier is framed with a firm outer rail and a radiating worked face. Its hinge edge, closing edge, and lower corners show the ordinary abrasion of fitting and use."
renaissance_door_col_hatch_657,a sunburst teak service hatch,"The teak service hatch is framed with a firm outer rail and a sunburst worked face. Its hinge edge, closing edge, and lower corners show the ordinary abrasion of fitting and use."
renaissance_door_col_wicket_658,a knotted bronze wicket gate,"The bronze wicket gate is framed with a firm outer rail and a knotted worked face. Its hinge edge, closing edge, and lower corners show the ordinary abrasion of fitting and use."
renaissance_door_col_panel_door_659,a star oak door leaf,"The oak door leaf is framed with a firm outer rail and a star worked face. Its hinge edge, closing edge, and lower corners show the ordinary abrasion of fitting and use."
renaissance_door_col_braced_door_660,a vine pine braced door,"The pine braced door is framed with a firm outer rail and a vine worked face. Its hinge edge, closing edge, and lower corners show the ordinary abrasion of fitting and use."
renaissance_door_col_lockable_door_661,a cloud cedar lockable door,"The cedar lockable door is framed with a firm outer rail and a cloud worked face. Its hinge edge, closing edge, and lower corners show the ordinary abrasion of fitting and use."
renaissance_door_col_master_warded_lock_662,a vine bronze master warded lock,"The bronze master warded lock has a vine worked face, rubbed bearing edges, and a plainly accessible working surface. It represents only the behaviour supplied by its fitted mechanical component."
renaissance_door_col_warded_key_663,a geometric brass warded key,"The brass warded key has a geometric worked face, rubbed bearing edges, and a plainly accessible working surface. It represents only the behaviour supplied by its fitted mechanical component."
renaissance_door_col_ring_key_664,a cloud copper ring bow key,"The copper ring bow key has a cloud worked face, rubbed bearing edges, and a plainly accessible working surface. It represents only the behaviour supplied by its fitted mechanical component."
renaissance_door_col_door_latch_665,a shell pewter door latch,"The pewter door latch has a shell worked face, rubbed bearing edges, and a plainly accessible working surface. It represents only the behaviour supplied by its fitted mechanical component."
renaissance_door_col_gate_dropbar_666,a reed wrought iron gate drop bar,"The wrought iron gate drop bar has a reed worked face, rubbed bearing edges, and a plainly accessible working surface. It represents only the behaviour supplied by its fitted mechanical component."
renaissance_door_col_door_bar_667,a rosette bronze door bar,"The bronze door bar has a rosette worked face, rubbed bearing edges, and a plainly accessible working surface. It represents only the behaviour supplied by its fitted mechanical component."
renaissance_door_col_portcullis_pawl_668,a checker brass winch pawl,"The brass winch pawl has a checker worked face, rubbed bearing edges, and a plainly accessible working surface. It represents only the behaviour supplied by its fitted mechanical component."
renaissance_door_col_hasp_669,a braided copper iron hasp,"The copper iron hasp has a braided worked face, rubbed bearing edges, and a plainly accessible working surface. It represents only the behaviour supplied by its fitted mechanical component."
renaissance_door_col_hook_latch_670,a radiating pewter hook latch,"The pewter hook latch has a radiating worked face, rubbed bearing edges, and a plainly accessible working surface. It represents only the behaviour supplied by its fitted mechanical component."
