unique_reference,sdesc,fdesc
renaissance_jewellery_common_ring_01,a cloud carnelian ring,The carnelian ring is worked into a cloud pattern with smooth inner surfaces and visible tool marks at the joins. Its fastening is plainly made for ordinary wear and does not conceal a mechanism.
renaissance_jewellery_common_signet_ring_02,a shell lapis lazuli ring,The lapis lazuli ring is worked into a shell pattern with smooth inner surfaces and visible tool marks at the joins. Its fastening is plainly made for ordinary wear and does not conceal a mechanism.
renaissance_jewellery_common_pendant_03,a reed turquoise pendant,The turquoise pendant is worked into a reed pattern with smooth inner surfaces and visible tool marks at the joins. Its fastening is plainly made for ordinary wear and does not conceal a mechanism.
renaissance_jewellery_common_bead_necklace_04,a rosette jade necklace,The jade necklace is worked into a rosette pattern with smooth inner surfaces and visible tool marks at the joins. Its fastening is plainly made for ordinary wear and does not conceal a mechanism.
renaissance_jewellery_common_chain_necklace_05,a checker quartz necklace,The quartz necklace is worked into a checker pattern with smooth inner surfaces and visible tool marks at the joins. Its fastening is plainly made for ordinary wear and does not conceal a mechanism.
renaissance_jewellery_common_bracelet_06,a braided faience bracelet,The faience bracelet is worked into a braided pattern with smooth inner surfaces and visible tool marks at the joins. Its fastening is plainly made for ordinary wear and does not conceal a mechanism.
renaissance_jewellery_common_armlet_07,a radiating pewter armlet,The pewter armlet is worked into a radiating pattern with smooth inner surfaces and visible tool marks at the joins. Its fastening is plainly made for ordinary wear and does not conceal a mechanism.
renaissance_jewellery_common_anklet_08,a leaf-scroll copper anklet,The copper anklet is worked into a leaf-scroll pattern with smooth inner surfaces and visible tool marks at the joins. Its fastening is plainly made for ordinary wear and does not conceal a mechanism.
renaissance_jewellery_common_earrings_09,a sunburst bronze earrings,The bronze earrings is worked into a sunburst pattern with smooth inner surfaces and visible tool marks at the joins. Its fastening is plainly made for ordinary wear and does not conceal a mechanism.
renaissance_jewellery_common_brooch_10,a water-wave silver brooch,The silver brooch is worked into a water-wave pattern with smooth inner surfaces and visible tool marks at the joins. Its fastening is plainly made for ordinary wear and does not conceal a mechanism.
renaissance_jewellery_common_pin_11,a knotted gold pin,The gold pin is worked into a knotted pattern with smooth inner surfaces and visible tool marks at the joins. Its fastening is plainly made for ordinary wear and does not conceal a mechanism.
renaissance_jewellery_common_hairpin_12,a flower-head brass hairpin,The brass hairpin is worked into a flower-head pattern with smooth inner surfaces and visible tool marks at the joins. Its fastening is plainly made for ordinary wear and does not conceal a mechanism.
renaissance_jewellery_common_circlet_13,a star glass circlet,The glass circlet is worked into a star pattern with smooth inner surfaces and visible tool marks at the joins. Its fastening is plainly made for ordinary wear and does not conceal a mechanism.
renaissance_jewellery_common_diadem_14,a bird bone diadem,The bone diadem is worked into a bird pattern with smooth inner surfaces and visible tool marks at the joins. Its fastening is plainly made for ordinary wear and does not conceal a mechanism.
renaissance_jewellery_common_waist_chain_15,a vine shell waist chain,The shell waist chain is worked into a vine pattern with smooth inner surfaces and visible tool marks at the joins. Its fastening is plainly made for ordinary wear and does not conceal a mechanism.
renaissance_jewellery_common_belt_ornament_16,a geometric ivory belt ornament,The ivory belt ornament is worked into a geometric pattern with smooth inner surfaces and visible tool marks at the joins. Its fastening is plainly made for ordinary wear and does not conceal a mechanism.
renaissance_jewellery_common_badge_17,a cloud pearl badge,The pearl badge is worked into a cloud pattern with smooth inner surfaces and visible tool marks at the joins. Its fastening is plainly made for ordinary wear and does not conceal a mechanism.
renaissance_jewellery_common_temple_ring_18,a shell amber temple ring,The amber temple ring is worked into a shell pattern with smooth inner surfaces and visible tool marks at the joins. Its fastening is plainly made for ordinary wear and does not conceal a mechanism.
renaissance_jewellery_common_torc_19,a reed coral torc,The coral torc is worked into a reed pattern with smooth inner surfaces and visible tool marks at the joins. Its fastening is plainly made for ordinary wear and does not conceal a mechanism.
renaissance_jewellery_common_wreath_20,a rosette garnet wreath,The garnet wreath is worked into a rosette pattern with smooth inner surfaces and visible tool marks at the joins. Its fastening is plainly made for ordinary wear and does not conceal a mechanism.
renaissance_jewellery_common_prayer_beads_21,a checker agate prayer bead strand,The agate prayer bead strand is worked into a checker pattern with smooth inner surfaces and visible tool marks at the joins. Its fastening is plainly made for ordinary wear and does not conceal a mechanism.
renaissance_jewellery_common_devotional_medal_22,a braided carnelian devotional medal,The carnelian devotional medal is worked into a braided pattern with smooth inner surfaces and visible tool marks at the joins. Its fastening is plainly made for ordinary wear and does not conceal a mechanism.
renaissance_jewellery_common_devotional_badge_23,a radiating lapis lazuli devotional badge,The lapis lazuli devotional badge is worked into a radiating pattern with smooth inner surfaces and visible tool marks at the joins. Its fastening is plainly made for ordinary wear and does not conceal a mechanism.
renaissance_jewellery_common_prayer_cord_24,a leaf-scroll linen prayer cord,The linen prayer cord is worked into a leaf-scroll pattern with smooth inner surfaces and visible tool marks at the joins. Its fastening is plainly made for ordinary wear and does not conceal a mechanism.
renaissance_jewellery_common_votive_token_25,a sunburst jade votive token,"The jade votive token has a compact sunburst face and carefully finished edges. Its visible fittings are simple and accessible, with no concealed compartment or implied sacred power."
renaissance_jewellery_common_scripture_box_26,a water-wave quartz small scripture box,"The quartz small scripture box has a compact water-wave face and carefully finished edges. Its visible fittings are simple and accessible, with no concealed compartment or implied sacred power."
renaissance_jewellery_common_offering_bowl_27,a knotted silver offering bowl,"The silver offering bowl has a compact knotted face and carefully finished edges. Its visible fittings are simple and accessible, with no concealed compartment or implied sacred power."
renaissance_jewellery_common_incense_holder_28,a flower-head pewter incense holder,"The pewter incense holder has a compact flower-head face and carefully finished edges. Its visible fittings are simple and accessible, with no concealed compartment or implied sacred power."
renaissance_jewellery_common_portable_panel_29,a star wood small devotional panel,"The wood small devotional panel has a compact star face and carefully finished edges. Its visible fittings are simple and accessible, with no concealed compartment or implied sacred power."
renaissance_jewellery_common_processional_ornament_30,a bird brass processional ornament,"The brass processional ornament has a compact bird face and carefully finished edges. Its visible fittings are simple and accessible, with no concealed compartment or implied sacred power."
renaissance_jewellery_common_ring_31,a vine silver ring,The silver ring is worked into a vine pattern with smooth inner surfaces and visible tool marks at the joins. Its fastening is plainly made for ordinary wear and does not conceal a mechanism.
renaissance_jewellery_common_signet_ring_32,a geometric gold ring,The gold ring is worked into a geometric pattern with smooth inner surfaces and visible tool marks at the joins. Its fastening is plainly made for ordinary wear and does not conceal a mechanism.
renaissance_jewellery_common_pendant_33,a cloud brass pendant,The brass pendant is worked into a cloud pattern with smooth inner surfaces and visible tool marks at the joins. Its fastening is plainly made for ordinary wear and does not conceal a mechanism.
renaissance_jewellery_common_bead_necklace_34,a shell glass necklace,The glass necklace is worked into a shell pattern with smooth inner surfaces and visible tool marks at the joins. Its fastening is plainly made for ordinary wear and does not conceal a mechanism.
renaissance_jewellery_common_chain_necklace_35,a reed bone necklace,The bone necklace is worked into a reed pattern with smooth inner surfaces and visible tool marks at the joins. Its fastening is plainly made for ordinary wear and does not conceal a mechanism.
renaissance_jewellery_common_bracelet_36,a rosette shell bracelet,The shell bracelet is worked into a rosette pattern with smooth inner surfaces and visible tool marks at the joins. Its fastening is plainly made for ordinary wear and does not conceal a mechanism.
renaissance_jewellery_common_armlet_37,a checker ivory armlet,The ivory armlet is worked into a checker pattern with smooth inner surfaces and visible tool marks at the joins. Its fastening is plainly made for ordinary wear and does not conceal a mechanism.
renaissance_jewellery_common_anklet_38,a braided pearl anklet,The pearl anklet is worked into a braided pattern with smooth inner surfaces and visible tool marks at the joins. Its fastening is plainly made for ordinary wear and does not conceal a mechanism.
renaissance_jewellery_common_earrings_39,a radiating amber earrings,The amber earrings is worked into a radiating pattern with smooth inner surfaces and visible tool marks at the joins. Its fastening is plainly made for ordinary wear and does not conceal a mechanism.
renaissance_jewellery_common_brooch_40,a leaf-scroll coral brooch,The coral brooch is worked into a leaf-scroll pattern with smooth inner surfaces and visible tool marks at the joins. Its fastening is plainly made for ordinary wear and does not conceal a mechanism.
renaissance_jewellery_common_pin_41,a sunburst garnet pin,The garnet pin is worked into a sunburst pattern with smooth inner surfaces and visible tool marks at the joins. Its fastening is plainly made for ordinary wear and does not conceal a mechanism.
renaissance_jewellery_common_hairpin_42,a water-wave agate hairpin,The agate hairpin is worked into a water-wave pattern with smooth inner surfaces and visible tool marks at the joins. Its fastening is plainly made for ordinary wear and does not conceal a mechanism.
renaissance_jewellery_common_circlet_43,a knotted carnelian circlet,The carnelian circlet is worked into a knotted pattern with smooth inner surfaces and visible tool marks at the joins. Its fastening is plainly made for ordinary wear and does not conceal a mechanism.
renaissance_jewellery_common_diadem_44,a flower-head lapis lazuli diadem,The lapis lazuli diadem is worked into a flower-head pattern with smooth inner surfaces and visible tool marks at the joins. Its fastening is plainly made for ordinary wear and does not conceal a mechanism.
renaissance_jewellery_common_waist_chain_45,a star turquoise waist chain,The turquoise waist chain is worked into a star pattern with smooth inner surfaces and visible tool marks at the joins. Its fastening is plainly made for ordinary wear and does not conceal a mechanism.
renaissance_jewellery_common_belt_ornament_46,a bird jade belt ornament,The jade belt ornament is worked into a bird pattern with smooth inner surfaces and visible tool marks at the joins. Its fastening is plainly made for ordinary wear and does not conceal a mechanism.
renaissance_jewellery_common_badge_47,a vine quartz badge,The quartz badge is worked into a vine pattern with smooth inner surfaces and visible tool marks at the joins. Its fastening is plainly made for ordinary wear and does not conceal a mechanism.
renaissance_jewellery_common_temple_ring_48,a geometric faience temple ring,The faience temple ring is worked into a geometric pattern with smooth inner surfaces and visible tool marks at the joins. Its fastening is plainly made for ordinary wear and does not conceal a mechanism.
renaissance_jewellery_common_torc_49,a cloud pewter torc,The pewter torc is worked into a cloud pattern with smooth inner surfaces and visible tool marks at the joins. Its fastening is plainly made for ordinary wear and does not conceal a mechanism.
renaissance_jewellery_common_wreath_50,a shell copper wreath,The copper wreath is worked into a shell pattern with smooth inner surfaces and visible tool marks at the joins. Its fastening is plainly made for ordinary wear and does not conceal a mechanism.
renaissance_jewellery_common_prayer_beads_51,a reed bronze prayer bead strand,The bronze prayer bead strand is worked into a reed pattern with smooth inner surfaces and visible tool marks at the joins. Its fastening is plainly made for ordinary wear and does not conceal a mechanism.
renaissance_jewellery_common_devotional_medal_52,a rosette silver devotional medal,The silver devotional medal is worked into a rosette pattern with smooth inner surfaces and visible tool marks at the joins. Its fastening is plainly made for ordinary wear and does not conceal a mechanism.
renaissance_jewellery_common_devotional_badge_53,a checker gold devotional badge,The gold devotional badge is worked into a checker pattern with smooth inner surfaces and visible tool marks at the joins. Its fastening is plainly made for ordinary wear and does not conceal a mechanism.
renaissance_jewellery_common_prayer_cord_54,a braided linen prayer cord,The linen prayer cord is worked into a braided pattern with smooth inner surfaces and visible tool marks at the joins. Its fastening is plainly made for ordinary wear and does not conceal a mechanism.
renaissance_jewellery_common_votive_token_55,a radiating glass votive token,"The glass votive token has a compact radiating face and carefully finished edges. Its visible fittings are simple and accessible, with no concealed compartment or implied sacred power."
renaissance_jewellery_common_scripture_box_56,a leaf-scroll bone small scripture box,"The bone small scripture box has a compact leaf-scroll face and carefully finished edges. Its visible fittings are simple and accessible, with no concealed compartment or implied sacred power."
renaissance_jewellery_common_offering_bowl_57,a sunburst bronze offering bowl,"The bronze offering bowl has a compact sunburst face and carefully finished edges. Its visible fittings are simple and accessible, with no concealed compartment or implied sacred power."
renaissance_jewellery_common_incense_holder_58,a water-wave brass incense holder,"The brass incense holder has a compact water-wave face and carefully finished edges. Its visible fittings are simple and accessible, with no concealed compartment or implied sacred power."
renaissance_jewellery_common_portable_panel_59,a knotted wood small devotional panel,"The wood small devotional panel has a compact knotted face and carefully finished edges. Its visible fittings are simple and accessible, with no concealed compartment or implied sacred power."
renaissance_jewellery_common_processional_ornament_60,a flower-head pewter processional ornament,"The pewter processional ornament has a compact flower-head face and carefully finished edges. Its visible fittings are simple and accessible, with no concealed compartment or implied sacred power."
renaissance_jewellery_common_ring_61,a star coral ring,The coral ring is worked into a star pattern with smooth inner surfaces and visible tool marks at the joins. Its fastening is plainly made for ordinary wear and does not conceal a mechanism.
renaissance_jewellery_common_signet_ring_62,a bird garnet ring,The garnet ring is worked into a bird pattern with smooth inner surfaces and visible tool marks at the joins. Its fastening is plainly made for ordinary wear and does not conceal a mechanism.
renaissance_jewellery_common_pendant_63,a vine agate pendant,The agate pendant is worked into a vine pattern with smooth inner surfaces and visible tool marks at the joins. Its fastening is plainly made for ordinary wear and does not conceal a mechanism.
renaissance_jewellery_common_bead_necklace_64,a geometric carnelian necklace,The carnelian necklace is worked into a geometric pattern with smooth inner surfaces and visible tool marks at the joins. Its fastening is plainly made for ordinary wear and does not conceal a mechanism.
renaissance_jewellery_common_chain_necklace_65,a cloud lapis lazuli necklace,The lapis lazuli necklace is worked into a cloud pattern with smooth inner surfaces and visible tool marks at the joins. Its fastening is plainly made for ordinary wear and does not conceal a mechanism.
renaissance_jewellery_common_bracelet_66,a shell turquoise bracelet,The turquoise bracelet is worked into a shell pattern with smooth inner surfaces and visible tool marks at the joins. Its fastening is plainly made for ordinary wear and does not conceal a mechanism.
renaissance_jewellery_common_armlet_67,a reed jade armlet,The jade armlet is worked into a reed pattern with smooth inner surfaces and visible tool marks at the joins. Its fastening is plainly made for ordinary wear and does not conceal a mechanism.
renaissance_jewellery_common_anklet_68,a rosette quartz anklet,The quartz anklet is worked into a rosette pattern with smooth inner surfaces and visible tool marks at the joins. Its fastening is plainly made for ordinary wear and does not conceal a mechanism.
renaissance_jewellery_common_earrings_69,a checker faience earrings,The faience earrings is worked into a checker pattern with smooth inner surfaces and visible tool marks at the joins. Its fastening is plainly made for ordinary wear and does not conceal a mechanism.
renaissance_jewellery_common_brooch_70,a braided pewter brooch,The pewter brooch is worked into a braided pattern with smooth inner surfaces and visible tool marks at the joins. Its fastening is plainly made for ordinary wear and does not conceal a mechanism.
renaissance_jewellery_common_pin_71,a radiating copper pin,The copper pin is worked into a radiating pattern with smooth inner surfaces and visible tool marks at the joins. Its fastening is plainly made for ordinary wear and does not conceal a mechanism.
renaissance_jewellery_common_hairpin_72,a leaf-scroll bronze hairpin,The bronze hairpin is worked into a leaf-scroll pattern with smooth inner surfaces and visible tool marks at the joins. Its fastening is plainly made for ordinary wear and does not conceal a mechanism.
renaissance_jewellery_common_circlet_73,a sunburst silver circlet,The silver circlet is worked into a sunburst pattern with smooth inner surfaces and visible tool marks at the joins. Its fastening is plainly made for ordinary wear and does not conceal a mechanism.
renaissance_jewellery_common_diadem_74,a water-wave gold diadem,The gold diadem is worked into a water-wave pattern with smooth inner surfaces and visible tool marks at the joins. Its fastening is plainly made for ordinary wear and does not conceal a mechanism.
renaissance_jewellery_common_waist_chain_75,a knotted brass waist chain,The brass waist chain is worked into a knotted pattern with smooth inner surfaces and visible tool marks at the joins. Its fastening is plainly made for ordinary wear and does not conceal a mechanism.
renaissance_jewellery_common_belt_ornament_76,a flower-head glass belt ornament,The glass belt ornament is worked into a flower-head pattern with smooth inner surfaces and visible tool marks at the joins. Its fastening is plainly made for ordinary wear and does not conceal a mechanism.
renaissance_jewellery_common_badge_77,a star bone badge,The bone badge is worked into a star pattern with smooth inner surfaces and visible tool marks at the joins. Its fastening is plainly made for ordinary wear and does not conceal a mechanism.
renaissance_jewellery_common_temple_ring_78,a bird shell temple ring,The shell temple ring is worked into a bird pattern with smooth inner surfaces and visible tool marks at the joins. Its fastening is plainly made for ordinary wear and does not conceal a mechanism.
renaissance_jewellery_common_torc_79,a vine ivory torc,The ivory torc is worked into a vine pattern with smooth inner surfaces and visible tool marks at the joins. Its fastening is plainly made for ordinary wear and does not conceal a mechanism.
renaissance_jewellery_common_wreath_80,a geometric pearl wreath,The pearl wreath is worked into a geometric pattern with smooth inner surfaces and visible tool marks at the joins. Its fastening is plainly made for ordinary wear and does not conceal a mechanism.
renaissance_jewellery_common_prayer_beads_81,a cloud amber prayer bead strand,The amber prayer bead strand is worked into a cloud pattern with smooth inner surfaces and visible tool marks at the joins. Its fastening is plainly made for ordinary wear and does not conceal a mechanism.
renaissance_jewellery_common_devotional_medal_82,a shell coral devotional medal,The coral devotional medal is worked into a shell pattern with smooth inner surfaces and visible tool marks at the joins. Its fastening is plainly made for ordinary wear and does not conceal a mechanism.
renaissance_jewellery_common_devotional_badge_83,a reed garnet devotional badge,The garnet devotional badge is worked into a reed pattern with smooth inner surfaces and visible tool marks at the joins. Its fastening is plainly made for ordinary wear and does not conceal a mechanism.
renaissance_jewellery_common_prayer_cord_84,a rosette linen prayer cord,The linen prayer cord is worked into a rosette pattern with smooth inner surfaces and visible tool marks at the joins. Its fastening is plainly made for ordinary wear and does not conceal a mechanism.
renaissance_jewellery_common_votive_token_85,a checker carnelian votive token,"The carnelian votive token has a compact checker face and carefully finished edges. Its visible fittings are simple and accessible, with no concealed compartment or implied sacred power."
renaissance_jewellery_common_scripture_box_86,a braided lapis lazuli small scripture box,"The lapis lazuli small scripture box has a compact braided face and carefully finished edges. Its visible fittings are simple and accessible, with no concealed compartment or implied sacred power."
renaissance_jewellery_common_offering_bowl_87,a radiating silver offering bowl,"The silver offering bowl has a compact radiating face and carefully finished edges. Its visible fittings are simple and accessible, with no concealed compartment or implied sacred power."
renaissance_jewellery_common_incense_holder_88,a leaf-scroll pewter incense holder,"The pewter incense holder has a compact leaf-scroll face and carefully finished edges. Its visible fittings are simple and accessible, with no concealed compartment or implied sacred power."
renaissance_jewellery_common_portable_panel_89,a sunburst wood small devotional panel,"The wood small devotional panel has a compact sunburst face and carefully finished edges. Its visible fittings are simple and accessible, with no concealed compartment or implied sacred power."
renaissance_jewellery_common_processional_ornament_90,a water-wave brass processional ornament,"The brass processional ornament has a compact water-wave face and carefully finished edges. Its visible fittings are simple and accessible, with no concealed compartment or implied sacred power."
renaissance_jewellery_common_ring_91,a knotted pewter ring,The pewter ring is worked into a knotted pattern with smooth inner surfaces and visible tool marks at the joins. Its fastening is plainly made for ordinary wear and does not conceal a mechanism.
renaissance_jewellery_common_signet_ring_92,a flower-head copper ring,The copper ring is worked into a flower-head pattern with smooth inner surfaces and visible tool marks at the joins. Its fastening is plainly made for ordinary wear and does not conceal a mechanism.
renaissance_jewellery_common_pendant_93,a star bronze pendant,The bronze pendant is worked into a star pattern with smooth inner surfaces and visible tool marks at the joins. Its fastening is plainly made for ordinary wear and does not conceal a mechanism.
renaissance_jewellery_common_bead_necklace_94,a bird silver necklace,The silver necklace is worked into a bird pattern with smooth inner surfaces and visible tool marks at the joins. Its fastening is plainly made for ordinary wear and does not conceal a mechanism.
renaissance_jewellery_common_chain_necklace_95,a vine gold necklace,The gold necklace is worked into a vine pattern with smooth inner surfaces and visible tool marks at the joins. Its fastening is plainly made for ordinary wear and does not conceal a mechanism.
renaissance_jewellery_common_bracelet_96,a geometric brass bracelet,The brass bracelet is worked into a geometric pattern with smooth inner surfaces and visible tool marks at the joins. Its fastening is plainly made for ordinary wear and does not conceal a mechanism.
renaissance_jewellery_common_armlet_97,a cloud glass armlet,The glass armlet is worked into a cloud pattern with smooth inner surfaces and visible tool marks at the joins. Its fastening is plainly made for ordinary wear and does not conceal a mechanism.
renaissance_jewellery_common_anklet_98,a shell bone anklet,The bone anklet is worked into a shell pattern with smooth inner surfaces and visible tool marks at the joins. Its fastening is plainly made for ordinary wear and does not conceal a mechanism.
renaissance_jewellery_common_earrings_99,a reed shell earrings,The shell earrings is worked into a reed pattern with smooth inner surfaces and visible tool marks at the joins. Its fastening is plainly made for ordinary wear and does not conceal a mechanism.
renaissance_jewellery_common_brooch_100,a rosette ivory brooch,The ivory brooch is worked into a rosette pattern with smooth inner surfaces and visible tool marks at the joins. Its fastening is plainly made for ordinary wear and does not conceal a mechanism.
renaissance_jewellery_common_pin_101,a checker pearl pin,The pearl pin is worked into a checker pattern with smooth inner surfaces and visible tool marks at the joins. Its fastening is plainly made for ordinary wear and does not conceal a mechanism.
renaissance_jewellery_common_hairpin_102,a braided amber hairpin,The amber hairpin is worked into a braided pattern with smooth inner surfaces and visible tool marks at the joins. Its fastening is plainly made for ordinary wear and does not conceal a mechanism.
renaissance_jewellery_common_circlet_103,a radiating coral circlet,The coral circlet is worked into a radiating pattern with smooth inner surfaces and visible tool marks at the joins. Its fastening is plainly made for ordinary wear and does not conceal a mechanism.
renaissance_jewellery_common_diadem_104,a leaf-scroll garnet diadem,The garnet diadem is worked into a leaf-scroll pattern with smooth inner surfaces and visible tool marks at the joins. Its fastening is plainly made for ordinary wear and does not conceal a mechanism.
renaissance_jewellery_common_waist_chain_105,a sunburst agate waist chain,The agate waist chain is worked into a sunburst pattern with smooth inner surfaces and visible tool marks at the joins. Its fastening is plainly made for ordinary wear and does not conceal a mechanism.
renaissance_jewellery_common_belt_ornament_106,a water-wave carnelian belt ornament,The carnelian belt ornament is worked into a water-wave pattern with smooth inner surfaces and visible tool marks at the joins. Its fastening is plainly made for ordinary wear and does not conceal a mechanism.
renaissance_jewellery_common_badge_107,a knotted lapis lazuli badge,The lapis lazuli badge is worked into a knotted pattern with smooth inner surfaces and visible tool marks at the joins. Its fastening is plainly made for ordinary wear and does not conceal a mechanism.
renaissance_jewellery_common_temple_ring_108,a flower-head turquoise temple ring,The turquoise temple ring is worked into a flower-head pattern with smooth inner surfaces and visible tool marks at the joins. Its fastening is plainly made for ordinary wear and does not conceal a mechanism.
renaissance_jewellery_common_torc_109,a star jade torc,The jade torc is worked into a star pattern with smooth inner surfaces and visible tool marks at the joins. Its fastening is plainly made for ordinary wear and does not conceal a mechanism.
renaissance_jewellery_common_wreath_110,a bird quartz wreath,The quartz wreath is worked into a bird pattern with smooth inner surfaces and visible tool marks at the joins. Its fastening is plainly made for ordinary wear and does not conceal a mechanism.
renaissance_jewellery_common_prayer_beads_111,a vine faience prayer bead strand,The faience prayer bead strand is worked into a vine pattern with smooth inner surfaces and visible tool marks at the joins. Its fastening is plainly made for ordinary wear and does not conceal a mechanism.
renaissance_jewellery_common_devotional_medal_112,a geometric pewter devotional medal,The pewter devotional medal is worked into a geometric pattern with smooth inner surfaces and visible tool marks at the joins. Its fastening is plainly made for ordinary wear and does not conceal a mechanism.
renaissance_jewellery_common_devotional_badge_113,a cloud copper devotional badge,The copper devotional badge is worked into a cloud pattern with smooth inner surfaces and visible tool marks at the joins. Its fastening is plainly made for ordinary wear and does not conceal a mechanism.
renaissance_jewellery_common_prayer_cord_114,a shell linen prayer cord,The linen prayer cord is worked into a shell pattern with smooth inner surfaces and visible tool marks at the joins. Its fastening is plainly made for ordinary wear and does not conceal a mechanism.
renaissance_jewellery_common_votive_token_115,a reed silver votive token,"The silver votive token has a compact reed face and carefully finished edges. Its visible fittings are simple and accessible, with no concealed compartment or implied sacred power."
renaissance_jewellery_common_scripture_box_116,a rosette gold small scripture box,"The gold small scripture box has a compact rosette face and carefully finished edges. Its visible fittings are simple and accessible, with no concealed compartment or implied sacred power."
renaissance_jewellery_common_offering_bowl_117,a checker bronze offering bowl,"The bronze offering bowl has a compact checker face and carefully finished edges. Its visible fittings are simple and accessible, with no concealed compartment or implied sacred power."
renaissance_jewellery_common_incense_holder_118,a braided brass incense holder,"The brass incense holder has a compact braided face and carefully finished edges. Its visible fittings are simple and accessible, with no concealed compartment or implied sacred power."
renaissance_jewellery_common_portable_panel_119,a radiating wood small devotional panel,"The wood small devotional panel has a compact radiating face and carefully finished edges. Its visible fittings are simple and accessible, with no concealed compartment or implied sacred power."
renaissance_jewellery_common_processional_ornament_120,a leaf-scroll pewter processional ornament,"The pewter processional ornament has a compact leaf-scroll face and carefully finished edges. Its visible fittings are simple and accessible, with no concealed compartment or implied sacred power."
renaissance_jewellery_common_ring_121,a sunburst ivory ring,The ivory ring is worked into a sunburst pattern with smooth inner surfaces and visible tool marks at the joins. Its fastening is plainly made for ordinary wear and does not conceal a mechanism.
renaissance_jewellery_common_signet_ring_122,a water-wave pearl ring,The pearl ring is worked into a water-wave pattern with smooth inner surfaces and visible tool marks at the joins. Its fastening is plainly made for ordinary wear and does not conceal a mechanism.
renaissance_jewellery_common_pendant_123,a knotted amber pendant,The amber pendant is worked into a knotted pattern with smooth inner surfaces and visible tool marks at the joins. Its fastening is plainly made for ordinary wear and does not conceal a mechanism.
renaissance_jewellery_common_bead_necklace_124,a flower-head coral necklace,The coral necklace is worked into a flower-head pattern with smooth inner surfaces and visible tool marks at the joins. Its fastening is plainly made for ordinary wear and does not conceal a mechanism.
renaissance_jewellery_common_chain_necklace_125,a star garnet necklace,The garnet necklace is worked into a star pattern with smooth inner surfaces and visible tool marks at the joins. Its fastening is plainly made for ordinary wear and does not conceal a mechanism.
renaissance_jewellery_common_bracelet_126,a bird agate bracelet,The agate bracelet is worked into a bird pattern with smooth inner surfaces and visible tool marks at the joins. Its fastening is plainly made for ordinary wear and does not conceal a mechanism.
renaissance_jewellery_common_armlet_127,a vine carnelian armlet,The carnelian armlet is worked into a vine pattern with smooth inner surfaces and visible tool marks at the joins. Its fastening is plainly made for ordinary wear and does not conceal a mechanism.
renaissance_jewellery_common_anklet_128,a geometric lapis lazuli anklet,The lapis lazuli anklet is worked into a geometric pattern with smooth inner surfaces and visible tool marks at the joins. Its fastening is plainly made for ordinary wear and does not conceal a mechanism.
renaissance_jewellery_common_earrings_129,a cloud turquoise earrings,The turquoise earrings is worked into a cloud pattern with smooth inner surfaces and visible tool marks at the joins. Its fastening is plainly made for ordinary wear and does not conceal a mechanism.
renaissance_jewellery_common_brooch_130,a shell jade brooch,The jade brooch is worked into a shell pattern with smooth inner surfaces and visible tool marks at the joins. Its fastening is plainly made for ordinary wear and does not conceal a mechanism.
renaissance_jewellery_common_pin_131,a reed quartz pin,The quartz pin is worked into a reed pattern with smooth inner surfaces and visible tool marks at the joins. Its fastening is plainly made for ordinary wear and does not conceal a mechanism.
renaissance_jewellery_common_hairpin_132,a rosette faience hairpin,The faience hairpin is worked into a rosette pattern with smooth inner surfaces and visible tool marks at the joins. Its fastening is plainly made for ordinary wear and does not conceal a mechanism.
renaissance_jewellery_common_circlet_133,a checker pewter circlet,The pewter circlet is worked into a checker pattern with smooth inner surfaces and visible tool marks at the joins. Its fastening is plainly made for ordinary wear and does not conceal a mechanism.
renaissance_jewellery_common_diadem_134,a braided copper diadem,The copper diadem is worked into a braided pattern with smooth inner surfaces and visible tool marks at the joins. Its fastening is plainly made for ordinary wear and does not conceal a mechanism.
renaissance_jewellery_common_waist_chain_135,a radiating bronze waist chain,The bronze waist chain is worked into a radiating pattern with smooth inner surfaces and visible tool marks at the joins. Its fastening is plainly made for ordinary wear and does not conceal a mechanism.
renaissance_jewellery_common_belt_ornament_136,a leaf-scroll silver belt ornament,The silver belt ornament is worked into a leaf-scroll pattern with smooth inner surfaces and visible tool marks at the joins. Its fastening is plainly made for ordinary wear and does not conceal a mechanism.
renaissance_jewellery_common_badge_137,a sunburst gold badge,The gold badge is worked into a sunburst pattern with smooth inner surfaces and visible tool marks at the joins. Its fastening is plainly made for ordinary wear and does not conceal a mechanism.
renaissance_jewellery_common_temple_ring_138,a water-wave brass temple ring,The brass temple ring is worked into a water-wave pattern with smooth inner surfaces and visible tool marks at the joins. Its fastening is plainly made for ordinary wear and does not conceal a mechanism.
renaissance_jewellery_common_torc_139,a knotted glass torc,The glass torc is worked into a knotted pattern with smooth inner surfaces and visible tool marks at the joins. Its fastening is plainly made for ordinary wear and does not conceal a mechanism.
renaissance_jewellery_common_wreath_140,a flower-head bone wreath,The bone wreath is worked into a flower-head pattern with smooth inner surfaces and visible tool marks at the joins. Its fastening is plainly made for ordinary wear and does not conceal a mechanism.
renaissance_jewellery_common_prayer_beads_141,a star shell prayer bead strand,The shell prayer bead strand is worked into a star pattern with smooth inner surfaces and visible tool marks at the joins. Its fastening is plainly made for ordinary wear and does not conceal a mechanism.
renaissance_jewellery_common_devotional_medal_142,a bird ivory devotional medal,The ivory devotional medal is worked into a bird pattern with smooth inner surfaces and visible tool marks at the joins. Its fastening is plainly made for ordinary wear and does not conceal a mechanism.
renaissance_jewellery_common_devotional_badge_143,a vine pearl devotional badge,The pearl devotional badge is worked into a vine pattern with smooth inner surfaces and visible tool marks at the joins. Its fastening is plainly made for ordinary wear and does not conceal a mechanism.
renaissance_jewellery_common_prayer_cord_144,a geometric linen prayer cord,The linen prayer cord is worked into a geometric pattern with smooth inner surfaces and visible tool marks at the joins. Its fastening is plainly made for ordinary wear and does not conceal a mechanism.
renaissance_jewellery_common_votive_token_145,a cloud coral votive token,"The coral votive token has a compact cloud face and carefully finished edges. Its visible fittings are simple and accessible, with no concealed compartment or implied sacred power."
renaissance_jewellery_common_scripture_box_146,a shell garnet small scripture box,"The garnet small scripture box has a compact shell face and carefully finished edges. Its visible fittings are simple and accessible, with no concealed compartment or implied sacred power."
renaissance_jewellery_common_offering_bowl_147,a reed silver offering bowl,"The silver offering bowl has a compact reed face and carefully finished edges. Its visible fittings are simple and accessible, with no concealed compartment or implied sacred power."
renaissance_jewellery_common_incense_holder_148,a rosette pewter incense holder,"The pewter incense holder has a compact rosette face and carefully finished edges. Its visible fittings are simple and accessible, with no concealed compartment or implied sacred power."
renaissance_jewellery_common_portable_panel_149,a checker wood small devotional panel,"The wood small devotional panel has a compact checker face and carefully finished edges. Its visible fittings are simple and accessible, with no concealed compartment or implied sacred power."
renaissance_jewellery_common_processional_ornament_150,a braided brass processional ornament,"The brass processional ornament has a compact braided face and carefully finished edges. Its visible fittings are simple and accessible, with no concealed compartment or implied sacred power."
renaissance_jewellery_common_ring_151,a radiating jade ring,The jade ring is worked into a radiating pattern with smooth inner surfaces and visible tool marks at the joins. Its fastening is plainly made for ordinary wear and does not conceal a mechanism.
renaissance_jewellery_common_signet_ring_152,a leaf-scroll quartz ring,The quartz ring is worked into a leaf-scroll pattern with smooth inner surfaces and visible tool marks at the joins. Its fastening is plainly made for ordinary wear and does not conceal a mechanism.
renaissance_jewellery_common_pendant_153,a sunburst faience pendant,The faience pendant is worked into a sunburst pattern with smooth inner surfaces and visible tool marks at the joins. Its fastening is plainly made for ordinary wear and does not conceal a mechanism.
renaissance_jewellery_common_bead_necklace_154,a water-wave pewter necklace,The pewter necklace is worked into a water-wave pattern with smooth inner surfaces and visible tool marks at the joins. Its fastening is plainly made for ordinary wear and does not conceal a mechanism.
renaissance_jewellery_common_chain_necklace_155,a knotted copper necklace,The copper necklace is worked into a knotted pattern with smooth inner surfaces and visible tool marks at the joins. Its fastening is plainly made for ordinary wear and does not conceal a mechanism.
renaissance_jewellery_common_bracelet_156,a flower-head bronze bracelet,The bronze bracelet is worked into a flower-head pattern with smooth inner surfaces and visible tool marks at the joins. Its fastening is plainly made for ordinary wear and does not conceal a mechanism.
renaissance_jewellery_common_armlet_157,a star silver armlet,The silver armlet is worked into a star pattern with smooth inner surfaces and visible tool marks at the joins. Its fastening is plainly made for ordinary wear and does not conceal a mechanism.
renaissance_jewellery_common_anklet_158,a bird gold anklet,The gold anklet is worked into a bird pattern with smooth inner surfaces and visible tool marks at the joins. Its fastening is plainly made for ordinary wear and does not conceal a mechanism.
renaissance_jewellery_common_earrings_159,a vine brass earrings,The brass earrings is worked into a vine pattern with smooth inner surfaces and visible tool marks at the joins. Its fastening is plainly made for ordinary wear and does not conceal a mechanism.
renaissance_jewellery_common_brooch_160,a geometric glass brooch,The glass brooch is worked into a geometric pattern with smooth inner surfaces and visible tool marks at the joins. Its fastening is plainly made for ordinary wear and does not conceal a mechanism.
renaissance_jewellery_common_pin_161,a cloud bone pin,The bone pin is worked into a cloud pattern with smooth inner surfaces and visible tool marks at the joins. Its fastening is plainly made for ordinary wear and does not conceal a mechanism.
renaissance_jewellery_common_hairpin_162,a shell shell hairpin,The shell hairpin is worked into a shell pattern with smooth inner surfaces and visible tool marks at the joins. Its fastening is plainly made for ordinary wear and does not conceal a mechanism.
renaissance_jewellery_common_circlet_163,a reed ivory circlet,The ivory circlet is worked into a reed pattern with smooth inner surfaces and visible tool marks at the joins. Its fastening is plainly made for ordinary wear and does not conceal a mechanism.
renaissance_jewellery_common_diadem_164,a rosette pearl diadem,The pearl diadem is worked into a rosette pattern with smooth inner surfaces and visible tool marks at the joins. Its fastening is plainly made for ordinary wear and does not conceal a mechanism.
renaissance_jewellery_common_waist_chain_165,a checker amber waist chain,The amber waist chain is worked into a checker pattern with smooth inner surfaces and visible tool marks at the joins. Its fastening is plainly made for ordinary wear and does not conceal a mechanism.
renaissance_jewellery_common_belt_ornament_166,a braided coral belt ornament,The coral belt ornament is worked into a braided pattern with smooth inner surfaces and visible tool marks at the joins. Its fastening is plainly made for ordinary wear and does not conceal a mechanism.
renaissance_jewellery_common_badge_167,a radiating garnet badge,The garnet badge is worked into a radiating pattern with smooth inner surfaces and visible tool marks at the joins. Its fastening is plainly made for ordinary wear and does not conceal a mechanism.
renaissance_jewellery_common_temple_ring_168,a leaf-scroll agate temple ring,The agate temple ring is worked into a leaf-scroll pattern with smooth inner surfaces and visible tool marks at the joins. Its fastening is plainly made for ordinary wear and does not conceal a mechanism.
renaissance_jewellery_common_torc_169,a sunburst carnelian torc,The carnelian torc is worked into a sunburst pattern with smooth inner surfaces and visible tool marks at the joins. Its fastening is plainly made for ordinary wear and does not conceal a mechanism.
renaissance_jewellery_common_wreath_170,a water-wave lapis lazuli wreath,The lapis lazuli wreath is worked into a water-wave pattern with smooth inner surfaces and visible tool marks at the joins. Its fastening is plainly made for ordinary wear and does not conceal a mechanism.
renaissance_jewellery_common_prayer_beads_171,a knotted turquoise prayer bead strand,The turquoise prayer bead strand is worked into a knotted pattern with smooth inner surfaces and visible tool marks at the joins. Its fastening is plainly made for ordinary wear and does not conceal a mechanism.
renaissance_jewellery_common_devotional_medal_172,a flower-head jade devotional medal,The jade devotional medal is worked into a flower-head pattern with smooth inner surfaces and visible tool marks at the joins. Its fastening is plainly made for ordinary wear and does not conceal a mechanism.
renaissance_jewellery_common_devotional_badge_173,a star quartz devotional badge,The quartz devotional badge is worked into a star pattern with smooth inner surfaces and visible tool marks at the joins. Its fastening is plainly made for ordinary wear and does not conceal a mechanism.
renaissance_jewellery_common_prayer_cord_174,a bird linen prayer cord,The linen prayer cord is worked into a bird pattern with smooth inner surfaces and visible tool marks at the joins. Its fastening is plainly made for ordinary wear and does not conceal a mechanism.
renaissance_jewellery_common_votive_token_175,a vine pewter votive token,"The pewter votive token has a compact vine face and carefully finished edges. Its visible fittings are simple and accessible, with no concealed compartment or implied sacred power."
renaissance_jewellery_common_scripture_box_176,a geometric copper small scripture box,"The copper small scripture box has a compact geometric face and carefully finished edges. Its visible fittings are simple and accessible, with no concealed compartment or implied sacred power."
renaissance_jewellery_common_offering_bowl_177,a cloud bronze offering bowl,"The bronze offering bowl has a compact cloud face and carefully finished edges. Its visible fittings are simple and accessible, with no concealed compartment or implied sacred power."
renaissance_jewellery_common_incense_holder_178,a shell brass incense holder,"The brass incense holder has a compact shell face and carefully finished edges. Its visible fittings are simple and accessible, with no concealed compartment or implied sacred power."
renaissance_jewellery_common_portable_panel_179,a reed wood small devotional panel,"The wood small devotional panel has a compact reed face and carefully finished edges. Its visible fittings are simple and accessible, with no concealed compartment or implied sacred power."
renaissance_jewellery_common_processional_ornament_180,a rosette pewter processional ornament,"The pewter processional ornament has a compact rosette face and carefully finished edges. Its visible fittings are simple and accessible, with no concealed compartment or implied sacred power."
renaissance_jewellery_common_ring_181,a checker glass ring,The glass ring is worked into a checker pattern with smooth inner surfaces and visible tool marks at the joins. Its fastening is plainly made for ordinary wear and does not conceal a mechanism.
renaissance_jewellery_common_signet_ring_182,a braided bone ring,The bone ring is worked into a braided pattern with smooth inner surfaces and visible tool marks at the joins. Its fastening is plainly made for ordinary wear and does not conceal a mechanism.
renaissance_jewellery_common_pendant_183,a radiating shell pendant,The shell pendant is worked into a radiating pattern with smooth inner surfaces and visible tool marks at the joins. Its fastening is plainly made for ordinary wear and does not conceal a mechanism.
renaissance_jewellery_common_bead_necklace_184,a leaf-scroll ivory necklace,The ivory necklace is worked into a leaf-scroll pattern with smooth inner surfaces and visible tool marks at the joins. Its fastening is plainly made for ordinary wear and does not conceal a mechanism.
renaissance_jewellery_common_chain_necklace_185,a sunburst pearl necklace,The pearl necklace is worked into a sunburst pattern with smooth inner surfaces and visible tool marks at the joins. Its fastening is plainly made for ordinary wear and does not conceal a mechanism.
renaissance_jewellery_common_bracelet_186,a water-wave amber bracelet,The amber bracelet is worked into a water-wave pattern with smooth inner surfaces and visible tool marks at the joins. Its fastening is plainly made for ordinary wear and does not conceal a mechanism.
renaissance_jewellery_common_armlet_187,a knotted coral armlet,The coral armlet is worked into a knotted pattern with smooth inner surfaces and visible tool marks at the joins. Its fastening is plainly made for ordinary wear and does not conceal a mechanism.
renaissance_jewellery_common_anklet_188,a flower-head garnet anklet,The garnet anklet is worked into a flower-head pattern with smooth inner surfaces and visible tool marks at the joins. Its fastening is plainly made for ordinary wear and does not conceal a mechanism.
renaissance_jewellery_common_earrings_189,a star agate earrings,The agate earrings is worked into a star pattern with smooth inner surfaces and visible tool marks at the joins. Its fastening is plainly made for ordinary wear and does not conceal a mechanism.
renaissance_jewellery_common_brooch_190,a bird carnelian brooch,The carnelian brooch is worked into a bird pattern with smooth inner surfaces and visible tool marks at the joins. Its fastening is plainly made for ordinary wear and does not conceal a mechanism.
renaissance_jewellery_common_pin_191,a vine lapis lazuli pin,The lapis lazuli pin is worked into a vine pattern with smooth inner surfaces and visible tool marks at the joins. Its fastening is plainly made for ordinary wear and does not conceal a mechanism.
renaissance_jewellery_common_hairpin_192,a geometric turquoise hairpin,The turquoise hairpin is worked into a geometric pattern with smooth inner surfaces and visible tool marks at the joins. Its fastening is plainly made for ordinary wear and does not conceal a mechanism.
renaissance_jewellery_common_circlet_193,a cloud jade circlet,The jade circlet is worked into a cloud pattern with smooth inner surfaces and visible tool marks at the joins. Its fastening is plainly made for ordinary wear and does not conceal a mechanism.
renaissance_jewellery_common_diadem_194,a shell quartz diadem,The quartz diadem is worked into a shell pattern with smooth inner surfaces and visible tool marks at the joins. Its fastening is plainly made for ordinary wear and does not conceal a mechanism.
renaissance_jewellery_common_waist_chain_195,a reed faience waist chain,The faience waist chain is worked into a reed pattern with smooth inner surfaces and visible tool marks at the joins. Its fastening is plainly made for ordinary wear and does not conceal a mechanism.
renaissance_jewellery_common_belt_ornament_196,a rosette pewter belt ornament,The pewter belt ornament is worked into a rosette pattern with smooth inner surfaces and visible tool marks at the joins. Its fastening is plainly made for ordinary wear and does not conceal a mechanism.
renaissance_jewellery_common_badge_197,a checker copper badge,The copper badge is worked into a checker pattern with smooth inner surfaces and visible tool marks at the joins. Its fastening is plainly made for ordinary wear and does not conceal a mechanism.
renaissance_jewellery_common_temple_ring_198,a braided bronze temple ring,The bronze temple ring is worked into a braided pattern with smooth inner surfaces and visible tool marks at the joins. Its fastening is plainly made for ordinary wear and does not conceal a mechanism.
renaissance_jewellery_common_torc_199,a radiating silver torc,The silver torc is worked into a radiating pattern with smooth inner surfaces and visible tool marks at the joins. Its fastening is plainly made for ordinary wear and does not conceal a mechanism.
renaissance_jewellery_common_wreath_200,a leaf-scroll gold wreath,The gold wreath is worked into a leaf-scroll pattern with smooth inner surfaces and visible tool marks at the joins. Its fastening is plainly made for ordinary wear and does not conceal a mechanism.
renaissance_jewellery_common_prayer_beads_201,a sunburst brass prayer bead strand,The brass prayer bead strand is worked into a sunburst pattern with smooth inner surfaces and visible tool marks at the joins. Its fastening is plainly made for ordinary wear and does not conceal a mechanism.
renaissance_jewellery_common_devotional_medal_202,a water-wave glass devotional medal,The glass devotional medal is worked into a water-wave pattern with smooth inner surfaces and visible tool marks at the joins. Its fastening is plainly made for ordinary wear and does not conceal a mechanism.
renaissance_jewellery_common_devotional_badge_203,a knotted bone devotional badge,The bone devotional badge is worked into a knotted pattern with smooth inner surfaces and visible tool marks at the joins. Its fastening is plainly made for ordinary wear and does not conceal a mechanism.
renaissance_jewellery_common_prayer_cord_204,a flower-head linen prayer cord,The linen prayer cord is worked into a flower-head pattern with smooth inner surfaces and visible tool marks at the joins. Its fastening is plainly made for ordinary wear and does not conceal a mechanism.
renaissance_jewellery_common_votive_token_205,a star ivory votive token,"The ivory votive token has a compact star face and carefully finished edges. Its visible fittings are simple and accessible, with no concealed compartment or implied sacred power."
renaissance_jewellery_common_scripture_box_206,a bird pearl small scripture box,"The pearl small scripture box has a compact bird face and carefully finished edges. Its visible fittings are simple and accessible, with no concealed compartment or implied sacred power."
renaissance_jewellery_common_offering_bowl_207,a vine silver offering bowl,"The silver offering bowl has a compact vine face and carefully finished edges. Its visible fittings are simple and accessible, with no concealed compartment or implied sacred power."
renaissance_jewellery_common_incense_holder_208,a geometric pewter incense holder,"The pewter incense holder has a compact geometric face and carefully finished edges. Its visible fittings are simple and accessible, with no concealed compartment or implied sacred power."
renaissance_jewellery_common_portable_panel_209,a cloud wood small devotional panel,"The wood small devotional panel has a compact cloud face and carefully finished edges. Its visible fittings are simple and accessible, with no concealed compartment or implied sacred power."
renaissance_jewellery_common_processional_ornament_210,a shell brass processional ornament,"The brass processional ornament has a compact shell face and carefully finished edges. Its visible fittings are simple and accessible, with no concealed compartment or implied sacred power."
renaissance_jewellery_common_ring_211,a reed carnelian ring,The carnelian ring is worked into a reed pattern with smooth inner surfaces and visible tool marks at the joins. Its fastening is plainly made for ordinary wear and does not conceal a mechanism.
renaissance_jewellery_common_signet_ring_212,a rosette lapis lazuli ring,The lapis lazuli ring is worked into a rosette pattern with smooth inner surfaces and visible tool marks at the joins. Its fastening is plainly made for ordinary wear and does not conceal a mechanism.
renaissance_jewellery_common_pendant_213,a checker turquoise pendant,The turquoise pendant is worked into a checker pattern with smooth inner surfaces and visible tool marks at the joins. Its fastening is plainly made for ordinary wear and does not conceal a mechanism.
renaissance_jewellery_common_bead_necklace_214,a braided jade necklace,The jade necklace is worked into a braided pattern with smooth inner surfaces and visible tool marks at the joins. Its fastening is plainly made for ordinary wear and does not conceal a mechanism.
renaissance_jewellery_common_chain_necklace_215,a radiating quartz necklace,The quartz necklace is worked into a radiating pattern with smooth inner surfaces and visible tool marks at the joins. Its fastening is plainly made for ordinary wear and does not conceal a mechanism.
renaissance_jewellery_common_bracelet_216,a leaf-scroll faience bracelet,The faience bracelet is worked into a leaf-scroll pattern with smooth inner surfaces and visible tool marks at the joins. Its fastening is plainly made for ordinary wear and does not conceal a mechanism.
renaissance_jewellery_common_armlet_217,a sunburst pewter armlet,The pewter armlet is worked into a sunburst pattern with smooth inner surfaces and visible tool marks at the joins. Its fastening is plainly made for ordinary wear and does not conceal a mechanism.
renaissance_jewellery_common_anklet_218,a water-wave copper anklet,The copper anklet is worked into a water-wave pattern with smooth inner surfaces and visible tool marks at the joins. Its fastening is plainly made for ordinary wear and does not conceal a mechanism.
renaissance_jewellery_common_earrings_219,a knotted bronze earrings,The bronze earrings is worked into a knotted pattern with smooth inner surfaces and visible tool marks at the joins. Its fastening is plainly made for ordinary wear and does not conceal a mechanism.
renaissance_jewellery_common_brooch_220,a flower-head silver brooch,The silver brooch is worked into a flower-head pattern with smooth inner surfaces and visible tool marks at the joins. Its fastening is plainly made for ordinary wear and does not conceal a mechanism.
renaissance_jewellery_wer_ring_01,a flower-head shell ring,The shell ring is worked into a flower-head pattern with smooth inner surfaces and visible tool marks at the joins. Its fastening is plainly made for ordinary wear and does not conceal a mechanism.
renaissance_jewellery_wer_signet_ring_02,a star ivory ring,The ivory ring is worked into a star pattern with smooth inner surfaces and visible tool marks at the joins. Its fastening is plainly made for ordinary wear and does not conceal a mechanism.
renaissance_jewellery_wer_pendant_03,a bird pearl pendant,The pearl pendant is worked into a bird pattern with smooth inner surfaces and visible tool marks at the joins. Its fastening is plainly made for ordinary wear and does not conceal a mechanism.
renaissance_jewellery_wer_bead_necklace_04,a vine amber necklace,The amber necklace is worked into a vine pattern with smooth inner surfaces and visible tool marks at the joins. Its fastening is plainly made for ordinary wear and does not conceal a mechanism.
renaissance_jewellery_wer_chain_necklace_05,a geometric coral necklace,The coral necklace is worked into a geometric pattern with smooth inner surfaces and visible tool marks at the joins. Its fastening is plainly made for ordinary wear and does not conceal a mechanism.
renaissance_jewellery_wer_bracelet_06,a cloud garnet bracelet,The garnet bracelet is worked into a cloud pattern with smooth inner surfaces and visible tool marks at the joins. Its fastening is plainly made for ordinary wear and does not conceal a mechanism.
renaissance_jewellery_wer_armlet_07,a shell agate armlet,The agate armlet is worked into a shell pattern with smooth inner surfaces and visible tool marks at the joins. Its fastening is plainly made for ordinary wear and does not conceal a mechanism.
renaissance_jewellery_wer_anklet_08,a reed carnelian anklet,The carnelian anklet is worked into a reed pattern with smooth inner surfaces and visible tool marks at the joins. Its fastening is plainly made for ordinary wear and does not conceal a mechanism.
renaissance_jewellery_wer_earrings_09,a rosette lapis lazuli earrings,The lapis lazuli earrings is worked into a rosette pattern with smooth inner surfaces and visible tool marks at the joins. Its fastening is plainly made for ordinary wear and does not conceal a mechanism.
renaissance_jewellery_wer_brooch_10,a checker turquoise brooch,The turquoise brooch is worked into a checker pattern with smooth inner surfaces and visible tool marks at the joins. Its fastening is plainly made for ordinary wear and does not conceal a mechanism.
renaissance_jewellery_wer_pin_11,a braided jade pin,The jade pin is worked into a braided pattern with smooth inner surfaces and visible tool marks at the joins. Its fastening is plainly made for ordinary wear and does not conceal a mechanism.
renaissance_jewellery_wer_hairpin_12,a radiating quartz hairpin,The quartz hairpin is worked into a radiating pattern with smooth inner surfaces and visible tool marks at the joins. Its fastening is plainly made for ordinary wear and does not conceal a mechanism.
renaissance_jewellery_wer_circlet_13,a leaf-scroll faience circlet,The faience circlet is worked into a leaf-scroll pattern with smooth inner surfaces and visible tool marks at the joins. Its fastening is plainly made for ordinary wear and does not conceal a mechanism.
renaissance_jewellery_wer_diadem_14,a sunburst pewter diadem,The pewter diadem is worked into a sunburst pattern with smooth inner surfaces and visible tool marks at the joins. Its fastening is plainly made for ordinary wear and does not conceal a mechanism.
renaissance_jewellery_wer_waist_chain_15,a water-wave copper waist chain,The copper waist chain is worked into a water-wave pattern with smooth inner surfaces and visible tool marks at the joins. Its fastening is plainly made for ordinary wear and does not conceal a mechanism.
renaissance_jewellery_wer_belt_ornament_16,a knotted bronze belt ornament,The bronze belt ornament is worked into a knotted pattern with smooth inner surfaces and visible tool marks at the joins. Its fastening is plainly made for ordinary wear and does not conceal a mechanism.
renaissance_jewellery_wer_badge_17,a flower-head silver badge,The silver badge is worked into a flower-head pattern with smooth inner surfaces and visible tool marks at the joins. Its fastening is plainly made for ordinary wear and does not conceal a mechanism.
renaissance_jewellery_wer_temple_ring_18,a star gold temple ring,The gold temple ring is worked into a star pattern with smooth inner surfaces and visible tool marks at the joins. Its fastening is plainly made for ordinary wear and does not conceal a mechanism.
renaissance_jewellery_wer_torc_19,a bird brass torc,The brass torc is worked into a bird pattern with smooth inner surfaces and visible tool marks at the joins. Its fastening is plainly made for ordinary wear and does not conceal a mechanism.
renaissance_jewellery_wer_wreath_20,a vine glass wreath,The glass wreath is worked into a vine pattern with smooth inner surfaces and visible tool marks at the joins. Its fastening is plainly made for ordinary wear and does not conceal a mechanism.
renaissance_jewellery_wer_prayer_beads_21,a geometric bone prayer bead strand,The bone prayer bead strand is worked into a geometric pattern with smooth inner surfaces and visible tool marks at the joins. Its fastening is plainly made for ordinary wear and does not conceal a mechanism.
renaissance_jewellery_wer_devotional_medal_22,a cloud shell devotional medal,The shell devotional medal is worked into a cloud pattern with smooth inner surfaces and visible tool marks at the joins. Its fastening is plainly made for ordinary wear and does not conceal a mechanism.
renaissance_jewellery_wer_devotional_badge_23,a shell ivory devotional badge,The ivory devotional badge is worked into a shell pattern with smooth inner surfaces and visible tool marks at the joins. Its fastening is plainly made for ordinary wear and does not conceal a mechanism.
renaissance_jewellery_wer_prayer_cord_24,a reed linen prayer cord,The linen prayer cord is worked into a reed pattern with smooth inner surfaces and visible tool marks at the joins. Its fastening is plainly made for ordinary wear and does not conceal a mechanism.
renaissance_jewellery_wer_votive_token_25,a rosette amber votive token,"The amber votive token has a compact rosette face and carefully finished edges. Its visible fittings are simple and accessible, with no concealed compartment or implied sacred power."
renaissance_jewellery_wer_scripture_box_26,a checker coral small scripture box,"The coral small scripture box has a compact checker face and carefully finished edges. Its visible fittings are simple and accessible, with no concealed compartment or implied sacred power."
renaissance_jewellery_wer_offering_bowl_27,a braided silver offering bowl,"The silver offering bowl has a compact braided face and carefully finished edges. Its visible fittings are simple and accessible, with no concealed compartment or implied sacred power."
renaissance_jewellery_wer_incense_holder_28,a radiating pewter incense holder,"The pewter incense holder has a compact radiating face and carefully finished edges. Its visible fittings are simple and accessible, with no concealed compartment or implied sacred power."
renaissance_jewellery_wer_portable_panel_29,a leaf-scroll wood small devotional panel,"The wood small devotional panel has a compact leaf-scroll face and carefully finished edges. Its visible fittings are simple and accessible, with no concealed compartment or implied sacred power."
renaissance_jewellery_wer_processional_ornament_30,a sunburst brass processional ornament,"The brass processional ornament has a compact sunburst face and carefully finished edges. Its visible fittings are simple and accessible, with no concealed compartment or implied sacred power."
renaissance_jewellery_iba_ring_31,a braided brass ring,The brass ring is worked into a braided pattern with smooth inner surfaces and visible tool marks at the joins. Its fastening is plainly made for ordinary wear and does not conceal a mechanism.
renaissance_jewellery_iba_signet_ring_32,a radiating glass ring,The glass ring is worked into a radiating pattern with smooth inner surfaces and visible tool marks at the joins. Its fastening is plainly made for ordinary wear and does not conceal a mechanism.
renaissance_jewellery_iba_pendant_33,a leaf-scroll bone pendant,The bone pendant is worked into a leaf-scroll pattern with smooth inner surfaces and visible tool marks at the joins. Its fastening is plainly made for ordinary wear and does not conceal a mechanism.
renaissance_jewellery_iba_bead_necklace_34,a sunburst shell necklace,The shell necklace is worked into a sunburst pattern with smooth inner surfaces and visible tool marks at the joins. Its fastening is plainly made for ordinary wear and does not conceal a mechanism.
renaissance_jewellery_iba_chain_necklace_35,a water-wave ivory necklace,The ivory necklace is worked into a water-wave pattern with smooth inner surfaces and visible tool marks at the joins. Its fastening is plainly made for ordinary wear and does not conceal a mechanism.
renaissance_jewellery_iba_bracelet_36,a knotted pearl bracelet,The pearl bracelet is worked into a knotted pattern with smooth inner surfaces and visible tool marks at the joins. Its fastening is plainly made for ordinary wear and does not conceal a mechanism.
renaissance_jewellery_iba_armlet_37,a flower-head amber armlet,The amber armlet is worked into a flower-head pattern with smooth inner surfaces and visible tool marks at the joins. Its fastening is plainly made for ordinary wear and does not conceal a mechanism.
renaissance_jewellery_iba_anklet_38,a star coral anklet,The coral anklet is worked into a star pattern with smooth inner surfaces and visible tool marks at the joins. Its fastening is plainly made for ordinary wear and does not conceal a mechanism.
renaissance_jewellery_iba_earrings_39,a bird garnet earrings,The garnet earrings is worked into a bird pattern with smooth inner surfaces and visible tool marks at the joins. Its fastening is plainly made for ordinary wear and does not conceal a mechanism.
renaissance_jewellery_iba_brooch_40,a vine agate brooch,The agate brooch is worked into a vine pattern with smooth inner surfaces and visible tool marks at the joins. Its fastening is plainly made for ordinary wear and does not conceal a mechanism.
renaissance_jewellery_iba_pin_41,a geometric carnelian pin,The carnelian pin is worked into a geometric pattern with smooth inner surfaces and visible tool marks at the joins. Its fastening is plainly made for ordinary wear and does not conceal a mechanism.
renaissance_jewellery_iba_hairpin_42,a cloud lapis lazuli hairpin,The lapis lazuli hairpin is worked into a cloud pattern with smooth inner surfaces and visible tool marks at the joins. Its fastening is plainly made for ordinary wear and does not conceal a mechanism.
renaissance_jewellery_iba_circlet_43,a shell turquoise circlet,The turquoise circlet is worked into a shell pattern with smooth inner surfaces and visible tool marks at the joins. Its fastening is plainly made for ordinary wear and does not conceal a mechanism.
renaissance_jewellery_iba_diadem_44,a reed jade diadem,The jade diadem is worked into a reed pattern with smooth inner surfaces and visible tool marks at the joins. Its fastening is plainly made for ordinary wear and does not conceal a mechanism.
renaissance_jewellery_iba_waist_chain_45,a rosette quartz waist chain,The quartz waist chain is worked into a rosette pattern with smooth inner surfaces and visible tool marks at the joins. Its fastening is plainly made for ordinary wear and does not conceal a mechanism.
renaissance_jewellery_iba_belt_ornament_46,a checker faience belt ornament,The faience belt ornament is worked into a checker pattern with smooth inner surfaces and visible tool marks at the joins. Its fastening is plainly made for ordinary wear and does not conceal a mechanism.
renaissance_jewellery_iba_badge_47,a braided pewter badge,The pewter badge is worked into a braided pattern with smooth inner surfaces and visible tool marks at the joins. Its fastening is plainly made for ordinary wear and does not conceal a mechanism.
renaissance_jewellery_iba_temple_ring_48,a radiating copper temple ring,The copper temple ring is worked into a radiating pattern with smooth inner surfaces and visible tool marks at the joins. Its fastening is plainly made for ordinary wear and does not conceal a mechanism.
renaissance_jewellery_iba_torc_49,a leaf-scroll bronze torc,The bronze torc is worked into a leaf-scroll pattern with smooth inner surfaces and visible tool marks at the joins. Its fastening is plainly made for ordinary wear and does not conceal a mechanism.
renaissance_jewellery_iba_wreath_50,a sunburst silver wreath,The silver wreath is worked into a sunburst pattern with smooth inner surfaces and visible tool marks at the joins. Its fastening is plainly made for ordinary wear and does not conceal a mechanism.
renaissance_jewellery_iba_prayer_beads_51,a water-wave gold prayer bead strand,The gold prayer bead strand is worked into a water-wave pattern with smooth inner surfaces and visible tool marks at the joins. Its fastening is plainly made for ordinary wear and does not conceal a mechanism.
renaissance_jewellery_iba_devotional_medal_52,a knotted brass devotional medal,The brass devotional medal is worked into a knotted pattern with smooth inner surfaces and visible tool marks at the joins. Its fastening is plainly made for ordinary wear and does not conceal a mechanism.
renaissance_jewellery_iba_devotional_badge_53,a flower-head glass devotional badge,The glass devotional badge is worked into a flower-head pattern with smooth inner surfaces and visible tool marks at the joins. Its fastening is plainly made for ordinary wear and does not conceal a mechanism.
renaissance_jewellery_iba_prayer_cord_54,a star linen prayer cord,The linen prayer cord is worked into a star pattern with smooth inner surfaces and visible tool marks at the joins. Its fastening is plainly made for ordinary wear and does not conceal a mechanism.
renaissance_jewellery_iba_votive_token_55,a bird shell votive token,"The shell votive token has a compact bird face and carefully finished edges. Its visible fittings are simple and accessible, with no concealed compartment or implied sacred power."
renaissance_jewellery_iba_scripture_box_56,a vine ivory small scripture box,"The ivory small scripture box has a compact vine face and carefully finished edges. Its visible fittings are simple and accessible, with no concealed compartment or implied sacred power."
renaissance_jewellery_iba_offering_bowl_57,a geometric bronze offering bowl,"The bronze offering bowl has a compact geometric face and carefully finished edges. Its visible fittings are simple and accessible, with no concealed compartment or implied sacred power."
renaissance_jewellery_iba_incense_holder_58,a cloud brass incense holder,"The brass incense holder has a compact cloud face and carefully finished edges. Its visible fittings are simple and accessible, with no concealed compartment or implied sacred power."
renaissance_jewellery_iba_portable_panel_59,a shell wood small devotional panel,"The wood small devotional panel has a compact shell face and carefully finished edges. Its visible fittings are simple and accessible, with no concealed compartment or implied sacred power."
renaissance_jewellery_iba_processional_ornament_60,a reed pewter processional ornament,"The pewter processional ornament has a compact reed face and carefully finished edges. Its visible fittings are simple and accessible, with no concealed compartment or implied sacred power."
renaissance_jewellery_cen_ring_61,a rosette agate ring,The agate ring is worked into a rosette pattern with smooth inner surfaces and visible tool marks at the joins. Its fastening is plainly made for ordinary wear and does not conceal a mechanism.
renaissance_jewellery_cen_signet_ring_62,a checker carnelian ring,The carnelian ring is worked into a checker pattern with smooth inner surfaces and visible tool marks at the joins. Its fastening is plainly made for ordinary wear and does not conceal a mechanism.
renaissance_jewellery_cen_pendant_63,a braided lapis lazuli pendant,The lapis lazuli pendant is worked into a braided pattern with smooth inner surfaces and visible tool marks at the joins. Its fastening is plainly made for ordinary wear and does not conceal a mechanism.
renaissance_jewellery_cen_bead_necklace_64,a radiating turquoise necklace,The turquoise necklace is worked into a radiating pattern with smooth inner surfaces and visible tool marks at the joins. Its fastening is plainly made for ordinary wear and does not conceal a mechanism.
renaissance_jewellery_cen_chain_necklace_65,a leaf-scroll jade necklace,The jade necklace is worked into a leaf-scroll pattern with smooth inner surfaces and visible tool marks at the joins. Its fastening is plainly made for ordinary wear and does not conceal a mechanism.
renaissance_jewellery_cen_bracelet_66,a sunburst quartz bracelet,The quartz bracelet is worked into a sunburst pattern with smooth inner surfaces and visible tool marks at the joins. Its fastening is plainly made for ordinary wear and does not conceal a mechanism.
renaissance_jewellery_cen_armlet_67,a water-wave faience armlet,The faience armlet is worked into a water-wave pattern with smooth inner surfaces and visible tool marks at the joins. Its fastening is plainly made for ordinary wear and does not conceal a mechanism.
renaissance_jewellery_cen_anklet_68,a knotted pewter anklet,The pewter anklet is worked into a knotted pattern with smooth inner surfaces and visible tool marks at the joins. Its fastening is plainly made for ordinary wear and does not conceal a mechanism.
renaissance_jewellery_cen_earrings_69,a flower-head copper earrings,The copper earrings is worked into a flower-head pattern with smooth inner surfaces and visible tool marks at the joins. Its fastening is plainly made for ordinary wear and does not conceal a mechanism.
renaissance_jewellery_cen_brooch_70,a star bronze brooch,The bronze brooch is worked into a star pattern with smooth inner surfaces and visible tool marks at the joins. Its fastening is plainly made for ordinary wear and does not conceal a mechanism.
renaissance_jewellery_cen_pin_71,a bird silver pin,The silver pin is worked into a bird pattern with smooth inner surfaces and visible tool marks at the joins. Its fastening is plainly made for ordinary wear and does not conceal a mechanism.
renaissance_jewellery_cen_hairpin_72,a vine gold hairpin,The gold hairpin is worked into a vine pattern with smooth inner surfaces and visible tool marks at the joins. Its fastening is plainly made for ordinary wear and does not conceal a mechanism.
renaissance_jewellery_cen_circlet_73,a geometric brass circlet,The brass circlet is worked into a geometric pattern with smooth inner surfaces and visible tool marks at the joins. Its fastening is plainly made for ordinary wear and does not conceal a mechanism.
renaissance_jewellery_cen_diadem_74,a cloud glass diadem,The glass diadem is worked into a cloud pattern with smooth inner surfaces and visible tool marks at the joins. Its fastening is plainly made for ordinary wear and does not conceal a mechanism.
renaissance_jewellery_cen_waist_chain_75,a shell bone waist chain,The bone waist chain is worked into a shell pattern with smooth inner surfaces and visible tool marks at the joins. Its fastening is plainly made for ordinary wear and does not conceal a mechanism.
renaissance_jewellery_cen_belt_ornament_76,a reed shell belt ornament,The shell belt ornament is worked into a reed pattern with smooth inner surfaces and visible tool marks at the joins. Its fastening is plainly made for ordinary wear and does not conceal a mechanism.
renaissance_jewellery_cen_badge_77,a rosette ivory badge,The ivory badge is worked into a rosette pattern with smooth inner surfaces and visible tool marks at the joins. Its fastening is plainly made for ordinary wear and does not conceal a mechanism.
renaissance_jewellery_cen_temple_ring_78,a checker pearl temple ring,The pearl temple ring is worked into a checker pattern with smooth inner surfaces and visible tool marks at the joins. Its fastening is plainly made for ordinary wear and does not conceal a mechanism.
renaissance_jewellery_cen_torc_79,a braided amber torc,The amber torc is worked into a braided pattern with smooth inner surfaces and visible tool marks at the joins. Its fastening is plainly made for ordinary wear and does not conceal a mechanism.
renaissance_jewellery_cen_wreath_80,a radiating coral wreath,The coral wreath is worked into a radiating pattern with smooth inner surfaces and visible tool marks at the joins. Its fastening is plainly made for ordinary wear and does not conceal a mechanism.
renaissance_jewellery_cen_prayer_beads_81,a leaf-scroll garnet prayer bead strand,The garnet prayer bead strand is worked into a leaf-scroll pattern with smooth inner surfaces and visible tool marks at the joins. Its fastening is plainly made for ordinary wear and does not conceal a mechanism.
renaissance_jewellery_cen_devotional_medal_82,a sunburst agate devotional medal,The agate devotional medal is worked into a sunburst pattern with smooth inner surfaces and visible tool marks at the joins. Its fastening is plainly made for ordinary wear and does not conceal a mechanism.
renaissance_jewellery_cen_devotional_badge_83,a water-wave carnelian devotional badge,The carnelian devotional badge is worked into a water-wave pattern with smooth inner surfaces and visible tool marks at the joins. Its fastening is plainly made for ordinary wear and does not conceal a mechanism.
renaissance_jewellery_cen_prayer_cord_84,a knotted linen prayer cord,The linen prayer cord is worked into a knotted pattern with smooth inner surfaces and visible tool marks at the joins. Its fastening is plainly made for ordinary wear and does not conceal a mechanism.
renaissance_jewellery_cen_votive_token_85,a flower-head turquoise votive token,"The turquoise votive token has a compact flower-head face and carefully finished edges. Its visible fittings are simple and accessible, with no concealed compartment or implied sacred power."
renaissance_jewellery_cen_scripture_box_86,a star jade small scripture box,"The jade small scripture box has a compact star face and carefully finished edges. Its visible fittings are simple and accessible, with no concealed compartment or implied sacred power."
renaissance_jewellery_cen_offering_bowl_87,a bird silver offering bowl,"The silver offering bowl has a compact bird face and carefully finished edges. Its visible fittings are simple and accessible, with no concealed compartment or implied sacred power."
renaissance_jewellery_cen_incense_holder_88,a vine pewter incense holder,"The pewter incense holder has a compact vine face and carefully finished edges. Its visible fittings are simple and accessible, with no concealed compartment or implied sacred power."
renaissance_jewellery_cen_portable_panel_89,a geometric wood small devotional panel,"The wood small devotional panel has a compact geometric face and carefully finished edges. Its visible fittings are simple and accessible, with no concealed compartment or implied sacred power."
renaissance_jewellery_cen_processional_ornament_90,a cloud brass processional ornament,"The brass processional ornament has a compact cloud face and carefully finished edges. Its visible fittings are simple and accessible, with no concealed compartment or implied sacred power."
renaissance_jewellery_nba_ring_91,a vine copper ring,The copper ring is worked into a vine pattern with smooth inner surfaces and visible tool marks at the joins. Its fastening is plainly made for ordinary wear and does not conceal a mechanism.
renaissance_jewellery_nba_signet_ring_92,a geometric bronze ring,The bronze ring is worked into a geometric pattern with smooth inner surfaces and visible tool marks at the joins. Its fastening is plainly made for ordinary wear and does not conceal a mechanism.
renaissance_jewellery_nba_pendant_93,a cloud silver pendant,The silver pendant is worked into a cloud pattern with smooth inner surfaces and visible tool marks at the joins. Its fastening is plainly made for ordinary wear and does not conceal a mechanism.
renaissance_jewellery_nba_bead_necklace_94,a shell gold necklace,The gold necklace is worked into a shell pattern with smooth inner surfaces and visible tool marks at the joins. Its fastening is plainly made for ordinary wear and does not conceal a mechanism.
renaissance_jewellery_nba_chain_necklace_95,a reed brass necklace,The brass necklace is worked into a reed pattern with smooth inner surfaces and visible tool marks at the joins. Its fastening is plainly made for ordinary wear and does not conceal a mechanism.
renaissance_jewellery_nba_bracelet_96,a rosette glass bracelet,The glass bracelet is worked into a rosette pattern with smooth inner surfaces and visible tool marks at the joins. Its fastening is plainly made for ordinary wear and does not conceal a mechanism.
renaissance_jewellery_nba_armlet_97,a checker bone armlet,The bone armlet is worked into a checker pattern with smooth inner surfaces and visible tool marks at the joins. Its fastening is plainly made for ordinary wear and does not conceal a mechanism.
renaissance_jewellery_nba_anklet_98,a braided shell anklet,The shell anklet is worked into a braided pattern with smooth inner surfaces and visible tool marks at the joins. Its fastening is plainly made for ordinary wear and does not conceal a mechanism.
renaissance_jewellery_nba_earrings_99,a radiating ivory earrings,The ivory earrings is worked into a radiating pattern with smooth inner surfaces and visible tool marks at the joins. Its fastening is plainly made for ordinary wear and does not conceal a mechanism.
renaissance_jewellery_nba_brooch_100,a leaf-scroll pearl brooch,The pearl brooch is worked into a leaf-scroll pattern with smooth inner surfaces and visible tool marks at the joins. Its fastening is plainly made for ordinary wear and does not conceal a mechanism.
renaissance_jewellery_nba_pin_101,a sunburst amber pin,The amber pin is worked into a sunburst pattern with smooth inner surfaces and visible tool marks at the joins. Its fastening is plainly made for ordinary wear and does not conceal a mechanism.
renaissance_jewellery_nba_hairpin_102,a water-wave coral hairpin,The coral hairpin is worked into a water-wave pattern with smooth inner surfaces and visible tool marks at the joins. Its fastening is plainly made for ordinary wear and does not conceal a mechanism.
renaissance_jewellery_nba_circlet_103,a knotted garnet circlet,The garnet circlet is worked into a knotted pattern with smooth inner surfaces and visible tool marks at the joins. Its fastening is plainly made for ordinary wear and does not conceal a mechanism.
renaissance_jewellery_nba_diadem_104,a flower-head agate diadem,The agate diadem is worked into a flower-head pattern with smooth inner surfaces and visible tool marks at the joins. Its fastening is plainly made for ordinary wear and does not conceal a mechanism.
renaissance_jewellery_nba_waist_chain_105,a star carnelian waist chain,The carnelian waist chain is worked into a star pattern with smooth inner surfaces and visible tool marks at the joins. Its fastening is plainly made for ordinary wear and does not conceal a mechanism.
renaissance_jewellery_nba_belt_ornament_106,a bird lapis lazuli belt ornament,The lapis lazuli belt ornament is worked into a bird pattern with smooth inner surfaces and visible tool marks at the joins. Its fastening is plainly made for ordinary wear and does not conceal a mechanism.
renaissance_jewellery_nba_badge_107,a vine turquoise badge,The turquoise badge is worked into a vine pattern with smooth inner surfaces and visible tool marks at the joins. Its fastening is plainly made for ordinary wear and does not conceal a mechanism.
renaissance_jewellery_nba_temple_ring_108,a geometric jade temple ring,The jade temple ring is worked into a geometric pattern with smooth inner surfaces and visible tool marks at the joins. Its fastening is plainly made for ordinary wear and does not conceal a mechanism.
renaissance_jewellery_nba_torc_109,a cloud quartz torc,The quartz torc is worked into a cloud pattern with smooth inner surfaces and visible tool marks at the joins. Its fastening is plainly made for ordinary wear and does not conceal a mechanism.
renaissance_jewellery_nba_wreath_110,a shell faience wreath,The faience wreath is worked into a shell pattern with smooth inner surfaces and visible tool marks at the joins. Its fastening is plainly made for ordinary wear and does not conceal a mechanism.
renaissance_jewellery_nba_prayer_beads_111,a reed pewter prayer bead strand,The pewter prayer bead strand is worked into a reed pattern with smooth inner surfaces and visible tool marks at the joins. Its fastening is plainly made for ordinary wear and does not conceal a mechanism.
renaissance_jewellery_nba_devotional_medal_112,a rosette copper devotional medal,The copper devotional medal is worked into a rosette pattern with smooth inner surfaces and visible tool marks at the joins. Its fastening is plainly made for ordinary wear and does not conceal a mechanism.
renaissance_jewellery_nba_devotional_badge_113,a checker bronze devotional badge,The bronze devotional badge is worked into a checker pattern with smooth inner surfaces and visible tool marks at the joins. Its fastening is plainly made for ordinary wear and does not conceal a mechanism.
renaissance_jewellery_nba_prayer_cord_114,a braided linen prayer cord,The linen prayer cord is worked into a braided pattern with smooth inner surfaces and visible tool marks at the joins. Its fastening is plainly made for ordinary wear and does not conceal a mechanism.
renaissance_jewellery_nba_votive_token_115,a radiating gold votive token,"The gold votive token has a compact radiating face and carefully finished edges. Its visible fittings are simple and accessible, with no concealed compartment or implied sacred power."
renaissance_jewellery_nba_scripture_box_116,a leaf-scroll brass small scripture box,"The brass small scripture box has a compact leaf-scroll face and carefully finished edges. Its visible fittings are simple and accessible, with no concealed compartment or implied sacred power."
renaissance_jewellery_nba_offering_bowl_117,a sunburst bronze offering bowl,"The bronze offering bowl has a compact sunburst face and carefully finished edges. Its visible fittings are simple and accessible, with no concealed compartment or implied sacred power."
renaissance_jewellery_nba_incense_holder_118,a water-wave brass incense holder,"The brass incense holder has a compact water-wave face and carefully finished edges. Its visible fittings are simple and accessible, with no concealed compartment or implied sacred power."
renaissance_jewellery_nba_portable_panel_119,a knotted wood small devotional panel,"The wood small devotional panel has a compact knotted face and carefully finished edges. Its visible fittings are simple and accessible, with no concealed compartment or implied sacred power."
renaissance_jewellery_nba_processional_ornament_120,a flower-head pewter processional ornament,"The pewter processional ornament has a compact flower-head face and carefully finished edges. Its visible fittings are simple and accessible, with no concealed compartment or implied sacred power."
renaissance_jewellery_cef_ring_121,a leaf-scroll quartz ring,The quartz ring is worked into a leaf-scroll pattern with smooth inner surfaces and visible tool marks at the joins. Its fastening is plainly made for ordinary wear and does not conceal a mechanism.
renaissance_jewellery_cef_signet_ring_122,a sunburst faience ring,The faience ring is worked into a sunburst pattern with smooth inner surfaces and visible tool marks at the joins. Its fastening is plainly made for ordinary wear and does not conceal a mechanism.
renaissance_jewellery_cef_pendant_123,a water-wave pewter pendant,The pewter pendant is worked into a water-wave pattern with smooth inner surfaces and visible tool marks at the joins. Its fastening is plainly made for ordinary wear and does not conceal a mechanism.
renaissance_jewellery_cef_bead_necklace_124,a knotted copper necklace,The copper necklace is worked into a knotted pattern with smooth inner surfaces and visible tool marks at the joins. Its fastening is plainly made for ordinary wear and does not conceal a mechanism.
renaissance_jewellery_cef_chain_necklace_125,a flower-head bronze necklace,The bronze necklace is worked into a flower-head pattern with smooth inner surfaces and visible tool marks at the joins. Its fastening is plainly made for ordinary wear and does not conceal a mechanism.
renaissance_jewellery_cef_bracelet_126,a star silver bracelet,The silver bracelet is worked into a star pattern with smooth inner surfaces and visible tool marks at the joins. Its fastening is plainly made for ordinary wear and does not conceal a mechanism.
renaissance_jewellery_cef_armlet_127,a bird gold armlet,The gold armlet is worked into a bird pattern with smooth inner surfaces and visible tool marks at the joins. Its fastening is plainly made for ordinary wear and does not conceal a mechanism.
renaissance_jewellery_cef_anklet_128,a vine brass anklet,The brass anklet is worked into a vine pattern with smooth inner surfaces and visible tool marks at the joins. Its fastening is plainly made for ordinary wear and does not conceal a mechanism.
renaissance_jewellery_cef_earrings_129,a geometric glass earrings,The glass earrings is worked into a geometric pattern with smooth inner surfaces and visible tool marks at the joins. Its fastening is plainly made for ordinary wear and does not conceal a mechanism.
renaissance_jewellery_cef_brooch_130,a cloud bone brooch,The bone brooch is worked into a cloud pattern with smooth inner surfaces and visible tool marks at the joins. Its fastening is plainly made for ordinary wear and does not conceal a mechanism.
renaissance_jewellery_cef_pin_131,a shell shell pin,The shell pin is worked into a shell pattern with smooth inner surfaces and visible tool marks at the joins. Its fastening is plainly made for ordinary wear and does not conceal a mechanism.
renaissance_jewellery_cef_hairpin_132,a reed ivory hairpin,The ivory hairpin is worked into a reed pattern with smooth inner surfaces and visible tool marks at the joins. Its fastening is plainly made for ordinary wear and does not conceal a mechanism.
renaissance_jewellery_cef_circlet_133,a rosette pearl circlet,The pearl circlet is worked into a rosette pattern with smooth inner surfaces and visible tool marks at the joins. Its fastening is plainly made for ordinary wear and does not conceal a mechanism.
renaissance_jewellery_cef_diadem_134,a checker amber diadem,The amber diadem is worked into a checker pattern with smooth inner surfaces and visible tool marks at the joins. Its fastening is plainly made for ordinary wear and does not conceal a mechanism.
renaissance_jewellery_cef_waist_chain_135,a braided coral waist chain,The coral waist chain is worked into a braided pattern with smooth inner surfaces and visible tool marks at the joins. Its fastening is plainly made for ordinary wear and does not conceal a mechanism.
renaissance_jewellery_cef_belt_ornament_136,a radiating garnet belt ornament,The garnet belt ornament is worked into a radiating pattern with smooth inner surfaces and visible tool marks at the joins. Its fastening is plainly made for ordinary wear and does not conceal a mechanism.
renaissance_jewellery_cef_badge_137,a leaf-scroll agate badge,The agate badge is worked into a leaf-scroll pattern with smooth inner surfaces and visible tool marks at the joins. Its fastening is plainly made for ordinary wear and does not conceal a mechanism.
renaissance_jewellery_cef_temple_ring_138,a sunburst carnelian temple ring,The carnelian temple ring is worked into a sunburst pattern with smooth inner surfaces and visible tool marks at the joins. Its fastening is plainly made for ordinary wear and does not conceal a mechanism.
renaissance_jewellery_cef_torc_139,a water-wave lapis lazuli torc,The lapis lazuli torc is worked into a water-wave pattern with smooth inner surfaces and visible tool marks at the joins. Its fastening is plainly made for ordinary wear and does not conceal a mechanism.
renaissance_jewellery_cef_wreath_140,a knotted turquoise wreath,The turquoise wreath is worked into a knotted pattern with smooth inner surfaces and visible tool marks at the joins. Its fastening is plainly made for ordinary wear and does not conceal a mechanism.
renaissance_jewellery_cef_prayer_beads_141,a flower-head jade prayer bead strand,The jade prayer bead strand is worked into a flower-head pattern with smooth inner surfaces and visible tool marks at the joins. Its fastening is plainly made for ordinary wear and does not conceal a mechanism.
renaissance_jewellery_cef_devotional_medal_142,a star quartz devotional medal,The quartz devotional medal is worked into a star pattern with smooth inner surfaces and visible tool marks at the joins. Its fastening is plainly made for ordinary wear and does not conceal a mechanism.
renaissance_jewellery_cef_devotional_badge_143,a bird faience devotional badge,The faience devotional badge is worked into a bird pattern with smooth inner surfaces and visible tool marks at the joins. Its fastening is plainly made for ordinary wear and does not conceal a mechanism.
renaissance_jewellery_cef_prayer_cord_144,a vine linen prayer cord,The linen prayer cord is worked into a vine pattern with smooth inner surfaces and visible tool marks at the joins. Its fastening is plainly made for ordinary wear and does not conceal a mechanism.
renaissance_jewellery_cef_votive_token_145,a geometric copper votive token,"The copper votive token has a compact geometric face and carefully finished edges. Its visible fittings are simple and accessible, with no concealed compartment or implied sacred power."
renaissance_jewellery_cef_scripture_box_146,a cloud bronze small scripture box,"The bronze small scripture box has a compact cloud face and carefully finished edges. Its visible fittings are simple and accessible, with no concealed compartment or implied sacred power."
renaissance_jewellery_cef_offering_bowl_147,a shell silver offering bowl,"The silver offering bowl has a compact shell face and carefully finished edges. Its visible fittings are simple and accessible, with no concealed compartment or implied sacred power."
renaissance_jewellery_cef_incense_holder_148,a reed pewter incense holder,"The pewter incense holder has a compact reed face and carefully finished edges. Its visible fittings are simple and accessible, with no concealed compartment or implied sacred power."
renaissance_jewellery_cef_portable_panel_149,a rosette wood small devotional panel,"The wood small devotional panel has a compact rosette face and carefully finished edges. Its visible fittings are simple and accessible, with no concealed compartment or implied sacred power."
renaissance_jewellery_cef_processional_ornament_150,a checker brass processional ornament,"The brass processional ornament has a compact checker face and carefully finished edges. Its visible fittings are simple and accessible, with no concealed compartment or implied sacred power."
renaissance_jewellery_eon_ring_151,a sunburst shell ring,The shell ring is worked into a sunburst pattern with smooth inner surfaces and visible tool marks at the joins. Its fastening is plainly made for ordinary wear and does not conceal a mechanism.
renaissance_jewellery_eon_signet_ring_152,a water-wave ivory ring,The ivory ring is worked into a water-wave pattern with smooth inner surfaces and visible tool marks at the joins. Its fastening is plainly made for ordinary wear and does not conceal a mechanism.
renaissance_jewellery_eon_pendant_153,a knotted pearl pendant,The pearl pendant is worked into a knotted pattern with smooth inner surfaces and visible tool marks at the joins. Its fastening is plainly made for ordinary wear and does not conceal a mechanism.
renaissance_jewellery_eon_bead_necklace_154,a flower-head amber necklace,The amber necklace is worked into a flower-head pattern with smooth inner surfaces and visible tool marks at the joins. Its fastening is plainly made for ordinary wear and does not conceal a mechanism.
renaissance_jewellery_eon_chain_necklace_155,a star coral necklace,The coral necklace is worked into a star pattern with smooth inner surfaces and visible tool marks at the joins. Its fastening is plainly made for ordinary wear and does not conceal a mechanism.
renaissance_jewellery_eon_bracelet_156,a bird garnet bracelet,The garnet bracelet is worked into a bird pattern with smooth inner surfaces and visible tool marks at the joins. Its fastening is plainly made for ordinary wear and does not conceal a mechanism.
renaissance_jewellery_eon_armlet_157,a vine agate armlet,The agate armlet is worked into a vine pattern with smooth inner surfaces and visible tool marks at the joins. Its fastening is plainly made for ordinary wear and does not conceal a mechanism.
renaissance_jewellery_eon_anklet_158,a geometric carnelian anklet,The carnelian anklet is worked into a geometric pattern with smooth inner surfaces and visible tool marks at the joins. Its fastening is plainly made for ordinary wear and does not conceal a mechanism.
renaissance_jewellery_eon_earrings_159,a cloud lapis lazuli earrings,The lapis lazuli earrings is worked into a cloud pattern with smooth inner surfaces and visible tool marks at the joins. Its fastening is plainly made for ordinary wear and does not conceal a mechanism.
renaissance_jewellery_eon_brooch_160,a shell turquoise brooch,The turquoise brooch is worked into a shell pattern with smooth inner surfaces and visible tool marks at the joins. Its fastening is plainly made for ordinary wear and does not conceal a mechanism.
renaissance_jewellery_eon_pin_161,a reed jade pin,The jade pin is worked into a reed pattern with smooth inner surfaces and visible tool marks at the joins. Its fastening is plainly made for ordinary wear and does not conceal a mechanism.
renaissance_jewellery_eon_hairpin_162,a rosette quartz hairpin,The quartz hairpin is worked into a rosette pattern with smooth inner surfaces and visible tool marks at the joins. Its fastening is plainly made for ordinary wear and does not conceal a mechanism.
renaissance_jewellery_eon_circlet_163,a checker faience circlet,The faience circlet is worked into a checker pattern with smooth inner surfaces and visible tool marks at the joins. Its fastening is plainly made for ordinary wear and does not conceal a mechanism.
renaissance_jewellery_eon_diadem_164,a braided pewter diadem,The pewter diadem is worked into a braided pattern with smooth inner surfaces and visible tool marks at the joins. Its fastening is plainly made for ordinary wear and does not conceal a mechanism.
renaissance_jewellery_eon_waist_chain_165,a radiating copper waist chain,The copper waist chain is worked into a radiating pattern with smooth inner surfaces and visible tool marks at the joins. Its fastening is plainly made for ordinary wear and does not conceal a mechanism.
renaissance_jewellery_eon_belt_ornament_166,a leaf-scroll bronze belt ornament,The bronze belt ornament is worked into a leaf-scroll pattern with smooth inner surfaces and visible tool marks at the joins. Its fastening is plainly made for ordinary wear and does not conceal a mechanism.
renaissance_jewellery_eon_badge_167,a sunburst silver badge,The silver badge is worked into a sunburst pattern with smooth inner surfaces and visible tool marks at the joins. Its fastening is plainly made for ordinary wear and does not conceal a mechanism.
renaissance_jewellery_eon_temple_ring_168,a water-wave gold temple ring,The gold temple ring is worked into a water-wave pattern with smooth inner surfaces and visible tool marks at the joins. Its fastening is plainly made for ordinary wear and does not conceal a mechanism.
renaissance_jewellery_eon_torc_169,a knotted brass torc,The brass torc is worked into a knotted pattern with smooth inner surfaces and visible tool marks at the joins. Its fastening is plainly made for ordinary wear and does not conceal a mechanism.
renaissance_jewellery_eon_wreath_170,a flower-head glass wreath,The glass wreath is worked into a flower-head pattern with smooth inner surfaces and visible tool marks at the joins. Its fastening is plainly made for ordinary wear and does not conceal a mechanism.
renaissance_jewellery_eon_prayer_beads_171,a star bone prayer bead strand,The bone prayer bead strand is worked into a star pattern with smooth inner surfaces and visible tool marks at the joins. Its fastening is plainly made for ordinary wear and does not conceal a mechanism.
renaissance_jewellery_eon_devotional_medal_172,a bird shell devotional medal,The shell devotional medal is worked into a bird pattern with smooth inner surfaces and visible tool marks at the joins. Its fastening is plainly made for ordinary wear and does not conceal a mechanism.
renaissance_jewellery_eon_devotional_badge_173,a vine ivory devotional badge,The ivory devotional badge is worked into a vine pattern with smooth inner surfaces and visible tool marks at the joins. Its fastening is plainly made for ordinary wear and does not conceal a mechanism.
renaissance_jewellery_eon_prayer_cord_174,a geometric linen prayer cord,The linen prayer cord is worked into a geometric pattern with smooth inner surfaces and visible tool marks at the joins. Its fastening is plainly made for ordinary wear and does not conceal a mechanism.
renaissance_jewellery_eon_votive_token_175,a cloud amber votive token,"The amber votive token has a compact cloud face and carefully finished edges. Its visible fittings are simple and accessible, with no concealed compartment or implied sacred power."
renaissance_jewellery_eon_scripture_box_176,a shell coral small scripture box,"The coral small scripture box has a compact shell face and carefully finished edges. Its visible fittings are simple and accessible, with no concealed compartment or implied sacred power."
renaissance_jewellery_eon_offering_bowl_177,a reed bronze offering bowl,"The bronze offering bowl has a compact reed face and carefully finished edges. Its visible fittings are simple and accessible, with no concealed compartment or implied sacred power."
renaissance_jewellery_eon_incense_holder_178,a rosette brass incense holder,"The brass incense holder has a compact rosette face and carefully finished edges. Its visible fittings are simple and accessible, with no concealed compartment or implied sacred power."
renaissance_jewellery_eon_portable_panel_179,a checker wood small devotional panel,"The wood small devotional panel has a compact checker face and carefully finished edges. Its visible fittings are simple and accessible, with no concealed compartment or implied sacred power."
renaissance_jewellery_eon_processional_ornament_180,a braided pewter processional ornament,"The pewter processional ornament has a compact braided face and carefully finished edges. Its visible fittings are simple and accessible, with no concealed compartment or implied sacred power."
renaissance_jewellery_ott_ring_181,a shell pearl ring,The pearl ring is worked into a shell pattern with smooth inner surfaces and visible tool marks at the joins. Its fastening is plainly made for ordinary wear and does not conceal a mechanism.
renaissance_jewellery_ott_signet_ring_182,a reed amber ring,The amber ring is worked into a reed pattern with smooth inner surfaces and visible tool marks at the joins. Its fastening is plainly made for ordinary wear and does not conceal a mechanism.
renaissance_jewellery_ott_pendant_183,a rosette coral pendant,The coral pendant is worked into a rosette pattern with smooth inner surfaces and visible tool marks at the joins. Its fastening is plainly made for ordinary wear and does not conceal a mechanism.
renaissance_jewellery_ott_bead_necklace_184,a checker garnet necklace,The garnet necklace is worked into a checker pattern with smooth inner surfaces and visible tool marks at the joins. Its fastening is plainly made for ordinary wear and does not conceal a mechanism.
renaissance_jewellery_ott_chain_necklace_185,a braided agate necklace,The agate necklace is worked into a braided pattern with smooth inner surfaces and visible tool marks at the joins. Its fastening is plainly made for ordinary wear and does not conceal a mechanism.
renaissance_jewellery_ott_bracelet_186,a radiating carnelian bracelet,The carnelian bracelet is worked into a radiating pattern with smooth inner surfaces and visible tool marks at the joins. Its fastening is plainly made for ordinary wear and does not conceal a mechanism.
renaissance_jewellery_ott_armlet_187,a leaf-scroll lapis lazuli armlet,The lapis lazuli armlet is worked into a leaf-scroll pattern with smooth inner surfaces and visible tool marks at the joins. Its fastening is plainly made for ordinary wear and does not conceal a mechanism.
renaissance_jewellery_ott_anklet_188,a sunburst turquoise anklet,The turquoise anklet is worked into a sunburst pattern with smooth inner surfaces and visible tool marks at the joins. Its fastening is plainly made for ordinary wear and does not conceal a mechanism.
renaissance_jewellery_ott_earrings_189,a water-wave jade earrings,The jade earrings is worked into a water-wave pattern with smooth inner surfaces and visible tool marks at the joins. Its fastening is plainly made for ordinary wear and does not conceal a mechanism.
renaissance_jewellery_ott_brooch_190,a knotted quartz brooch,The quartz brooch is worked into a knotted pattern with smooth inner surfaces and visible tool marks at the joins. Its fastening is plainly made for ordinary wear and does not conceal a mechanism.
renaissance_jewellery_ott_pin_191,a flower-head faience pin,The faience pin is worked into a flower-head pattern with smooth inner surfaces and visible tool marks at the joins. Its fastening is plainly made for ordinary wear and does not conceal a mechanism.
renaissance_jewellery_ott_hairpin_192,a star pewter hairpin,The pewter hairpin is worked into a star pattern with smooth inner surfaces and visible tool marks at the joins. Its fastening is plainly made for ordinary wear and does not conceal a mechanism.
renaissance_jewellery_ott_circlet_193,a bird copper circlet,The copper circlet is worked into a bird pattern with smooth inner surfaces and visible tool marks at the joins. Its fastening is plainly made for ordinary wear and does not conceal a mechanism.
renaissance_jewellery_ott_diadem_194,a vine bronze diadem,The bronze diadem is worked into a vine pattern with smooth inner surfaces and visible tool marks at the joins. Its fastening is plainly made for ordinary wear and does not conceal a mechanism.
renaissance_jewellery_ott_waist_chain_195,a geometric silver waist chain,The silver waist chain is worked into a geometric pattern with smooth inner surfaces and visible tool marks at the joins. Its fastening is plainly made for ordinary wear and does not conceal a mechanism.
renaissance_jewellery_ott_belt_ornament_196,a cloud gold belt ornament,The gold belt ornament is worked into a cloud pattern with smooth inner surfaces and visible tool marks at the joins. Its fastening is plainly made for ordinary wear and does not conceal a mechanism.
renaissance_jewellery_ott_badge_197,a shell brass badge,The brass badge is worked into a shell pattern with smooth inner surfaces and visible tool marks at the joins. Its fastening is plainly made for ordinary wear and does not conceal a mechanism.
renaissance_jewellery_ott_temple_ring_198,a reed glass temple ring,The glass temple ring is worked into a reed pattern with smooth inner surfaces and visible tool marks at the joins. Its fastening is plainly made for ordinary wear and does not conceal a mechanism.
renaissance_jewellery_ott_torc_199,a rosette bone torc,The bone torc is worked into a rosette pattern with smooth inner surfaces and visible tool marks at the joins. Its fastening is plainly made for ordinary wear and does not conceal a mechanism.
renaissance_jewellery_ott_wreath_200,a checker shell wreath,The shell wreath is worked into a checker pattern with smooth inner surfaces and visible tool marks at the joins. Its fastening is plainly made for ordinary wear and does not conceal a mechanism.
renaissance_jewellery_ott_prayer_beads_201,a braided ivory prayer bead strand,The ivory prayer bead strand is worked into a braided pattern with smooth inner surfaces and visible tool marks at the joins. Its fastening is plainly made for ordinary wear and does not conceal a mechanism.
renaissance_jewellery_ott_devotional_medal_202,a radiating pearl devotional medal,The pearl devotional medal is worked into a radiating pattern with smooth inner surfaces and visible tool marks at the joins. Its fastening is plainly made for ordinary wear and does not conceal a mechanism.
renaissance_jewellery_ott_devotional_badge_203,a leaf-scroll amber devotional badge,The amber devotional badge is worked into a leaf-scroll pattern with smooth inner surfaces and visible tool marks at the joins. Its fastening is plainly made for ordinary wear and does not conceal a mechanism.
renaissance_jewellery_ott_prayer_cord_204,a sunburst linen prayer cord,The linen prayer cord is worked into a sunburst pattern with smooth inner surfaces and visible tool marks at the joins. Its fastening is plainly made for ordinary wear and does not conceal a mechanism.
renaissance_jewellery_ott_votive_token_205,a water-wave garnet votive token,"The garnet votive token has a compact water-wave face and carefully finished edges. Its visible fittings are simple and accessible, with no concealed compartment or implied sacred power."
renaissance_jewellery_ott_scripture_box_206,a knotted agate small scripture box,"The agate small scripture box has a compact knotted face and carefully finished edges. Its visible fittings are simple and accessible, with no concealed compartment or implied sacred power."
renaissance_jewellery_ott_offering_bowl_207,a flower-head silver offering bowl,"The silver offering bowl has a compact flower-head face and carefully finished edges. Its visible fittings are simple and accessible, with no concealed compartment or implied sacred power."
renaissance_jewellery_ott_incense_holder_208,a star pewter incense holder,"The pewter incense holder has a compact star face and carefully finished edges. Its visible fittings are simple and accessible, with no concealed compartment or implied sacred power."
renaissance_jewellery_ott_portable_panel_209,a bird wood small devotional panel,"The wood small devotional panel has a compact bird face and carefully finished edges. Its visible fittings are simple and accessible, with no concealed compartment or implied sacred power."
renaissance_jewellery_ott_processional_ornament_210,a vine brass processional ornament,"The brass processional ornament has a compact vine face and carefully finished edges. Its visible fittings are simple and accessible, with no concealed compartment or implied sacred power."
renaissance_jewellery_pip_ring_211,a vine silver ring,The silver ring is worked into a vine pattern with smooth inner surfaces and visible tool marks at the joins. Its fastening is plainly made for ordinary wear and does not conceal a mechanism.
renaissance_jewellery_pip_signet_ring_212,a geometric gold ring,The gold ring is worked into a geometric pattern with smooth inner surfaces and visible tool marks at the joins. Its fastening is plainly made for ordinary wear and does not conceal a mechanism.
renaissance_jewellery_pip_pendant_213,a cloud brass pendant,The brass pendant is worked into a cloud pattern with smooth inner surfaces and visible tool marks at the joins. Its fastening is plainly made for ordinary wear and does not conceal a mechanism.
renaissance_jewellery_pip_bead_necklace_214,a shell glass necklace,The glass necklace is worked into a shell pattern with smooth inner surfaces and visible tool marks at the joins. Its fastening is plainly made for ordinary wear and does not conceal a mechanism.
renaissance_jewellery_pip_chain_necklace_215,a reed bone necklace,The bone necklace is worked into a reed pattern with smooth inner surfaces and visible tool marks at the joins. Its fastening is plainly made for ordinary wear and does not conceal a mechanism.
renaissance_jewellery_pip_bracelet_216,a rosette shell bracelet,The shell bracelet is worked into a rosette pattern with smooth inner surfaces and visible tool marks at the joins. Its fastening is plainly made for ordinary wear and does not conceal a mechanism.
renaissance_jewellery_pip_armlet_217,a checker ivory armlet,The ivory armlet is worked into a checker pattern with smooth inner surfaces and visible tool marks at the joins. Its fastening is plainly made for ordinary wear and does not conceal a mechanism.
renaissance_jewellery_pip_anklet_218,a braided pearl anklet,The pearl anklet is worked into a braided pattern with smooth inner surfaces and visible tool marks at the joins. Its fastening is plainly made for ordinary wear and does not conceal a mechanism.
renaissance_jewellery_pip_earrings_219,a radiating amber earrings,The amber earrings is worked into a radiating pattern with smooth inner surfaces and visible tool marks at the joins. Its fastening is plainly made for ordinary wear and does not conceal a mechanism.
renaissance_jewellery_pip_brooch_220,a leaf-scroll coral brooch,The coral brooch is worked into a leaf-scroll pattern with smooth inner surfaces and visible tool marks at the joins. Its fastening is plainly made for ordinary wear and does not conceal a mechanism.
renaissance_jewellery_pip_pin_221,a sunburst garnet pin,The garnet pin is worked into a sunburst pattern with smooth inner surfaces and visible tool marks at the joins. Its fastening is plainly made for ordinary wear and does not conceal a mechanism.
renaissance_jewellery_pip_hairpin_222,a water-wave agate hairpin,The agate hairpin is worked into a water-wave pattern with smooth inner surfaces and visible tool marks at the joins. Its fastening is plainly made for ordinary wear and does not conceal a mechanism.
renaissance_jewellery_pip_circlet_223,a knotted carnelian circlet,The carnelian circlet is worked into a knotted pattern with smooth inner surfaces and visible tool marks at the joins. Its fastening is plainly made for ordinary wear and does not conceal a mechanism.
renaissance_jewellery_pip_diadem_224,a flower-head lapis lazuli diadem,The lapis lazuli diadem is worked into a flower-head pattern with smooth inner surfaces and visible tool marks at the joins. Its fastening is plainly made for ordinary wear and does not conceal a mechanism.
renaissance_jewellery_pip_waist_chain_225,a star turquoise waist chain,The turquoise waist chain is worked into a star pattern with smooth inner surfaces and visible tool marks at the joins. Its fastening is plainly made for ordinary wear and does not conceal a mechanism.
renaissance_jewellery_pip_belt_ornament_226,a bird jade belt ornament,The jade belt ornament is worked into a bird pattern with smooth inner surfaces and visible tool marks at the joins. Its fastening is plainly made for ordinary wear and does not conceal a mechanism.
renaissance_jewellery_pip_badge_227,a vine quartz badge,The quartz badge is worked into a vine pattern with smooth inner surfaces and visible tool marks at the joins. Its fastening is plainly made for ordinary wear and does not conceal a mechanism.
renaissance_jewellery_pip_temple_ring_228,a geometric faience temple ring,The faience temple ring is worked into a geometric pattern with smooth inner surfaces and visible tool marks at the joins. Its fastening is plainly made for ordinary wear and does not conceal a mechanism.
renaissance_jewellery_pip_torc_229,a cloud pewter torc,The pewter torc is worked into a cloud pattern with smooth inner surfaces and visible tool marks at the joins. Its fastening is plainly made for ordinary wear and does not conceal a mechanism.
renaissance_jewellery_pip_wreath_230,a shell copper wreath,The copper wreath is worked into a shell pattern with smooth inner surfaces and visible tool marks at the joins. Its fastening is plainly made for ordinary wear and does not conceal a mechanism.
renaissance_jewellery_pip_prayer_beads_231,a reed bronze prayer bead strand,The bronze prayer bead strand is worked into a reed pattern with smooth inner surfaces and visible tool marks at the joins. Its fastening is plainly made for ordinary wear and does not conceal a mechanism.
renaissance_jewellery_pip_devotional_medal_232,a rosette silver devotional medal,The silver devotional medal is worked into a rosette pattern with smooth inner surfaces and visible tool marks at the joins. Its fastening is plainly made for ordinary wear and does not conceal a mechanism.
renaissance_jewellery_pip_devotional_badge_233,a checker gold devotional badge,The gold devotional badge is worked into a checker pattern with smooth inner surfaces and visible tool marks at the joins. Its fastening is plainly made for ordinary wear and does not conceal a mechanism.
renaissance_jewellery_pip_prayer_cord_234,a braided linen prayer cord,The linen prayer cord is worked into a braided pattern with smooth inner surfaces and visible tool marks at the joins. Its fastening is plainly made for ordinary wear and does not conceal a mechanism.
renaissance_jewellery_pip_votive_token_235,a radiating glass votive token,"The glass votive token has a compact radiating face and carefully finished edges. Its visible fittings are simple and accessible, with no concealed compartment or implied sacred power."
renaissance_jewellery_pip_scripture_box_236,a leaf-scroll bone small scripture box,"The bone small scripture box has a compact leaf-scroll face and carefully finished edges. Its visible fittings are simple and accessible, with no concealed compartment or implied sacred power."
renaissance_jewellery_pip_offering_bowl_237,a sunburst bronze offering bowl,"The bronze offering bowl has a compact sunburst face and carefully finished edges. Its visible fittings are simple and accessible, with no concealed compartment or implied sacred power."
renaissance_jewellery_pip_incense_holder_238,a water-wave brass incense holder,"The brass incense holder has a compact water-wave face and carefully finished edges. Its visible fittings are simple and accessible, with no concealed compartment or implied sacred power."
renaissance_jewellery_pip_portable_panel_239,a knotted wood small devotional panel,"The wood small devotional panel has a compact knotted face and carefully finished edges. Its visible fittings are simple and accessible, with no concealed compartment or implied sacred power."
renaissance_jewellery_pip_processional_ornament_240,a flower-head pewter processional ornament,"The pewter processional ornament has a compact flower-head face and carefully finished edges. Its visible fittings are simple and accessible, with no concealed compartment or implied sacred power."
renaissance_jewellery_sas_ring_241,a sunburst pewter ring,The pewter ring is worked into a sunburst pattern with smooth inner surfaces and visible tool marks at the joins. Its fastening is plainly made for ordinary wear and does not conceal a mechanism.
renaissance_jewellery_sas_signet_ring_242,a water-wave copper ring,The copper ring is worked into a water-wave pattern with smooth inner surfaces and visible tool marks at the joins. Its fastening is plainly made for ordinary wear and does not conceal a mechanism.
renaissance_jewellery_sas_pendant_243,a knotted bronze pendant,The bronze pendant is worked into a knotted pattern with smooth inner surfaces and visible tool marks at the joins. Its fastening is plainly made for ordinary wear and does not conceal a mechanism.
renaissance_jewellery_sas_bead_necklace_244,a flower-head silver necklace,The silver necklace is worked into a flower-head pattern with smooth inner surfaces and visible tool marks at the joins. Its fastening is plainly made for ordinary wear and does not conceal a mechanism.
renaissance_jewellery_sas_chain_necklace_245,a star gold necklace,The gold necklace is worked into a star pattern with smooth inner surfaces and visible tool marks at the joins. Its fastening is plainly made for ordinary wear and does not conceal a mechanism.
renaissance_jewellery_sas_bracelet_246,a bird brass bracelet,The brass bracelet is worked into a bird pattern with smooth inner surfaces and visible tool marks at the joins. Its fastening is plainly made for ordinary wear and does not conceal a mechanism.
renaissance_jewellery_sas_armlet_247,a vine glass armlet,The glass armlet is worked into a vine pattern with smooth inner surfaces and visible tool marks at the joins. Its fastening is plainly made for ordinary wear and does not conceal a mechanism.
renaissance_jewellery_sas_anklet_248,a geometric bone anklet,The bone anklet is worked into a geometric pattern with smooth inner surfaces and visible tool marks at the joins. Its fastening is plainly made for ordinary wear and does not conceal a mechanism.
renaissance_jewellery_sas_earrings_249,a cloud shell earrings,The shell earrings is worked into a cloud pattern with smooth inner surfaces and visible tool marks at the joins. Its fastening is plainly made for ordinary wear and does not conceal a mechanism.
renaissance_jewellery_sas_brooch_250,a shell ivory brooch,The ivory brooch is worked into a shell pattern with smooth inner surfaces and visible tool marks at the joins. Its fastening is plainly made for ordinary wear and does not conceal a mechanism.
renaissance_jewellery_sas_pin_251,a reed pearl pin,The pearl pin is worked into a reed pattern with smooth inner surfaces and visible tool marks at the joins. Its fastening is plainly made for ordinary wear and does not conceal a mechanism.
renaissance_jewellery_sas_hairpin_252,a rosette amber hairpin,The amber hairpin is worked into a rosette pattern with smooth inner surfaces and visible tool marks at the joins. Its fastening is plainly made for ordinary wear and does not conceal a mechanism.
renaissance_jewellery_sas_circlet_253,a checker coral circlet,The coral circlet is worked into a checker pattern with smooth inner surfaces and visible tool marks at the joins. Its fastening is plainly made for ordinary wear and does not conceal a mechanism.
renaissance_jewellery_sas_diadem_254,a braided garnet diadem,The garnet diadem is worked into a braided pattern with smooth inner surfaces and visible tool marks at the joins. Its fastening is plainly made for ordinary wear and does not conceal a mechanism.
renaissance_jewellery_sas_waist_chain_255,a radiating agate waist chain,The agate waist chain is worked into a radiating pattern with smooth inner surfaces and visible tool marks at the joins. Its fastening is plainly made for ordinary wear and does not conceal a mechanism.
renaissance_jewellery_sas_belt_ornament_256,a leaf-scroll carnelian belt ornament,The carnelian belt ornament is worked into a leaf-scroll pattern with smooth inner surfaces and visible tool marks at the joins. Its fastening is plainly made for ordinary wear and does not conceal a mechanism.
renaissance_jewellery_sas_badge_257,a sunburst lapis lazuli badge,The lapis lazuli badge is worked into a sunburst pattern with smooth inner surfaces and visible tool marks at the joins. Its fastening is plainly made for ordinary wear and does not conceal a mechanism.
renaissance_jewellery_sas_temple_ring_258,a water-wave turquoise temple ring,The turquoise temple ring is worked into a water-wave pattern with smooth inner surfaces and visible tool marks at the joins. Its fastening is plainly made for ordinary wear and does not conceal a mechanism.
renaissance_jewellery_sas_torc_259,a knotted jade torc,The jade torc is worked into a knotted pattern with smooth inner surfaces and visible tool marks at the joins. Its fastening is plainly made for ordinary wear and does not conceal a mechanism.
renaissance_jewellery_sas_wreath_260,a flower-head quartz wreath,The quartz wreath is worked into a flower-head pattern with smooth inner surfaces and visible tool marks at the joins. Its fastening is plainly made for ordinary wear and does not conceal a mechanism.
renaissance_jewellery_sas_prayer_beads_261,a star faience prayer bead strand,The faience prayer bead strand is worked into a star pattern with smooth inner surfaces and visible tool marks at the joins. Its fastening is plainly made for ordinary wear and does not conceal a mechanism.
renaissance_jewellery_sas_devotional_medal_262,a bird pewter devotional medal,The pewter devotional medal is worked into a bird pattern with smooth inner surfaces and visible tool marks at the joins. Its fastening is plainly made for ordinary wear and does not conceal a mechanism.
renaissance_jewellery_sas_devotional_badge_263,a vine copper devotional badge,The copper devotional badge is worked into a vine pattern with smooth inner surfaces and visible tool marks at the joins. Its fastening is plainly made for ordinary wear and does not conceal a mechanism.
renaissance_jewellery_sas_prayer_cord_264,a geometric linen prayer cord,The linen prayer cord is worked into a geometric pattern with smooth inner surfaces and visible tool marks at the joins. Its fastening is plainly made for ordinary wear and does not conceal a mechanism.
renaissance_jewellery_sas_votive_token_265,a cloud silver votive token,"The silver votive token has a compact cloud face and carefully finished edges. Its visible fittings are simple and accessible, with no concealed compartment or implied sacred power."
renaissance_jewellery_sas_scripture_box_266,a shell gold small scripture box,"The gold small scripture box has a compact shell face and carefully finished edges. Its visible fittings are simple and accessible, with no concealed compartment or implied sacred power."
renaissance_jewellery_sas_offering_bowl_267,a reed silver offering bowl,"The silver offering bowl has a compact reed face and carefully finished edges. Its visible fittings are simple and accessible, with no concealed compartment or implied sacred power."
renaissance_jewellery_sas_incense_holder_268,a rosette pewter incense holder,"The pewter incense holder has a compact rosette face and carefully finished edges. Its visible fittings are simple and accessible, with no concealed compartment or implied sacred power."
renaissance_jewellery_sas_portable_panel_269,a checker wood small devotional panel,"The wood small devotional panel has a compact checker face and carefully finished edges. Its visible fittings are simple and accessible, with no concealed compartment or implied sacred power."
renaissance_jewellery_sas_processional_ornament_270,a braided brass processional ornament,"The brass processional ornament has a compact braided face and carefully finished edges. Its visible fittings are simple and accessible, with no concealed compartment or implied sacred power."
renaissance_jewellery_eal_ring_271,a vine turquoise ring,The turquoise ring is worked into a vine pattern with smooth inner surfaces and visible tool marks at the joins. Its fastening is plainly made for ordinary wear and does not conceal a mechanism.
renaissance_jewellery_eal_signet_ring_272,a geometric jade ring,The jade ring is worked into a geometric pattern with smooth inner surfaces and visible tool marks at the joins. Its fastening is plainly made for ordinary wear and does not conceal a mechanism.
renaissance_jewellery_eal_pendant_273,a cloud quartz pendant,The quartz pendant is worked into a cloud pattern with smooth inner surfaces and visible tool marks at the joins. Its fastening is plainly made for ordinary wear and does not conceal a mechanism.
renaissance_jewellery_eal_bead_necklace_274,a shell faience necklace,The faience necklace is worked into a shell pattern with smooth inner surfaces and visible tool marks at the joins. Its fastening is plainly made for ordinary wear and does not conceal a mechanism.
renaissance_jewellery_eal_chain_necklace_275,a reed pewter necklace,The pewter necklace is worked into a reed pattern with smooth inner surfaces and visible tool marks at the joins. Its fastening is plainly made for ordinary wear and does not conceal a mechanism.
renaissance_jewellery_eal_bracelet_276,a rosette copper bracelet,The copper bracelet is worked into a rosette pattern with smooth inner surfaces and visible tool marks at the joins. Its fastening is plainly made for ordinary wear and does not conceal a mechanism.
renaissance_jewellery_eal_armlet_277,a checker bronze armlet,The bronze armlet is worked into a checker pattern with smooth inner surfaces and visible tool marks at the joins. Its fastening is plainly made for ordinary wear and does not conceal a mechanism.
renaissance_jewellery_eal_anklet_278,a braided silver anklet,The silver anklet is worked into a braided pattern with smooth inner surfaces and visible tool marks at the joins. Its fastening is plainly made for ordinary wear and does not conceal a mechanism.
renaissance_jewellery_eal_earrings_279,a radiating gold earrings,The gold earrings is worked into a radiating pattern with smooth inner surfaces and visible tool marks at the joins. Its fastening is plainly made for ordinary wear and does not conceal a mechanism.
renaissance_jewellery_eal_brooch_280,a leaf-scroll brass brooch,The brass brooch is worked into a leaf-scroll pattern with smooth inner surfaces and visible tool marks at the joins. Its fastening is plainly made for ordinary wear and does not conceal a mechanism.
renaissance_jewellery_eal_pin_281,a sunburst glass pin,The glass pin is worked into a sunburst pattern with smooth inner surfaces and visible tool marks at the joins. Its fastening is plainly made for ordinary wear and does not conceal a mechanism.
renaissance_jewellery_eal_hairpin_282,a water-wave bone hairpin,The bone hairpin is worked into a water-wave pattern with smooth inner surfaces and visible tool marks at the joins. Its fastening is plainly made for ordinary wear and does not conceal a mechanism.
renaissance_jewellery_eal_circlet_283,a knotted shell circlet,The shell circlet is worked into a knotted pattern with smooth inner surfaces and visible tool marks at the joins. Its fastening is plainly made for ordinary wear and does not conceal a mechanism.
renaissance_jewellery_eal_diadem_284,a flower-head ivory diadem,The ivory diadem is worked into a flower-head pattern with smooth inner surfaces and visible tool marks at the joins. Its fastening is plainly made for ordinary wear and does not conceal a mechanism.
renaissance_jewellery_eal_waist_chain_285,a star pearl waist chain,The pearl waist chain is worked into a star pattern with smooth inner surfaces and visible tool marks at the joins. Its fastening is plainly made for ordinary wear and does not conceal a mechanism.
renaissance_jewellery_eal_belt_ornament_286,a bird amber belt ornament,The amber belt ornament is worked into a bird pattern with smooth inner surfaces and visible tool marks at the joins. Its fastening is plainly made for ordinary wear and does not conceal a mechanism.
renaissance_jewellery_eal_badge_287,a vine coral badge,The coral badge is worked into a vine pattern with smooth inner surfaces and visible tool marks at the joins. Its fastening is plainly made for ordinary wear and does not conceal a mechanism.
renaissance_jewellery_eal_temple_ring_288,a geometric garnet temple ring,The garnet temple ring is worked into a geometric pattern with smooth inner surfaces and visible tool marks at the joins. Its fastening is plainly made for ordinary wear and does not conceal a mechanism.
renaissance_jewellery_eal_torc_289,a cloud agate torc,The agate torc is worked into a cloud pattern with smooth inner surfaces and visible tool marks at the joins. Its fastening is plainly made for ordinary wear and does not conceal a mechanism.
renaissance_jewellery_eal_wreath_290,a shell carnelian wreath,The carnelian wreath is worked into a shell pattern with smooth inner surfaces and visible tool marks at the joins. Its fastening is plainly made for ordinary wear and does not conceal a mechanism.
renaissance_jewellery_eal_prayer_beads_291,a reed lapis lazuli prayer bead strand,The lapis lazuli prayer bead strand is worked into a reed pattern with smooth inner surfaces and visible tool marks at the joins. Its fastening is plainly made for ordinary wear and does not conceal a mechanism.
renaissance_jewellery_eal_devotional_medal_292,a rosette turquoise devotional medal,The turquoise devotional medal is worked into a rosette pattern with smooth inner surfaces and visible tool marks at the joins. Its fastening is plainly made for ordinary wear and does not conceal a mechanism.
renaissance_jewellery_eal_devotional_badge_293,a checker jade devotional badge,The jade devotional badge is worked into a checker pattern with smooth inner surfaces and visible tool marks at the joins. Its fastening is plainly made for ordinary wear and does not conceal a mechanism.
renaissance_jewellery_eal_prayer_cord_294,a braided linen prayer cord,The linen prayer cord is worked into a braided pattern with smooth inner surfaces and visible tool marks at the joins. Its fastening is plainly made for ordinary wear and does not conceal a mechanism.
renaissance_jewellery_eal_votive_token_295,a radiating faience votive token,"The faience votive token has a compact radiating face and carefully finished edges. Its visible fittings are simple and accessible, with no concealed compartment or implied sacred power."
renaissance_jewellery_eal_scripture_box_296,a leaf-scroll pewter small scripture box,"The pewter small scripture box has a compact leaf-scroll face and carefully finished edges. Its visible fittings are simple and accessible, with no concealed compartment or implied sacred power."
renaissance_jewellery_eal_offering_bowl_297,a sunburst bronze offering bowl,"The bronze offering bowl has a compact sunburst face and carefully finished edges. Its visible fittings are simple and accessible, with no concealed compartment or implied sacred power."
renaissance_jewellery_eal_incense_holder_298,a water-wave brass incense holder,"The brass incense holder has a compact water-wave face and carefully finished edges. Its visible fittings are simple and accessible, with no concealed compartment or implied sacred power."
renaissance_jewellery_eal_portable_panel_299,a knotted wood small devotional panel,"The wood small devotional panel has a compact knotted face and carefully finished edges. Its visible fittings are simple and accessible, with no concealed compartment or implied sacred power."
renaissance_jewellery_eal_processional_ornament_300,a flower-head pewter processional ornament,"The pewter processional ornament has a compact flower-head face and carefully finished edges. Its visible fittings are simple and accessible, with no concealed compartment or implied sacred power."
renaissance_jewellery_jpn_ring_301,a flower-head carnelian ring,The carnelian ring is worked into a flower-head pattern with smooth inner surfaces and visible tool marks at the joins. Its fastening is plainly made for ordinary wear and does not conceal a mechanism.
renaissance_jewellery_jpn_signet_ring_302,a star lapis lazuli ring,The lapis lazuli ring is worked into a star pattern with smooth inner surfaces and visible tool marks at the joins. Its fastening is plainly made for ordinary wear and does not conceal a mechanism.
renaissance_jewellery_jpn_pendant_303,a bird turquoise pendant,The turquoise pendant is worked into a bird pattern with smooth inner surfaces and visible tool marks at the joins. Its fastening is plainly made for ordinary wear and does not conceal a mechanism.
renaissance_jewellery_jpn_bead_necklace_304,a vine jade necklace,The jade necklace is worked into a vine pattern with smooth inner surfaces and visible tool marks at the joins. Its fastening is plainly made for ordinary wear and does not conceal a mechanism.
renaissance_jewellery_jpn_chain_necklace_305,a geometric quartz necklace,The quartz necklace is worked into a geometric pattern with smooth inner surfaces and visible tool marks at the joins. Its fastening is plainly made for ordinary wear and does not conceal a mechanism.
renaissance_jewellery_jpn_bracelet_306,a cloud faience bracelet,The faience bracelet is worked into a cloud pattern with smooth inner surfaces and visible tool marks at the joins. Its fastening is plainly made for ordinary wear and does not conceal a mechanism.
renaissance_jewellery_jpn_armlet_307,a shell pewter armlet,The pewter armlet is worked into a shell pattern with smooth inner surfaces and visible tool marks at the joins. Its fastening is plainly made for ordinary wear and does not conceal a mechanism.
renaissance_jewellery_jpn_anklet_308,a reed copper anklet,The copper anklet is worked into a reed pattern with smooth inner surfaces and visible tool marks at the joins. Its fastening is plainly made for ordinary wear and does not conceal a mechanism.
renaissance_jewellery_jpn_earrings_309,a rosette bronze earrings,The bronze earrings is worked into a rosette pattern with smooth inner surfaces and visible tool marks at the joins. Its fastening is plainly made for ordinary wear and does not conceal a mechanism.
renaissance_jewellery_jpn_brooch_310,a checker silver brooch,The silver brooch is worked into a checker pattern with smooth inner surfaces and visible tool marks at the joins. Its fastening is plainly made for ordinary wear and does not conceal a mechanism.
renaissance_jewellery_jpn_pin_311,a braided gold pin,The gold pin is worked into a braided pattern with smooth inner surfaces and visible tool marks at the joins. Its fastening is plainly made for ordinary wear and does not conceal a mechanism.
renaissance_jewellery_jpn_hairpin_312,a radiating brass hairpin,The brass hairpin is worked into a radiating pattern with smooth inner surfaces and visible tool marks at the joins. Its fastening is plainly made for ordinary wear and does not conceal a mechanism.
renaissance_jewellery_jpn_circlet_313,a leaf-scroll glass circlet,The glass circlet is worked into a leaf-scroll pattern with smooth inner surfaces and visible tool marks at the joins. Its fastening is plainly made for ordinary wear and does not conceal a mechanism.
renaissance_jewellery_jpn_diadem_314,a sunburst bone diadem,The bone diadem is worked into a sunburst pattern with smooth inner surfaces and visible tool marks at the joins. Its fastening is plainly made for ordinary wear and does not conceal a mechanism.
renaissance_jewellery_jpn_waist_chain_315,a water-wave shell waist chain,The shell waist chain is worked into a water-wave pattern with smooth inner surfaces and visible tool marks at the joins. Its fastening is plainly made for ordinary wear and does not conceal a mechanism.
renaissance_jewellery_jpn_belt_ornament_316,a knotted ivory belt ornament,The ivory belt ornament is worked into a knotted pattern with smooth inner surfaces and visible tool marks at the joins. Its fastening is plainly made for ordinary wear and does not conceal a mechanism.
renaissance_jewellery_jpn_badge_317,a flower-head pearl badge,The pearl badge is worked into a flower-head pattern with smooth inner surfaces and visible tool marks at the joins. Its fastening is plainly made for ordinary wear and does not conceal a mechanism.
renaissance_jewellery_jpn_temple_ring_318,a star amber temple ring,The amber temple ring is worked into a star pattern with smooth inner surfaces and visible tool marks at the joins. Its fastening is plainly made for ordinary wear and does not conceal a mechanism.
renaissance_jewellery_jpn_torc_319,a bird coral torc,The coral torc is worked into a bird pattern with smooth inner surfaces and visible tool marks at the joins. Its fastening is plainly made for ordinary wear and does not conceal a mechanism.
renaissance_jewellery_jpn_wreath_320,a vine garnet wreath,The garnet wreath is worked into a vine pattern with smooth inner surfaces and visible tool marks at the joins. Its fastening is plainly made for ordinary wear and does not conceal a mechanism.
renaissance_jewellery_jpn_prayer_beads_321,a geometric agate prayer bead strand,The agate prayer bead strand is worked into a geometric pattern with smooth inner surfaces and visible tool marks at the joins. Its fastening is plainly made for ordinary wear and does not conceal a mechanism.
renaissance_jewellery_jpn_devotional_medal_322,a cloud carnelian devotional medal,The carnelian devotional medal is worked into a cloud pattern with smooth inner surfaces and visible tool marks at the joins. Its fastening is plainly made for ordinary wear and does not conceal a mechanism.
renaissance_jewellery_jpn_devotional_badge_323,a shell lapis lazuli devotional badge,The lapis lazuli devotional badge is worked into a shell pattern with smooth inner surfaces and visible tool marks at the joins. Its fastening is plainly made for ordinary wear and does not conceal a mechanism.
renaissance_jewellery_jpn_prayer_cord_324,a reed linen prayer cord,The linen prayer cord is worked into a reed pattern with smooth inner surfaces and visible tool marks at the joins. Its fastening is plainly made for ordinary wear and does not conceal a mechanism.
renaissance_jewellery_jpn_votive_token_325,a rosette jade votive token,"The jade votive token has a compact rosette face and carefully finished edges. Its visible fittings are simple and accessible, with no concealed compartment or implied sacred power."
renaissance_jewellery_jpn_scripture_box_326,a checker quartz small scripture box,"The quartz small scripture box has a compact checker face and carefully finished edges. Its visible fittings are simple and accessible, with no concealed compartment or implied sacred power."
renaissance_jewellery_jpn_offering_bowl_327,a braided silver offering bowl,"The silver offering bowl has a compact braided face and carefully finished edges. Its visible fittings are simple and accessible, with no concealed compartment or implied sacred power."
renaissance_jewellery_jpn_incense_holder_328,a radiating pewter incense holder,"The pewter incense holder has a compact radiating face and carefully finished edges. Its visible fittings are simple and accessible, with no concealed compartment or implied sacred power."
renaissance_jewellery_jpn_portable_panel_329,a leaf-scroll wood small devotional panel,"The wood small devotional panel has a compact leaf-scroll face and carefully finished edges. Its visible fittings are simple and accessible, with no concealed compartment or implied sacred power."
renaissance_jewellery_jpn_processional_ornament_330,a sunburst brass processional ornament,"The brass processional ornament has a compact sunburst face and carefully finished edges. Its visible fittings are simple and accessible, with no concealed compartment or implied sacred power."
renaissance_jewellery_mea_ring_331,a knotted agate ring,The agate ring is worked into a knotted pattern with smooth inner surfaces and visible tool marks at the joins. Its fastening is plainly made for ordinary wear and does not conceal a mechanism.
renaissance_jewellery_mea_signet_ring_332,a flower-head carnelian ring,The carnelian ring is worked into a flower-head pattern with smooth inner surfaces and visible tool marks at the joins. Its fastening is plainly made for ordinary wear and does not conceal a mechanism.
renaissance_jewellery_mea_pendant_333,a star lapis lazuli pendant,The lapis lazuli pendant is worked into a star pattern with smooth inner surfaces and visible tool marks at the joins. Its fastening is plainly made for ordinary wear and does not conceal a mechanism.
renaissance_jewellery_mea_bead_necklace_334,a bird turquoise necklace,The turquoise necklace is worked into a bird pattern with smooth inner surfaces and visible tool marks at the joins. Its fastening is plainly made for ordinary wear and does not conceal a mechanism.
renaissance_jewellery_mea_chain_necklace_335,a vine jade necklace,The jade necklace is worked into a vine pattern with smooth inner surfaces and visible tool marks at the joins. Its fastening is plainly made for ordinary wear and does not conceal a mechanism.
renaissance_jewellery_mea_bracelet_336,a geometric quartz bracelet,The quartz bracelet is worked into a geometric pattern with smooth inner surfaces and visible tool marks at the joins. Its fastening is plainly made for ordinary wear and does not conceal a mechanism.
renaissance_jewellery_mea_armlet_337,a cloud faience armlet,The faience armlet is worked into a cloud pattern with smooth inner surfaces and visible tool marks at the joins. Its fastening is plainly made for ordinary wear and does not conceal a mechanism.
renaissance_jewellery_mea_anklet_338,a shell pewter anklet,The pewter anklet is worked into a shell pattern with smooth inner surfaces and visible tool marks at the joins. Its fastening is plainly made for ordinary wear and does not conceal a mechanism.
renaissance_jewellery_mea_earrings_339,a reed copper earrings,The copper earrings is worked into a reed pattern with smooth inner surfaces and visible tool marks at the joins. Its fastening is plainly made for ordinary wear and does not conceal a mechanism.
renaissance_jewellery_mea_brooch_340,a rosette bronze brooch,The bronze brooch is worked into a rosette pattern with smooth inner surfaces and visible tool marks at the joins. Its fastening is plainly made for ordinary wear and does not conceal a mechanism.
renaissance_jewellery_mea_pin_341,a checker silver pin,The silver pin is worked into a checker pattern with smooth inner surfaces and visible tool marks at the joins. Its fastening is plainly made for ordinary wear and does not conceal a mechanism.
renaissance_jewellery_mea_hairpin_342,a braided gold hairpin,The gold hairpin is worked into a braided pattern with smooth inner surfaces and visible tool marks at the joins. Its fastening is plainly made for ordinary wear and does not conceal a mechanism.
renaissance_jewellery_mea_circlet_343,a radiating brass circlet,The brass circlet is worked into a radiating pattern with smooth inner surfaces and visible tool marks at the joins. Its fastening is plainly made for ordinary wear and does not conceal a mechanism.
renaissance_jewellery_mea_diadem_344,a leaf-scroll glass diadem,The glass diadem is worked into a leaf-scroll pattern with smooth inner surfaces and visible tool marks at the joins. Its fastening is plainly made for ordinary wear and does not conceal a mechanism.
renaissance_jewellery_mea_waist_chain_345,a sunburst bone waist chain,The bone waist chain is worked into a sunburst pattern with smooth inner surfaces and visible tool marks at the joins. Its fastening is plainly made for ordinary wear and does not conceal a mechanism.
renaissance_jewellery_mea_belt_ornament_346,a water-wave shell belt ornament,The shell belt ornament is worked into a water-wave pattern with smooth inner surfaces and visible tool marks at the joins. Its fastening is plainly made for ordinary wear and does not conceal a mechanism.
renaissance_jewellery_mea_badge_347,a knotted ivory badge,The ivory badge is worked into a knotted pattern with smooth inner surfaces and visible tool marks at the joins. Its fastening is plainly made for ordinary wear and does not conceal a mechanism.
renaissance_jewellery_mea_temple_ring_348,a flower-head pearl temple ring,The pearl temple ring is worked into a flower-head pattern with smooth inner surfaces and visible tool marks at the joins. Its fastening is plainly made for ordinary wear and does not conceal a mechanism.
renaissance_jewellery_mea_torc_349,a star amber torc,The amber torc is worked into a star pattern with smooth inner surfaces and visible tool marks at the joins. Its fastening is plainly made for ordinary wear and does not conceal a mechanism.
renaissance_jewellery_mea_wreath_350,a bird coral wreath,The coral wreath is worked into a bird pattern with smooth inner surfaces and visible tool marks at the joins. Its fastening is plainly made for ordinary wear and does not conceal a mechanism.
renaissance_jewellery_mea_prayer_beads_351,a vine garnet prayer bead strand,The garnet prayer bead strand is worked into a vine pattern with smooth inner surfaces and visible tool marks at the joins. Its fastening is plainly made for ordinary wear and does not conceal a mechanism.
renaissance_jewellery_mea_devotional_medal_352,a geometric agate devotional medal,The agate devotional medal is worked into a geometric pattern with smooth inner surfaces and visible tool marks at the joins. Its fastening is plainly made for ordinary wear and does not conceal a mechanism.
renaissance_jewellery_mea_devotional_badge_353,a cloud carnelian devotional badge,The carnelian devotional badge is worked into a cloud pattern with smooth inner surfaces and visible tool marks at the joins. Its fastening is plainly made for ordinary wear and does not conceal a mechanism.
renaissance_jewellery_mea_prayer_cord_354,a shell linen prayer cord,The linen prayer cord is worked into a shell pattern with smooth inner surfaces and visible tool marks at the joins. Its fastening is plainly made for ordinary wear and does not conceal a mechanism.
renaissance_jewellery_mea_votive_token_355,a reed turquoise votive token,"The turquoise votive token has a compact reed face and carefully finished edges. Its visible fittings are simple and accessible, with no concealed compartment or implied sacred power."
renaissance_jewellery_mea_scripture_box_356,a rosette jade small scripture box,"The jade small scripture box has a compact rosette face and carefully finished edges. Its visible fittings are simple and accessible, with no concealed compartment or implied sacred power."
renaissance_jewellery_mea_offering_bowl_357,a checker bronze offering bowl,"The bronze offering bowl has a compact checker face and carefully finished edges. Its visible fittings are simple and accessible, with no concealed compartment or implied sacred power."
renaissance_jewellery_mea_incense_holder_358,a braided brass incense holder,"The brass incense holder has a compact braided face and carefully finished edges. Its visible fittings are simple and accessible, with no concealed compartment or implied sacred power."
renaissance_jewellery_mea_portable_panel_359,a radiating wood small devotional panel,"The wood small devotional panel has a compact radiating face and carefully finished edges. Its visible fittings are simple and accessible, with no concealed compartment or implied sacred power."
renaissance_jewellery_mea_processional_ornament_360,a leaf-scroll pewter processional ornament,"The pewter processional ornament has a compact leaf-scroll face and carefully finished edges. Its visible fittings are simple and accessible, with no concealed compartment or implied sacred power."
renaissance_jewellery_sem_ring_361,a knotted shell ring,The shell ring is worked into a knotted pattern with smooth inner surfaces and visible tool marks at the joins. Its fastening is plainly made for ordinary wear and does not conceal a mechanism.
renaissance_jewellery_sem_signet_ring_362,a flower-head ivory ring,The ivory ring is worked into a flower-head pattern with smooth inner surfaces and visible tool marks at the joins. Its fastening is plainly made for ordinary wear and does not conceal a mechanism.
renaissance_jewellery_sem_pendant_363,a star pearl pendant,The pearl pendant is worked into a star pattern with smooth inner surfaces and visible tool marks at the joins. Its fastening is plainly made for ordinary wear and does not conceal a mechanism.
renaissance_jewellery_sem_bead_necklace_364,a bird amber necklace,The amber necklace is worked into a bird pattern with smooth inner surfaces and visible tool marks at the joins. Its fastening is plainly made for ordinary wear and does not conceal a mechanism.
renaissance_jewellery_sem_chain_necklace_365,a vine coral necklace,The coral necklace is worked into a vine pattern with smooth inner surfaces and visible tool marks at the joins. Its fastening is plainly made for ordinary wear and does not conceal a mechanism.
renaissance_jewellery_sem_bracelet_366,a geometric garnet bracelet,The garnet bracelet is worked into a geometric pattern with smooth inner surfaces and visible tool marks at the joins. Its fastening is plainly made for ordinary wear and does not conceal a mechanism.
renaissance_jewellery_sem_armlet_367,a cloud agate armlet,The agate armlet is worked into a cloud pattern with smooth inner surfaces and visible tool marks at the joins. Its fastening is plainly made for ordinary wear and does not conceal a mechanism.
renaissance_jewellery_sem_anklet_368,a shell carnelian anklet,The carnelian anklet is worked into a shell pattern with smooth inner surfaces and visible tool marks at the joins. Its fastening is plainly made for ordinary wear and does not conceal a mechanism.
renaissance_jewellery_sem_earrings_369,a reed lapis lazuli earrings,The lapis lazuli earrings is worked into a reed pattern with smooth inner surfaces and visible tool marks at the joins. Its fastening is plainly made for ordinary wear and does not conceal a mechanism.
renaissance_jewellery_sem_brooch_370,a rosette turquoise brooch,The turquoise brooch is worked into a rosette pattern with smooth inner surfaces and visible tool marks at the joins. Its fastening is plainly made for ordinary wear and does not conceal a mechanism.
renaissance_jewellery_sem_pin_371,a checker jade pin,The jade pin is worked into a checker pattern with smooth inner surfaces and visible tool marks at the joins. Its fastening is plainly made for ordinary wear and does not conceal a mechanism.
renaissance_jewellery_sem_hairpin_372,a braided quartz hairpin,The quartz hairpin is worked into a braided pattern with smooth inner surfaces and visible tool marks at the joins. Its fastening is plainly made for ordinary wear and does not conceal a mechanism.
renaissance_jewellery_sem_circlet_373,a radiating faience circlet,The faience circlet is worked into a radiating pattern with smooth inner surfaces and visible tool marks at the joins. Its fastening is plainly made for ordinary wear and does not conceal a mechanism.
renaissance_jewellery_sem_diadem_374,a leaf-scroll pewter diadem,The pewter diadem is worked into a leaf-scroll pattern with smooth inner surfaces and visible tool marks at the joins. Its fastening is plainly made for ordinary wear and does not conceal a mechanism.
renaissance_jewellery_sem_waist_chain_375,a sunburst copper waist chain,The copper waist chain is worked into a sunburst pattern with smooth inner surfaces and visible tool marks at the joins. Its fastening is plainly made for ordinary wear and does not conceal a mechanism.
renaissance_jewellery_sem_belt_ornament_376,a water-wave bronze belt ornament,The bronze belt ornament is worked into a water-wave pattern with smooth inner surfaces and visible tool marks at the joins. Its fastening is plainly made for ordinary wear and does not conceal a mechanism.
renaissance_jewellery_sem_badge_377,a knotted silver badge,The silver badge is worked into a knotted pattern with smooth inner surfaces and visible tool marks at the joins. Its fastening is plainly made for ordinary wear and does not conceal a mechanism.
renaissance_jewellery_sem_temple_ring_378,a flower-head gold temple ring,The gold temple ring is worked into a flower-head pattern with smooth inner surfaces and visible tool marks at the joins. Its fastening is plainly made for ordinary wear and does not conceal a mechanism.
renaissance_jewellery_sem_torc_379,a star brass torc,The brass torc is worked into a star pattern with smooth inner surfaces and visible tool marks at the joins. Its fastening is plainly made for ordinary wear and does not conceal a mechanism.
renaissance_jewellery_sem_wreath_380,a bird glass wreath,The glass wreath is worked into a bird pattern with smooth inner surfaces and visible tool marks at the joins. Its fastening is plainly made for ordinary wear and does not conceal a mechanism.
renaissance_jewellery_sem_prayer_beads_381,a vine bone prayer bead strand,The bone prayer bead strand is worked into a vine pattern with smooth inner surfaces and visible tool marks at the joins. Its fastening is plainly made for ordinary wear and does not conceal a mechanism.
renaissance_jewellery_sem_devotional_medal_382,a geometric shell devotional medal,The shell devotional medal is worked into a geometric pattern with smooth inner surfaces and visible tool marks at the joins. Its fastening is plainly made for ordinary wear and does not conceal a mechanism.
renaissance_jewellery_sem_devotional_badge_383,a cloud ivory devotional badge,The ivory devotional badge is worked into a cloud pattern with smooth inner surfaces and visible tool marks at the joins. Its fastening is plainly made for ordinary wear and does not conceal a mechanism.
renaissance_jewellery_sem_prayer_cord_384,a shell linen prayer cord,The linen prayer cord is worked into a shell pattern with smooth inner surfaces and visible tool marks at the joins. Its fastening is plainly made for ordinary wear and does not conceal a mechanism.
renaissance_jewellery_sem_votive_token_385,a reed amber votive token,"The amber votive token has a compact reed face and carefully finished edges. Its visible fittings are simple and accessible, with no concealed compartment or implied sacred power."
renaissance_jewellery_sem_scripture_box_386,a rosette coral small scripture box,"The coral small scripture box has a compact rosette face and carefully finished edges. Its visible fittings are simple and accessible, with no concealed compartment or implied sacred power."
renaissance_jewellery_sem_offering_bowl_387,a checker silver offering bowl,"The silver offering bowl has a compact checker face and carefully finished edges. Its visible fittings are simple and accessible, with no concealed compartment or implied sacred power."
renaissance_jewellery_sem_incense_holder_388,a braided pewter incense holder,"The pewter incense holder has a compact braided face and carefully finished edges. Its visible fittings are simple and accessible, with no concealed compartment or implied sacred power."
renaissance_jewellery_sem_portable_panel_389,a radiating wood small devotional panel,"The wood small devotional panel has a compact radiating face and carefully finished edges. Its visible fittings are simple and accessible, with no concealed compartment or implied sacred power."
renaissance_jewellery_sem_processional_ornament_390,a leaf-scroll brass processional ornament,"The brass processional ornament has a compact leaf-scroll face and carefully finished edges. Its visible fittings are simple and accessible, with no concealed compartment or implied sacred power."
renaissance_jewellery_msea_ring_391,a sunburst turquoise ring,The turquoise ring is worked into a sunburst pattern with smooth inner surfaces and visible tool marks at the joins. Its fastening is plainly made for ordinary wear and does not conceal a mechanism.
renaissance_jewellery_msea_signet_ring_392,a water-wave jade ring,The jade ring is worked into a water-wave pattern with smooth inner surfaces and visible tool marks at the joins. Its fastening is plainly made for ordinary wear and does not conceal a mechanism.
renaissance_jewellery_msea_pendant_393,a knotted quartz pendant,The quartz pendant is worked into a knotted pattern with smooth inner surfaces and visible tool marks at the joins. Its fastening is plainly made for ordinary wear and does not conceal a mechanism.
renaissance_jewellery_msea_bead_necklace_394,a flower-head faience necklace,The faience necklace is worked into a flower-head pattern with smooth inner surfaces and visible tool marks at the joins. Its fastening is plainly made for ordinary wear and does not conceal a mechanism.
renaissance_jewellery_msea_chain_necklace_395,a star pewter necklace,The pewter necklace is worked into a star pattern with smooth inner surfaces and visible tool marks at the joins. Its fastening is plainly made for ordinary wear and does not conceal a mechanism.
renaissance_jewellery_msea_bracelet_396,a bird copper bracelet,The copper bracelet is worked into a bird pattern with smooth inner surfaces and visible tool marks at the joins. Its fastening is plainly made for ordinary wear and does not conceal a mechanism.
renaissance_jewellery_msea_armlet_397,a vine bronze armlet,The bronze armlet is worked into a vine pattern with smooth inner surfaces and visible tool marks at the joins. Its fastening is plainly made for ordinary wear and does not conceal a mechanism.
renaissance_jewellery_msea_anklet_398,a geometric silver anklet,The silver anklet is worked into a geometric pattern with smooth inner surfaces and visible tool marks at the joins. Its fastening is plainly made for ordinary wear and does not conceal a mechanism.
renaissance_jewellery_msea_earrings_399,a cloud gold earrings,The gold earrings is worked into a cloud pattern with smooth inner surfaces and visible tool marks at the joins. Its fastening is plainly made for ordinary wear and does not conceal a mechanism.
renaissance_jewellery_msea_brooch_400,a shell brass brooch,The brass brooch is worked into a shell pattern with smooth inner surfaces and visible tool marks at the joins. Its fastening is plainly made for ordinary wear and does not conceal a mechanism.
renaissance_jewellery_msea_pin_401,a reed glass pin,The glass pin is worked into a reed pattern with smooth inner surfaces and visible tool marks at the joins. Its fastening is plainly made for ordinary wear and does not conceal a mechanism.
renaissance_jewellery_msea_hairpin_402,a rosette bone hairpin,The bone hairpin is worked into a rosette pattern with smooth inner surfaces and visible tool marks at the joins. Its fastening is plainly made for ordinary wear and does not conceal a mechanism.
renaissance_jewellery_msea_circlet_403,a checker shell circlet,The shell circlet is worked into a checker pattern with smooth inner surfaces and visible tool marks at the joins. Its fastening is plainly made for ordinary wear and does not conceal a mechanism.
renaissance_jewellery_msea_diadem_404,a braided ivory diadem,The ivory diadem is worked into a braided pattern with smooth inner surfaces and visible tool marks at the joins. Its fastening is plainly made for ordinary wear and does not conceal a mechanism.
renaissance_jewellery_msea_waist_chain_405,a radiating pearl waist chain,The pearl waist chain is worked into a radiating pattern with smooth inner surfaces and visible tool marks at the joins. Its fastening is plainly made for ordinary wear and does not conceal a mechanism.
renaissance_jewellery_msea_belt_ornament_406,a leaf-scroll amber belt ornament,The amber belt ornament is worked into a leaf-scroll pattern with smooth inner surfaces and visible tool marks at the joins. Its fastening is plainly made for ordinary wear and does not conceal a mechanism.
renaissance_jewellery_msea_badge_407,a sunburst coral badge,The coral badge is worked into a sunburst pattern with smooth inner surfaces and visible tool marks at the joins. Its fastening is plainly made for ordinary wear and does not conceal a mechanism.
renaissance_jewellery_msea_temple_ring_408,a water-wave garnet temple ring,The garnet temple ring is worked into a water-wave pattern with smooth inner surfaces and visible tool marks at the joins. Its fastening is plainly made for ordinary wear and does not conceal a mechanism.
renaissance_jewellery_msea_torc_409,a knotted agate torc,The agate torc is worked into a knotted pattern with smooth inner surfaces and visible tool marks at the joins. Its fastening is plainly made for ordinary wear and does not conceal a mechanism.
renaissance_jewellery_msea_wreath_410,a flower-head carnelian wreath,The carnelian wreath is worked into a flower-head pattern with smooth inner surfaces and visible tool marks at the joins. Its fastening is plainly made for ordinary wear and does not conceal a mechanism.
renaissance_jewellery_msea_prayer_beads_411,a star lapis lazuli prayer bead strand,The lapis lazuli prayer bead strand is worked into a star pattern with smooth inner surfaces and visible tool marks at the joins. Its fastening is plainly made for ordinary wear and does not conceal a mechanism.
renaissance_jewellery_msea_devotional_medal_412,a bird turquoise devotional medal,The turquoise devotional medal is worked into a bird pattern with smooth inner surfaces and visible tool marks at the joins. Its fastening is plainly made for ordinary wear and does not conceal a mechanism.
renaissance_jewellery_msea_devotional_badge_413,a vine jade devotional badge,The jade devotional badge is worked into a vine pattern with smooth inner surfaces and visible tool marks at the joins. Its fastening is plainly made for ordinary wear and does not conceal a mechanism.
renaissance_jewellery_msea_prayer_cord_414,a geometric linen prayer cord,The linen prayer cord is worked into a geometric pattern with smooth inner surfaces and visible tool marks at the joins. Its fastening is plainly made for ordinary wear and does not conceal a mechanism.
renaissance_jewellery_msea_votive_token_415,a cloud faience votive token,"The faience votive token has a compact cloud face and carefully finished edges. Its visible fittings are simple and accessible, with no concealed compartment or implied sacred power."
renaissance_jewellery_msea_scripture_box_416,a shell pewter small scripture box,"The pewter small scripture box has a compact shell face and carefully finished edges. Its visible fittings are simple and accessible, with no concealed compartment or implied sacred power."
renaissance_jewellery_msea_offering_bowl_417,a reed bronze offering bowl,"The bronze offering bowl has a compact reed face and carefully finished edges. Its visible fittings are simple and accessible, with no concealed compartment or implied sacred power."
renaissance_jewellery_msea_incense_holder_418,a rosette brass incense holder,"The brass incense holder has a compact rosette face and carefully finished edges. Its visible fittings are simple and accessible, with no concealed compartment or implied sacred power."
renaissance_jewellery_msea_portable_panel_419,a checker wood small devotional panel,"The wood small devotional panel has a compact checker face and carefully finished edges. Its visible fittings are simple and accessible, with no concealed compartment or implied sacred power."
renaissance_jewellery_msea_processional_ornament_420,a braided pewter processional ornament,"The pewter processional ornament has a compact braided face and carefully finished edges. Its visible fittings are simple and accessible, with no concealed compartment or implied sacred power."
renaissance_jewellery_stp_ring_421,a shell quartz ring,The quartz ring is worked into a shell pattern with smooth inner surfaces and visible tool marks at the joins. Its fastening is plainly made for ordinary wear and does not conceal a mechanism.
renaissance_jewellery_stp_signet_ring_422,a reed faience ring,The faience ring is worked into a reed pattern with smooth inner surfaces and visible tool marks at the joins. Its fastening is plainly made for ordinary wear and does not conceal a mechanism.
renaissance_jewellery_stp_pendant_423,a rosette pewter pendant,The pewter pendant is worked into a rosette pattern with smooth inner surfaces and visible tool marks at the joins. Its fastening is plainly made for ordinary wear and does not conceal a mechanism.
renaissance_jewellery_stp_bead_necklace_424,a checker copper necklace,The copper necklace is worked into a checker pattern with smooth inner surfaces and visible tool marks at the joins. Its fastening is plainly made for ordinary wear and does not conceal a mechanism.
renaissance_jewellery_stp_chain_necklace_425,a braided bronze necklace,The bronze necklace is worked into a braided pattern with smooth inner surfaces and visible tool marks at the joins. Its fastening is plainly made for ordinary wear and does not conceal a mechanism.
renaissance_jewellery_stp_bracelet_426,a radiating silver bracelet,The silver bracelet is worked into a radiating pattern with smooth inner surfaces and visible tool marks at the joins. Its fastening is plainly made for ordinary wear and does not conceal a mechanism.
renaissance_jewellery_stp_armlet_427,a leaf-scroll gold armlet,The gold armlet is worked into a leaf-scroll pattern with smooth inner surfaces and visible tool marks at the joins. Its fastening is plainly made for ordinary wear and does not conceal a mechanism.
renaissance_jewellery_stp_anklet_428,a sunburst brass anklet,The brass anklet is worked into a sunburst pattern with smooth inner surfaces and visible tool marks at the joins. Its fastening is plainly made for ordinary wear and does not conceal a mechanism.
renaissance_jewellery_stp_earrings_429,a water-wave glass earrings,The glass earrings is worked into a water-wave pattern with smooth inner surfaces and visible tool marks at the joins. Its fastening is plainly made for ordinary wear and does not conceal a mechanism.
renaissance_jewellery_stp_brooch_430,a knotted bone brooch,The bone brooch is worked into a knotted pattern with smooth inner surfaces and visible tool marks at the joins. Its fastening is plainly made for ordinary wear and does not conceal a mechanism.
renaissance_jewellery_stp_pin_431,a flower-head shell pin,The shell pin is worked into a flower-head pattern with smooth inner surfaces and visible tool marks at the joins. Its fastening is plainly made for ordinary wear and does not conceal a mechanism.
renaissance_jewellery_stp_hairpin_432,a star ivory hairpin,The ivory hairpin is worked into a star pattern with smooth inner surfaces and visible tool marks at the joins. Its fastening is plainly made for ordinary wear and does not conceal a mechanism.
renaissance_jewellery_stp_circlet_433,a bird pearl circlet,The pearl circlet is worked into a bird pattern with smooth inner surfaces and visible tool marks at the joins. Its fastening is plainly made for ordinary wear and does not conceal a mechanism.
renaissance_jewellery_stp_diadem_434,a vine amber diadem,The amber diadem is worked into a vine pattern with smooth inner surfaces and visible tool marks at the joins. Its fastening is plainly made for ordinary wear and does not conceal a mechanism.
renaissance_jewellery_stp_waist_chain_435,a geometric coral waist chain,The coral waist chain is worked into a geometric pattern with smooth inner surfaces and visible tool marks at the joins. Its fastening is plainly made for ordinary wear and does not conceal a mechanism.
renaissance_jewellery_stp_belt_ornament_436,a cloud garnet belt ornament,The garnet belt ornament is worked into a cloud pattern with smooth inner surfaces and visible tool marks at the joins. Its fastening is plainly made for ordinary wear and does not conceal a mechanism.
renaissance_jewellery_stp_badge_437,a shell agate badge,The agate badge is worked into a shell pattern with smooth inner surfaces and visible tool marks at the joins. Its fastening is plainly made for ordinary wear and does not conceal a mechanism.
renaissance_jewellery_stp_temple_ring_438,a reed carnelian temple ring,The carnelian temple ring is worked into a reed pattern with smooth inner surfaces and visible tool marks at the joins. Its fastening is plainly made for ordinary wear and does not conceal a mechanism.
renaissance_jewellery_stp_torc_439,a rosette lapis lazuli torc,The lapis lazuli torc is worked into a rosette pattern with smooth inner surfaces and visible tool marks at the joins. Its fastening is plainly made for ordinary wear and does not conceal a mechanism.
renaissance_jewellery_stp_wreath_440,a checker turquoise wreath,The turquoise wreath is worked into a checker pattern with smooth inner surfaces and visible tool marks at the joins. Its fastening is plainly made for ordinary wear and does not conceal a mechanism.
renaissance_jewellery_stp_prayer_beads_441,a braided jade prayer bead strand,The jade prayer bead strand is worked into a braided pattern with smooth inner surfaces and visible tool marks at the joins. Its fastening is plainly made for ordinary wear and does not conceal a mechanism.
renaissance_jewellery_stp_devotional_medal_442,a radiating quartz devotional medal,The quartz devotional medal is worked into a radiating pattern with smooth inner surfaces and visible tool marks at the joins. Its fastening is plainly made for ordinary wear and does not conceal a mechanism.
renaissance_jewellery_stp_devotional_badge_443,a leaf-scroll faience devotional badge,The faience devotional badge is worked into a leaf-scroll pattern with smooth inner surfaces and visible tool marks at the joins. Its fastening is plainly made for ordinary wear and does not conceal a mechanism.
renaissance_jewellery_stp_prayer_cord_444,a sunburst linen prayer cord,The linen prayer cord is worked into a sunburst pattern with smooth inner surfaces and visible tool marks at the joins. Its fastening is plainly made for ordinary wear and does not conceal a mechanism.
renaissance_jewellery_stp_votive_token_445,a water-wave copper votive token,"The copper votive token has a compact water-wave face and carefully finished edges. Its visible fittings are simple and accessible, with no concealed compartment or implied sacred power."
renaissance_jewellery_stp_scripture_box_446,a knotted bronze small scripture box,"The bronze small scripture box has a compact knotted face and carefully finished edges. Its visible fittings are simple and accessible, with no concealed compartment or implied sacred power."
renaissance_jewellery_stp_offering_bowl_447,a flower-head silver offering bowl,"The silver offering bowl has a compact flower-head face and carefully finished edges. Its visible fittings are simple and accessible, with no concealed compartment or implied sacred power."
renaissance_jewellery_stp_incense_holder_448,a star pewter incense holder,"The pewter incense holder has a compact star face and carefully finished edges. Its visible fittings are simple and accessible, with no concealed compartment or implied sacred power."
renaissance_jewellery_stp_portable_panel_449,a bird wood small devotional panel,"The wood small devotional panel has a compact bird face and carefully finished edges. Its visible fittings are simple and accessible, with no concealed compartment or implied sacred power."
renaissance_jewellery_stp_processional_ornament_450,a vine brass processional ornament,"The brass processional ornament has a compact vine face and carefully finished edges. Its visible fittings are simple and accessible, with no concealed compartment or implied sacred power."
renaissance_jewellery_aca_ring_451,a flower-head amber ring,The amber ring is worked into a flower-head pattern with smooth inner surfaces and visible tool marks at the joins. Its fastening is plainly made for ordinary wear and does not conceal a mechanism.
renaissance_jewellery_aca_signet_ring_452,a star coral ring,The coral ring is worked into a star pattern with smooth inner surfaces and visible tool marks at the joins. Its fastening is plainly made for ordinary wear and does not conceal a mechanism.
renaissance_jewellery_aca_pendant_453,a bird garnet pendant,The garnet pendant is worked into a bird pattern with smooth inner surfaces and visible tool marks at the joins. Its fastening is plainly made for ordinary wear and does not conceal a mechanism.
renaissance_jewellery_aca_bead_necklace_454,a vine agate necklace,The agate necklace is worked into a vine pattern with smooth inner surfaces and visible tool marks at the joins. Its fastening is plainly made for ordinary wear and does not conceal a mechanism.
renaissance_jewellery_aca_chain_necklace_455,a geometric carnelian necklace,The carnelian necklace is worked into a geometric pattern with smooth inner surfaces and visible tool marks at the joins. Its fastening is plainly made for ordinary wear and does not conceal a mechanism.
renaissance_jewellery_aca_bracelet_456,a cloud lapis lazuli bracelet,The lapis lazuli bracelet is worked into a cloud pattern with smooth inner surfaces and visible tool marks at the joins. Its fastening is plainly made for ordinary wear and does not conceal a mechanism.
renaissance_jewellery_aca_armlet_457,a shell turquoise armlet,The turquoise armlet is worked into a shell pattern with smooth inner surfaces and visible tool marks at the joins. Its fastening is plainly made for ordinary wear and does not conceal a mechanism.
renaissance_jewellery_aca_anklet_458,a reed jade anklet,The jade anklet is worked into a reed pattern with smooth inner surfaces and visible tool marks at the joins. Its fastening is plainly made for ordinary wear and does not conceal a mechanism.
renaissance_jewellery_aca_earrings_459,a rosette quartz earrings,The quartz earrings is worked into a rosette pattern with smooth inner surfaces and visible tool marks at the joins. Its fastening is plainly made for ordinary wear and does not conceal a mechanism.
renaissance_jewellery_aca_brooch_460,a checker faience brooch,The faience brooch is worked into a checker pattern with smooth inner surfaces and visible tool marks at the joins. Its fastening is plainly made for ordinary wear and does not conceal a mechanism.
renaissance_jewellery_aca_pin_461,a braided pewter pin,The pewter pin is worked into a braided pattern with smooth inner surfaces and visible tool marks at the joins. Its fastening is plainly made for ordinary wear and does not conceal a mechanism.
renaissance_jewellery_aca_hairpin_462,a radiating copper hairpin,The copper hairpin is worked into a radiating pattern with smooth inner surfaces and visible tool marks at the joins. Its fastening is plainly made for ordinary wear and does not conceal a mechanism.
renaissance_jewellery_aca_circlet_463,a leaf-scroll bronze circlet,The bronze circlet is worked into a leaf-scroll pattern with smooth inner surfaces and visible tool marks at the joins. Its fastening is plainly made for ordinary wear and does not conceal a mechanism.
renaissance_jewellery_aca_diadem_464,a sunburst silver diadem,The silver diadem is worked into a sunburst pattern with smooth inner surfaces and visible tool marks at the joins. Its fastening is plainly made for ordinary wear and does not conceal a mechanism.
renaissance_jewellery_aca_waist_chain_465,a water-wave gold waist chain,The gold waist chain is worked into a water-wave pattern with smooth inner surfaces and visible tool marks at the joins. Its fastening is plainly made for ordinary wear and does not conceal a mechanism.
renaissance_jewellery_aca_belt_ornament_466,a knotted brass belt ornament,The brass belt ornament is worked into a knotted pattern with smooth inner surfaces and visible tool marks at the joins. Its fastening is plainly made for ordinary wear and does not conceal a mechanism.
renaissance_jewellery_aca_badge_467,a flower-head glass badge,The glass badge is worked into a flower-head pattern with smooth inner surfaces and visible tool marks at the joins. Its fastening is plainly made for ordinary wear and does not conceal a mechanism.
renaissance_jewellery_aca_temple_ring_468,a star bone temple ring,The bone temple ring is worked into a star pattern with smooth inner surfaces and visible tool marks at the joins. Its fastening is plainly made for ordinary wear and does not conceal a mechanism.
renaissance_jewellery_aca_torc_469,a bird shell torc,The shell torc is worked into a bird pattern with smooth inner surfaces and visible tool marks at the joins. Its fastening is plainly made for ordinary wear and does not conceal a mechanism.
renaissance_jewellery_aca_wreath_470,a vine ivory wreath,The ivory wreath is worked into a vine pattern with smooth inner surfaces and visible tool marks at the joins. Its fastening is plainly made for ordinary wear and does not conceal a mechanism.
renaissance_jewellery_aca_prayer_beads_471,a geometric pearl prayer bead strand,The pearl prayer bead strand is worked into a geometric pattern with smooth inner surfaces and visible tool marks at the joins. Its fastening is plainly made for ordinary wear and does not conceal a mechanism.
renaissance_jewellery_aca_devotional_medal_472,a cloud amber devotional medal,The amber devotional medal is worked into a cloud pattern with smooth inner surfaces and visible tool marks at the joins. Its fastening is plainly made for ordinary wear and does not conceal a mechanism.
renaissance_jewellery_aca_devotional_badge_473,a shell coral devotional badge,The coral devotional badge is worked into a shell pattern with smooth inner surfaces and visible tool marks at the joins. Its fastening is plainly made for ordinary wear and does not conceal a mechanism.
renaissance_jewellery_aca_prayer_cord_474,a reed linen prayer cord,The linen prayer cord is worked into a reed pattern with smooth inner surfaces and visible tool marks at the joins. Its fastening is plainly made for ordinary wear and does not conceal a mechanism.
renaissance_jewellery_aca_votive_token_475,a rosette agate votive token,"The agate votive token has a compact rosette face and carefully finished edges. Its visible fittings are simple and accessible, with no concealed compartment or implied sacred power."
renaissance_jewellery_aca_scripture_box_476,a checker carnelian small scripture box,"The carnelian small scripture box has a compact checker face and carefully finished edges. Its visible fittings are simple and accessible, with no concealed compartment or implied sacred power."
renaissance_jewellery_aca_offering_bowl_477,a braided bronze offering bowl,"The bronze offering bowl has a compact braided face and carefully finished edges. Its visible fittings are simple and accessible, with no concealed compartment or implied sacred power."
renaissance_jewellery_aca_incense_holder_478,a radiating brass incense holder,"The brass incense holder has a compact radiating face and carefully finished edges. Its visible fittings are simple and accessible, with no concealed compartment or implied sacred power."
renaissance_jewellery_aca_portable_panel_479,a leaf-scroll wood small devotional panel,"The wood small devotional panel has a compact leaf-scroll face and carefully finished edges. Its visible fittings are simple and accessible, with no concealed compartment or implied sacred power."
renaissance_jewellery_aca_processional_ornament_480,a sunburst pewter processional ornament,"The pewter processional ornament has a compact sunburst face and carefully finished edges. Its visible fittings are simple and accessible, with no concealed compartment or implied sacred power."
renaissance_jewellery_sai_ring_481,a leaf-scroll agate ring,The agate ring is worked into a leaf-scroll pattern with smooth inner surfaces and visible tool marks at the joins. Its fastening is plainly made for ordinary wear and does not conceal a mechanism.
renaissance_jewellery_sai_signet_ring_482,a sunburst carnelian ring,The carnelian ring is worked into a sunburst pattern with smooth inner surfaces and visible tool marks at the joins. Its fastening is plainly made for ordinary wear and does not conceal a mechanism.
renaissance_jewellery_sai_pendant_483,a water-wave lapis lazuli pendant,The lapis lazuli pendant is worked into a water-wave pattern with smooth inner surfaces and visible tool marks at the joins. Its fastening is plainly made for ordinary wear and does not conceal a mechanism.
renaissance_jewellery_sai_bead_necklace_484,a knotted turquoise necklace,The turquoise necklace is worked into a knotted pattern with smooth inner surfaces and visible tool marks at the joins. Its fastening is plainly made for ordinary wear and does not conceal a mechanism.
renaissance_jewellery_sai_chain_necklace_485,a flower-head jade necklace,The jade necklace is worked into a flower-head pattern with smooth inner surfaces and visible tool marks at the joins. Its fastening is plainly made for ordinary wear and does not conceal a mechanism.
renaissance_jewellery_sai_bracelet_486,a star quartz bracelet,The quartz bracelet is worked into a star pattern with smooth inner surfaces and visible tool marks at the joins. Its fastening is plainly made for ordinary wear and does not conceal a mechanism.
renaissance_jewellery_sai_armlet_487,a bird faience armlet,The faience armlet is worked into a bird pattern with smooth inner surfaces and visible tool marks at the joins. Its fastening is plainly made for ordinary wear and does not conceal a mechanism.
renaissance_jewellery_sai_anklet_488,a vine pewter anklet,The pewter anklet is worked into a vine pattern with smooth inner surfaces and visible tool marks at the joins. Its fastening is plainly made for ordinary wear and does not conceal a mechanism.
renaissance_jewellery_sai_earrings_489,a geometric copper earrings,The copper earrings is worked into a geometric pattern with smooth inner surfaces and visible tool marks at the joins. Its fastening is plainly made for ordinary wear and does not conceal a mechanism.
renaissance_jewellery_sai_brooch_490,a cloud bronze brooch,The bronze brooch is worked into a cloud pattern with smooth inner surfaces and visible tool marks at the joins. Its fastening is plainly made for ordinary wear and does not conceal a mechanism.
renaissance_jewellery_sai_pin_491,a shell silver pin,The silver pin is worked into a shell pattern with smooth inner surfaces and visible tool marks at the joins. Its fastening is plainly made for ordinary wear and does not conceal a mechanism.
renaissance_jewellery_sai_hairpin_492,a reed gold hairpin,The gold hairpin is worked into a reed pattern with smooth inner surfaces and visible tool marks at the joins. Its fastening is plainly made for ordinary wear and does not conceal a mechanism.
renaissance_jewellery_sai_circlet_493,a rosette brass circlet,The brass circlet is worked into a rosette pattern with smooth inner surfaces and visible tool marks at the joins. Its fastening is plainly made for ordinary wear and does not conceal a mechanism.
renaissance_jewellery_sai_diadem_494,a checker glass diadem,The glass diadem is worked into a checker pattern with smooth inner surfaces and visible tool marks at the joins. Its fastening is plainly made for ordinary wear and does not conceal a mechanism.
renaissance_jewellery_sai_waist_chain_495,a braided bone waist chain,The bone waist chain is worked into a braided pattern with smooth inner surfaces and visible tool marks at the joins. Its fastening is plainly made for ordinary wear and does not conceal a mechanism.
renaissance_jewellery_sai_belt_ornament_496,a radiating shell belt ornament,The shell belt ornament is worked into a radiating pattern with smooth inner surfaces and visible tool marks at the joins. Its fastening is plainly made for ordinary wear and does not conceal a mechanism.
renaissance_jewellery_sai_badge_497,a leaf-scroll ivory badge,The ivory badge is worked into a leaf-scroll pattern with smooth inner surfaces and visible tool marks at the joins. Its fastening is plainly made for ordinary wear and does not conceal a mechanism.
renaissance_jewellery_sai_temple_ring_498,a sunburst pearl temple ring,The pearl temple ring is worked into a sunburst pattern with smooth inner surfaces and visible tool marks at the joins. Its fastening is plainly made for ordinary wear and does not conceal a mechanism.
renaissance_jewellery_sai_torc_499,a water-wave amber torc,The amber torc is worked into a water-wave pattern with smooth inner surfaces and visible tool marks at the joins. Its fastening is plainly made for ordinary wear and does not conceal a mechanism.
renaissance_jewellery_sai_wreath_500,a knotted coral wreath,The coral wreath is worked into a knotted pattern with smooth inner surfaces and visible tool marks at the joins. Its fastening is plainly made for ordinary wear and does not conceal a mechanism.
renaissance_jewellery_sai_prayer_beads_501,a flower-head garnet prayer bead strand,The garnet prayer bead strand is worked into a flower-head pattern with smooth inner surfaces and visible tool marks at the joins. Its fastening is plainly made for ordinary wear and does not conceal a mechanism.
renaissance_jewellery_sai_devotional_medal_502,a star agate devotional medal,The agate devotional medal is worked into a star pattern with smooth inner surfaces and visible tool marks at the joins. Its fastening is plainly made for ordinary wear and does not conceal a mechanism.
renaissance_jewellery_sai_devotional_badge_503,a bird carnelian devotional badge,The carnelian devotional badge is worked into a bird pattern with smooth inner surfaces and visible tool marks at the joins. Its fastening is plainly made for ordinary wear and does not conceal a mechanism.
renaissance_jewellery_sai_prayer_cord_504,a vine linen prayer cord,The linen prayer cord is worked into a vine pattern with smooth inner surfaces and visible tool marks at the joins. Its fastening is plainly made for ordinary wear and does not conceal a mechanism.
renaissance_jewellery_sai_votive_token_505,a geometric turquoise votive token,"The turquoise votive token has a compact geometric face and carefully finished edges. Its visible fittings are simple and accessible, with no concealed compartment or implied sacred power."
renaissance_jewellery_sai_scripture_box_506,a cloud jade small scripture box,"The jade small scripture box has a compact cloud face and carefully finished edges. Its visible fittings are simple and accessible, with no concealed compartment or implied sacred power."
renaissance_jewellery_sai_offering_bowl_507,a shell silver offering bowl,"The silver offering bowl has a compact shell face and carefully finished edges. Its visible fittings are simple and accessible, with no concealed compartment or implied sacred power."
renaissance_jewellery_sai_incense_holder_508,a reed pewter incense holder,"The pewter incense holder has a compact reed face and carefully finished edges. Its visible fittings are simple and accessible, with no concealed compartment or implied sacred power."
renaissance_jewellery_sai_portable_panel_509,a rosette wood small devotional panel,"The wood small devotional panel has a compact rosette face and carefully finished edges. Its visible fittings are simple and accessible, with no concealed compartment or implied sacred power."
renaissance_jewellery_sai_processional_ornament_510,a checker brass processional ornament,"The brass processional ornament has a compact checker face and carefully finished edges. Its visible fittings are simple and accessible, with no concealed compartment or implied sacred power."
renaissance_jewellery_rse_ring_511,a knotted agate ring,The agate ring is worked into a knotted pattern with smooth inner surfaces and visible tool marks at the joins. Its fastening is plainly made for ordinary wear and does not conceal a mechanism.
renaissance_jewellery_rse_signet_ring_512,a flower-head carnelian ring,The carnelian ring is worked into a flower-head pattern with smooth inner surfaces and visible tool marks at the joins. Its fastening is plainly made for ordinary wear and does not conceal a mechanism.
renaissance_jewellery_rse_pendant_513,a star lapis lazuli pendant,The lapis lazuli pendant is worked into a star pattern with smooth inner surfaces and visible tool marks at the joins. Its fastening is plainly made for ordinary wear and does not conceal a mechanism.
renaissance_jewellery_rse_bead_necklace_514,a bird turquoise necklace,The turquoise necklace is worked into a bird pattern with smooth inner surfaces and visible tool marks at the joins. Its fastening is plainly made for ordinary wear and does not conceal a mechanism.
renaissance_jewellery_rse_chain_necklace_515,a vine jade necklace,The jade necklace is worked into a vine pattern with smooth inner surfaces and visible tool marks at the joins. Its fastening is plainly made for ordinary wear and does not conceal a mechanism.
renaissance_jewellery_rse_bracelet_516,a geometric quartz bracelet,The quartz bracelet is worked into a geometric pattern with smooth inner surfaces and visible tool marks at the joins. Its fastening is plainly made for ordinary wear and does not conceal a mechanism.
renaissance_jewellery_rse_armlet_517,a cloud faience armlet,The faience armlet is worked into a cloud pattern with smooth inner surfaces and visible tool marks at the joins. Its fastening is plainly made for ordinary wear and does not conceal a mechanism.
renaissance_jewellery_rse_anklet_518,a shell pewter anklet,The pewter anklet is worked into a shell pattern with smooth inner surfaces and visible tool marks at the joins. Its fastening is plainly made for ordinary wear and does not conceal a mechanism.
renaissance_jewellery_rse_earrings_519,a reed copper earrings,The copper earrings is worked into a reed pattern with smooth inner surfaces and visible tool marks at the joins. Its fastening is plainly made for ordinary wear and does not conceal a mechanism.
renaissance_jewellery_rse_brooch_520,a rosette bronze brooch,The bronze brooch is worked into a rosette pattern with smooth inner surfaces and visible tool marks at the joins. Its fastening is plainly made for ordinary wear and does not conceal a mechanism.
renaissance_jewellery_rse_pin_521,a checker silver pin,The silver pin is worked into a checker pattern with smooth inner surfaces and visible tool marks at the joins. Its fastening is plainly made for ordinary wear and does not conceal a mechanism.
renaissance_jewellery_rse_hairpin_522,a braided gold hairpin,The gold hairpin is worked into a braided pattern with smooth inner surfaces and visible tool marks at the joins. Its fastening is plainly made for ordinary wear and does not conceal a mechanism.
renaissance_jewellery_rse_circlet_523,a radiating brass circlet,The brass circlet is worked into a radiating pattern with smooth inner surfaces and visible tool marks at the joins. Its fastening is plainly made for ordinary wear and does not conceal a mechanism.
renaissance_jewellery_rse_diadem_524,a leaf-scroll glass diadem,The glass diadem is worked into a leaf-scroll pattern with smooth inner surfaces and visible tool marks at the joins. Its fastening is plainly made for ordinary wear and does not conceal a mechanism.
renaissance_jewellery_rse_waist_chain_525,a sunburst bone waist chain,The bone waist chain is worked into a sunburst pattern with smooth inner surfaces and visible tool marks at the joins. Its fastening is plainly made for ordinary wear and does not conceal a mechanism.
renaissance_jewellery_rse_belt_ornament_526,a water-wave shell belt ornament,The shell belt ornament is worked into a water-wave pattern with smooth inner surfaces and visible tool marks at the joins. Its fastening is plainly made for ordinary wear and does not conceal a mechanism.
renaissance_jewellery_rse_badge_527,a knotted ivory badge,The ivory badge is worked into a knotted pattern with smooth inner surfaces and visible tool marks at the joins. Its fastening is plainly made for ordinary wear and does not conceal a mechanism.
renaissance_jewellery_rse_temple_ring_528,a flower-head pearl temple ring,The pearl temple ring is worked into a flower-head pattern with smooth inner surfaces and visible tool marks at the joins. Its fastening is plainly made for ordinary wear and does not conceal a mechanism.
renaissance_jewellery_rse_torc_529,a star amber torc,The amber torc is worked into a star pattern with smooth inner surfaces and visible tool marks at the joins. Its fastening is plainly made for ordinary wear and does not conceal a mechanism.
renaissance_jewellery_rse_wreath_530,a bird coral wreath,The coral wreath is worked into a bird pattern with smooth inner surfaces and visible tool marks at the joins. Its fastening is plainly made for ordinary wear and does not conceal a mechanism.
renaissance_jewellery_rse_prayer_beads_531,a vine garnet prayer bead strand,The garnet prayer bead strand is worked into a vine pattern with smooth inner surfaces and visible tool marks at the joins. Its fastening is plainly made for ordinary wear and does not conceal a mechanism.
renaissance_jewellery_rse_devotional_medal_532,a geometric agate devotional medal,The agate devotional medal is worked into a geometric pattern with smooth inner surfaces and visible tool marks at the joins. Its fastening is plainly made for ordinary wear and does not conceal a mechanism.
renaissance_jewellery_rse_devotional_badge_533,a cloud carnelian devotional badge,The carnelian devotional badge is worked into a cloud pattern with smooth inner surfaces and visible tool marks at the joins. Its fastening is plainly made for ordinary wear and does not conceal a mechanism.
renaissance_jewellery_rse_prayer_cord_534,a shell linen prayer cord,The linen prayer cord is worked into a shell pattern with smooth inner surfaces and visible tool marks at the joins. Its fastening is plainly made for ordinary wear and does not conceal a mechanism.
renaissance_jewellery_rse_votive_token_535,a reed turquoise votive token,"The turquoise votive token has a compact reed face and carefully finished edges. Its visible fittings are simple and accessible, with no concealed compartment or implied sacred power."
renaissance_jewellery_rse_scripture_box_536,a rosette jade small scripture box,"The jade small scripture box has a compact rosette face and carefully finished edges. Its visible fittings are simple and accessible, with no concealed compartment or implied sacred power."
renaissance_jewellery_rse_offering_bowl_537,a checker bronze offering bowl,"The bronze offering bowl has a compact checker face and carefully finished edges. Its visible fittings are simple and accessible, with no concealed compartment or implied sacred power."
renaissance_jewellery_rse_incense_holder_538,a braided brass incense holder,"The brass incense holder has a compact braided face and carefully finished edges. Its visible fittings are simple and accessible, with no concealed compartment or implied sacred power."
renaissance_jewellery_rse_portable_panel_539,a radiating wood small devotional panel,"The wood small devotional panel has a compact radiating face and carefully finished edges. Its visible fittings are simple and accessible, with no concealed compartment or implied sacred power."
renaissance_jewellery_rse_processional_ornament_540,a leaf-scroll pewter processional ornament,"The pewter processional ornament has a compact leaf-scroll face and carefully finished edges. Its visible fittings are simple and accessible, with no concealed compartment or implied sacred power."
renaissance_jewellery_ind_ring_541,a leaf-scroll bone ring,The bone ring is worked into a leaf-scroll pattern with smooth inner surfaces and visible tool marks at the joins. Its fastening is plainly made for ordinary wear and does not conceal a mechanism.
renaissance_jewellery_ind_signet_ring_542,a sunburst shell ring,The shell ring is worked into a sunburst pattern with smooth inner surfaces and visible tool marks at the joins. Its fastening is plainly made for ordinary wear and does not conceal a mechanism.
renaissance_jewellery_ind_pendant_543,a water-wave ivory pendant,The ivory pendant is worked into a water-wave pattern with smooth inner surfaces and visible tool marks at the joins. Its fastening is plainly made for ordinary wear and does not conceal a mechanism.
renaissance_jewellery_ind_bead_necklace_544,a knotted pearl necklace,The pearl necklace is worked into a knotted pattern with smooth inner surfaces and visible tool marks at the joins. Its fastening is plainly made for ordinary wear and does not conceal a mechanism.
renaissance_jewellery_ind_chain_necklace_545,a flower-head amber necklace,The amber necklace is worked into a flower-head pattern with smooth inner surfaces and visible tool marks at the joins. Its fastening is plainly made for ordinary wear and does not conceal a mechanism.
renaissance_jewellery_ind_bracelet_546,a star coral bracelet,The coral bracelet is worked into a star pattern with smooth inner surfaces and visible tool marks at the joins. Its fastening is plainly made for ordinary wear and does not conceal a mechanism.
renaissance_jewellery_ind_armlet_547,a bird garnet armlet,The garnet armlet is worked into a bird pattern with smooth inner surfaces and visible tool marks at the joins. Its fastening is plainly made for ordinary wear and does not conceal a mechanism.
renaissance_jewellery_ind_anklet_548,a vine agate anklet,The agate anklet is worked into a vine pattern with smooth inner surfaces and visible tool marks at the joins. Its fastening is plainly made for ordinary wear and does not conceal a mechanism.
renaissance_jewellery_ind_earrings_549,a geometric carnelian earrings,The carnelian earrings is worked into a geometric pattern with smooth inner surfaces and visible tool marks at the joins. Its fastening is plainly made for ordinary wear and does not conceal a mechanism.
renaissance_jewellery_ind_brooch_550,a cloud lapis lazuli brooch,The lapis lazuli brooch is worked into a cloud pattern with smooth inner surfaces and visible tool marks at the joins. Its fastening is plainly made for ordinary wear and does not conceal a mechanism.
renaissance_jewellery_ind_pin_551,a shell turquoise pin,The turquoise pin is worked into a shell pattern with smooth inner surfaces and visible tool marks at the joins. Its fastening is plainly made for ordinary wear and does not conceal a mechanism.
renaissance_jewellery_ind_hairpin_552,a reed jade hairpin,The jade hairpin is worked into a reed pattern with smooth inner surfaces and visible tool marks at the joins. Its fastening is plainly made for ordinary wear and does not conceal a mechanism.
renaissance_jewellery_ind_circlet_553,a rosette quartz circlet,The quartz circlet is worked into a rosette pattern with smooth inner surfaces and visible tool marks at the joins. Its fastening is plainly made for ordinary wear and does not conceal a mechanism.
renaissance_jewellery_ind_diadem_554,a checker faience diadem,The faience diadem is worked into a checker pattern with smooth inner surfaces and visible tool marks at the joins. Its fastening is plainly made for ordinary wear and does not conceal a mechanism.
renaissance_jewellery_ind_waist_chain_555,a braided pewter waist chain,The pewter waist chain is worked into a braided pattern with smooth inner surfaces and visible tool marks at the joins. Its fastening is plainly made for ordinary wear and does not conceal a mechanism.
renaissance_jewellery_ind_belt_ornament_556,a radiating copper belt ornament,The copper belt ornament is worked into a radiating pattern with smooth inner surfaces and visible tool marks at the joins. Its fastening is plainly made for ordinary wear and does not conceal a mechanism.
renaissance_jewellery_ind_badge_557,a leaf-scroll bronze badge,The bronze badge is worked into a leaf-scroll pattern with smooth inner surfaces and visible tool marks at the joins. Its fastening is plainly made for ordinary wear and does not conceal a mechanism.
renaissance_jewellery_ind_temple_ring_558,a sunburst silver temple ring,The silver temple ring is worked into a sunburst pattern with smooth inner surfaces and visible tool marks at the joins. Its fastening is plainly made for ordinary wear and does not conceal a mechanism.
renaissance_jewellery_ind_torc_559,a water-wave gold torc,The gold torc is worked into a water-wave pattern with smooth inner surfaces and visible tool marks at the joins. Its fastening is plainly made for ordinary wear and does not conceal a mechanism.
renaissance_jewellery_ind_wreath_560,a knotted brass wreath,The brass wreath is worked into a knotted pattern with smooth inner surfaces and visible tool marks at the joins. Its fastening is plainly made for ordinary wear and does not conceal a mechanism.
renaissance_jewellery_ind_prayer_beads_561,a flower-head glass prayer bead strand,The glass prayer bead strand is worked into a flower-head pattern with smooth inner surfaces and visible tool marks at the joins. Its fastening is plainly made for ordinary wear and does not conceal a mechanism.
renaissance_jewellery_ind_devotional_medal_562,a star bone devotional medal,The bone devotional medal is worked into a star pattern with smooth inner surfaces and visible tool marks at the joins. Its fastening is plainly made for ordinary wear and does not conceal a mechanism.
renaissance_jewellery_ind_devotional_badge_563,a bird shell devotional badge,The shell devotional badge is worked into a bird pattern with smooth inner surfaces and visible tool marks at the joins. Its fastening is plainly made for ordinary wear and does not conceal a mechanism.
renaissance_jewellery_ind_prayer_cord_564,a vine linen prayer cord,The linen prayer cord is worked into a vine pattern with smooth inner surfaces and visible tool marks at the joins. Its fastening is plainly made for ordinary wear and does not conceal a mechanism.
renaissance_jewellery_ind_votive_token_565,a geometric pearl votive token,"The pearl votive token has a compact geometric face and carefully finished edges. Its visible fittings are simple and accessible, with no concealed compartment or implied sacred power."
renaissance_jewellery_ind_scripture_box_566,a cloud amber small scripture box,"The amber small scripture box has a compact cloud face and carefully finished edges. Its visible fittings are simple and accessible, with no concealed compartment or implied sacred power."
renaissance_jewellery_ind_offering_bowl_567,a shell silver offering bowl,"The silver offering bowl has a compact shell face and carefully finished edges. Its visible fittings are simple and accessible, with no concealed compartment or implied sacred power."
renaissance_jewellery_ind_incense_holder_568,a reed pewter incense holder,"The pewter incense holder has a compact reed face and carefully finished edges. Its visible fittings are simple and accessible, with no concealed compartment or implied sacred power."
renaissance_jewellery_ind_portable_panel_569,a rosette wood small devotional panel,"The wood small devotional panel has a compact rosette face and carefully finished edges. Its visible fittings are simple and accessible, with no concealed compartment or implied sacred power."
renaissance_jewellery_ind_processional_ornament_570,a checker brass processional ornament,"The brass processional ornament has a compact checker face and carefully finished edges. Its visible fittings are simple and accessible, with no concealed compartment or implied sacred power."
renaissance_jewellery_mes_ring_571,a braided lapis lazuli ring,The lapis lazuli ring is worked into a braided pattern with smooth inner surfaces and visible tool marks at the joins. Its fastening is plainly made for ordinary wear and does not conceal a mechanism.
renaissance_jewellery_mes_signet_ring_572,a radiating turquoise ring,The turquoise ring is worked into a radiating pattern with smooth inner surfaces and visible tool marks at the joins. Its fastening is plainly made for ordinary wear and does not conceal a mechanism.
renaissance_jewellery_mes_pendant_573,a leaf-scroll jade pendant,The jade pendant is worked into a leaf-scroll pattern with smooth inner surfaces and visible tool marks at the joins. Its fastening is plainly made for ordinary wear and does not conceal a mechanism.
renaissance_jewellery_mes_bead_necklace_574,a sunburst quartz necklace,The quartz necklace is worked into a sunburst pattern with smooth inner surfaces and visible tool marks at the joins. Its fastening is plainly made for ordinary wear and does not conceal a mechanism.
renaissance_jewellery_mes_chain_necklace_575,a water-wave faience necklace,The faience necklace is worked into a water-wave pattern with smooth inner surfaces and visible tool marks at the joins. Its fastening is plainly made for ordinary wear and does not conceal a mechanism.
renaissance_jewellery_mes_bracelet_576,a knotted pewter bracelet,The pewter bracelet is worked into a knotted pattern with smooth inner surfaces and visible tool marks at the joins. Its fastening is plainly made for ordinary wear and does not conceal a mechanism.
renaissance_jewellery_mes_armlet_577,a flower-head copper armlet,The copper armlet is worked into a flower-head pattern with smooth inner surfaces and visible tool marks at the joins. Its fastening is plainly made for ordinary wear and does not conceal a mechanism.
renaissance_jewellery_mes_anklet_578,a star bronze anklet,The bronze anklet is worked into a star pattern with smooth inner surfaces and visible tool marks at the joins. Its fastening is plainly made for ordinary wear and does not conceal a mechanism.
renaissance_jewellery_mes_earrings_579,a bird silver earrings,The silver earrings is worked into a bird pattern with smooth inner surfaces and visible tool marks at the joins. Its fastening is plainly made for ordinary wear and does not conceal a mechanism.
renaissance_jewellery_mes_brooch_580,a vine gold brooch,The gold brooch is worked into a vine pattern with smooth inner surfaces and visible tool marks at the joins. Its fastening is plainly made for ordinary wear and does not conceal a mechanism.
renaissance_jewellery_mes_pin_581,a geometric brass pin,The brass pin is worked into a geometric pattern with smooth inner surfaces and visible tool marks at the joins. Its fastening is plainly made for ordinary wear and does not conceal a mechanism.
renaissance_jewellery_mes_hairpin_582,a cloud glass hairpin,The glass hairpin is worked into a cloud pattern with smooth inner surfaces and visible tool marks at the joins. Its fastening is plainly made for ordinary wear and does not conceal a mechanism.
renaissance_jewellery_mes_circlet_583,a shell bone circlet,The bone circlet is worked into a shell pattern with smooth inner surfaces and visible tool marks at the joins. Its fastening is plainly made for ordinary wear and does not conceal a mechanism.
renaissance_jewellery_mes_diadem_584,a reed shell diadem,The shell diadem is worked into a reed pattern with smooth inner surfaces and visible tool marks at the joins. Its fastening is plainly made for ordinary wear and does not conceal a mechanism.
renaissance_jewellery_mes_waist_chain_585,a rosette ivory waist chain,The ivory waist chain is worked into a rosette pattern with smooth inner surfaces and visible tool marks at the joins. Its fastening is plainly made for ordinary wear and does not conceal a mechanism.
renaissance_jewellery_mes_belt_ornament_586,a checker pearl belt ornament,The pearl belt ornament is worked into a checker pattern with smooth inner surfaces and visible tool marks at the joins. Its fastening is plainly made for ordinary wear and does not conceal a mechanism.
renaissance_jewellery_mes_badge_587,a braided amber badge,The amber badge is worked into a braided pattern with smooth inner surfaces and visible tool marks at the joins. Its fastening is plainly made for ordinary wear and does not conceal a mechanism.
renaissance_jewellery_mes_temple_ring_588,a radiating coral temple ring,The coral temple ring is worked into a radiating pattern with smooth inner surfaces and visible tool marks at the joins. Its fastening is plainly made for ordinary wear and does not conceal a mechanism.
renaissance_jewellery_mes_torc_589,a leaf-scroll garnet torc,The garnet torc is worked into a leaf-scroll pattern with smooth inner surfaces and visible tool marks at the joins. Its fastening is plainly made for ordinary wear and does not conceal a mechanism.
renaissance_jewellery_mes_wreath_590,a sunburst agate wreath,The agate wreath is worked into a sunburst pattern with smooth inner surfaces and visible tool marks at the joins. Its fastening is plainly made for ordinary wear and does not conceal a mechanism.
renaissance_jewellery_mes_prayer_beads_591,a water-wave carnelian prayer bead strand,The carnelian prayer bead strand is worked into a water-wave pattern with smooth inner surfaces and visible tool marks at the joins. Its fastening is plainly made for ordinary wear and does not conceal a mechanism.
renaissance_jewellery_mes_devotional_medal_592,a knotted lapis lazuli devotional medal,The lapis lazuli devotional medal is worked into a knotted pattern with smooth inner surfaces and visible tool marks at the joins. Its fastening is plainly made for ordinary wear and does not conceal a mechanism.
renaissance_jewellery_mes_devotional_badge_593,a flower-head turquoise devotional badge,The turquoise devotional badge is worked into a flower-head pattern with smooth inner surfaces and visible tool marks at the joins. Its fastening is plainly made for ordinary wear and does not conceal a mechanism.
renaissance_jewellery_mes_prayer_cord_594,a star linen prayer cord,The linen prayer cord is worked into a star pattern with smooth inner surfaces and visible tool marks at the joins. Its fastening is plainly made for ordinary wear and does not conceal a mechanism.
renaissance_jewellery_mes_votive_token_595,a bird quartz votive token,"The quartz votive token has a compact bird face and carefully finished edges. Its visible fittings are simple and accessible, with no concealed compartment or implied sacred power."
renaissance_jewellery_mes_scripture_box_596,a vine faience small scripture box,"The faience small scripture box has a compact vine face and carefully finished edges. Its visible fittings are simple and accessible, with no concealed compartment or implied sacred power."
renaissance_jewellery_mes_offering_bowl_597,a geometric bronze offering bowl,"The bronze offering bowl has a compact geometric face and carefully finished edges. Its visible fittings are simple and accessible, with no concealed compartment or implied sacred power."
renaissance_jewellery_mes_incense_holder_598,a cloud brass incense holder,"The brass incense holder has a compact cloud face and carefully finished edges. Its visible fittings are simple and accessible, with no concealed compartment or implied sacred power."
renaissance_jewellery_mes_portable_panel_599,a shell wood small devotional panel,"The wood small devotional panel has a compact shell face and carefully finished edges. Its visible fittings are simple and accessible, with no concealed compartment or implied sacred power."
renaissance_jewellery_mes_processional_ornament_600,a reed pewter processional ornament,"The pewter processional ornament has a compact reed face and carefully finished edges. Its visible fittings are simple and accessible, with no concealed compartment or implied sacred power."
renaissance_jewellery_and_ring_601,a shell quartz ring,The quartz ring is worked into a shell pattern with smooth inner surfaces and visible tool marks at the joins. Its fastening is plainly made for ordinary wear and does not conceal a mechanism.
renaissance_jewellery_and_signet_ring_602,a reed faience ring,The faience ring is worked into a reed pattern with smooth inner surfaces and visible tool marks at the joins. Its fastening is plainly made for ordinary wear and does not conceal a mechanism.
renaissance_jewellery_and_pendant_603,a rosette pewter pendant,The pewter pendant is worked into a rosette pattern with smooth inner surfaces and visible tool marks at the joins. Its fastening is plainly made for ordinary wear and does not conceal a mechanism.
renaissance_jewellery_and_bead_necklace_604,a checker copper necklace,The copper necklace is worked into a checker pattern with smooth inner surfaces and visible tool marks at the joins. Its fastening is plainly made for ordinary wear and does not conceal a mechanism.
renaissance_jewellery_and_chain_necklace_605,a braided bronze necklace,The bronze necklace is worked into a braided pattern with smooth inner surfaces and visible tool marks at the joins. Its fastening is plainly made for ordinary wear and does not conceal a mechanism.
renaissance_jewellery_and_bracelet_606,a radiating silver bracelet,The silver bracelet is worked into a radiating pattern with smooth inner surfaces and visible tool marks at the joins. Its fastening is plainly made for ordinary wear and does not conceal a mechanism.
renaissance_jewellery_and_armlet_607,a leaf-scroll gold armlet,The gold armlet is worked into a leaf-scroll pattern with smooth inner surfaces and visible tool marks at the joins. Its fastening is plainly made for ordinary wear and does not conceal a mechanism.
renaissance_jewellery_and_anklet_608,a sunburst brass anklet,The brass anklet is worked into a sunburst pattern with smooth inner surfaces and visible tool marks at the joins. Its fastening is plainly made for ordinary wear and does not conceal a mechanism.
renaissance_jewellery_and_earrings_609,a water-wave glass earrings,The glass earrings is worked into a water-wave pattern with smooth inner surfaces and visible tool marks at the joins. Its fastening is plainly made for ordinary wear and does not conceal a mechanism.
renaissance_jewellery_and_brooch_610,a knotted bone brooch,The bone brooch is worked into a knotted pattern with smooth inner surfaces and visible tool marks at the joins. Its fastening is plainly made for ordinary wear and does not conceal a mechanism.
renaissance_jewellery_and_pin_611,a flower-head shell pin,The shell pin is worked into a flower-head pattern with smooth inner surfaces and visible tool marks at the joins. Its fastening is plainly made for ordinary wear and does not conceal a mechanism.
renaissance_jewellery_and_hairpin_612,a star ivory hairpin,The ivory hairpin is worked into a star pattern with smooth inner surfaces and visible tool marks at the joins. Its fastening is plainly made for ordinary wear and does not conceal a mechanism.
renaissance_jewellery_and_circlet_613,a bird pearl circlet,The pearl circlet is worked into a bird pattern with smooth inner surfaces and visible tool marks at the joins. Its fastening is plainly made for ordinary wear and does not conceal a mechanism.
renaissance_jewellery_and_diadem_614,a vine amber diadem,The amber diadem is worked into a vine pattern with smooth inner surfaces and visible tool marks at the joins. Its fastening is plainly made for ordinary wear and does not conceal a mechanism.
renaissance_jewellery_and_waist_chain_615,a geometric coral waist chain,The coral waist chain is worked into a geometric pattern with smooth inner surfaces and visible tool marks at the joins. Its fastening is plainly made for ordinary wear and does not conceal a mechanism.
renaissance_jewellery_and_belt_ornament_616,a cloud garnet belt ornament,The garnet belt ornament is worked into a cloud pattern with smooth inner surfaces and visible tool marks at the joins. Its fastening is plainly made for ordinary wear and does not conceal a mechanism.
renaissance_jewellery_and_badge_617,a shell agate badge,The agate badge is worked into a shell pattern with smooth inner surfaces and visible tool marks at the joins. Its fastening is plainly made for ordinary wear and does not conceal a mechanism.
renaissance_jewellery_and_temple_ring_618,a reed carnelian temple ring,The carnelian temple ring is worked into a reed pattern with smooth inner surfaces and visible tool marks at the joins. Its fastening is plainly made for ordinary wear and does not conceal a mechanism.
renaissance_jewellery_and_torc_619,a rosette lapis lazuli torc,The lapis lazuli torc is worked into a rosette pattern with smooth inner surfaces and visible tool marks at the joins. Its fastening is plainly made for ordinary wear and does not conceal a mechanism.
renaissance_jewellery_and_wreath_620,a checker turquoise wreath,The turquoise wreath is worked into a checker pattern with smooth inner surfaces and visible tool marks at the joins. Its fastening is plainly made for ordinary wear and does not conceal a mechanism.
renaissance_jewellery_and_prayer_beads_621,a braided jade prayer bead strand,The jade prayer bead strand is worked into a braided pattern with smooth inner surfaces and visible tool marks at the joins. Its fastening is plainly made for ordinary wear and does not conceal a mechanism.
renaissance_jewellery_and_devotional_medal_622,a radiating quartz devotional medal,The quartz devotional medal is worked into a radiating pattern with smooth inner surfaces and visible tool marks at the joins. Its fastening is plainly made for ordinary wear and does not conceal a mechanism.
renaissance_jewellery_and_devotional_badge_623,a leaf-scroll faience devotional badge,The faience devotional badge is worked into a leaf-scroll pattern with smooth inner surfaces and visible tool marks at the joins. Its fastening is plainly made for ordinary wear and does not conceal a mechanism.
renaissance_jewellery_and_prayer_cord_624,a sunburst linen prayer cord,The linen prayer cord is worked into a sunburst pattern with smooth inner surfaces and visible tool marks at the joins. Its fastening is plainly made for ordinary wear and does not conceal a mechanism.
renaissance_jewellery_and_votive_token_625,a water-wave copper votive token,"The copper votive token has a compact water-wave face and carefully finished edges. Its visible fittings are simple and accessible, with no concealed compartment or implied sacred power."
renaissance_jewellery_and_scripture_box_626,a knotted bronze small scripture box,"The bronze small scripture box has a compact knotted face and carefully finished edges. Its visible fittings are simple and accessible, with no concealed compartment or implied sacred power."
renaissance_jewellery_and_offering_bowl_627,a flower-head silver offering bowl,"The silver offering bowl has a compact flower-head face and carefully finished edges. Its visible fittings are simple and accessible, with no concealed compartment or implied sacred power."
renaissance_jewellery_and_incense_holder_628,a star pewter incense holder,"The pewter incense holder has a compact star face and carefully finished edges. Its visible fittings are simple and accessible, with no concealed compartment or implied sacred power."
renaissance_jewellery_and_portable_panel_629,a bird wood small devotional panel,"The wood small devotional panel has a compact bird face and carefully finished edges. Its visible fittings are simple and accessible, with no concealed compartment or implied sacred power."
renaissance_jewellery_and_processional_ornament_630,a vine brass processional ornament,"The brass processional ornament has a compact vine face and carefully finished edges. Its visible fittings are simple and accessible, with no concealed compartment or implied sacred power."
renaissance_jewellery_car_ring_631,a cloud jade ring,The jade ring is worked into a cloud pattern with smooth inner surfaces and visible tool marks at the joins. Its fastening is plainly made for ordinary wear and does not conceal a mechanism.
renaissance_jewellery_car_signet_ring_632,a shell quartz ring,The quartz ring is worked into a shell pattern with smooth inner surfaces and visible tool marks at the joins. Its fastening is plainly made for ordinary wear and does not conceal a mechanism.
renaissance_jewellery_car_pendant_633,a reed faience pendant,The faience pendant is worked into a reed pattern with smooth inner surfaces and visible tool marks at the joins. Its fastening is plainly made for ordinary wear and does not conceal a mechanism.
renaissance_jewellery_car_bead_necklace_634,a rosette pewter necklace,The pewter necklace is worked into a rosette pattern with smooth inner surfaces and visible tool marks at the joins. Its fastening is plainly made for ordinary wear and does not conceal a mechanism.
renaissance_jewellery_car_chain_necklace_635,a checker copper necklace,The copper necklace is worked into a checker pattern with smooth inner surfaces and visible tool marks at the joins. Its fastening is plainly made for ordinary wear and does not conceal a mechanism.
renaissance_jewellery_car_bracelet_636,a braided bronze bracelet,The bronze bracelet is worked into a braided pattern with smooth inner surfaces and visible tool marks at the joins. Its fastening is plainly made for ordinary wear and does not conceal a mechanism.
renaissance_jewellery_car_armlet_637,a radiating silver armlet,The silver armlet is worked into a radiating pattern with smooth inner surfaces and visible tool marks at the joins. Its fastening is plainly made for ordinary wear and does not conceal a mechanism.
renaissance_jewellery_car_anklet_638,a leaf-scroll gold anklet,The gold anklet is worked into a leaf-scroll pattern with smooth inner surfaces and visible tool marks at the joins. Its fastening is plainly made for ordinary wear and does not conceal a mechanism.
renaissance_jewellery_car_earrings_639,a sunburst brass earrings,The brass earrings is worked into a sunburst pattern with smooth inner surfaces and visible tool marks at the joins. Its fastening is plainly made for ordinary wear and does not conceal a mechanism.
renaissance_jewellery_car_brooch_640,a water-wave glass brooch,The glass brooch is worked into a water-wave pattern with smooth inner surfaces and visible tool marks at the joins. Its fastening is plainly made for ordinary wear and does not conceal a mechanism.
renaissance_jewellery_car_pin_641,a knotted bone pin,The bone pin is worked into a knotted pattern with smooth inner surfaces and visible tool marks at the joins. Its fastening is plainly made for ordinary wear and does not conceal a mechanism.
renaissance_jewellery_car_hairpin_642,a flower-head shell hairpin,The shell hairpin is worked into a flower-head pattern with smooth inner surfaces and visible tool marks at the joins. Its fastening is plainly made for ordinary wear and does not conceal a mechanism.
renaissance_jewellery_car_circlet_643,a star ivory circlet,The ivory circlet is worked into a star pattern with smooth inner surfaces and visible tool marks at the joins. Its fastening is plainly made for ordinary wear and does not conceal a mechanism.
renaissance_jewellery_car_diadem_644,a bird pearl diadem,The pearl diadem is worked into a bird pattern with smooth inner surfaces and visible tool marks at the joins. Its fastening is plainly made for ordinary wear and does not conceal a mechanism.
renaissance_jewellery_car_waist_chain_645,a vine amber waist chain,The amber waist chain is worked into a vine pattern with smooth inner surfaces and visible tool marks at the joins. Its fastening is plainly made for ordinary wear and does not conceal a mechanism.
renaissance_jewellery_car_belt_ornament_646,a geometric coral belt ornament,The coral belt ornament is worked into a geometric pattern with smooth inner surfaces and visible tool marks at the joins. Its fastening is plainly made for ordinary wear and does not conceal a mechanism.
renaissance_jewellery_car_badge_647,a cloud garnet badge,The garnet badge is worked into a cloud pattern with smooth inner surfaces and visible tool marks at the joins. Its fastening is plainly made for ordinary wear and does not conceal a mechanism.
renaissance_jewellery_car_temple_ring_648,a shell agate temple ring,The agate temple ring is worked into a shell pattern with smooth inner surfaces and visible tool marks at the joins. Its fastening is plainly made for ordinary wear and does not conceal a mechanism.
renaissance_jewellery_car_torc_649,a reed carnelian torc,The carnelian torc is worked into a reed pattern with smooth inner surfaces and visible tool marks at the joins. Its fastening is plainly made for ordinary wear and does not conceal a mechanism.
renaissance_jewellery_car_wreath_650,a rosette lapis lazuli wreath,The lapis lazuli wreath is worked into a rosette pattern with smooth inner surfaces and visible tool marks at the joins. Its fastening is plainly made for ordinary wear and does not conceal a mechanism.
renaissance_jewellery_car_prayer_beads_651,a checker turquoise prayer bead strand,The turquoise prayer bead strand is worked into a checker pattern with smooth inner surfaces and visible tool marks at the joins. Its fastening is plainly made for ordinary wear and does not conceal a mechanism.
renaissance_jewellery_car_devotional_medal_652,a braided jade devotional medal,The jade devotional medal is worked into a braided pattern with smooth inner surfaces and visible tool marks at the joins. Its fastening is plainly made for ordinary wear and does not conceal a mechanism.
renaissance_jewellery_car_devotional_badge_653,a radiating quartz devotional badge,The quartz devotional badge is worked into a radiating pattern with smooth inner surfaces and visible tool marks at the joins. Its fastening is plainly made for ordinary wear and does not conceal a mechanism.
renaissance_jewellery_car_prayer_cord_654,a leaf-scroll linen prayer cord,The linen prayer cord is worked into a leaf-scroll pattern with smooth inner surfaces and visible tool marks at the joins. Its fastening is plainly made for ordinary wear and does not conceal a mechanism.
renaissance_jewellery_car_votive_token_655,a sunburst pewter votive token,"The pewter votive token has a compact sunburst face and carefully finished edges. Its visible fittings are simple and accessible, with no concealed compartment or implied sacred power."
renaissance_jewellery_car_scripture_box_656,a water-wave copper small scripture box,"The copper small scripture box has a compact water-wave face and carefully finished edges. Its visible fittings are simple and accessible, with no concealed compartment or implied sacred power."
renaissance_jewellery_car_offering_bowl_657,a knotted bronze offering bowl,"The bronze offering bowl has a compact knotted face and carefully finished edges. Its visible fittings are simple and accessible, with no concealed compartment or implied sacred power."
renaissance_jewellery_car_incense_holder_658,a flower-head brass incense holder,"The brass incense holder has a compact flower-head face and carefully finished edges. Its visible fittings are simple and accessible, with no concealed compartment or implied sacred power."
renaissance_jewellery_car_portable_panel_659,a star wood small devotional panel,"The wood small devotional panel has a compact star face and carefully finished edges. Its visible fittings are simple and accessible, with no concealed compartment or implied sacred power."
renaissance_jewellery_car_processional_ornament_660,a bird pewter processional ornament,"The pewter processional ornament has a compact bird face and carefully finished edges. Its visible fittings are simple and accessible, with no concealed compartment or implied sacred power."
renaissance_jewellery_nac_ring_661,a bird amber ring,The amber ring is worked into a bird pattern with smooth inner surfaces and visible tool marks at the joins. Its fastening is plainly made for ordinary wear and does not conceal a mechanism.
renaissance_jewellery_nac_signet_ring_662,a vine coral ring,The coral ring is worked into a vine pattern with smooth inner surfaces and visible tool marks at the joins. Its fastening is plainly made for ordinary wear and does not conceal a mechanism.
renaissance_jewellery_nac_pendant_663,a geometric garnet pendant,The garnet pendant is worked into a geometric pattern with smooth inner surfaces and visible tool marks at the joins. Its fastening is plainly made for ordinary wear and does not conceal a mechanism.
renaissance_jewellery_nac_bead_necklace_664,a cloud agate necklace,The agate necklace is worked into a cloud pattern with smooth inner surfaces and visible tool marks at the joins. Its fastening is plainly made for ordinary wear and does not conceal a mechanism.
renaissance_jewellery_nac_chain_necklace_665,a shell carnelian necklace,The carnelian necklace is worked into a shell pattern with smooth inner surfaces and visible tool marks at the joins. Its fastening is plainly made for ordinary wear and does not conceal a mechanism.
renaissance_jewellery_nac_bracelet_666,a reed lapis lazuli bracelet,The lapis lazuli bracelet is worked into a reed pattern with smooth inner surfaces and visible tool marks at the joins. Its fastening is plainly made for ordinary wear and does not conceal a mechanism.
renaissance_jewellery_nac_armlet_667,a rosette turquoise armlet,The turquoise armlet is worked into a rosette pattern with smooth inner surfaces and visible tool marks at the joins. Its fastening is plainly made for ordinary wear and does not conceal a mechanism.
renaissance_jewellery_nac_anklet_668,a checker jade anklet,The jade anklet is worked into a checker pattern with smooth inner surfaces and visible tool marks at the joins. Its fastening is plainly made for ordinary wear and does not conceal a mechanism.
renaissance_jewellery_nac_earrings_669,a braided quartz earrings,The quartz earrings is worked into a braided pattern with smooth inner surfaces and visible tool marks at the joins. Its fastening is plainly made for ordinary wear and does not conceal a mechanism.
renaissance_jewellery_nac_brooch_670,a radiating faience brooch,The faience brooch is worked into a radiating pattern with smooth inner surfaces and visible tool marks at the joins. Its fastening is plainly made for ordinary wear and does not conceal a mechanism.
renaissance_jewellery_nac_pin_671,a leaf-scroll pewter pin,The pewter pin is worked into a leaf-scroll pattern with smooth inner surfaces and visible tool marks at the joins. Its fastening is plainly made for ordinary wear and does not conceal a mechanism.
renaissance_jewellery_nac_hairpin_672,a sunburst copper hairpin,The copper hairpin is worked into a sunburst pattern with smooth inner surfaces and visible tool marks at the joins. Its fastening is plainly made for ordinary wear and does not conceal a mechanism.
renaissance_jewellery_nac_circlet_673,a water-wave bronze circlet,The bronze circlet is worked into a water-wave pattern with smooth inner surfaces and visible tool marks at the joins. Its fastening is plainly made for ordinary wear and does not conceal a mechanism.
renaissance_jewellery_nac_diadem_674,a knotted silver diadem,The silver diadem is worked into a knotted pattern with smooth inner surfaces and visible tool marks at the joins. Its fastening is plainly made for ordinary wear and does not conceal a mechanism.
renaissance_jewellery_nac_waist_chain_675,a flower-head gold waist chain,The gold waist chain is worked into a flower-head pattern with smooth inner surfaces and visible tool marks at the joins. Its fastening is plainly made for ordinary wear and does not conceal a mechanism.
renaissance_jewellery_nac_belt_ornament_676,a star brass belt ornament,The brass belt ornament is worked into a star pattern with smooth inner surfaces and visible tool marks at the joins. Its fastening is plainly made for ordinary wear and does not conceal a mechanism.
renaissance_jewellery_nac_badge_677,a bird glass badge,The glass badge is worked into a bird pattern with smooth inner surfaces and visible tool marks at the joins. Its fastening is plainly made for ordinary wear and does not conceal a mechanism.
renaissance_jewellery_nac_temple_ring_678,a vine bone temple ring,The bone temple ring is worked into a vine pattern with smooth inner surfaces and visible tool marks at the joins. Its fastening is plainly made for ordinary wear and does not conceal a mechanism.
renaissance_jewellery_nac_torc_679,a geometric shell torc,The shell torc is worked into a geometric pattern with smooth inner surfaces and visible tool marks at the joins. Its fastening is plainly made for ordinary wear and does not conceal a mechanism.
renaissance_jewellery_nac_wreath_680,a cloud ivory wreath,The ivory wreath is worked into a cloud pattern with smooth inner surfaces and visible tool marks at the joins. Its fastening is plainly made for ordinary wear and does not conceal a mechanism.
renaissance_jewellery_nac_prayer_beads_681,a shell pearl prayer bead strand,The pearl prayer bead strand is worked into a shell pattern with smooth inner surfaces and visible tool marks at the joins. Its fastening is plainly made for ordinary wear and does not conceal a mechanism.
renaissance_jewellery_nac_devotional_medal_682,a reed amber devotional medal,The amber devotional medal is worked into a reed pattern with smooth inner surfaces and visible tool marks at the joins. Its fastening is plainly made for ordinary wear and does not conceal a mechanism.
renaissance_jewellery_nac_devotional_badge_683,a rosette coral devotional badge,The coral devotional badge is worked into a rosette pattern with smooth inner surfaces and visible tool marks at the joins. Its fastening is plainly made for ordinary wear and does not conceal a mechanism.
renaissance_jewellery_nac_prayer_cord_684,a checker linen prayer cord,The linen prayer cord is worked into a checker pattern with smooth inner surfaces and visible tool marks at the joins. Its fastening is plainly made for ordinary wear and does not conceal a mechanism.
renaissance_jewellery_nac_votive_token_685,a braided agate votive token,"The agate votive token has a compact braided face and carefully finished edges. Its visible fittings are simple and accessible, with no concealed compartment or implied sacred power."
renaissance_jewellery_nac_scripture_box_686,a radiating carnelian small scripture box,"The carnelian small scripture box has a compact radiating face and carefully finished edges. Its visible fittings are simple and accessible, with no concealed compartment or implied sacred power."
renaissance_jewellery_nac_offering_bowl_687,a leaf-scroll silver offering bowl,"The silver offering bowl has a compact leaf-scroll face and carefully finished edges. Its visible fittings are simple and accessible, with no concealed compartment or implied sacred power."
renaissance_jewellery_nac_incense_holder_688,a sunburst pewter incense holder,"The pewter incense holder has a compact sunburst face and carefully finished edges. Its visible fittings are simple and accessible, with no concealed compartment or implied sacred power."
renaissance_jewellery_nac_portable_panel_689,a water-wave wood small devotional panel,"The wood small devotional panel has a compact water-wave face and carefully finished edges. Its visible fittings are simple and accessible, with no concealed compartment or implied sacred power."
renaissance_jewellery_nac_processional_ornament_690,a knotted brass processional ornament,"The brass processional ornament has a compact knotted face and carefully finished edges. Its visible fittings are simple and accessible, with no concealed compartment or implied sacred power."
renaissance_jewellery_col_ring_691,a star carnelian ring,The carnelian ring is worked into a star pattern with smooth inner surfaces and visible tool marks at the joins. Its fastening is plainly made for ordinary wear and does not conceal a mechanism.
renaissance_jewellery_col_signet_ring_692,a bird lapis lazuli ring,The lapis lazuli ring is worked into a bird pattern with smooth inner surfaces and visible tool marks at the joins. Its fastening is plainly made for ordinary wear and does not conceal a mechanism.
renaissance_jewellery_col_pendant_693,a vine turquoise pendant,The turquoise pendant is worked into a vine pattern with smooth inner surfaces and visible tool marks at the joins. Its fastening is plainly made for ordinary wear and does not conceal a mechanism.
renaissance_jewellery_col_bead_necklace_694,a geometric jade necklace,The jade necklace is worked into a geometric pattern with smooth inner surfaces and visible tool marks at the joins. Its fastening is plainly made for ordinary wear and does not conceal a mechanism.
renaissance_jewellery_col_chain_necklace_695,a cloud quartz necklace,The quartz necklace is worked into a cloud pattern with smooth inner surfaces and visible tool marks at the joins. Its fastening is plainly made for ordinary wear and does not conceal a mechanism.
renaissance_jewellery_col_bracelet_696,a shell faience bracelet,The faience bracelet is worked into a shell pattern with smooth inner surfaces and visible tool marks at the joins. Its fastening is plainly made for ordinary wear and does not conceal a mechanism.
renaissance_jewellery_col_armlet_697,a reed pewter armlet,The pewter armlet is worked into a reed pattern with smooth inner surfaces and visible tool marks at the joins. Its fastening is plainly made for ordinary wear and does not conceal a mechanism.
renaissance_jewellery_col_anklet_698,a rosette copper anklet,The copper anklet is worked into a rosette pattern with smooth inner surfaces and visible tool marks at the joins. Its fastening is plainly made for ordinary wear and does not conceal a mechanism.
renaissance_jewellery_col_earrings_699,a checker bronze earrings,The bronze earrings is worked into a checker pattern with smooth inner surfaces and visible tool marks at the joins. Its fastening is plainly made for ordinary wear and does not conceal a mechanism.
renaissance_jewellery_col_brooch_700,a braided silver brooch,The silver brooch is worked into a braided pattern with smooth inner surfaces and visible tool marks at the joins. Its fastening is plainly made for ordinary wear and does not conceal a mechanism.
renaissance_jewellery_col_pin_701,a radiating gold pin,The gold pin is worked into a radiating pattern with smooth inner surfaces and visible tool marks at the joins. Its fastening is plainly made for ordinary wear and does not conceal a mechanism.
renaissance_jewellery_col_hairpin_702,a leaf-scroll brass hairpin,The brass hairpin is worked into a leaf-scroll pattern with smooth inner surfaces and visible tool marks at the joins. Its fastening is plainly made for ordinary wear and does not conceal a mechanism.
renaissance_jewellery_col_circlet_703,a sunburst glass circlet,The glass circlet is worked into a sunburst pattern with smooth inner surfaces and visible tool marks at the joins. Its fastening is plainly made for ordinary wear and does not conceal a mechanism.
renaissance_jewellery_col_diadem_704,a water-wave bone diadem,The bone diadem is worked into a water-wave pattern with smooth inner surfaces and visible tool marks at the joins. Its fastening is plainly made for ordinary wear and does not conceal a mechanism.
renaissance_jewellery_col_waist_chain_705,a knotted shell waist chain,The shell waist chain is worked into a knotted pattern with smooth inner surfaces and visible tool marks at the joins. Its fastening is plainly made for ordinary wear and does not conceal a mechanism.
renaissance_jewellery_col_belt_ornament_706,a flower-head ivory belt ornament,The ivory belt ornament is worked into a flower-head pattern with smooth inner surfaces and visible tool marks at the joins. Its fastening is plainly made for ordinary wear and does not conceal a mechanism.
renaissance_jewellery_col_badge_707,a star pearl badge,The pearl badge is worked into a star pattern with smooth inner surfaces and visible tool marks at the joins. Its fastening is plainly made for ordinary wear and does not conceal a mechanism.
renaissance_jewellery_col_temple_ring_708,a bird amber temple ring,The amber temple ring is worked into a bird pattern with smooth inner surfaces and visible tool marks at the joins. Its fastening is plainly made for ordinary wear and does not conceal a mechanism.
renaissance_jewellery_col_torc_709,a vine coral torc,The coral torc is worked into a vine pattern with smooth inner surfaces and visible tool marks at the joins. Its fastening is plainly made for ordinary wear and does not conceal a mechanism.
renaissance_jewellery_col_wreath_710,a geometric garnet wreath,The garnet wreath is worked into a geometric pattern with smooth inner surfaces and visible tool marks at the joins. Its fastening is plainly made for ordinary wear and does not conceal a mechanism.
renaissance_jewellery_col_prayer_beads_711,a cloud agate prayer bead strand,The agate prayer bead strand is worked into a cloud pattern with smooth inner surfaces and visible tool marks at the joins. Its fastening is plainly made for ordinary wear and does not conceal a mechanism.
renaissance_jewellery_col_devotional_medal_712,a shell carnelian devotional medal,The carnelian devotional medal is worked into a shell pattern with smooth inner surfaces and visible tool marks at the joins. Its fastening is plainly made for ordinary wear and does not conceal a mechanism.
renaissance_jewellery_col_devotional_badge_713,a reed lapis lazuli devotional badge,The lapis lazuli devotional badge is worked into a reed pattern with smooth inner surfaces and visible tool marks at the joins. Its fastening is plainly made for ordinary wear and does not conceal a mechanism.
renaissance_jewellery_col_prayer_cord_714,a rosette linen prayer cord,The linen prayer cord is worked into a rosette pattern with smooth inner surfaces and visible tool marks at the joins. Its fastening is plainly made for ordinary wear and does not conceal a mechanism.
renaissance_jewellery_col_votive_token_715,a checker jade votive token,"The jade votive token has a compact checker face and carefully finished edges. Its visible fittings are simple and accessible, with no concealed compartment or implied sacred power."
renaissance_jewellery_col_scripture_box_716,a braided quartz small scripture box,"The quartz small scripture box has a compact braided face and carefully finished edges. Its visible fittings are simple and accessible, with no concealed compartment or implied sacred power."
renaissance_jewellery_col_offering_bowl_717,a radiating bronze offering bowl,"The bronze offering bowl has a compact radiating face and carefully finished edges. Its visible fittings are simple and accessible, with no concealed compartment or implied sacred power."
renaissance_jewellery_col_incense_holder_718,a leaf-scroll brass incense holder,"The brass incense holder has a compact leaf-scroll face and carefully finished edges. Its visible fittings are simple and accessible, with no concealed compartment or implied sacred power."
renaissance_jewellery_col_portable_panel_719,a sunburst wood small devotional panel,"The wood small devotional panel has a compact sunburst face and carefully finished edges. Its visible fittings are simple and accessible, with no concealed compartment or implied sacred power."
renaissance_jewellery_col_processional_ornament_720,a water-wave pewter processional ornament,"The pewter processional ornament has a compact water-wave face and carefully finished edges. Its visible fittings are simple and accessible, with no concealed compartment or implied sacred power."
