unique_reference,owner_era,availability,family,subfamily,culture_admission,noun,sdesc,material,size,quality,weight_g,cost,tags,components,craft_category,craft_trait,builder_notes
renaissance_door_common_panel_door_01,Renaissance,Renaissance / Early Modern,"Doors, locks & gates",door or gate,Renaissance and Early Modern common,door,a knotted oak door leaf,oak,Large,Standard,24000,45,Era / Renaissance Era; Functions / Household Items / Household Construction Materials; Market / Construction Materials / Worked Timber,Holdable; Destroyable_Door; Door_Normal_Large,Carpentry and joinery,Carpentry,"Renaissance doors, locks and gates catalogue; culture admission Renaissance and Early Modern common; availability Renaissance / Early Modern. Door behaviour is limited to the attached supported component profile."
renaissance_door_common_braced_door_02,Renaissance,Renaissance / Early Modern,"Doors, locks & gates",door or gate,Renaissance and Early Modern common,door,a star pine braced door,pine,Large,Good,25800,56,Era / Renaissance Era; Functions / Household Items / Household Construction Materials; Market / Construction Materials / Worked Timber,Holdable; Destroyable_Door; Door_Tough_Large,Carpentry and joinery,Carpentry,"Renaissance doors, locks and gates catalogue; culture admission Renaissance and Early Modern common; availability Renaissance / Early Modern. Door behaviour is limited to the attached supported component profile."
renaissance_door_common_lockable_door_03,Renaissance,Renaissance / Early Modern,"Doors, locks & gates",door or gate,Renaissance and Early Modern common,door,a vine cedar lockable door,cedar,Large,Good,27600,67,Era / Renaissance Era; Functions / Household Items / Household Construction Materials; Market / Construction Materials / Worked Timber,Holdable; Destroyable_Door; Door_Lockable_Normal_Large,Carpentry and joinery,Carpentry,"Renaissance doors, locks and gates catalogue; culture admission Renaissance and Early Modern common; availability Renaissance / Early Modern. Door behaviour is limited to the attached supported component profile."
renaissance_door_common_secure_door_04,Renaissance,Renaissance / Early Modern,"Doors, locks & gates",door or gate,Renaissance and Early Modern common,door,a cloud teak secure door,teak,Large,Standard,29400,78,Era / Renaissance Era; Functions / Household Items / Household Construction Materials; Market / Construction Materials / Worked Timber,Holdable; Destroyable_Door; Door_Lockable_Secure_Large,Carpentry and joinery,Carpentry,"Renaissance doors, locks and gates catalogue; culture admission Renaissance and Early Modern common; availability Renaissance / Early Modern. Door behaviour is limited to the attached supported component profile."
renaissance_door_common_shutter_05,Renaissance,Renaissance / Early Modern,"Doors, locks & gates",door or gate,Renaissance and Early Modern common,shutter,a reed wood shuttered opening,wood,Large,VeryGood,31200,89,Era / Renaissance Era; Functions / Household Items / Household Construction Materials; Market / Construction Materials / Worked Timber,Holdable; Destroyable_Door; Door_Bad_Large,Carpentry and joinery,Carpentry,"Renaissance doors, locks and gates catalogue; culture admission Renaissance and Early Modern common; availability Renaissance / Early Modern. Door behaviour is limited to the attached supported component profile."
renaissance_door_common_screen_06,Renaissance,Renaissance / Early Modern,"Doors, locks & gates",door or gate,Renaissance and Early Modern common,screen,a checker bamboo screen door,bamboo,Large,Good,33000,100,Era / Renaissance Era; Functions / Household Items / Household Construction Materials; Market / Construction Materials / Worked Timber,Holdable; Destroyable_Door; Door_Bad_Large,Carpentry and joinery,Carpentry,"Renaissance doors, locks and gates catalogue; culture admission Renaissance and Early Modern common; availability Renaissance / Early Modern. Door behaviour is limited to the attached supported component profile."
renaissance_door_common_lattice_gate_07,Renaissance,Renaissance / Early Modern,"Doors, locks & gates",door or gate,Renaissance and Early Modern common,gate,a radiating cedar lattice gate,cedar,VeryLarge,Standard,34800,111,Era / Renaissance Era; Functions / Household Items / Household Construction Materials; Market / Construction Materials / Worked Timber,Holdable; Destroyable_Door; Door_Normal_Large,Carpentry and joinery,Carpentry,"Renaissance doors, locks and gates catalogue; culture admission Renaissance and Early Modern common; availability Renaissance / Early Modern. Door behaviour is limited to the attached supported component profile."
renaissance_door_common_courtyard_gate_08,Renaissance,Renaissance / Early Modern,"Doors, locks & gates",door or gate,Renaissance and Early Modern common,gate,a sunburst teak courtyard gate,teak,VeryLarge,Poor,36600,122,Era / Renaissance Era; Functions / Household Items / Household Construction Materials; Market / Construction Materials / Worked Timber,Holdable; Destroyable_Door; Door_Lockable_Normal_Large,Carpentry and joinery,Carpentry,"Renaissance doors, locks and gates catalogue; culture admission Renaissance and Early Modern common; availability Renaissance / Early Modern. Door behaviour is limited to the attached supported component profile."
renaissance_door_common_warehouse_gate_09,Renaissance,Renaissance / Early Modern,"Doors, locks & gates",door or gate,Renaissance and Early Modern common,gate,a knotted wrought iron warehouse gate,wrought iron,VeryLarge,Standard,38400,133,Era / Renaissance Era; Functions / Household Items / Household Construction Materials; Market / Household Goods / Standard Wares,Holdable; Destroyable_Door; Door_Lockable_Tough_Large,Carpentry and joinery,Carpentry,"Renaissance doors, locks and gates catalogue; culture admission Renaissance and Early Modern common; availability Renaissance / Early Modern. Door behaviour is limited to the attached supported component profile."
renaissance_door_common_garden_gate_10,Renaissance,Renaissance / Early Modern,"Doors, locks & gates",door or gate,Renaissance and Early Modern common,gate,a star bronze garden gate,bronze,VeryLarge,Good,40200,144,Era / Renaissance Era; Functions / Household Items / Household Construction Materials; Market / Household Goods / Standard Wares,Holdable; Destroyable_Door; Door_Normal_Large,Carpentry and joinery,Carpentry,"Renaissance doors, locks and gates catalogue; culture admission Renaissance and Early Modern common; availability Renaissance / Early Modern. Door behaviour is limited to the attached supported component profile."
renaissance_door_common_grille_11,Renaissance,Renaissance / Early Modern,"Doors, locks & gates",door or gate,Renaissance and Early Modern common,grille,a vine wrought iron metal grille,wrought iron,Large,Good,42000,155,Era / Renaissance Era; Functions / Household Items / Household Construction Materials; Market / Household Goods / Standard Wares,Holdable; Destroyable_Door; Door_Secure_Large,Carpentry and joinery,Carpentry,"Renaissance doors, locks and gates catalogue; culture admission Renaissance and Early Modern common; availability Renaissance / Early Modern. Door behaviour is limited to the attached supported component profile."
renaissance_door_common_barrier_12,Renaissance,Renaissance / Early Modern,"Doors, locks & gates",door or gate,Renaissance and Early Modern common,barrier,a cloud bronze barred barrier,bronze,Large,Standard,43800,166,Era / Renaissance Era; Functions / Household Items / Household Construction Materials; Market / Household Goods / Standard Wares,Holdable; Destroyable_Door; Door_Tough_Large,Carpentry and joinery,Carpentry,"Renaissance doors, locks and gates catalogue; culture admission Renaissance and Early Modern common; availability Renaissance / Early Modern. Door behaviour is limited to the attached supported component profile."
renaissance_door_common_hatch_13,Renaissance,Renaissance / Early Modern,"Doors, locks & gates",door or gate,Renaissance and Early Modern common,hatch,a reed cedar service hatch,cedar,Large,VeryGood,45600,177,Era / Renaissance Era; Functions / Household Items / Household Construction Materials; Market / Construction Materials / Worked Timber,Holdable; Destroyable_Door; Door_Lockable_Normal_Large,Carpentry and joinery,Carpentry,"Renaissance doors, locks and gates catalogue; culture admission Renaissance and Early Modern common; availability Renaissance / Early Modern. Door behaviour is limited to the attached supported component profile."
renaissance_door_common_wicket_14,Renaissance,Renaissance / Early Modern,"Doors, locks & gates",door or gate,Renaissance and Early Modern common,wicket,a checker wrought iron wicket gate,wrought iron,Large,Good,47400,188,Era / Renaissance Era; Functions / Household Items / Household Construction Materials; Market / Household Goods / Standard Wares,Holdable; Destroyable_Door; Door_Lockable_Normal_Large,Carpentry and joinery,Carpentry,"Renaissance doors, locks and gates catalogue; culture admission Renaissance and Early Modern common; availability Renaissance / Early Modern. Door behaviour is limited to the attached supported component profile."
renaissance_door_common_panel_door_15,Renaissance,Renaissance / Early Modern,"Doors, locks & gates",door or gate,Renaissance and Early Modern common,door,a radiating wood door leaf,wood,Large,Standard,49200,199,Era / Renaissance Era; Functions / Household Items / Household Construction Materials; Market / Construction Materials / Worked Timber,Holdable; Destroyable_Door; Door_Normal_Large,Carpentry and joinery,Carpentry,"Renaissance doors, locks and gates catalogue; culture admission Renaissance and Early Modern common; availability Renaissance / Early Modern. Door behaviour is limited to the attached supported component profile."
renaissance_door_common_braced_door_16,Renaissance,Renaissance / Early Modern,"Doors, locks & gates",door or gate,Renaissance and Early Modern common,door,a sunburst oak braced door,oak,Large,Poor,51000,210,Era / Renaissance Era; Functions / Household Items / Household Construction Materials; Market / Construction Materials / Worked Timber,Holdable; Destroyable_Door; Door_Tough_Large,Carpentry and joinery,Carpentry,"Renaissance doors, locks and gates catalogue; culture admission Renaissance and Early Modern common; availability Renaissance / Early Modern. Door behaviour is limited to the attached supported component profile."
renaissance_door_common_lockable_door_17,Renaissance,Renaissance / Early Modern,"Doors, locks & gates",door or gate,Renaissance and Early Modern common,door,a knotted pine lockable door,pine,Large,Standard,52800,221,Era / Renaissance Era; Functions / Household Items / Household Construction Materials; Market / Construction Materials / Worked Timber,Holdable; Destroyable_Door; Door_Lockable_Normal_Large,Carpentry and joinery,Carpentry,"Renaissance doors, locks and gates catalogue; culture admission Renaissance and Early Modern common; availability Renaissance / Early Modern. Door behaviour is limited to the attached supported component profile."
renaissance_door_common_secure_door_18,Renaissance,Renaissance / Early Modern,"Doors, locks & gates",door or gate,Renaissance and Early Modern common,door,a star cedar secure door,cedar,Large,Good,54600,232,Era / Renaissance Era; Functions / Household Items / Household Construction Materials; Market / Construction Materials / Worked Timber,Holdable; Destroyable_Door; Door_Lockable_Secure_Large,Carpentry and joinery,Carpentry,"Renaissance doors, locks and gates catalogue; culture admission Renaissance and Early Modern common; availability Renaissance / Early Modern. Door behaviour is limited to the attached supported component profile."
renaissance_door_common_shutter_19,Renaissance,Renaissance / Early Modern,"Doors, locks & gates",door or gate,Renaissance and Early Modern common,shutter,a vine teak shuttered opening,teak,Large,Good,56400,243,Era / Renaissance Era; Functions / Household Items / Household Construction Materials; Market / Construction Materials / Worked Timber,Holdable; Destroyable_Door; Door_Bad_Large,Carpentry and joinery,Carpentry,"Renaissance doors, locks and gates catalogue; culture admission Renaissance and Early Modern common; availability Renaissance / Early Modern. Door behaviour is limited to the attached supported component profile."
renaissance_door_common_screen_20,Renaissance,Renaissance / Early Modern,"Doors, locks & gates",door or gate,Renaissance and Early Modern common,screen,a cloud cedar screen door,cedar,Large,Standard,24000,254,Era / Renaissance Era; Functions / Household Items / Household Construction Materials; Market / Construction Materials / Worked Timber,Holdable; Destroyable_Door; Door_Bad_Large,Carpentry and joinery,Carpentry,"Renaissance doors, locks and gates catalogue; culture admission Renaissance and Early Modern common; availability Renaissance / Early Modern. Door behaviour is limited to the attached supported component profile."
renaissance_door_common_lattice_gate_21,Renaissance,Renaissance / Early Modern,"Doors, locks & gates",door or gate,Renaissance and Early Modern common,gate,a reed oak lattice gate,oak,VeryLarge,VeryGood,25800,265,Era / Renaissance Era; Functions / Household Items / Household Construction Materials; Market / Construction Materials / Worked Timber,Holdable; Destroyable_Door; Door_Normal_Large,Carpentry and joinery,Carpentry,"Renaissance doors, locks and gates catalogue; culture admission Renaissance and Early Modern common; availability Renaissance / Early Modern. Door behaviour is limited to the attached supported component profile."
renaissance_door_common_courtyard_gate_22,Renaissance,Renaissance / Early Modern,"Doors, locks & gates",door or gate,Renaissance and Early Modern common,gate,a checker cedar courtyard gate,cedar,VeryLarge,Good,27600,276,Era / Renaissance Era; Functions / Household Items / Household Construction Materials; Market / Construction Materials / Worked Timber,Holdable; Destroyable_Door; Door_Lockable_Normal_Large,Carpentry and joinery,Carpentry,"Renaissance doors, locks and gates catalogue; culture admission Renaissance and Early Modern common; availability Renaissance / Early Modern. Door behaviour is limited to the attached supported component profile."
renaissance_door_common_warehouse_gate_23,Renaissance,Renaissance / Early Modern,"Doors, locks & gates",door or gate,Renaissance and Early Modern common,gate,a radiating teak warehouse gate,teak,VeryLarge,Standard,29400,287,Era / Renaissance Era; Functions / Household Items / Household Construction Materials; Market / Construction Materials / Worked Timber,Holdable; Destroyable_Door; Door_Lockable_Tough_Large,Carpentry and joinery,Carpentry,"Renaissance doors, locks and gates catalogue; culture admission Renaissance and Early Modern common; availability Renaissance / Early Modern. Door behaviour is limited to the attached supported component profile."
renaissance_door_common_garden_gate_24,Renaissance,Renaissance / Early Modern,"Doors, locks & gates",door or gate,Renaissance and Early Modern common,gate,a sunburst wrought iron garden gate,wrought iron,VeryLarge,Poor,31200,45,Era / Renaissance Era; Functions / Household Items / Household Construction Materials; Market / Household Goods / Standard Wares,Holdable; Destroyable_Door; Door_Normal_Large,Carpentry and joinery,Carpentry,"Renaissance doors, locks and gates catalogue; culture admission Renaissance and Early Modern common; availability Renaissance / Early Modern. Door behaviour is limited to the attached supported component profile."
renaissance_door_common_grille_25,Renaissance,Renaissance / Early Modern,"Doors, locks & gates",door or gate,Renaissance and Early Modern common,grille,a knotted brass metal grille,brass,Large,Standard,33000,56,Era / Renaissance Era; Functions / Household Items / Household Construction Materials; Market / Household Goods / Standard Wares,Holdable; Destroyable_Door; Door_Secure_Large,Carpentry and joinery,Carpentry,"Renaissance doors, locks and gates catalogue; culture admission Renaissance and Early Modern common; availability Renaissance / Early Modern. Door behaviour is limited to the attached supported component profile."
renaissance_door_common_barrier_26,Renaissance,Renaissance / Early Modern,"Doors, locks & gates",door or gate,Renaissance and Early Modern common,barrier,a star wrought iron barred barrier,wrought iron,Large,Good,34800,67,Era / Renaissance Era; Functions / Household Items / Household Construction Materials; Market / Household Goods / Standard Wares,Holdable; Destroyable_Door; Door_Tough_Large,Carpentry and joinery,Carpentry,"Renaissance doors, locks and gates catalogue; culture admission Renaissance and Early Modern common; availability Renaissance / Early Modern. Door behaviour is limited to the attached supported component profile."
renaissance_door_common_hatch_27,Renaissance,Renaissance / Early Modern,"Doors, locks & gates",door or gate,Renaissance and Early Modern common,hatch,a vine pine service hatch,pine,Large,Good,36600,78,Era / Renaissance Era; Functions / Household Items / Household Construction Materials; Market / Construction Materials / Worked Timber,Holdable; Destroyable_Door; Door_Lockable_Normal_Large,Carpentry and joinery,Carpentry,"Renaissance doors, locks and gates catalogue; culture admission Renaissance and Early Modern common; availability Renaissance / Early Modern. Door behaviour is limited to the attached supported component profile."
renaissance_door_common_wicket_28,Renaissance,Renaissance / Early Modern,"Doors, locks & gates",door or gate,Renaissance and Early Modern common,wicket,a cloud teak wicket gate,teak,Large,Standard,38400,89,Era / Renaissance Era; Functions / Household Items / Household Construction Materials; Market / Construction Materials / Worked Timber,Holdable; Destroyable_Door; Door_Lockable_Normal_Large,Carpentry and joinery,Carpentry,"Renaissance doors, locks and gates catalogue; culture admission Renaissance and Early Modern common; availability Renaissance / Early Modern. Door behaviour is limited to the attached supported component profile."
renaissance_door_common_panel_door_29,Renaissance,Renaissance / Early Modern,"Doors, locks & gates",door or gate,Renaissance and Early Modern common,door,a reed teak door leaf,teak,Large,VeryGood,40200,100,Era / Renaissance Era; Functions / Household Items / Household Construction Materials; Market / Construction Materials / Worked Timber,Holdable; Destroyable_Door; Door_Normal_Large,Carpentry and joinery,Carpentry,"Renaissance doors, locks and gates catalogue; culture admission Renaissance and Early Modern common; availability Renaissance / Early Modern. Door behaviour is limited to the attached supported component profile."
renaissance_door_common_braced_door_30,Renaissance,Renaissance / Early Modern,"Doors, locks & gates",door or gate,Renaissance and Early Modern common,door,a checker wood braced door,wood,Large,Good,42000,111,Era / Renaissance Era; Functions / Household Items / Household Construction Materials; Market / Construction Materials / Worked Timber,Holdable; Destroyable_Door; Door_Tough_Large,Carpentry and joinery,Carpentry,"Renaissance doors, locks and gates catalogue; culture admission Renaissance and Early Modern common; availability Renaissance / Early Modern. Door behaviour is limited to the attached supported component profile."
renaissance_door_common_lockable_door_31,Renaissance,Renaissance / Early Modern,"Doors, locks & gates",door or gate,Renaissance and Early Modern common,door,a radiating oak lockable door,oak,Large,Standard,43800,122,Era / Renaissance Era; Functions / Household Items / Household Construction Materials; Market / Construction Materials / Worked Timber,Holdable; Destroyable_Door; Door_Lockable_Normal_Large,Carpentry and joinery,Carpentry,"Renaissance doors, locks and gates catalogue; culture admission Renaissance and Early Modern common; availability Renaissance / Early Modern. Door behaviour is limited to the attached supported component profile."
renaissance_door_common_secure_door_32,Renaissance,Renaissance / Early Modern,"Doors, locks & gates",door or gate,Renaissance and Early Modern common,door,a sunburst pine secure door,pine,Large,Poor,45600,133,Era / Renaissance Era; Functions / Household Items / Household Construction Materials; Market / Construction Materials / Worked Timber,Holdable; Destroyable_Door; Door_Lockable_Secure_Large,Carpentry and joinery,Carpentry,"Renaissance doors, locks and gates catalogue; culture admission Renaissance and Early Modern common; availability Renaissance / Early Modern. Door behaviour is limited to the attached supported component profile."
renaissance_door_common_shutter_33,Renaissance,Renaissance / Early Modern,"Doors, locks & gates",door or gate,Renaissance and Early Modern common,shutter,a knotted cedar shuttered opening,cedar,Large,Standard,47400,144,Era / Renaissance Era; Functions / Household Items / Household Construction Materials; Market / Construction Materials / Worked Timber,Holdable; Destroyable_Door; Door_Bad_Large,Carpentry and joinery,Carpentry,"Renaissance doors, locks and gates catalogue; culture admission Renaissance and Early Modern common; availability Renaissance / Early Modern. Door behaviour is limited to the attached supported component profile."
renaissance_door_common_screen_34,Renaissance,Renaissance / Early Modern,"Doors, locks & gates",door or gate,Renaissance and Early Modern common,screen,a star bamboo screen door,bamboo,Large,Good,49200,155,Era / Renaissance Era; Functions / Household Items / Household Construction Materials; Market / Construction Materials / Worked Timber,Holdable; Destroyable_Door; Door_Bad_Large,Carpentry and joinery,Carpentry,"Renaissance doors, locks and gates catalogue; culture admission Renaissance and Early Modern common; availability Renaissance / Early Modern. Door behaviour is limited to the attached supported component profile."
renaissance_door_common_lattice_gate_35,Renaissance,Renaissance / Early Modern,"Doors, locks & gates",door or gate,Renaissance and Early Modern common,gate,a vine bronze lattice gate,bronze,VeryLarge,Good,51000,166,Era / Renaissance Era; Functions / Household Items / Household Construction Materials; Market / Household Goods / Standard Wares,Holdable; Destroyable_Door; Door_Normal_Large,Carpentry and joinery,Carpentry,"Renaissance doors, locks and gates catalogue; culture admission Renaissance and Early Modern common; availability Renaissance / Early Modern. Door behaviour is limited to the attached supported component profile."
renaissance_door_common_courtyard_gate_36,Renaissance,Renaissance / Early Modern,"Doors, locks & gates",door or gate,Renaissance and Early Modern common,gate,a cloud oak courtyard gate,oak,VeryLarge,Standard,52800,177,Era / Renaissance Era; Functions / Household Items / Household Construction Materials; Market / Construction Materials / Worked Timber,Holdable; Destroyable_Door; Door_Lockable_Normal_Large,Carpentry and joinery,Carpentry,"Renaissance doors, locks and gates catalogue; culture admission Renaissance and Early Modern common; availability Renaissance / Early Modern. Door behaviour is limited to the attached supported component profile."
renaissance_door_common_warehouse_gate_37,Renaissance,Renaissance / Early Modern,"Doors, locks & gates",door or gate,Renaissance and Early Modern common,gate,a reed cedar warehouse gate,cedar,VeryLarge,VeryGood,54600,188,Era / Renaissance Era; Functions / Household Items / Household Construction Materials; Market / Construction Materials / Worked Timber,Holdable; Destroyable_Door; Door_Lockable_Tough_Large,Carpentry and joinery,Carpentry,"Renaissance doors, locks and gates catalogue; culture admission Renaissance and Early Modern common; availability Renaissance / Early Modern. Door behaviour is limited to the attached supported component profile."
renaissance_door_common_garden_gate_38,Renaissance,Renaissance / Early Modern,"Doors, locks & gates",door or gate,Renaissance and Early Modern common,gate,a checker teak garden gate,teak,VeryLarge,Good,56400,199,Era / Renaissance Era; Functions / Household Items / Household Construction Materials; Market / Construction Materials / Worked Timber,Holdable; Destroyable_Door; Door_Normal_Large,Carpentry and joinery,Carpentry,"Renaissance doors, locks and gates catalogue; culture admission Renaissance and Early Modern common; availability Renaissance / Early Modern. Door behaviour is limited to the attached supported component profile."
renaissance_door_common_grille_39,Renaissance,Renaissance / Early Modern,"Doors, locks & gates",door or gate,Renaissance and Early Modern common,grille,a radiating bronze metal grille,bronze,Large,Standard,24000,210,Era / Renaissance Era; Functions / Household Items / Household Construction Materials; Market / Household Goods / Standard Wares,Holdable; Destroyable_Door; Door_Secure_Large,Carpentry and joinery,Carpentry,"Renaissance doors, locks and gates catalogue; culture admission Renaissance and Early Modern common; availability Renaissance / Early Modern. Door behaviour is limited to the attached supported component profile."
renaissance_door_common_barrier_40,Renaissance,Renaissance / Early Modern,"Doors, locks & gates",door or gate,Renaissance and Early Modern common,barrier,a sunburst brass barred barrier,brass,Large,Poor,25800,221,Era / Renaissance Era; Functions / Household Items / Household Construction Materials; Market / Household Goods / Standard Wares,Holdable; Destroyable_Door; Door_Tough_Large,Carpentry and joinery,Carpentry,"Renaissance doors, locks and gates catalogue; culture admission Renaissance and Early Modern common; availability Renaissance / Early Modern. Door behaviour is limited to the attached supported component profile."
renaissance_door_common_hatch_41,Renaissance,Renaissance / Early Modern,"Doors, locks & gates",door or gate,Renaissance and Early Modern common,hatch,a knotted oak service hatch,oak,Large,Standard,27600,232,Era / Renaissance Era; Functions / Household Items / Household Construction Materials; Market / Construction Materials / Worked Timber,Holdable; Destroyable_Door; Door_Lockable_Normal_Large,Carpentry and joinery,Carpentry,"Renaissance doors, locks and gates catalogue; culture admission Renaissance and Early Modern common; availability Renaissance / Early Modern. Door behaviour is limited to the attached supported component profile."
renaissance_door_common_wicket_42,Renaissance,Renaissance / Early Modern,"Doors, locks & gates",door or gate,Renaissance and Early Modern common,wicket,a star cedar wicket gate,cedar,Large,Good,29400,243,Era / Renaissance Era; Functions / Household Items / Household Construction Materials; Market / Construction Materials / Worked Timber,Holdable; Destroyable_Door; Door_Lockable_Normal_Large,Carpentry and joinery,Carpentry,"Renaissance doors, locks and gates catalogue; culture admission Renaissance and Early Modern common; availability Renaissance / Early Modern. Door behaviour is limited to the attached supported component profile."
renaissance_door_common_panel_door_43,Renaissance,Renaissance / Early Modern,"Doors, locks & gates",door or gate,Renaissance and Early Modern common,door,a vine cedar door leaf,cedar,Large,Good,31200,254,Era / Renaissance Era; Functions / Household Items / Household Construction Materials; Market / Construction Materials / Worked Timber,Holdable; Destroyable_Door; Door_Normal_Large,Carpentry and joinery,Carpentry,"Renaissance doors, locks and gates catalogue; culture admission Renaissance and Early Modern common; availability Renaissance / Early Modern. Door behaviour is limited to the attached supported component profile."
renaissance_door_common_braced_door_44,Renaissance,Renaissance / Early Modern,"Doors, locks & gates",door or gate,Renaissance and Early Modern common,door,a cloud teak braced door,teak,Large,Standard,33000,265,Era / Renaissance Era; Functions / Household Items / Household Construction Materials; Market / Construction Materials / Worked Timber,Holdable; Destroyable_Door; Door_Tough_Large,Carpentry and joinery,Carpentry,"Renaissance doors, locks and gates catalogue; culture admission Renaissance and Early Modern common; availability Renaissance / Early Modern. Door behaviour is limited to the attached supported component profile."
renaissance_door_common_lockable_door_45,Renaissance,Renaissance / Early Modern,"Doors, locks & gates",door or gate,Renaissance and Early Modern common,door,a reed wood lockable door,wood,Large,VeryGood,34800,276,Era / Renaissance Era; Functions / Household Items / Household Construction Materials; Market / Construction Materials / Worked Timber,Holdable; Destroyable_Door; Door_Lockable_Normal_Large,Carpentry and joinery,Carpentry,"Renaissance doors, locks and gates catalogue; culture admission Renaissance and Early Modern common; availability Renaissance / Early Modern. Door behaviour is limited to the attached supported component profile."
renaissance_door_common_secure_door_46,Renaissance,Renaissance / Early Modern,"Doors, locks & gates",door or gate,Renaissance and Early Modern common,door,a checker oak secure door,oak,Large,Good,36600,287,Era / Renaissance Era; Functions / Household Items / Household Construction Materials; Market / Construction Materials / Worked Timber,Holdable; Destroyable_Door; Door_Lockable_Secure_Large,Carpentry and joinery,Carpentry,"Renaissance doors, locks and gates catalogue; culture admission Renaissance and Early Modern common; availability Renaissance / Early Modern. Door behaviour is limited to the attached supported component profile."
renaissance_door_common_shutter_47,Renaissance,Renaissance / Early Modern,"Doors, locks & gates",door or gate,Renaissance and Early Modern common,shutter,a radiating pine shuttered opening,pine,Large,Standard,38400,45,Era / Renaissance Era; Functions / Household Items / Household Construction Materials; Market / Construction Materials / Worked Timber,Holdable; Destroyable_Door; Door_Bad_Large,Carpentry and joinery,Carpentry,"Renaissance doors, locks and gates catalogue; culture admission Renaissance and Early Modern common; availability Renaissance / Early Modern. Door behaviour is limited to the attached supported component profile."
renaissance_door_common_screen_48,Renaissance,Renaissance / Early Modern,"Doors, locks & gates",door or gate,Renaissance and Early Modern common,screen,a sunburst cedar screen door,cedar,Large,Poor,40200,56,Era / Renaissance Era; Functions / Household Items / Household Construction Materials; Market / Construction Materials / Worked Timber,Holdable; Destroyable_Door; Door_Bad_Large,Carpentry and joinery,Carpentry,"Renaissance doors, locks and gates catalogue; culture admission Renaissance and Early Modern common; availability Renaissance / Early Modern. Door behaviour is limited to the attached supported component profile."
renaissance_door_common_lattice_gate_49,Renaissance,Renaissance / Early Modern,"Doors, locks & gates",door or gate,Renaissance and Early Modern common,gate,a knotted wrought iron lattice gate,wrought iron,VeryLarge,Standard,42000,67,Era / Renaissance Era; Functions / Household Items / Household Construction Materials; Market / Household Goods / Standard Wares,Holdable; Destroyable_Door; Door_Normal_Large,Carpentry and joinery,Carpentry,"Renaissance doors, locks and gates catalogue; culture admission Renaissance and Early Modern common; availability Renaissance / Early Modern. Door behaviour is limited to the attached supported component profile."
renaissance_door_common_courtyard_gate_50,Renaissance,Renaissance / Early Modern,"Doors, locks & gates",door or gate,Renaissance and Early Modern common,gate,a star bronze courtyard gate,bronze,VeryLarge,Good,43800,78,Era / Renaissance Era; Functions / Household Items / Household Construction Materials; Market / Household Goods / Standard Wares,Holdable; Destroyable_Door; Door_Lockable_Normal_Large,Carpentry and joinery,Carpentry,"Renaissance doors, locks and gates catalogue; culture admission Renaissance and Early Modern common; availability Renaissance / Early Modern. Door behaviour is limited to the attached supported component profile."
renaissance_door_common_warehouse_gate_51,Renaissance,Renaissance / Early Modern,"Doors, locks & gates",door or gate,Renaissance and Early Modern common,gate,a vine oak warehouse gate,oak,VeryLarge,Good,45600,89,Era / Renaissance Era; Functions / Household Items / Household Construction Materials; Market / Construction Materials / Worked Timber,Holdable; Destroyable_Door; Door_Lockable_Tough_Large,Carpentry and joinery,Carpentry,"Renaissance doors, locks and gates catalogue; culture admission Renaissance and Early Modern common; availability Renaissance / Early Modern. Door behaviour is limited to the attached supported component profile."
renaissance_door_common_garden_gate_52,Renaissance,Renaissance / Early Modern,"Doors, locks & gates",door or gate,Renaissance and Early Modern common,gate,a cloud cedar garden gate,cedar,VeryLarge,Standard,47400,100,Era / Renaissance Era; Functions / Household Items / Household Construction Materials; Market / Construction Materials / Worked Timber,Holdable; Destroyable_Door; Door_Normal_Large,Carpentry and joinery,Carpentry,"Renaissance doors, locks and gates catalogue; culture admission Renaissance and Early Modern common; availability Renaissance / Early Modern. Door behaviour is limited to the attached supported component profile."
renaissance_door_common_grille_53,Renaissance,Renaissance / Early Modern,"Doors, locks & gates",door or gate,Renaissance and Early Modern common,grille,a reed wrought iron metal grille,wrought iron,Large,VeryGood,49200,111,Era / Renaissance Era; Functions / Household Items / Household Construction Materials; Market / Household Goods / Standard Wares,Holdable; Destroyable_Door; Door_Secure_Large,Carpentry and joinery,Carpentry,"Renaissance doors, locks and gates catalogue; culture admission Renaissance and Early Modern common; availability Renaissance / Early Modern. Door behaviour is limited to the attached supported component profile."
renaissance_door_common_barrier_54,Renaissance,Renaissance / Early Modern,"Doors, locks & gates",door or gate,Renaissance and Early Modern common,barrier,a checker bronze barred barrier,bronze,Large,Good,51000,122,Era / Renaissance Era; Functions / Household Items / Household Construction Materials; Market / Household Goods / Standard Wares,Holdable; Destroyable_Door; Door_Tough_Large,Carpentry and joinery,Carpentry,"Renaissance doors, locks and gates catalogue; culture admission Renaissance and Early Modern common; availability Renaissance / Early Modern. Door behaviour is limited to the attached supported component profile."
renaissance_door_common_hatch_55,Renaissance,Renaissance / Early Modern,"Doors, locks & gates",door or gate,Renaissance and Early Modern common,hatch,a radiating wood service hatch,wood,Large,Standard,52800,133,Era / Renaissance Era; Functions / Household Items / Household Construction Materials; Market / Construction Materials / Worked Timber,Holdable; Destroyable_Door; Door_Lockable_Normal_Large,Carpentry and joinery,Carpentry,"Renaissance doors, locks and gates catalogue; culture admission Renaissance and Early Modern common; availability Renaissance / Early Modern. Door behaviour is limited to the attached supported component profile."
renaissance_door_common_wicket_56,Renaissance,Renaissance / Early Modern,"Doors, locks & gates",door or gate,Renaissance and Early Modern common,wicket,a sunburst oak wicket gate,oak,Large,Poor,54600,144,Era / Renaissance Era; Functions / Household Items / Household Construction Materials; Market / Construction Materials / Worked Timber,Holdable; Destroyable_Door; Door_Lockable_Normal_Large,Carpentry and joinery,Carpentry,"Renaissance doors, locks and gates catalogue; culture admission Renaissance and Early Modern common; availability Renaissance / Early Modern. Door behaviour is limited to the attached supported component profile."
renaissance_door_common_panel_door_57,Renaissance,Renaissance / Early Modern,"Doors, locks & gates",door or gate,Renaissance and Early Modern common,door,a knotted pine door leaf,pine,Large,Standard,56400,155,Era / Renaissance Era; Functions / Household Items / Household Construction Materials; Market / Construction Materials / Worked Timber,Holdable; Destroyable_Door; Door_Normal_Large,Carpentry and joinery,Carpentry,"Renaissance doors, locks and gates catalogue; culture admission Renaissance and Early Modern common; availability Renaissance / Early Modern. Door behaviour is limited to the attached supported component profile."
renaissance_door_common_braced_door_58,Renaissance,Renaissance / Early Modern,"Doors, locks & gates",door or gate,Renaissance and Early Modern common,door,a star cedar braced door,cedar,Large,Good,24000,166,Era / Renaissance Era; Functions / Household Items / Household Construction Materials; Market / Construction Materials / Worked Timber,Holdable; Destroyable_Door; Door_Tough_Large,Carpentry and joinery,Carpentry,"Renaissance doors, locks and gates catalogue; culture admission Renaissance and Early Modern common; availability Renaissance / Early Modern. Door behaviour is limited to the attached supported component profile."
renaissance_door_common_lockable_door_59,Renaissance,Renaissance / Early Modern,"Doors, locks & gates",door or gate,Renaissance and Early Modern common,door,a vine teak lockable door,teak,Large,Good,25800,177,Era / Renaissance Era; Functions / Household Items / Household Construction Materials; Market / Construction Materials / Worked Timber,Holdable; Destroyable_Door; Door_Lockable_Normal_Large,Carpentry and joinery,Carpentry,"Renaissance doors, locks and gates catalogue; culture admission Renaissance and Early Modern common; availability Renaissance / Early Modern. Door behaviour is limited to the attached supported component profile."
renaissance_door_common_secure_door_60,Renaissance,Renaissance / Early Modern,"Doors, locks & gates",door or gate,Renaissance and Early Modern common,door,a cloud wood secure door,wood,Large,Standard,27600,188,Era / Renaissance Era; Functions / Household Items / Household Construction Materials; Market / Construction Materials / Worked Timber,Holdable; Destroyable_Door; Door_Lockable_Secure_Large,Carpentry and joinery,Carpentry,"Renaissance doors, locks and gates catalogue; culture admission Renaissance and Early Modern common; availability Renaissance / Early Modern. Door behaviour is limited to the attached supported component profile."
renaissance_door_common_shutter_61,Renaissance,Renaissance / Early Modern,"Doors, locks & gates",door or gate,Renaissance and Early Modern common,shutter,a reed oak shuttered opening,oak,Large,VeryGood,29400,199,Era / Renaissance Era; Functions / Household Items / Household Construction Materials; Market / Construction Materials / Worked Timber,Holdable; Destroyable_Door; Door_Bad_Large,Carpentry and joinery,Carpentry,"Renaissance doors, locks and gates catalogue; culture admission Renaissance and Early Modern common; availability Renaissance / Early Modern. Door behaviour is limited to the attached supported component profile."
renaissance_door_common_screen_62,Renaissance,Renaissance / Early Modern,"Doors, locks & gates",door or gate,Renaissance and Early Modern common,screen,a checker bamboo screen door,bamboo,Large,Good,31200,210,Era / Renaissance Era; Functions / Household Items / Household Construction Materials; Market / Construction Materials / Worked Timber,Holdable; Destroyable_Door; Door_Bad_Large,Carpentry and joinery,Carpentry,"Renaissance doors, locks and gates catalogue; culture admission Renaissance and Early Modern common; availability Renaissance / Early Modern. Door behaviour is limited to the attached supported component profile."
renaissance_door_common_lattice_gate_63,Renaissance,Renaissance / Early Modern,"Doors, locks & gates",door or gate,Renaissance and Early Modern common,gate,a radiating teak lattice gate,teak,VeryLarge,Standard,33000,221,Era / Renaissance Era; Functions / Household Items / Household Construction Materials; Market / Construction Materials / Worked Timber,Holdable; Destroyable_Door; Door_Normal_Large,Carpentry and joinery,Carpentry,"Renaissance doors, locks and gates catalogue; culture admission Renaissance and Early Modern common; availability Renaissance / Early Modern. Door behaviour is limited to the attached supported component profile."
renaissance_door_common_courtyard_gate_64,Renaissance,Renaissance / Early Modern,"Doors, locks & gates",door or gate,Renaissance and Early Modern common,gate,a sunburst wrought iron courtyard gate,wrought iron,VeryLarge,Poor,34800,232,Era / Renaissance Era; Functions / Household Items / Household Construction Materials; Market / Household Goods / Standard Wares,Holdable; Destroyable_Door; Door_Lockable_Normal_Large,Carpentry and joinery,Carpentry,"Renaissance doors, locks and gates catalogue; culture admission Renaissance and Early Modern common; availability Renaissance / Early Modern. Door behaviour is limited to the attached supported component profile."
renaissance_door_common_warehouse_gate_65,Renaissance,Renaissance / Early Modern,"Doors, locks & gates",door or gate,Renaissance and Early Modern common,gate,a knotted bronze warehouse gate,bronze,VeryLarge,Standard,36600,243,Era / Renaissance Era; Functions / Household Items / Household Construction Materials; Market / Household Goods / Standard Wares,Holdable; Destroyable_Door; Door_Lockable_Tough_Large,Carpentry and joinery,Carpentry,"Renaissance doors, locks and gates catalogue; culture admission Renaissance and Early Modern common; availability Renaissance / Early Modern. Door behaviour is limited to the attached supported component profile."
renaissance_door_common_garden_gate_66,Renaissance,Renaissance / Early Modern,"Doors, locks & gates",door or gate,Renaissance and Early Modern common,gate,a star oak garden gate,oak,VeryLarge,Good,38400,254,Era / Renaissance Era; Functions / Household Items / Household Construction Materials; Market / Construction Materials / Worked Timber,Holdable; Destroyable_Door; Door_Normal_Large,Carpentry and joinery,Carpentry,"Renaissance doors, locks and gates catalogue; culture admission Renaissance and Early Modern common; availability Renaissance / Early Modern. Door behaviour is limited to the attached supported component profile."
renaissance_door_common_grille_67,Renaissance,Renaissance / Early Modern,"Doors, locks & gates",door or gate,Renaissance and Early Modern common,grille,a vine brass metal grille,brass,Large,Good,40200,265,Era / Renaissance Era; Functions / Household Items / Household Construction Materials; Market / Household Goods / Standard Wares,Holdable; Destroyable_Door; Door_Secure_Large,Carpentry and joinery,Carpentry,"Renaissance doors, locks and gates catalogue; culture admission Renaissance and Early Modern common; availability Renaissance / Early Modern. Door behaviour is limited to the attached supported component profile."
renaissance_door_common_barrier_68,Renaissance,Renaissance / Early Modern,"Doors, locks & gates",door or gate,Renaissance and Early Modern common,barrier,a cloud wrought iron barred barrier,wrought iron,Large,Standard,42000,276,Era / Renaissance Era; Functions / Household Items / Household Construction Materials; Market / Household Goods / Standard Wares,Holdable; Destroyable_Door; Door_Tough_Large,Carpentry and joinery,Carpentry,"Renaissance doors, locks and gates catalogue; culture admission Renaissance and Early Modern common; availability Renaissance / Early Modern. Door behaviour is limited to the attached supported component profile."
renaissance_door_common_hatch_69,Renaissance,Renaissance / Early Modern,"Doors, locks & gates",door or gate,Renaissance and Early Modern common,hatch,a reed teak service hatch,teak,Large,VeryGood,43800,287,Era / Renaissance Era; Functions / Household Items / Household Construction Materials; Market / Construction Materials / Worked Timber,Holdable; Destroyable_Door; Door_Lockable_Normal_Large,Carpentry and joinery,Carpentry,"Renaissance doors, locks and gates catalogue; culture admission Renaissance and Early Modern common; availability Renaissance / Early Modern. Door behaviour is limited to the attached supported component profile."
renaissance_door_common_wicket_70,Renaissance,Renaissance / Early Modern,"Doors, locks & gates",door or gate,Renaissance and Early Modern common,wicket,a checker bronze wicket gate,bronze,Large,Good,45600,45,Era / Renaissance Era; Functions / Household Items / Household Construction Materials; Market / Household Goods / Standard Wares,Holdable; Destroyable_Door; Door_Lockable_Normal_Large,Carpentry and joinery,Carpentry,"Renaissance doors, locks and gates catalogue; culture admission Renaissance and Early Modern common; availability Renaissance / Early Modern. Door behaviour is limited to the attached supported component profile."
renaissance_door_common_panel_door_71,Renaissance,Renaissance / Early Modern,"Doors, locks & gates",door or gate,Renaissance and Early Modern common,door,a radiating oak door leaf,oak,Large,Standard,47400,56,Era / Renaissance Era; Functions / Household Items / Household Construction Materials; Market / Construction Materials / Worked Timber,Holdable; Destroyable_Door; Door_Normal_Large,Carpentry and joinery,Carpentry,"Renaissance doors, locks and gates catalogue; culture admission Renaissance and Early Modern common; availability Renaissance / Early Modern. Door behaviour is limited to the attached supported component profile."
renaissance_door_common_braced_door_72,Renaissance,Renaissance / Early Modern,"Doors, locks & gates",door or gate,Renaissance and Early Modern common,door,a sunburst pine braced door,pine,Large,Poor,49200,67,Era / Renaissance Era; Functions / Household Items / Household Construction Materials; Market / Construction Materials / Worked Timber,Holdable; Destroyable_Door; Door_Tough_Large,Carpentry and joinery,Carpentry,"Renaissance doors, locks and gates catalogue; culture admission Renaissance and Early Modern common; availability Renaissance / Early Modern. Door behaviour is limited to the attached supported component profile."
renaissance_door_common_lockable_door_73,Renaissance,Renaissance / Early Modern,"Doors, locks & gates",door or gate,Renaissance and Early Modern common,door,a knotted cedar lockable door,cedar,Large,Standard,51000,78,Era / Renaissance Era; Functions / Household Items / Household Construction Materials; Market / Construction Materials / Worked Timber,Holdable; Destroyable_Door; Door_Lockable_Normal_Large,Carpentry and joinery,Carpentry,"Renaissance doors, locks and gates catalogue; culture admission Renaissance and Early Modern common; availability Renaissance / Early Modern. Door behaviour is limited to the attached supported component profile."
renaissance_door_common_secure_door_74,Renaissance,Renaissance / Early Modern,"Doors, locks & gates",door or gate,Renaissance and Early Modern common,door,a star teak secure door,teak,Large,Good,52800,89,Era / Renaissance Era; Functions / Household Items / Household Construction Materials; Market / Construction Materials / Worked Timber,Holdable; Destroyable_Door; Door_Lockable_Secure_Large,Carpentry and joinery,Carpentry,"Renaissance doors, locks and gates catalogue; culture admission Renaissance and Early Modern common; availability Renaissance / Early Modern. Door behaviour is limited to the attached supported component profile."
renaissance_door_common_shutter_75,Renaissance,Renaissance / Early Modern,"Doors, locks & gates",door or gate,Renaissance and Early Modern common,shutter,a vine wood shuttered opening,wood,Large,Good,54600,100,Era / Renaissance Era; Functions / Household Items / Household Construction Materials; Market / Construction Materials / Worked Timber,Holdable; Destroyable_Door; Door_Bad_Large,Carpentry and joinery,Carpentry,"Renaissance doors, locks and gates catalogue; culture admission Renaissance and Early Modern common; availability Renaissance / Early Modern. Door behaviour is limited to the attached supported component profile."
renaissance_door_common_screen_76,Renaissance,Renaissance / Early Modern,"Doors, locks & gates",door or gate,Renaissance and Early Modern common,screen,a cloud cedar screen door,cedar,Large,Standard,56400,111,Era / Renaissance Era; Functions / Household Items / Household Construction Materials; Market / Construction Materials / Worked Timber,Holdable; Destroyable_Door; Door_Bad_Large,Carpentry and joinery,Carpentry,"Renaissance doors, locks and gates catalogue; culture admission Renaissance and Early Modern common; availability Renaissance / Early Modern. Door behaviour is limited to the attached supported component profile."
renaissance_door_common_lattice_gate_77,Renaissance,Renaissance / Early Modern,"Doors, locks & gates",door or gate,Renaissance and Early Modern common,gate,a reed cedar lattice gate,cedar,VeryLarge,VeryGood,24000,122,Era / Renaissance Era; Functions / Household Items / Household Construction Materials; Market / Construction Materials / Worked Timber,Holdable; Destroyable_Door; Door_Normal_Large,Carpentry and joinery,Carpentry,"Renaissance doors, locks and gates catalogue; culture admission Renaissance and Early Modern common; availability Renaissance / Early Modern. Door behaviour is limited to the attached supported component profile."
renaissance_door_common_courtyard_gate_78,Renaissance,Renaissance / Early Modern,"Doors, locks & gates",door or gate,Renaissance and Early Modern common,gate,a checker teak courtyard gate,teak,VeryLarge,Good,25800,133,Era / Renaissance Era; Functions / Household Items / Household Construction Materials; Market / Construction Materials / Worked Timber,Holdable; Destroyable_Door; Door_Lockable_Normal_Large,Carpentry and joinery,Carpentry,"Renaissance doors, locks and gates catalogue; culture admission Renaissance and Early Modern common; availability Renaissance / Early Modern. Door behaviour is limited to the attached supported component profile."
renaissance_door_common_warehouse_gate_79,Renaissance,Renaissance / Early Modern,"Doors, locks & gates",door or gate,Renaissance and Early Modern common,gate,a radiating wrought iron warehouse gate,wrought iron,VeryLarge,Standard,27600,144,Era / Renaissance Era; Functions / Household Items / Household Construction Materials; Market / Household Goods / Standard Wares,Holdable; Destroyable_Door; Door_Lockable_Tough_Large,Carpentry and joinery,Carpentry,"Renaissance doors, locks and gates catalogue; culture admission Renaissance and Early Modern common; availability Renaissance / Early Modern. Door behaviour is limited to the attached supported component profile."
renaissance_door_common_garden_gate_80,Renaissance,Renaissance / Early Modern,"Doors, locks & gates",door or gate,Renaissance and Early Modern common,gate,a sunburst bronze garden gate,bronze,VeryLarge,Poor,29400,155,Era / Renaissance Era; Functions / Household Items / Household Construction Materials; Market / Household Goods / Standard Wares,Holdable; Destroyable_Door; Door_Normal_Large,Carpentry and joinery,Carpentry,"Renaissance doors, locks and gates catalogue; culture admission Renaissance and Early Modern common; availability Renaissance / Early Modern. Door behaviour is limited to the attached supported component profile."
renaissance_door_common_grille_81,Renaissance,Renaissance / Early Modern,"Doors, locks & gates",door or gate,Renaissance and Early Modern common,grille,a knotted bronze metal grille,bronze,Large,Standard,31200,166,Era / Renaissance Era; Functions / Household Items / Household Construction Materials; Market / Household Goods / Standard Wares,Holdable; Destroyable_Door; Door_Secure_Large,Carpentry and joinery,Carpentry,"Renaissance doors, locks and gates catalogue; culture admission Renaissance and Early Modern common; availability Renaissance / Early Modern. Door behaviour is limited to the attached supported component profile."
renaissance_door_common_barrier_82,Renaissance,Renaissance / Early Modern,"Doors, locks & gates",door or gate,Renaissance and Early Modern common,barrier,a star brass barred barrier,brass,Large,Good,33000,177,Era / Renaissance Era; Functions / Household Items / Household Construction Materials; Market / Household Goods / Standard Wares,Holdable; Destroyable_Door; Door_Tough_Large,Carpentry and joinery,Carpentry,"Renaissance doors, locks and gates catalogue; culture admission Renaissance and Early Modern common; availability Renaissance / Early Modern. Door behaviour is limited to the attached supported component profile."
renaissance_door_common_hatch_83,Renaissance,Renaissance / Early Modern,"Doors, locks & gates",door or gate,Renaissance and Early Modern common,hatch,a vine cedar service hatch,cedar,Large,Good,34800,188,Era / Renaissance Era; Functions / Household Items / Household Construction Materials; Market / Construction Materials / Worked Timber,Holdable; Destroyable_Door; Door_Lockable_Normal_Large,Carpentry and joinery,Carpentry,"Renaissance doors, locks and gates catalogue; culture admission Renaissance and Early Modern common; availability Renaissance / Early Modern. Door behaviour is limited to the attached supported component profile."
renaissance_door_common_wicket_84,Renaissance,Renaissance / Early Modern,"Doors, locks & gates",door or gate,Renaissance and Early Modern common,wicket,a cloud wrought iron wicket gate,wrought iron,Large,Standard,36600,199,Era / Renaissance Era; Functions / Household Items / Household Construction Materials; Market / Household Goods / Standard Wares,Holdable; Destroyable_Door; Door_Lockable_Normal_Large,Carpentry and joinery,Carpentry,"Renaissance doors, locks and gates catalogue; culture admission Renaissance and Early Modern common; availability Renaissance / Early Modern. Door behaviour is limited to the attached supported component profile."
renaissance_door_common_panel_door_85,Renaissance,Renaissance / Early Modern,"Doors, locks & gates",door or gate,Renaissance and Early Modern common,door,a reed wood door leaf,wood,Large,VeryGood,38400,210,Era / Renaissance Era; Functions / Household Items / Household Construction Materials; Market / Construction Materials / Worked Timber,Holdable; Destroyable_Door; Door_Normal_Large,Carpentry and joinery,Carpentry,"Renaissance doors, locks and gates catalogue; culture admission Renaissance and Early Modern common; availability Renaissance / Early Modern. Door behaviour is limited to the attached supported component profile."
renaissance_door_common_braced_door_86,Renaissance,Renaissance / Early Modern,"Doors, locks & gates",door or gate,Renaissance and Early Modern common,door,a checker oak braced door,oak,Large,Good,40200,221,Era / Renaissance Era; Functions / Household Items / Household Construction Materials; Market / Construction Materials / Worked Timber,Holdable; Destroyable_Door; Door_Tough_Large,Carpentry and joinery,Carpentry,"Renaissance doors, locks and gates catalogue; culture admission Renaissance and Early Modern common; availability Renaissance / Early Modern. Door behaviour is limited to the attached supported component profile."
renaissance_door_common_lockable_door_87,Renaissance,Renaissance / Early Modern,"Doors, locks & gates",door or gate,Renaissance and Early Modern common,door,a radiating pine lockable door,pine,Large,Standard,42000,232,Era / Renaissance Era; Functions / Household Items / Household Construction Materials; Market / Construction Materials / Worked Timber,Holdable; Destroyable_Door; Door_Lockable_Normal_Large,Carpentry and joinery,Carpentry,"Renaissance doors, locks and gates catalogue; culture admission Renaissance and Early Modern common; availability Renaissance / Early Modern. Door behaviour is limited to the attached supported component profile."
renaissance_door_common_secure_door_88,Renaissance,Renaissance / Early Modern,"Doors, locks & gates",door or gate,Renaissance and Early Modern common,door,a sunburst cedar secure door,cedar,Large,Poor,43800,243,Era / Renaissance Era; Functions / Household Items / Household Construction Materials; Market / Construction Materials / Worked Timber,Holdable; Destroyable_Door; Door_Lockable_Secure_Large,Carpentry and joinery,Carpentry,"Renaissance doors, locks and gates catalogue; culture admission Renaissance and Early Modern common; availability Renaissance / Early Modern. Door behaviour is limited to the attached supported component profile."
renaissance_door_common_shutter_89,Renaissance,Renaissance / Early Modern,"Doors, locks & gates",door or gate,Renaissance and Early Modern common,shutter,a knotted teak shuttered opening,teak,Large,Standard,45600,254,Era / Renaissance Era; Functions / Household Items / Household Construction Materials; Market / Construction Materials / Worked Timber,Holdable; Destroyable_Door; Door_Bad_Large,Carpentry and joinery,Carpentry,"Renaissance doors, locks and gates catalogue; culture admission Renaissance and Early Modern common; availability Renaissance / Early Modern. Door behaviour is limited to the attached supported component profile."
renaissance_door_common_screen_90,Renaissance,Renaissance / Early Modern,"Doors, locks & gates",door or gate,Renaissance and Early Modern common,screen,a star bamboo screen door,bamboo,Large,Good,47400,265,Era / Renaissance Era; Functions / Household Items / Household Construction Materials; Market / Construction Materials / Worked Timber,Holdable; Destroyable_Door; Door_Bad_Large,Carpentry and joinery,Carpentry,"Renaissance doors, locks and gates catalogue; culture admission Renaissance and Early Modern common; availability Renaissance / Early Modern. Door behaviour is limited to the attached supported component profile."
renaissance_door_common_lattice_gate_91,Renaissance,Renaissance / Early Modern,"Doors, locks & gates",door or gate,Renaissance and Early Modern common,gate,a vine oak lattice gate,oak,VeryLarge,Good,49200,276,Era / Renaissance Era; Functions / Household Items / Household Construction Materials; Market / Construction Materials / Worked Timber,Holdable; Destroyable_Door; Door_Normal_Large,Carpentry and joinery,Carpentry,"Renaissance doors, locks and gates catalogue; culture admission Renaissance and Early Modern common; availability Renaissance / Early Modern. Door behaviour is limited to the attached supported component profile."
renaissance_door_common_courtyard_gate_92,Renaissance,Renaissance / Early Modern,"Doors, locks & gates",door or gate,Renaissance and Early Modern common,gate,a cloud cedar courtyard gate,cedar,VeryLarge,Standard,51000,287,Era / Renaissance Era; Functions / Household Items / Household Construction Materials; Market / Construction Materials / Worked Timber,Holdable; Destroyable_Door; Door_Lockable_Normal_Large,Carpentry and joinery,Carpentry,"Renaissance doors, locks and gates catalogue; culture admission Renaissance and Early Modern common; availability Renaissance / Early Modern. Door behaviour is limited to the attached supported component profile."
renaissance_door_common_warehouse_gate_93,Renaissance,Renaissance / Early Modern,"Doors, locks & gates",door or gate,Renaissance and Early Modern common,gate,a reed teak warehouse gate,teak,VeryLarge,VeryGood,52800,45,Era / Renaissance Era; Functions / Household Items / Household Construction Materials; Market / Construction Materials / Worked Timber,Holdable; Destroyable_Door; Door_Lockable_Tough_Large,Carpentry and joinery,Carpentry,"Renaissance doors, locks and gates catalogue; culture admission Renaissance and Early Modern common; availability Renaissance / Early Modern. Door behaviour is limited to the attached supported component profile."
renaissance_door_common_garden_gate_94,Renaissance,Renaissance / Early Modern,"Doors, locks & gates",door or gate,Renaissance and Early Modern common,gate,a checker wrought iron garden gate,wrought iron,VeryLarge,Good,54600,56,Era / Renaissance Era; Functions / Household Items / Household Construction Materials; Market / Household Goods / Standard Wares,Holdable; Destroyable_Door; Door_Normal_Large,Carpentry and joinery,Carpentry,"Renaissance doors, locks and gates catalogue; culture admission Renaissance and Early Modern common; availability Renaissance / Early Modern. Door behaviour is limited to the attached supported component profile."
renaissance_door_common_grille_95,Renaissance,Renaissance / Early Modern,"Doors, locks & gates",door or gate,Renaissance and Early Modern common,grille,a radiating wrought iron metal grille,wrought iron,Large,Standard,56400,67,Era / Renaissance Era; Functions / Household Items / Household Construction Materials; Market / Household Goods / Standard Wares,Holdable; Destroyable_Door; Door_Secure_Large,Carpentry and joinery,Carpentry,"Renaissance doors, locks and gates catalogue; culture admission Renaissance and Early Modern common; availability Renaissance / Early Modern. Door behaviour is limited to the attached supported component profile."
renaissance_door_common_barrier_96,Renaissance,Renaissance / Early Modern,"Doors, locks & gates",door or gate,Renaissance and Early Modern common,barrier,a sunburst bronze barred barrier,bronze,Large,Poor,24000,78,Era / Renaissance Era; Functions / Household Items / Household Construction Materials; Market / Household Goods / Standard Wares,Holdable; Destroyable_Door; Door_Tough_Large,Carpentry and joinery,Carpentry,"Renaissance doors, locks and gates catalogue; culture admission Renaissance and Early Modern common; availability Renaissance / Early Modern. Door behaviour is limited to the attached supported component profile."
renaissance_door_common_hatch_97,Renaissance,Renaissance / Early Modern,"Doors, locks & gates",door or gate,Renaissance and Early Modern common,hatch,a knotted pine service hatch,pine,Large,Standard,25800,89,Era / Renaissance Era; Functions / Household Items / Household Construction Materials; Market / Construction Materials / Worked Timber,Holdable; Destroyable_Door; Door_Lockable_Normal_Large,Carpentry and joinery,Carpentry,"Renaissance doors, locks and gates catalogue; culture admission Renaissance and Early Modern common; availability Renaissance / Early Modern. Door behaviour is limited to the attached supported component profile."
renaissance_door_common_wicket_98,Renaissance,Renaissance / Early Modern,"Doors, locks & gates",door or gate,Renaissance and Early Modern common,wicket,a star teak wicket gate,teak,Large,Good,27600,100,Era / Renaissance Era; Functions / Household Items / Household Construction Materials; Market / Construction Materials / Worked Timber,Holdable; Destroyable_Door; Door_Lockable_Normal_Large,Carpentry and joinery,Carpentry,"Renaissance doors, locks and gates catalogue; culture admission Renaissance and Early Modern common; availability Renaissance / Early Modern. Door behaviour is limited to the attached supported component profile."
renaissance_door_common_panel_door_99,Renaissance,Renaissance / Early Modern,"Doors, locks & gates",door or gate,Renaissance and Early Modern common,door,a vine teak door leaf,teak,Large,Good,29400,111,Era / Renaissance Era; Functions / Household Items / Household Construction Materials; Market / Construction Materials / Worked Timber,Holdable; Destroyable_Door; Door_Normal_Large,Carpentry and joinery,Carpentry,"Renaissance doors, locks and gates catalogue; culture admission Renaissance and Early Modern common; availability Renaissance / Early Modern. Door behaviour is limited to the attached supported component profile."
renaissance_door_common_braced_door_100,Renaissance,Renaissance / Early Modern,"Doors, locks & gates",door or gate,Renaissance and Early Modern common,door,a cloud wood braced door,wood,Large,Standard,31200,122,Era / Renaissance Era; Functions / Household Items / Household Construction Materials; Market / Construction Materials / Worked Timber,Holdable; Destroyable_Door; Door_Tough_Large,Carpentry and joinery,Carpentry,"Renaissance doors, locks and gates catalogue; culture admission Renaissance and Early Modern common; availability Renaissance / Early Modern. Door behaviour is limited to the attached supported component profile."
renaissance_door_common_lockable_door_101,Renaissance,Renaissance / Early Modern,"Doors, locks & gates",door or gate,Renaissance and Early Modern common,door,a reed oak lockable door,oak,Large,VeryGood,33000,133,Era / Renaissance Era; Functions / Household Items / Household Construction Materials; Market / Construction Materials / Worked Timber,Holdable; Destroyable_Door; Door_Lockable_Normal_Large,Carpentry and joinery,Carpentry,"Renaissance doors, locks and gates catalogue; culture admission Renaissance and Early Modern common; availability Renaissance / Early Modern. Door behaviour is limited to the attached supported component profile."
renaissance_door_common_secure_door_102,Renaissance,Renaissance / Early Modern,"Doors, locks & gates",door or gate,Renaissance and Early Modern common,door,a checker pine secure door,pine,Large,Good,34800,144,Era / Renaissance Era; Functions / Household Items / Household Construction Materials; Market / Construction Materials / Worked Timber,Holdable; Destroyable_Door; Door_Lockable_Secure_Large,Carpentry and joinery,Carpentry,"Renaissance doors, locks and gates catalogue; culture admission Renaissance and Early Modern common; availability Renaissance / Early Modern. Door behaviour is limited to the attached supported component profile."
renaissance_door_common_shutter_103,Renaissance,Renaissance / Early Modern,"Doors, locks & gates",door or gate,Renaissance and Early Modern common,shutter,a radiating cedar shuttered opening,cedar,Large,Standard,36600,155,Era / Renaissance Era; Functions / Household Items / Household Construction Materials; Market / Construction Materials / Worked Timber,Holdable; Destroyable_Door; Door_Bad_Large,Carpentry and joinery,Carpentry,"Renaissance doors, locks and gates catalogue; culture admission Renaissance and Early Modern common; availability Renaissance / Early Modern. Door behaviour is limited to the attached supported component profile."
renaissance_door_common_screen_104,Renaissance,Renaissance / Early Modern,"Doors, locks & gates",door or gate,Renaissance and Early Modern common,screen,a sunburst cedar screen door,cedar,Large,Poor,38400,166,Era / Renaissance Era; Functions / Household Items / Household Construction Materials; Market / Construction Materials / Worked Timber,Holdable; Destroyable_Door; Door_Bad_Large,Carpentry and joinery,Carpentry,"Renaissance doors, locks and gates catalogue; culture admission Renaissance and Early Modern common; availability Renaissance / Early Modern. Door behaviour is limited to the attached supported component profile."
renaissance_door_common_lattice_gate_105,Renaissance,Renaissance / Early Modern,"Doors, locks & gates",door or gate,Renaissance and Early Modern common,gate,a knotted bronze lattice gate,bronze,VeryLarge,Standard,40200,177,Era / Renaissance Era; Functions / Household Items / Household Construction Materials; Market / Household Goods / Standard Wares,Holdable; Destroyable_Door; Door_Normal_Large,Carpentry and joinery,Carpentry,"Renaissance doors, locks and gates catalogue; culture admission Renaissance and Early Modern common; availability Renaissance / Early Modern. Door behaviour is limited to the attached supported component profile."
renaissance_door_common_courtyard_gate_106,Renaissance,Renaissance / Early Modern,"Doors, locks & gates",door or gate,Renaissance and Early Modern common,gate,a star oak courtyard gate,oak,VeryLarge,Good,42000,188,Era / Renaissance Era; Functions / Household Items / Household Construction Materials; Market / Construction Materials / Worked Timber,Holdable; Destroyable_Door; Door_Lockable_Normal_Large,Carpentry and joinery,Carpentry,"Renaissance doors, locks and gates catalogue; culture admission Renaissance and Early Modern common; availability Renaissance / Early Modern. Door behaviour is limited to the attached supported component profile."
renaissance_door_common_warehouse_gate_107,Renaissance,Renaissance / Early Modern,"Doors, locks & gates",door or gate,Renaissance and Early Modern common,gate,a vine cedar warehouse gate,cedar,VeryLarge,Good,43800,199,Era / Renaissance Era; Functions / Household Items / Household Construction Materials; Market / Construction Materials / Worked Timber,Holdable; Destroyable_Door; Door_Lockable_Tough_Large,Carpentry and joinery,Carpentry,"Renaissance doors, locks and gates catalogue; culture admission Renaissance and Early Modern common; availability Renaissance / Early Modern. Door behaviour is limited to the attached supported component profile."
renaissance_door_common_garden_gate_108,Renaissance,Renaissance / Early Modern,"Doors, locks & gates",door or gate,Renaissance and Early Modern common,gate,a cloud teak garden gate,teak,VeryLarge,Standard,45600,210,Era / Renaissance Era; Functions / Household Items / Household Construction Materials; Market / Construction Materials / Worked Timber,Holdable; Destroyable_Door; Door_Normal_Large,Carpentry and joinery,Carpentry,"Renaissance doors, locks and gates catalogue; culture admission Renaissance and Early Modern common; availability Renaissance / Early Modern. Door behaviour is limited to the attached supported component profile."
renaissance_door_common_grille_109,Renaissance,Renaissance / Early Modern,"Doors, locks & gates",door or gate,Renaissance and Early Modern common,grille,a reed brass metal grille,brass,Large,VeryGood,47400,221,Era / Renaissance Era; Functions / Household Items / Household Construction Materials; Market / Household Goods / Standard Wares,Holdable; Destroyable_Door; Door_Secure_Large,Carpentry and joinery,Carpentry,"Renaissance doors, locks and gates catalogue; culture admission Renaissance and Early Modern common; availability Renaissance / Early Modern. Door behaviour is limited to the attached supported component profile."
renaissance_door_common_barrier_110,Renaissance,Renaissance / Early Modern,"Doors, locks & gates",door or gate,Renaissance and Early Modern common,barrier,a checker wrought iron barred barrier,wrought iron,Large,Good,49200,232,Era / Renaissance Era; Functions / Household Items / Household Construction Materials; Market / Household Goods / Standard Wares,Holdable; Destroyable_Door; Door_Tough_Large,Carpentry and joinery,Carpentry,"Renaissance doors, locks and gates catalogue; culture admission Renaissance and Early Modern common; availability Renaissance / Early Modern. Door behaviour is limited to the attached supported component profile."
renaissance_door_common_hatch_111,Renaissance,Renaissance / Early Modern,"Doors, locks & gates",door or gate,Renaissance and Early Modern common,hatch,a radiating oak service hatch,oak,Large,Standard,51000,243,Era / Renaissance Era; Functions / Household Items / Household Construction Materials; Market / Construction Materials / Worked Timber,Holdable; Destroyable_Door; Door_Lockable_Normal_Large,Carpentry and joinery,Carpentry,"Renaissance doors, locks and gates catalogue; culture admission Renaissance and Early Modern common; availability Renaissance / Early Modern. Door behaviour is limited to the attached supported component profile."
renaissance_door_common_wicket_112,Renaissance,Renaissance / Early Modern,"Doors, locks & gates",door or gate,Renaissance and Early Modern common,wicket,a sunburst cedar wicket gate,cedar,Large,Poor,52800,254,Era / Renaissance Era; Functions / Household Items / Household Construction Materials; Market / Construction Materials / Worked Timber,Holdable; Destroyable_Door; Door_Lockable_Normal_Large,Carpentry and joinery,Carpentry,"Renaissance doors, locks and gates catalogue; culture admission Renaissance and Early Modern common; availability Renaissance / Early Modern. Door behaviour is limited to the attached supported component profile."
renaissance_door_common_panel_door_113,Renaissance,Renaissance / Early Modern,"Doors, locks & gates",door or gate,Renaissance and Early Modern common,door,a knotted cedar door leaf,cedar,Large,Standard,54600,265,Era / Renaissance Era; Functions / Household Items / Household Construction Materials; Market / Construction Materials / Worked Timber,Holdable; Destroyable_Door; Door_Normal_Large,Carpentry and joinery,Carpentry,"Renaissance doors, locks and gates catalogue; culture admission Renaissance and Early Modern common; availability Renaissance / Early Modern. Door behaviour is limited to the attached supported component profile."
renaissance_door_common_braced_door_114,Renaissance,Renaissance / Early Modern,"Doors, locks & gates",door or gate,Renaissance and Early Modern common,door,a star teak braced door,teak,Large,Good,56400,276,Era / Renaissance Era; Functions / Household Items / Household Construction Materials; Market / Construction Materials / Worked Timber,Holdable; Destroyable_Door; Door_Tough_Large,Carpentry and joinery,Carpentry,"Renaissance doors, locks and gates catalogue; culture admission Renaissance and Early Modern common; availability Renaissance / Early Modern. Door behaviour is limited to the attached supported component profile."
renaissance_door_common_lockable_door_115,Renaissance,Renaissance / Early Modern,"Doors, locks & gates",door or gate,Renaissance and Early Modern common,door,a vine wood lockable door,wood,Large,Good,24000,287,Era / Renaissance Era; Functions / Household Items / Household Construction Materials; Market / Construction Materials / Worked Timber,Holdable; Destroyable_Door; Door_Lockable_Normal_Large,Carpentry and joinery,Carpentry,"Renaissance doors, locks and gates catalogue; culture admission Renaissance and Early Modern common; availability Renaissance / Early Modern. Door behaviour is limited to the attached supported component profile."
renaissance_door_common_secure_door_116,Renaissance,Renaissance / Early Modern,"Doors, locks & gates",door or gate,Renaissance and Early Modern common,door,a cloud oak secure door,oak,Large,Standard,25800,45,Era / Renaissance Era; Functions / Household Items / Household Construction Materials; Market / Construction Materials / Worked Timber,Holdable; Destroyable_Door; Door_Lockable_Secure_Large,Carpentry and joinery,Carpentry,"Renaissance doors, locks and gates catalogue; culture admission Renaissance and Early Modern common; availability Renaissance / Early Modern. Door behaviour is limited to the attached supported component profile."
renaissance_door_common_shutter_117,Renaissance,Renaissance / Early Modern,"Doors, locks & gates",door or gate,Renaissance and Early Modern common,shutter,a reed pine shuttered opening,pine,Large,VeryGood,27600,56,Era / Renaissance Era; Functions / Household Items / Household Construction Materials; Market / Construction Materials / Worked Timber,Holdable; Destroyable_Door; Door_Bad_Large,Carpentry and joinery,Carpentry,"Renaissance doors, locks and gates catalogue; culture admission Renaissance and Early Modern common; availability Renaissance / Early Modern. Door behaviour is limited to the attached supported component profile."
renaissance_door_common_screen_118,Renaissance,Renaissance / Early Modern,"Doors, locks & gates",door or gate,Renaissance and Early Modern common,screen,a checker bamboo screen door,bamboo,Large,Good,29400,67,Era / Renaissance Era; Functions / Household Items / Household Construction Materials; Market / Construction Materials / Worked Timber,Holdable; Destroyable_Door; Door_Bad_Large,Carpentry and joinery,Carpentry,"Renaissance doors, locks and gates catalogue; culture admission Renaissance and Early Modern common; availability Renaissance / Early Modern. Door behaviour is limited to the attached supported component profile."
renaissance_door_common_lattice_gate_119,Renaissance,Renaissance / Early Modern,"Doors, locks & gates",door or gate,Renaissance and Early Modern common,gate,a radiating wrought iron lattice gate,wrought iron,VeryLarge,Standard,31200,78,Era / Renaissance Era; Functions / Household Items / Household Construction Materials; Market / Household Goods / Standard Wares,Holdable; Destroyable_Door; Door_Normal_Large,Carpentry and joinery,Carpentry,"Renaissance doors, locks and gates catalogue; culture admission Renaissance and Early Modern common; availability Renaissance / Early Modern. Door behaviour is limited to the attached supported component profile."
renaissance_door_common_courtyard_gate_120,Renaissance,Renaissance / Early Modern,"Doors, locks & gates",door or gate,Renaissance and Early Modern common,gate,a sunburst bronze courtyard gate,bronze,VeryLarge,Poor,33000,89,Era / Renaissance Era; Functions / Household Items / Household Construction Materials; Market / Household Goods / Standard Wares,Holdable; Destroyable_Door; Door_Lockable_Normal_Large,Carpentry and joinery,Carpentry,"Renaissance doors, locks and gates catalogue; culture admission Renaissance and Early Modern common; availability Renaissance / Early Modern. Door behaviour is limited to the attached supported component profile."
renaissance_door_common_warehouse_gate_121,Renaissance,Renaissance / Early Modern,"Doors, locks & gates",door or gate,Renaissance and Early Modern common,gate,a knotted oak warehouse gate,oak,VeryLarge,Standard,34800,100,Era / Renaissance Era; Functions / Household Items / Household Construction Materials; Market / Construction Materials / Worked Timber,Holdable; Destroyable_Door; Door_Lockable_Tough_Large,Carpentry and joinery,Carpentry,"Renaissance doors, locks and gates catalogue; culture admission Renaissance and Early Modern common; availability Renaissance / Early Modern. Door behaviour is limited to the attached supported component profile."
renaissance_door_common_garden_gate_122,Renaissance,Renaissance / Early Modern,"Doors, locks & gates",door or gate,Renaissance and Early Modern common,gate,a star cedar garden gate,cedar,VeryLarge,Good,36600,111,Era / Renaissance Era; Functions / Household Items / Household Construction Materials; Market / Construction Materials / Worked Timber,Holdable; Destroyable_Door; Door_Normal_Large,Carpentry and joinery,Carpentry,"Renaissance doors, locks and gates catalogue; culture admission Renaissance and Early Modern common; availability Renaissance / Early Modern. Door behaviour is limited to the attached supported component profile."
renaissance_door_common_grille_123,Renaissance,Renaissance / Early Modern,"Doors, locks & gates",door or gate,Renaissance and Early Modern common,grille,a vine bronze metal grille,bronze,Large,Good,38400,122,Era / Renaissance Era; Functions / Household Items / Household Construction Materials; Market / Household Goods / Standard Wares,Holdable; Destroyable_Door; Door_Secure_Large,Carpentry and joinery,Carpentry,"Renaissance doors, locks and gates catalogue; culture admission Renaissance and Early Modern common; availability Renaissance / Early Modern. Door behaviour is limited to the attached supported component profile."
renaissance_door_common_barrier_124,Renaissance,Renaissance / Early Modern,"Doors, locks & gates",door or gate,Renaissance and Early Modern common,barrier,a cloud brass barred barrier,brass,Large,Standard,40200,133,Era / Renaissance Era; Functions / Household Items / Household Construction Materials; Market / Household Goods / Standard Wares,Holdable; Destroyable_Door; Door_Tough_Large,Carpentry and joinery,Carpentry,"Renaissance doors, locks and gates catalogue; culture admission Renaissance and Early Modern common; availability Renaissance / Early Modern. Door behaviour is limited to the attached supported component profile."
renaissance_door_common_hatch_125,Renaissance,Renaissance / Early Modern,"Doors, locks & gates",door or gate,Renaissance and Early Modern common,hatch,a reed wood service hatch,wood,Large,VeryGood,42000,144,Era / Renaissance Era; Functions / Household Items / Household Construction Materials; Market / Construction Materials / Worked Timber,Holdable; Destroyable_Door; Door_Lockable_Normal_Large,Carpentry and joinery,Carpentry,"Renaissance doors, locks and gates catalogue; culture admission Renaissance and Early Modern common; availability Renaissance / Early Modern. Door behaviour is limited to the attached supported component profile."
renaissance_door_common_wicket_126,Renaissance,Renaissance / Early Modern,"Doors, locks & gates",door or gate,Renaissance and Early Modern common,wicket,a checker oak wicket gate,oak,Large,Good,43800,155,Era / Renaissance Era; Functions / Household Items / Household Construction Materials; Market / Construction Materials / Worked Timber,Holdable; Destroyable_Door; Door_Lockable_Normal_Large,Carpentry and joinery,Carpentry,"Renaissance doors, locks and gates catalogue; culture admission Renaissance and Early Modern common; availability Renaissance / Early Modern. Door behaviour is limited to the attached supported component profile."
renaissance_door_common_panel_door_127,Renaissance,Renaissance / Early Modern,"Doors, locks & gates",door or gate,Renaissance and Early Modern common,door,a radiating pine door leaf,pine,Large,Standard,45600,166,Era / Renaissance Era; Functions / Household Items / Household Construction Materials; Market / Construction Materials / Worked Timber,Holdable; Destroyable_Door; Door_Normal_Large,Carpentry and joinery,Carpentry,"Renaissance doors, locks and gates catalogue; culture admission Renaissance and Early Modern common; availability Renaissance / Early Modern. Door behaviour is limited to the attached supported component profile."
renaissance_door_common_braced_door_128,Renaissance,Renaissance / Early Modern,"Doors, locks & gates",door or gate,Renaissance and Early Modern common,door,a sunburst cedar braced door,cedar,Large,Poor,47400,177,Era / Renaissance Era; Functions / Household Items / Household Construction Materials; Market / Construction Materials / Worked Timber,Holdable; Destroyable_Door; Door_Tough_Large,Carpentry and joinery,Carpentry,"Renaissance doors, locks and gates catalogue; culture admission Renaissance and Early Modern common; availability Renaissance / Early Modern. Door behaviour is limited to the attached supported component profile."
renaissance_door_common_lockable_door_129,Renaissance,Renaissance / Early Modern,"Doors, locks & gates",door or gate,Renaissance and Early Modern common,door,a knotted teak lockable door,teak,Large,Standard,49200,188,Era / Renaissance Era; Functions / Household Items / Household Construction Materials; Market / Construction Materials / Worked Timber,Holdable; Destroyable_Door; Door_Lockable_Normal_Large,Carpentry and joinery,Carpentry,"Renaissance doors, locks and gates catalogue; culture admission Renaissance and Early Modern common; availability Renaissance / Early Modern. Door behaviour is limited to the attached supported component profile."
renaissance_door_common_secure_door_130,Renaissance,Renaissance / Early Modern,"Doors, locks & gates",door or gate,Renaissance and Early Modern common,door,a star wood secure door,wood,Large,Good,51000,199,Era / Renaissance Era; Functions / Household Items / Household Construction Materials; Market / Construction Materials / Worked Timber,Holdable; Destroyable_Door; Door_Lockable_Secure_Large,Carpentry and joinery,Carpentry,"Renaissance doors, locks and gates catalogue; culture admission Renaissance and Early Modern common; availability Renaissance / Early Modern. Door behaviour is limited to the attached supported component profile."
renaissance_door_common_shutter_131,Renaissance,Renaissance / Early Modern,"Doors, locks & gates",door or gate,Renaissance and Early Modern common,shutter,a vine oak shuttered opening,oak,Large,Good,52800,210,Era / Renaissance Era; Functions / Household Items / Household Construction Materials; Market / Construction Materials / Worked Timber,Holdable; Destroyable_Door; Door_Bad_Large,Carpentry and joinery,Carpentry,"Renaissance doors, locks and gates catalogue; culture admission Renaissance and Early Modern common; availability Renaissance / Early Modern. Door behaviour is limited to the attached supported component profile."
renaissance_door_common_screen_132,Renaissance,Renaissance / Early Modern,"Doors, locks & gates",door or gate,Renaissance and Early Modern common,screen,a cloud cedar screen door,cedar,Large,Standard,54600,221,Era / Renaissance Era; Functions / Household Items / Household Construction Materials; Market / Construction Materials / Worked Timber,Holdable; Destroyable_Door; Door_Bad_Large,Carpentry and joinery,Carpentry,"Renaissance doors, locks and gates catalogue; culture admission Renaissance and Early Modern common; availability Renaissance / Early Modern. Door behaviour is limited to the attached supported component profile."
renaissance_door_common_lattice_gate_133,Renaissance,Renaissance / Early Modern,"Doors, locks & gates",door or gate,Renaissance and Early Modern common,gate,a reed teak lattice gate,teak,VeryLarge,VeryGood,56400,232,Era / Renaissance Era; Functions / Household Items / Household Construction Materials; Market / Construction Materials / Worked Timber,Holdable; Destroyable_Door; Door_Normal_Large,Carpentry and joinery,Carpentry,"Renaissance doors, locks and gates catalogue; culture admission Renaissance and Early Modern common; availability Renaissance / Early Modern. Door behaviour is limited to the attached supported component profile."
renaissance_door_common_courtyard_gate_134,Renaissance,Renaissance / Early Modern,"Doors, locks & gates",door or gate,Renaissance and Early Modern common,gate,a checker wrought iron courtyard gate,wrought iron,VeryLarge,Good,24000,243,Era / Renaissance Era; Functions / Household Items / Household Construction Materials; Market / Household Goods / Standard Wares,Holdable; Destroyable_Door; Door_Lockable_Normal_Large,Carpentry and joinery,Carpentry,"Renaissance doors, locks and gates catalogue; culture admission Renaissance and Early Modern common; availability Renaissance / Early Modern. Door behaviour is limited to the attached supported component profile."
renaissance_door_common_warehouse_gate_135,Renaissance,Renaissance / Early Modern,"Doors, locks & gates",door or gate,Renaissance and Early Modern common,gate,a radiating bronze warehouse gate,bronze,VeryLarge,Standard,25800,254,Era / Renaissance Era; Functions / Household Items / Household Construction Materials; Market / Household Goods / Standard Wares,Holdable; Destroyable_Door; Door_Lockable_Tough_Large,Carpentry and joinery,Carpentry,"Renaissance doors, locks and gates catalogue; culture admission Renaissance and Early Modern common; availability Renaissance / Early Modern. Door behaviour is limited to the attached supported component profile."
renaissance_door_common_garden_gate_136,Renaissance,Renaissance / Early Modern,"Doors, locks & gates",door or gate,Renaissance and Early Modern common,gate,a sunburst oak garden gate,oak,VeryLarge,Poor,27600,265,Era / Renaissance Era; Functions / Household Items / Household Construction Materials; Market / Construction Materials / Worked Timber,Holdable; Destroyable_Door; Door_Normal_Large,Carpentry and joinery,Carpentry,"Renaissance doors, locks and gates catalogue; culture admission Renaissance and Early Modern common; availability Renaissance / Early Modern. Door behaviour is limited to the attached supported component profile."
renaissance_door_common_grille_137,Renaissance,Renaissance / Early Modern,"Doors, locks & gates",door or gate,Renaissance and Early Modern common,grille,a knotted wrought iron metal grille,wrought iron,Large,Standard,29400,276,Era / Renaissance Era; Functions / Household Items / Household Construction Materials; Market / Household Goods / Standard Wares,Holdable; Destroyable_Door; Door_Secure_Large,Carpentry and joinery,Carpentry,"Renaissance doors, locks and gates catalogue; culture admission Renaissance and Early Modern common; availability Renaissance / Early Modern. Door behaviour is limited to the attached supported component profile."
renaissance_door_common_barrier_138,Renaissance,Renaissance / Early Modern,"Doors, locks & gates",door or gate,Renaissance and Early Modern common,barrier,a star bronze barred barrier,bronze,Large,Good,31200,287,Era / Renaissance Era; Functions / Household Items / Household Construction Materials; Market / Household Goods / Standard Wares,Holdable; Destroyable_Door; Door_Tough_Large,Carpentry and joinery,Carpentry,"Renaissance doors, locks and gates catalogue; culture admission Renaissance and Early Modern common; availability Renaissance / Early Modern. Door behaviour is limited to the attached supported component profile."
renaissance_door_common_hatch_139,Renaissance,Renaissance / Early Modern,"Doors, locks & gates",door or gate,Renaissance and Early Modern common,hatch,a vine teak service hatch,teak,Large,Good,33000,45,Era / Renaissance Era; Functions / Household Items / Household Construction Materials; Market / Construction Materials / Worked Timber,Holdable; Destroyable_Door; Door_Lockable_Normal_Large,Carpentry and joinery,Carpentry,"Renaissance doors, locks and gates catalogue; culture admission Renaissance and Early Modern common; availability Renaissance / Early Modern. Door behaviour is limited to the attached supported component profile."
renaissance_door_common_wicket_140,Renaissance,Renaissance / Early Modern,"Doors, locks & gates",door or gate,Renaissance and Early Modern common,wicket,a cloud bronze wicket gate,bronze,Large,Standard,34800,56,Era / Renaissance Era; Functions / Household Items / Household Construction Materials; Market / Household Goods / Standard Wares,Holdable; Destroyable_Door; Door_Lockable_Normal_Large,Carpentry and joinery,Carpentry,"Renaissance doors, locks and gates catalogue; culture admission Renaissance and Early Modern common; availability Renaissance / Early Modern. Door behaviour is limited to the attached supported component profile."
renaissance_door_common_panel_door_141,Renaissance,Renaissance / Early Modern,"Doors, locks & gates",door or gate,Renaissance and Early Modern common,door,a reed oak door leaf,oak,Large,VeryGood,36600,67,Era / Renaissance Era; Functions / Household Items / Household Construction Materials; Market / Construction Materials / Worked Timber,Holdable; Destroyable_Door; Door_Normal_Large,Carpentry and joinery,Carpentry,"Renaissance doors, locks and gates catalogue; culture admission Renaissance and Early Modern common; availability Renaissance / Early Modern. Door behaviour is limited to the attached supported component profile."
renaissance_door_common_braced_door_142,Renaissance,Renaissance / Early Modern,"Doors, locks & gates",door or gate,Renaissance and Early Modern common,door,a checker pine braced door,pine,Large,Good,38400,78,Era / Renaissance Era; Functions / Household Items / Household Construction Materials; Market / Construction Materials / Worked Timber,Holdable; Destroyable_Door; Door_Tough_Large,Carpentry and joinery,Carpentry,"Renaissance doors, locks and gates catalogue; culture admission Renaissance and Early Modern common; availability Renaissance / Early Modern. Door behaviour is limited to the attached supported component profile."
renaissance_door_common_lockable_door_143,Renaissance,Renaissance / Early Modern,"Doors, locks & gates",door or gate,Renaissance and Early Modern common,door,a radiating cedar lockable door,cedar,Large,Standard,40200,89,Era / Renaissance Era; Functions / Household Items / Household Construction Materials; Market / Construction Materials / Worked Timber,Holdable; Destroyable_Door; Door_Lockable_Normal_Large,Carpentry and joinery,Carpentry,"Renaissance doors, locks and gates catalogue; culture admission Renaissance and Early Modern common; availability Renaissance / Early Modern. Door behaviour is limited to the attached supported component profile."
renaissance_door_common_secure_door_144,Renaissance,Renaissance / Early Modern,"Doors, locks & gates",door or gate,Renaissance and Early Modern common,door,a sunburst teak secure door,teak,Large,Poor,42000,100,Era / Renaissance Era; Functions / Household Items / Household Construction Materials; Market / Construction Materials / Worked Timber,Holdable; Destroyable_Door; Door_Lockable_Secure_Large,Carpentry and joinery,Carpentry,"Renaissance doors, locks and gates catalogue; culture admission Renaissance and Early Modern common; availability Renaissance / Early Modern. Door behaviour is limited to the attached supported component profile."
renaissance_door_common_hasp_145,Renaissance,Renaissance / Early Modern,"Doors, locks & gates",lock and hardware,Renaissance and Early Modern common,hasp,a bird pewter iron hasp,pewter,Small,Standard,840,95,Era / Renaissance Era; Functions / Household Items / Household Wares; Market / Household Goods / Standard Wares,Holdable; Destroyable_HeavyMetal; Latch_Container_Hasp,Locksmithing,Blacksmithing,"Renaissance doors, locks and gates hardware catalogue; culture admission Renaissance and Early Modern common; availability Renaissance / Early Modern. It does not imply a custom matched-key or hidden-lock system."
renaissance_door_common_hook_latch_146,Renaissance,Renaissance / Early Modern,"Doors, locks & gates",lock and hardware,Renaissance and Early Modern common,hook latch,a vine wrought iron hook latch,wrought iron,Small,Good,925,103,Era / Renaissance Era; Functions / Household Items / Household Wares; Market / Household Goods / Standard Wares,Holdable; Destroyable_HeavyMetal; Latch_Container_Hook,Locksmithing,Blacksmithing,"Renaissance doors, locks and gates hardware catalogue; culture admission Renaissance and Early Modern common; availability Renaissance / Early Modern. It does not imply a custom matched-key or hidden-lock system."
renaissance_door_common_strike_plate_147,Renaissance,Renaissance / Early Modern,"Doors, locks & gates",lock and hardware,Renaissance and Early Modern common,strike plate,a geometric bronze strike plate,bronze,Small,Good,1010,111,Era / Renaissance Era; Functions / Household Items / Household Wares; Market / Household Goods / Standard Wares,Holdable; Destroyable_HeavyMetal; Latch_Normal,Locksmithing,Blacksmithing,"Renaissance doors, locks and gates hardware catalogue; culture admission Renaissance and Early Modern common; availability Renaissance / Early Modern. It does not imply a custom matched-key or hidden-lock system."
renaissance_door_common_hinge_pair_148,Renaissance,Renaissance / Early Modern,"Doors, locks & gates",lock and hardware,Renaissance and Early Modern common,hinges,a cloud brass hinge pair,brass,Small,Standard,1095,119,Era / Renaissance Era; Functions / Household Items / Household Wares; Market / Household Goods / Standard Wares,Holdable; Destroyable_HeavyMetal; Latch_Normal,Locksmithing,Blacksmithing,"Renaissance doors, locks and gates hardware catalogue; culture admission Renaissance and Early Modern common; availability Renaissance / Early Modern. It does not imply a custom matched-key or hidden-lock system."
renaissance_door_common_keyring_149,Renaissance,Renaissance / Early Modern,"Doors, locks & gates",lock and hardware,Renaissance and Early Modern common,keyring,a shell copper keyring,copper,Small,VeryGood,1180,127,Era / Renaissance Era; Functions / Household Items / Household Wares; Market / Household Goods / Standard Wares,Holdable; Destroyable_HeavyMetal; Warded_Key,Locksmithing,Blacksmithing,"Renaissance doors, locks and gates hardware catalogue; culture admission Renaissance and Early Modern common; availability Renaissance / Early Modern. It does not imply a custom matched-key or hidden-lock system."
renaissance_door_common_escutcheon_150,Renaissance,Renaissance / Early Modern,"Doors, locks & gates",lock and hardware,Renaissance and Early Modern common,escutcheon,a reed pewter keyhole escutcheon,pewter,Small,Good,1265,135,Era / Renaissance Era; Functions / Household Items / Household Wares; Market / Household Goods / Standard Wares,Holdable; Destroyable_HeavyMetal; Latch_Normal,Locksmithing,Blacksmithing,"Renaissance doors, locks and gates hardware catalogue; culture admission Renaissance and Early Modern common; availability Renaissance / Early Modern. It does not imply a custom matched-key or hidden-lock system."
renaissance_door_common_warded_lock_151,Renaissance,Renaissance / Early Modern,"Doors, locks & gates",lock and hardware,Renaissance and Early Modern common,lock,a rosette wrought iron warded lock,wrought iron,Small,Standard,1350,143,Era / Renaissance Era; Functions / Household Items / Household Wares; Market / Household Goods / Standard Wares,Holdable; Destroyable_HeavyMetal; Warded_Lock_Normal,Locksmithing,Blacksmithing,"Renaissance doors, locks and gates hardware catalogue; culture admission Renaissance and Early Modern common; availability Renaissance / Early Modern. It does not imply a custom matched-key or hidden-lock system."
renaissance_door_common_good_warded_lock_152,Renaissance,Renaissance / Early Modern,"Doors, locks & gates",lock and hardware,Renaissance and Early Modern common,lock,a checker bronze fine warded lock,bronze,Small,Poor,1435,151,Era / Renaissance Era; Functions / Household Items / Household Wares; Market / Household Goods / Standard Wares,Holdable; Destroyable_HeavyMetal; Warded_Lock_Good,Locksmithing,Blacksmithing,"Renaissance doors, locks and gates hardware catalogue; culture admission Renaissance and Early Modern common; availability Renaissance / Early Modern. It does not imply a custom matched-key or hidden-lock system."
renaissance_door_common_master_warded_lock_153,Renaissance,Renaissance / Early Modern,"Doors, locks & gates",lock and hardware,Renaissance and Early Modern common,lock,a braided brass master warded lock,brass,Small,Standard,1520,7,Era / Renaissance Era; Functions / Household Items / Household Wares; Market / Household Goods / Standard Wares,Holdable; Destroyable_HeavyMetal; Warded_Lock_Master,Locksmithing,Blacksmithing,"Renaissance doors, locks and gates hardware catalogue; culture admission Renaissance and Early Modern common; availability Renaissance / Early Modern. It does not imply a custom matched-key or hidden-lock system."
renaissance_door_common_warded_key_154,Renaissance,Renaissance / Early Modern,"Doors, locks & gates",lock and hardware,Renaissance and Early Modern common,key,a radiating copper warded key,copper,Small,Good,160,15,Era / Renaissance Era; Functions / Household Items / Household Wares; Market / Household Goods / Standard Wares,Holdable; Destroyable_HeavyMetal; Warded_Key,Locksmithing,Blacksmithing,"Renaissance doors, locks and gates hardware catalogue; culture admission Renaissance and Early Modern common; availability Renaissance / Early Modern. It does not imply a custom matched-key or hidden-lock system."
renaissance_door_common_ring_key_155,Renaissance,Renaissance / Early Modern,"Doors, locks & gates",lock and hardware,Renaissance and Early Modern common,key,a leaf-scroll pewter ring bow key,pewter,Small,Good,245,23,Era / Renaissance Era; Functions / Household Items / Household Wares; Market / Household Goods / Standard Wares,Holdable; Destroyable_HeavyMetal; Warded_Key,Locksmithing,Blacksmithing,"Renaissance doors, locks and gates hardware catalogue; culture admission Renaissance and Early Modern common; availability Renaissance / Early Modern. It does not imply a custom matched-key or hidden-lock system."
renaissance_door_common_door_latch_156,Renaissance,Renaissance / Early Modern,"Doors, locks & gates",lock and hardware,Renaissance and Early Modern common,latch,a sunburst wrought iron door latch,wrought iron,Small,Standard,330,31,Era / Renaissance Era; Functions / Household Items / Household Wares; Market / Household Goods / Standard Wares,Holdable; Destroyable_HeavyMetal; Latch_Normal,Locksmithing,Blacksmithing,"Renaissance doors, locks and gates hardware catalogue; culture admission Renaissance and Early Modern common; availability Renaissance / Early Modern. It does not imply a custom matched-key or hidden-lock system."
renaissance_door_common_gate_dropbar_157,Renaissance,Renaissance / Early Modern,"Doors, locks & gates",lock and hardware,Renaissance and Early Modern common,drop bar,a water-wave bronze gate drop bar,bronze,Small,VeryGood,415,39,Era / Renaissance Era; Functions / Household Items / Household Wares; Market / Household Goods / Standard Wares,Holdable; Destroyable_HeavyMetal; Latch_Gate_DropBar,Locksmithing,Blacksmithing,"Renaissance doors, locks and gates hardware catalogue; culture admission Renaissance and Early Modern common; availability Renaissance / Early Modern. It does not imply a custom matched-key or hidden-lock system."
renaissance_door_common_door_bar_158,Renaissance,Renaissance / Early Modern,"Doors, locks & gates",lock and hardware,Renaissance and Early Modern common,bar,a knotted brass door bar,brass,Small,Good,500,47,Era / Renaissance Era; Functions / Household Items / Household Wares; Market / Household Goods / Standard Wares,Holdable; Destroyable_HeavyMetal; Latch_Door_Bar,Locksmithing,Blacksmithing,"Renaissance doors, locks and gates hardware catalogue; culture admission Renaissance and Early Modern common; availability Renaissance / Early Modern. It does not imply a custom matched-key or hidden-lock system."
renaissance_door_common_portcullis_pawl_159,Renaissance,Renaissance / Early Modern,"Doors, locks & gates",lock and hardware,Renaissance and Early Modern common,pawl,a flower-head copper winch pawl,copper,Small,Standard,585,55,Era / Renaissance Era; Functions / Household Items / Household Wares; Market / Household Goods / Standard Wares,Holdable; Destroyable_HeavyMetal; Latch_Portcullis_Pawl,Locksmithing,Blacksmithing,"Renaissance doors, locks and gates hardware catalogue; culture admission Renaissance and Early Modern common; availability Renaissance / Early Modern. It does not imply a custom matched-key or hidden-lock system."
renaissance_door_common_hasp_160,Renaissance,Renaissance / Early Modern,"Doors, locks & gates",lock and hardware,Renaissance and Early Modern common,hasp,a star pewter iron hasp,pewter,Small,Poor,670,63,Era / Renaissance Era; Functions / Household Items / Household Wares; Market / Household Goods / Standard Wares,Holdable; Destroyable_HeavyMetal; Latch_Container_Hasp,Locksmithing,Blacksmithing,"Renaissance doors, locks and gates hardware catalogue; culture admission Renaissance and Early Modern common; availability Renaissance / Early Modern. It does not imply a custom matched-key or hidden-lock system."
renaissance_door_common_hook_latch_161,Renaissance,Renaissance / Early Modern,"Doors, locks & gates",lock and hardware,Renaissance and Early Modern common,hook latch,a bird wrought iron hook latch,wrought iron,Small,Standard,755,71,Era / Renaissance Era; Functions / Household Items / Household Wares; Market / Household Goods / Standard Wares,Holdable; Destroyable_HeavyMetal; Latch_Container_Hook,Locksmithing,Blacksmithing,"Renaissance doors, locks and gates hardware catalogue; culture admission Renaissance and Early Modern common; availability Renaissance / Early Modern. It does not imply a custom matched-key or hidden-lock system."
renaissance_door_common_strike_plate_162,Renaissance,Renaissance / Early Modern,"Doors, locks & gates",lock and hardware,Renaissance and Early Modern common,strike plate,a vine bronze strike plate,bronze,Small,Good,840,79,Era / Renaissance Era; Functions / Household Items / Household Wares; Market / Household Goods / Standard Wares,Holdable; Destroyable_HeavyMetal; Latch_Normal,Locksmithing,Blacksmithing,"Renaissance doors, locks and gates hardware catalogue; culture admission Renaissance and Early Modern common; availability Renaissance / Early Modern. It does not imply a custom matched-key or hidden-lock system."
renaissance_door_common_hinge_pair_163,Renaissance,Renaissance / Early Modern,"Doors, locks & gates",lock and hardware,Renaissance and Early Modern common,hinges,a geometric brass hinge pair,brass,Small,Good,925,87,Era / Renaissance Era; Functions / Household Items / Household Wares; Market / Household Goods / Standard Wares,Holdable; Destroyable_HeavyMetal; Latch_Normal,Locksmithing,Blacksmithing,"Renaissance doors, locks and gates hardware catalogue; culture admission Renaissance and Early Modern common; availability Renaissance / Early Modern. It does not imply a custom matched-key or hidden-lock system."
renaissance_door_common_keyring_164,Renaissance,Renaissance / Early Modern,"Doors, locks & gates",lock and hardware,Renaissance and Early Modern common,keyring,a cloud copper keyring,copper,Small,Standard,1010,95,Era / Renaissance Era; Functions / Household Items / Household Wares; Market / Household Goods / Standard Wares,Holdable; Destroyable_HeavyMetal; Warded_Key,Locksmithing,Blacksmithing,"Renaissance doors, locks and gates hardware catalogue; culture admission Renaissance and Early Modern common; availability Renaissance / Early Modern. It does not imply a custom matched-key or hidden-lock system."
renaissance_door_common_escutcheon_165,Renaissance,Renaissance / Early Modern,"Doors, locks & gates",lock and hardware,Renaissance and Early Modern common,escutcheon,a shell pewter keyhole escutcheon,pewter,Small,VeryGood,1095,103,Era / Renaissance Era; Functions / Household Items / Household Wares; Market / Household Goods / Standard Wares,Holdable; Destroyable_HeavyMetal; Latch_Normal,Locksmithing,Blacksmithing,"Renaissance doors, locks and gates hardware catalogue; culture admission Renaissance and Early Modern common; availability Renaissance / Early Modern. It does not imply a custom matched-key or hidden-lock system."
renaissance_door_common_warded_lock_166,Renaissance,Renaissance / Early Modern,"Doors, locks & gates",lock and hardware,Renaissance and Early Modern common,lock,a reed wrought iron warded lock,wrought iron,Small,Good,1180,111,Era / Renaissance Era; Functions / Household Items / Household Wares; Market / Household Goods / Standard Wares,Holdable; Destroyable_HeavyMetal; Warded_Lock_Normal,Locksmithing,Blacksmithing,"Renaissance doors, locks and gates hardware catalogue; culture admission Renaissance and Early Modern common; availability Renaissance / Early Modern. It does not imply a custom matched-key or hidden-lock system."
renaissance_door_common_good_warded_lock_167,Renaissance,Renaissance / Early Modern,"Doors, locks & gates",lock and hardware,Renaissance and Early Modern common,lock,a rosette bronze fine warded lock,bronze,Small,Standard,1265,119,Era / Renaissance Era; Functions / Household Items / Household Wares; Market / Household Goods / Standard Wares,Holdable; Destroyable_HeavyMetal; Warded_Lock_Good,Locksmithing,Blacksmithing,"Renaissance doors, locks and gates hardware catalogue; culture admission Renaissance and Early Modern common; availability Renaissance / Early Modern. It does not imply a custom matched-key or hidden-lock system."
renaissance_door_common_master_warded_lock_168,Renaissance,Renaissance / Early Modern,"Doors, locks & gates",lock and hardware,Renaissance and Early Modern common,lock,a checker brass master warded lock,brass,Small,Poor,1350,127,Era / Renaissance Era; Functions / Household Items / Household Wares; Market / Household Goods / Standard Wares,Holdable; Destroyable_HeavyMetal; Warded_Lock_Master,Locksmithing,Blacksmithing,"Renaissance doors, locks and gates hardware catalogue; culture admission Renaissance and Early Modern common; availability Renaissance / Early Modern. It does not imply a custom matched-key or hidden-lock system."
renaissance_door_common_warded_key_169,Renaissance,Renaissance / Early Modern,"Doors, locks & gates",lock and hardware,Renaissance and Early Modern common,key,a braided copper warded key,copper,Small,Standard,1435,135,Era / Renaissance Era; Functions / Household Items / Household Wares; Market / Household Goods / Standard Wares,Holdable; Destroyable_HeavyMetal; Warded_Key,Locksmithing,Blacksmithing,"Renaissance doors, locks and gates hardware catalogue; culture admission Renaissance and Early Modern common; availability Renaissance / Early Modern. It does not imply a custom matched-key or hidden-lock system."
renaissance_door_common_ring_key_170,Renaissance,Renaissance / Early Modern,"Doors, locks & gates",lock and hardware,Renaissance and Early Modern common,key,a radiating pewter ring bow key,pewter,Small,Good,1520,143,Era / Renaissance Era; Functions / Household Items / Household Wares; Market / Household Goods / Standard Wares,Holdable; Destroyable_HeavyMetal; Warded_Key,Locksmithing,Blacksmithing,"Renaissance doors, locks and gates hardware catalogue; culture admission Renaissance and Early Modern common; availability Renaissance / Early Modern. It does not imply a custom matched-key or hidden-lock system."
renaissance_door_common_door_latch_171,Renaissance,Renaissance / Early Modern,"Doors, locks & gates",lock and hardware,Renaissance and Early Modern common,latch,a leaf-scroll wrought iron door latch,wrought iron,Small,Good,160,151,Era / Renaissance Era; Functions / Household Items / Household Wares; Market / Household Goods / Standard Wares,Holdable; Destroyable_HeavyMetal; Latch_Normal,Locksmithing,Blacksmithing,"Renaissance doors, locks and gates hardware catalogue; culture admission Renaissance and Early Modern common; availability Renaissance / Early Modern. It does not imply a custom matched-key or hidden-lock system."
renaissance_door_common_gate_dropbar_172,Renaissance,Renaissance / Early Modern,"Doors, locks & gates",lock and hardware,Renaissance and Early Modern common,drop bar,a sunburst bronze gate drop bar,bronze,Small,Standard,245,7,Era / Renaissance Era; Functions / Household Items / Household Wares; Market / Household Goods / Standard Wares,Holdable; Destroyable_HeavyMetal; Latch_Gate_DropBar,Locksmithing,Blacksmithing,"Renaissance doors, locks and gates hardware catalogue; culture admission Renaissance and Early Modern common; availability Renaissance / Early Modern. It does not imply a custom matched-key or hidden-lock system."
renaissance_door_common_door_bar_173,Renaissance,Renaissance / Early Modern,"Doors, locks & gates",lock and hardware,Renaissance and Early Modern common,bar,a water-wave brass door bar,brass,Small,VeryGood,330,15,Era / Renaissance Era; Functions / Household Items / Household Wares; Market / Household Goods / Standard Wares,Holdable; Destroyable_HeavyMetal; Latch_Door_Bar,Locksmithing,Blacksmithing,"Renaissance doors, locks and gates hardware catalogue; culture admission Renaissance and Early Modern common; availability Renaissance / Early Modern. It does not imply a custom matched-key or hidden-lock system."
renaissance_door_common_portcullis_pawl_174,Renaissance,Renaissance / Early Modern,"Doors, locks & gates",lock and hardware,Renaissance and Early Modern common,pawl,a knotted copper winch pawl,copper,Small,Good,415,23,Era / Renaissance Era; Functions / Household Items / Household Wares; Market / Household Goods / Standard Wares,Holdable; Destroyable_HeavyMetal; Latch_Portcullis_Pawl,Locksmithing,Blacksmithing,"Renaissance doors, locks and gates hardware catalogue; culture admission Renaissance and Early Modern common; availability Renaissance / Early Modern. It does not imply a custom matched-key or hidden-lock system."
renaissance_door_common_hasp_175,Renaissance,Renaissance / Early Modern,"Doors, locks & gates",lock and hardware,Renaissance and Early Modern common,hasp,a flower-head pewter iron hasp,pewter,Small,Standard,500,31,Era / Renaissance Era; Functions / Household Items / Household Wares; Market / Household Goods / Standard Wares,Holdable; Destroyable_HeavyMetal; Latch_Container_Hasp,Locksmithing,Blacksmithing,"Renaissance doors, locks and gates hardware catalogue; culture admission Renaissance and Early Modern common; availability Renaissance / Early Modern. It does not imply a custom matched-key or hidden-lock system."
renaissance_door_common_hook_latch_176,Renaissance,Renaissance / Early Modern,"Doors, locks & gates",lock and hardware,Renaissance and Early Modern common,hook latch,a star wrought iron hook latch,wrought iron,Small,Poor,585,39,Era / Renaissance Era; Functions / Household Items / Household Wares; Market / Household Goods / Standard Wares,Holdable; Destroyable_HeavyMetal; Latch_Container_Hook,Locksmithing,Blacksmithing,"Renaissance doors, locks and gates hardware catalogue; culture admission Renaissance and Early Modern common; availability Renaissance / Early Modern. It does not imply a custom matched-key or hidden-lock system."
renaissance_door_common_strike_plate_177,Renaissance,Renaissance / Early Modern,"Doors, locks & gates",lock and hardware,Renaissance and Early Modern common,strike plate,a bird bronze strike plate,bronze,Small,Standard,670,47,Era / Renaissance Era; Functions / Household Items / Household Wares; Market / Household Goods / Standard Wares,Holdable; Destroyable_HeavyMetal; Latch_Normal,Locksmithing,Blacksmithing,"Renaissance doors, locks and gates hardware catalogue; culture admission Renaissance and Early Modern common; availability Renaissance / Early Modern. It does not imply a custom matched-key or hidden-lock system."
renaissance_door_common_hinge_pair_178,Renaissance,Renaissance / Early Modern,"Doors, locks & gates",lock and hardware,Renaissance and Early Modern common,hinges,a vine brass hinge pair,brass,Small,Good,755,55,Era / Renaissance Era; Functions / Household Items / Household Wares; Market / Household Goods / Standard Wares,Holdable; Destroyable_HeavyMetal; Latch_Normal,Locksmithing,Blacksmithing,"Renaissance doors, locks and gates hardware catalogue; culture admission Renaissance and Early Modern common; availability Renaissance / Early Modern. It does not imply a custom matched-key or hidden-lock system."
renaissance_door_common_keyring_179,Renaissance,Renaissance / Early Modern,"Doors, locks & gates",lock and hardware,Renaissance and Early Modern common,keyring,a geometric copper keyring,copper,Small,Good,840,63,Era / Renaissance Era; Functions / Household Items / Household Wares; Market / Household Goods / Standard Wares,Holdable; Destroyable_HeavyMetal; Warded_Key,Locksmithing,Blacksmithing,"Renaissance doors, locks and gates hardware catalogue; culture admission Renaissance and Early Modern common; availability Renaissance / Early Modern. It does not imply a custom matched-key or hidden-lock system."
renaissance_door_common_escutcheon_180,Renaissance,Renaissance / Early Modern,"Doors, locks & gates",lock and hardware,Renaissance and Early Modern common,escutcheon,a cloud pewter keyhole escutcheon,pewter,Small,Standard,925,71,Era / Renaissance Era; Functions / Household Items / Household Wares; Market / Household Goods / Standard Wares,Holdable; Destroyable_HeavyMetal; Latch_Normal,Locksmithing,Blacksmithing,"Renaissance doors, locks and gates hardware catalogue; culture admission Renaissance and Early Modern common; availability Renaissance / Early Modern. It does not imply a custom matched-key or hidden-lock system."
renaissance_door_common_warded_lock_181,Renaissance,Renaissance / Early Modern,"Doors, locks & gates",lock and hardware,Renaissance and Early Modern common,lock,a shell wrought iron warded lock,wrought iron,Small,VeryGood,1010,79,Era / Renaissance Era; Functions / Household Items / Household Wares; Market / Household Goods / Standard Wares,Holdable; Destroyable_HeavyMetal; Warded_Lock_Normal,Locksmithing,Blacksmithing,"Renaissance doors, locks and gates hardware catalogue; culture admission Renaissance and Early Modern common; availability Renaissance / Early Modern. It does not imply a custom matched-key or hidden-lock system."
renaissance_door_common_good_warded_lock_182,Renaissance,Renaissance / Early Modern,"Doors, locks & gates",lock and hardware,Renaissance and Early Modern common,lock,a reed bronze fine warded lock,bronze,Small,Good,1095,87,Era / Renaissance Era; Functions / Household Items / Household Wares; Market / Household Goods / Standard Wares,Holdable; Destroyable_HeavyMetal; Warded_Lock_Good,Locksmithing,Blacksmithing,"Renaissance doors, locks and gates hardware catalogue; culture admission Renaissance and Early Modern common; availability Renaissance / Early Modern. It does not imply a custom matched-key or hidden-lock system."
renaissance_door_common_master_warded_lock_183,Renaissance,Renaissance / Early Modern,"Doors, locks & gates",lock and hardware,Renaissance and Early Modern common,lock,a rosette brass master warded lock,brass,Small,Standard,1180,95,Era / Renaissance Era; Functions / Household Items / Household Wares; Market / Household Goods / Standard Wares,Holdable; Destroyable_HeavyMetal; Warded_Lock_Master,Locksmithing,Blacksmithing,"Renaissance doors, locks and gates hardware catalogue; culture admission Renaissance and Early Modern common; availability Renaissance / Early Modern. It does not imply a custom matched-key or hidden-lock system."
renaissance_door_common_warded_key_184,Renaissance,Renaissance / Early Modern,"Doors, locks & gates",lock and hardware,Renaissance and Early Modern common,key,a checker copper warded key,copper,Small,Poor,1265,103,Era / Renaissance Era; Functions / Household Items / Household Wares; Market / Household Goods / Standard Wares,Holdable; Destroyable_HeavyMetal; Warded_Key,Locksmithing,Blacksmithing,"Renaissance doors, locks and gates hardware catalogue; culture admission Renaissance and Early Modern common; availability Renaissance / Early Modern. It does not imply a custom matched-key or hidden-lock system."
renaissance_door_common_ring_key_185,Renaissance,Renaissance / Early Modern,"Doors, locks & gates",lock and hardware,Renaissance and Early Modern common,key,a braided pewter ring bow key,pewter,Small,Standard,1350,111,Era / Renaissance Era; Functions / Household Items / Household Wares; Market / Household Goods / Standard Wares,Holdable; Destroyable_HeavyMetal; Warded_Key,Locksmithing,Blacksmithing,"Renaissance doors, locks and gates hardware catalogue; culture admission Renaissance and Early Modern common; availability Renaissance / Early Modern. It does not imply a custom matched-key or hidden-lock system."
renaissance_door_common_door_latch_186,Renaissance,Renaissance / Early Modern,"Doors, locks & gates",lock and hardware,Renaissance and Early Modern common,latch,a radiating wrought iron door latch,wrought iron,Small,Good,1435,119,Era / Renaissance Era; Functions / Household Items / Household Wares; Market / Household Goods / Standard Wares,Holdable; Destroyable_HeavyMetal; Latch_Normal,Locksmithing,Blacksmithing,"Renaissance doors, locks and gates hardware catalogue; culture admission Renaissance and Early Modern common; availability Renaissance / Early Modern. It does not imply a custom matched-key or hidden-lock system."
renaissance_door_common_gate_dropbar_187,Renaissance,Renaissance / Early Modern,"Doors, locks & gates",lock and hardware,Renaissance and Early Modern common,drop bar,a leaf-scroll bronze gate drop bar,bronze,Small,Good,1520,127,Era / Renaissance Era; Functions / Household Items / Household Wares; Market / Household Goods / Standard Wares,Holdable; Destroyable_HeavyMetal; Latch_Gate_DropBar,Locksmithing,Blacksmithing,"Renaissance doors, locks and gates hardware catalogue; culture admission Renaissance and Early Modern common; availability Renaissance / Early Modern. It does not imply a custom matched-key or hidden-lock system."
renaissance_door_common_door_bar_188,Renaissance,Renaissance / Early Modern,"Doors, locks & gates",lock and hardware,Renaissance and Early Modern common,bar,a sunburst brass door bar,brass,Small,Standard,160,135,Era / Renaissance Era; Functions / Household Items / Household Wares; Market / Household Goods / Standard Wares,Holdable; Destroyable_HeavyMetal; Latch_Door_Bar,Locksmithing,Blacksmithing,"Renaissance doors, locks and gates hardware catalogue; culture admission Renaissance and Early Modern common; availability Renaissance / Early Modern. It does not imply a custom matched-key or hidden-lock system."
renaissance_door_common_portcullis_pawl_189,Renaissance,Renaissance / Early Modern,"Doors, locks & gates",lock and hardware,Renaissance and Early Modern common,pawl,a water-wave copper winch pawl,copper,Small,VeryGood,245,143,Era / Renaissance Era; Functions / Household Items / Household Wares; Market / Household Goods / Standard Wares,Holdable; Destroyable_HeavyMetal; Latch_Portcullis_Pawl,Locksmithing,Blacksmithing,"Renaissance doors, locks and gates hardware catalogue; culture admission Renaissance and Early Modern common; availability Renaissance / Early Modern. It does not imply a custom matched-key or hidden-lock system."
renaissance_door_common_hasp_190,Renaissance,Renaissance / Early Modern,"Doors, locks & gates",lock and hardware,Renaissance and Early Modern common,hasp,a knotted pewter iron hasp,pewter,Small,Good,330,151,Era / Renaissance Era; Functions / Household Items / Household Wares; Market / Household Goods / Standard Wares,Holdable; Destroyable_HeavyMetal; Latch_Container_Hasp,Locksmithing,Blacksmithing,"Renaissance doors, locks and gates hardware catalogue; culture admission Renaissance and Early Modern common; availability Renaissance / Early Modern. It does not imply a custom matched-key or hidden-lock system."
renaissance_door_common_hook_latch_191,Renaissance,Renaissance / Early Modern,"Doors, locks & gates",lock and hardware,Renaissance and Early Modern common,hook latch,a flower-head wrought iron hook latch,wrought iron,Small,Standard,415,7,Era / Renaissance Era; Functions / Household Items / Household Wares; Market / Household Goods / Standard Wares,Holdable; Destroyable_HeavyMetal; Latch_Container_Hook,Locksmithing,Blacksmithing,"Renaissance doors, locks and gates hardware catalogue; culture admission Renaissance and Early Modern common; availability Renaissance / Early Modern. It does not imply a custom matched-key or hidden-lock system."
renaissance_door_common_strike_plate_192,Renaissance,Renaissance / Early Modern,"Doors, locks & gates",lock and hardware,Renaissance and Early Modern common,strike plate,a star bronze strike plate,bronze,Small,Poor,500,15,Era / Renaissance Era; Functions / Household Items / Household Wares; Market / Household Goods / Standard Wares,Holdable; Destroyable_HeavyMetal; Latch_Normal,Locksmithing,Blacksmithing,"Renaissance doors, locks and gates hardware catalogue; culture admission Renaissance and Early Modern common; availability Renaissance / Early Modern. It does not imply a custom matched-key or hidden-lock system."
renaissance_door_common_hinge_pair_193,Renaissance,Renaissance / Early Modern,"Doors, locks & gates",lock and hardware,Renaissance and Early Modern common,hinges,a bird brass hinge pair,brass,Small,Standard,585,23,Era / Renaissance Era; Functions / Household Items / Household Wares; Market / Household Goods / Standard Wares,Holdable; Destroyable_HeavyMetal; Latch_Normal,Locksmithing,Blacksmithing,"Renaissance doors, locks and gates hardware catalogue; culture admission Renaissance and Early Modern common; availability Renaissance / Early Modern. It does not imply a custom matched-key or hidden-lock system."
renaissance_door_common_keyring_194,Renaissance,Renaissance / Early Modern,"Doors, locks & gates",lock and hardware,Renaissance and Early Modern common,keyring,a vine copper keyring,copper,Small,Good,670,31,Era / Renaissance Era; Functions / Household Items / Household Wares; Market / Household Goods / Standard Wares,Holdable; Destroyable_HeavyMetal; Warded_Key,Locksmithing,Blacksmithing,"Renaissance doors, locks and gates hardware catalogue; culture admission Renaissance and Early Modern common; availability Renaissance / Early Modern. It does not imply a custom matched-key or hidden-lock system."
renaissance_door_common_escutcheon_195,Renaissance,Renaissance / Early Modern,"Doors, locks & gates",lock and hardware,Renaissance and Early Modern common,escutcheon,a geometric pewter keyhole escutcheon,pewter,Small,Good,755,39,Era / Renaissance Era; Functions / Household Items / Household Wares; Market / Household Goods / Standard Wares,Holdable; Destroyable_HeavyMetal; Latch_Normal,Locksmithing,Blacksmithing,"Renaissance doors, locks and gates hardware catalogue; culture admission Renaissance and Early Modern common; availability Renaissance / Early Modern. It does not imply a custom matched-key or hidden-lock system."
renaissance_door_common_warded_lock_196,Renaissance,Renaissance / Early Modern,"Doors, locks & gates",lock and hardware,Renaissance and Early Modern common,lock,a cloud wrought iron warded lock,wrought iron,Small,Standard,840,47,Era / Renaissance Era; Functions / Household Items / Household Wares; Market / Household Goods / Standard Wares,Holdable; Destroyable_HeavyMetal; Warded_Lock_Normal,Locksmithing,Blacksmithing,"Renaissance doors, locks and gates hardware catalogue; culture admission Renaissance and Early Modern common; availability Renaissance / Early Modern. It does not imply a custom matched-key or hidden-lock system."
renaissance_door_common_good_warded_lock_197,Renaissance,Renaissance / Early Modern,"Doors, locks & gates",lock and hardware,Renaissance and Early Modern common,lock,a shell bronze fine warded lock,bronze,Small,VeryGood,925,55,Era / Renaissance Era; Functions / Household Items / Household Wares; Market / Household Goods / Standard Wares,Holdable; Destroyable_HeavyMetal; Warded_Lock_Good,Locksmithing,Blacksmithing,"Renaissance doors, locks and gates hardware catalogue; culture admission Renaissance and Early Modern common; availability Renaissance / Early Modern. It does not imply a custom matched-key or hidden-lock system."
renaissance_door_common_master_warded_lock_198,Renaissance,Renaissance / Early Modern,"Doors, locks & gates",lock and hardware,Renaissance and Early Modern common,lock,a reed brass master warded lock,brass,Small,Good,1010,63,Era / Renaissance Era; Functions / Household Items / Household Wares; Market / Household Goods / Standard Wares,Holdable; Destroyable_HeavyMetal; Warded_Lock_Master,Locksmithing,Blacksmithing,"Renaissance doors, locks and gates hardware catalogue; culture admission Renaissance and Early Modern common; availability Renaissance / Early Modern. It does not imply a custom matched-key or hidden-lock system."
renaissance_door_common_warded_key_199,Renaissance,Renaissance / Early Modern,"Doors, locks & gates",lock and hardware,Renaissance and Early Modern common,key,a rosette copper warded key,copper,Small,Standard,1095,71,Era / Renaissance Era; Functions / Household Items / Household Wares; Market / Household Goods / Standard Wares,Holdable; Destroyable_HeavyMetal; Warded_Key,Locksmithing,Blacksmithing,"Renaissance doors, locks and gates hardware catalogue; culture admission Renaissance and Early Modern common; availability Renaissance / Early Modern. It does not imply a custom matched-key or hidden-lock system."
renaissance_door_common_ring_key_200,Renaissance,Renaissance / Early Modern,"Doors, locks & gates",lock and hardware,Renaissance and Early Modern common,key,a checker pewter ring bow key,pewter,Small,Poor,1180,79,Era / Renaissance Era; Functions / Household Items / Household Wares; Market / Household Goods / Standard Wares,Holdable; Destroyable_HeavyMetal; Warded_Key,Locksmithing,Blacksmithing,"Renaissance doors, locks and gates hardware catalogue; culture admission Renaissance and Early Modern common; availability Renaissance / Early Modern. It does not imply a custom matched-key or hidden-lock system."
renaissance_door_common_door_latch_201,Renaissance,Renaissance / Early Modern,"Doors, locks & gates",lock and hardware,Renaissance and Early Modern common,latch,a braided wrought iron door latch,wrought iron,Small,Standard,1265,87,Era / Renaissance Era; Functions / Household Items / Household Wares; Market / Household Goods / Standard Wares,Holdable; Destroyable_HeavyMetal; Latch_Normal,Locksmithing,Blacksmithing,"Renaissance doors, locks and gates hardware catalogue; culture admission Renaissance and Early Modern common; availability Renaissance / Early Modern. It does not imply a custom matched-key or hidden-lock system."
renaissance_door_common_gate_dropbar_202,Renaissance,Renaissance / Early Modern,"Doors, locks & gates",lock and hardware,Renaissance and Early Modern common,drop bar,a radiating bronze gate drop bar,bronze,Small,Good,1350,95,Era / Renaissance Era; Functions / Household Items / Household Wares; Market / Household Goods / Standard Wares,Holdable; Destroyable_HeavyMetal; Latch_Gate_DropBar,Locksmithing,Blacksmithing,"Renaissance doors, locks and gates hardware catalogue; culture admission Renaissance and Early Modern common; availability Renaissance / Early Modern. It does not imply a custom matched-key or hidden-lock system."
renaissance_door_common_door_bar_203,Renaissance,Renaissance / Early Modern,"Doors, locks & gates",lock and hardware,Renaissance and Early Modern common,bar,a leaf-scroll brass door bar,brass,Small,Good,1435,103,Era / Renaissance Era; Functions / Household Items / Household Wares; Market / Household Goods / Standard Wares,Holdable; Destroyable_HeavyMetal; Latch_Door_Bar,Locksmithing,Blacksmithing,"Renaissance doors, locks and gates hardware catalogue; culture admission Renaissance and Early Modern common; availability Renaissance / Early Modern. It does not imply a custom matched-key or hidden-lock system."
renaissance_door_common_portcullis_pawl_204,Renaissance,Renaissance / Early Modern,"Doors, locks & gates",lock and hardware,Renaissance and Early Modern common,pawl,a sunburst copper winch pawl,copper,Small,Standard,1520,111,Era / Renaissance Era; Functions / Household Items / Household Wares; Market / Household Goods / Standard Wares,Holdable; Destroyable_HeavyMetal; Latch_Portcullis_Pawl,Locksmithing,Blacksmithing,"Renaissance doors, locks and gates hardware catalogue; culture admission Renaissance and Early Modern common; availability Renaissance / Early Modern. It does not imply a custom matched-key or hidden-lock system."
renaissance_door_common_hasp_205,Renaissance,Renaissance / Early Modern,"Doors, locks & gates",lock and hardware,Renaissance and Early Modern common,hasp,a water-wave pewter iron hasp,pewter,Small,VeryGood,160,119,Era / Renaissance Era; Functions / Household Items / Household Wares; Market / Household Goods / Standard Wares,Holdable; Destroyable_HeavyMetal; Latch_Container_Hasp,Locksmithing,Blacksmithing,"Renaissance doors, locks and gates hardware catalogue; culture admission Renaissance and Early Modern common; availability Renaissance / Early Modern. It does not imply a custom matched-key or hidden-lock system."
renaissance_door_common_hook_latch_206,Renaissance,Renaissance / Early Modern,"Doors, locks & gates",lock and hardware,Renaissance and Early Modern common,hook latch,a knotted wrought iron hook latch,wrought iron,Small,Good,245,127,Era / Renaissance Era; Functions / Household Items / Household Wares; Market / Household Goods / Standard Wares,Holdable; Destroyable_HeavyMetal; Latch_Container_Hook,Locksmithing,Blacksmithing,"Renaissance doors, locks and gates hardware catalogue; culture admission Renaissance and Early Modern common; availability Renaissance / Early Modern. It does not imply a custom matched-key or hidden-lock system."
renaissance_door_common_strike_plate_207,Renaissance,Renaissance / Early Modern,"Doors, locks & gates",lock and hardware,Renaissance and Early Modern common,strike plate,a flower-head bronze strike plate,bronze,Small,Standard,330,135,Era / Renaissance Era; Functions / Household Items / Household Wares; Market / Household Goods / Standard Wares,Holdable; Destroyable_HeavyMetal; Latch_Normal,Locksmithing,Blacksmithing,"Renaissance doors, locks and gates hardware catalogue; culture admission Renaissance and Early Modern common; availability Renaissance / Early Modern. It does not imply a custom matched-key or hidden-lock system."
renaissance_door_common_hinge_pair_208,Renaissance,Renaissance / Early Modern,"Doors, locks & gates",lock and hardware,Renaissance and Early Modern common,hinges,a star brass hinge pair,brass,Small,Poor,415,143,Era / Renaissance Era; Functions / Household Items / Household Wares; Market / Household Goods / Standard Wares,Holdable; Destroyable_HeavyMetal; Latch_Normal,Locksmithing,Blacksmithing,"Renaissance doors, locks and gates hardware catalogue; culture admission Renaissance and Early Modern common; availability Renaissance / Early Modern. It does not imply a custom matched-key or hidden-lock system."
renaissance_door_common_keyring_209,Renaissance,Renaissance / Early Modern,"Doors, locks & gates",lock and hardware,Renaissance and Early Modern common,keyring,a bird copper keyring,copper,Small,Standard,500,151,Era / Renaissance Era; Functions / Household Items / Household Wares; Market / Household Goods / Standard Wares,Holdable; Destroyable_HeavyMetal; Warded_Key,Locksmithing,Blacksmithing,"Renaissance doors, locks and gates hardware catalogue; culture admission Renaissance and Early Modern common; availability Renaissance / Early Modern. It does not imply a custom matched-key or hidden-lock system."
renaissance_door_common_escutcheon_210,Renaissance,Renaissance / Early Modern,"Doors, locks & gates",lock and hardware,Renaissance and Early Modern common,escutcheon,a vine pewter keyhole escutcheon,pewter,Small,Good,585,7,Era / Renaissance Era; Functions / Household Items / Household Wares; Market / Household Goods / Standard Wares,Holdable; Destroyable_HeavyMetal; Latch_Normal,Locksmithing,Blacksmithing,"Renaissance doors, locks and gates hardware catalogue; culture admission Renaissance and Early Modern common; availability Renaissance / Early Modern. It does not imply a custom matched-key or hidden-lock system."
renaissance_door_common_warded_lock_211,Renaissance,Renaissance / Early Modern,"Doors, locks & gates",lock and hardware,Renaissance and Early Modern common,lock,a geometric wrought iron warded lock,wrought iron,Small,Good,670,15,Era / Renaissance Era; Functions / Household Items / Household Wares; Market / Household Goods / Standard Wares,Holdable; Destroyable_HeavyMetal; Warded_Lock_Normal,Locksmithing,Blacksmithing,"Renaissance doors, locks and gates hardware catalogue; culture admission Renaissance and Early Modern common; availability Renaissance / Early Modern. It does not imply a custom matched-key or hidden-lock system."
renaissance_door_common_good_warded_lock_212,Renaissance,Renaissance / Early Modern,"Doors, locks & gates",lock and hardware,Renaissance and Early Modern common,lock,a cloud bronze fine warded lock,bronze,Small,Standard,755,23,Era / Renaissance Era; Functions / Household Items / Household Wares; Market / Household Goods / Standard Wares,Holdable; Destroyable_HeavyMetal; Warded_Lock_Good,Locksmithing,Blacksmithing,"Renaissance doors, locks and gates hardware catalogue; culture admission Renaissance and Early Modern common; availability Renaissance / Early Modern. It does not imply a custom matched-key or hidden-lock system."
renaissance_door_common_master_warded_lock_213,Renaissance,Renaissance / Early Modern,"Doors, locks & gates",lock and hardware,Renaissance and Early Modern common,lock,a shell brass master warded lock,brass,Small,VeryGood,840,31,Era / Renaissance Era; Functions / Household Items / Household Wares; Market / Household Goods / Standard Wares,Holdable; Destroyable_HeavyMetal; Warded_Lock_Master,Locksmithing,Blacksmithing,"Renaissance doors, locks and gates hardware catalogue; culture admission Renaissance and Early Modern common; availability Renaissance / Early Modern. It does not imply a custom matched-key or hidden-lock system."
renaissance_door_common_warded_key_214,Renaissance,Renaissance / Early Modern,"Doors, locks & gates",lock and hardware,Renaissance and Early Modern common,key,a reed copper warded key,copper,Small,Good,925,39,Era / Renaissance Era; Functions / Household Items / Household Wares; Market / Household Goods / Standard Wares,Holdable; Destroyable_HeavyMetal; Warded_Key,Locksmithing,Blacksmithing,"Renaissance doors, locks and gates hardware catalogue; culture admission Renaissance and Early Modern common; availability Renaissance / Early Modern. It does not imply a custom matched-key or hidden-lock system."
renaissance_door_common_ring_key_215,Renaissance,Renaissance / Early Modern,"Doors, locks & gates",lock and hardware,Renaissance and Early Modern common,key,a rosette pewter ring bow key,pewter,Small,Standard,1010,47,Era / Renaissance Era; Functions / Household Items / Household Wares; Market / Household Goods / Standard Wares,Holdable; Destroyable_HeavyMetal; Warded_Key,Locksmithing,Blacksmithing,"Renaissance doors, locks and gates hardware catalogue; culture admission Renaissance and Early Modern common; availability Renaissance / Early Modern. It does not imply a custom matched-key or hidden-lock system."
renaissance_door_common_door_latch_216,Renaissance,Renaissance / Early Modern,"Doors, locks & gates",lock and hardware,Renaissance and Early Modern common,latch,a checker wrought iron door latch,wrought iron,Small,Poor,1095,55,Era / Renaissance Era; Functions / Household Items / Household Wares; Market / Household Goods / Standard Wares,Holdable; Destroyable_HeavyMetal; Latch_Normal,Locksmithing,Blacksmithing,"Renaissance doors, locks and gates hardware catalogue; culture admission Renaissance and Early Modern common; availability Renaissance / Early Modern. It does not imply a custom matched-key or hidden-lock system."
renaissance_door_common_gate_dropbar_217,Renaissance,Renaissance / Early Modern,"Doors, locks & gates",lock and hardware,Renaissance and Early Modern common,drop bar,a braided bronze gate drop bar,bronze,Small,Standard,1180,63,Era / Renaissance Era; Functions / Household Items / Household Wares; Market / Household Goods / Standard Wares,Holdable; Destroyable_HeavyMetal; Latch_Gate_DropBar,Locksmithing,Blacksmithing,"Renaissance doors, locks and gates hardware catalogue; culture admission Renaissance and Early Modern common; availability Renaissance / Early Modern. It does not imply a custom matched-key or hidden-lock system."
renaissance_door_common_door_bar_218,Renaissance,Renaissance / Early Modern,"Doors, locks & gates",lock and hardware,Renaissance and Early Modern common,bar,a radiating brass door bar,brass,Small,Good,1265,71,Era / Renaissance Era; Functions / Household Items / Household Wares; Market / Household Goods / Standard Wares,Holdable; Destroyable_HeavyMetal; Latch_Door_Bar,Locksmithing,Blacksmithing,"Renaissance doors, locks and gates hardware catalogue; culture admission Renaissance and Early Modern common; availability Renaissance / Early Modern. It does not imply a custom matched-key or hidden-lock system."
renaissance_door_common_portcullis_pawl_219,Renaissance,Renaissance / Early Modern,"Doors, locks & gates",lock and hardware,Renaissance and Early Modern common,pawl,a leaf-scroll copper winch pawl,copper,Small,Good,1350,79,Era / Renaissance Era; Functions / Household Items / Household Wares; Market / Household Goods / Standard Wares,Holdable; Destroyable_HeavyMetal; Latch_Portcullis_Pawl,Locksmithing,Blacksmithing,"Renaissance doors, locks and gates hardware catalogue; culture admission Renaissance and Early Modern common; availability Renaissance / Early Modern. It does not imply a custom matched-key or hidden-lock system."
renaissance_door_common_hasp_220,Renaissance,Renaissance / Early Modern,"Doors, locks & gates",lock and hardware,Renaissance and Early Modern common,hasp,a sunburst pewter iron hasp,pewter,Small,Standard,1435,87,Era / Renaissance Era; Functions / Household Items / Household Wares; Market / Household Goods / Standard Wares,Holdable; Destroyable_HeavyMetal; Latch_Container_Hasp,Locksmithing,Blacksmithing,"Renaissance doors, locks and gates hardware catalogue; culture admission Renaissance and Early Modern common; availability Renaissance / Early Modern. It does not imply a custom matched-key or hidden-lock system."
renaissance_door_common_hook_latch_221,Renaissance,Renaissance / Early Modern,"Doors, locks & gates",lock and hardware,Renaissance and Early Modern common,hook latch,a water-wave wrought iron hook latch,wrought iron,Small,VeryGood,1520,95,Era / Renaissance Era; Functions / Household Items / Household Wares; Market / Household Goods / Standard Wares,Holdable; Destroyable_HeavyMetal; Latch_Container_Hook,Locksmithing,Blacksmithing,"Renaissance doors, locks and gates hardware catalogue; culture admission Renaissance and Early Modern common; availability Renaissance / Early Modern. It does not imply a custom matched-key or hidden-lock system."
renaissance_door_common_strike_plate_222,Renaissance,Renaissance / Early Modern,"Doors, locks & gates",lock and hardware,Renaissance and Early Modern common,strike plate,a knotted bronze strike plate,bronze,Small,Good,160,103,Era / Renaissance Era; Functions / Household Items / Household Wares; Market / Household Goods / Standard Wares,Holdable; Destroyable_HeavyMetal; Latch_Normal,Locksmithing,Blacksmithing,"Renaissance doors, locks and gates hardware catalogue; culture admission Renaissance and Early Modern common; availability Renaissance / Early Modern. It does not imply a custom matched-key or hidden-lock system."
renaissance_door_common_hinge_pair_223,Renaissance,Renaissance / Early Modern,"Doors, locks & gates",lock and hardware,Renaissance and Early Modern common,hinges,a flower-head brass hinge pair,brass,Small,Standard,245,111,Era / Renaissance Era; Functions / Household Items / Household Wares; Market / Household Goods / Standard Wares,Holdable; Destroyable_HeavyMetal; Latch_Normal,Locksmithing,Blacksmithing,"Renaissance doors, locks and gates hardware catalogue; culture admission Renaissance and Early Modern common; availability Renaissance / Early Modern. It does not imply a custom matched-key or hidden-lock system."
renaissance_door_common_keyring_224,Renaissance,Renaissance / Early Modern,"Doors, locks & gates",lock and hardware,Renaissance and Early Modern common,keyring,a star copper keyring,copper,Small,Poor,330,119,Era / Renaissance Era; Functions / Household Items / Household Wares; Market / Household Goods / Standard Wares,Holdable; Destroyable_HeavyMetal; Warded_Key,Locksmithing,Blacksmithing,"Renaissance doors, locks and gates hardware catalogue; culture admission Renaissance and Early Modern common; availability Renaissance / Early Modern. It does not imply a custom matched-key or hidden-lock system."
renaissance_door_common_escutcheon_225,Renaissance,Renaissance / Early Modern,"Doors, locks & gates",lock and hardware,Renaissance and Early Modern common,escutcheon,a bird pewter keyhole escutcheon,pewter,Small,Standard,415,127,Era / Renaissance Era; Functions / Household Items / Household Wares; Market / Household Goods / Standard Wares,Holdable; Destroyable_HeavyMetal; Latch_Normal,Locksmithing,Blacksmithing,"Renaissance doors, locks and gates hardware catalogue; culture admission Renaissance and Early Modern common; availability Renaissance / Early Modern. It does not imply a custom matched-key or hidden-lock system."
renaissance_door_common_warded_lock_226,Renaissance,Renaissance / Early Modern,"Doors, locks & gates",lock and hardware,Renaissance and Early Modern common,lock,a vine wrought iron warded lock,wrought iron,Small,Good,500,135,Era / Renaissance Era; Functions / Household Items / Household Wares; Market / Household Goods / Standard Wares,Holdable; Destroyable_HeavyMetal; Warded_Lock_Normal,Locksmithing,Blacksmithing,"Renaissance doors, locks and gates hardware catalogue; culture admission Renaissance and Early Modern common; availability Renaissance / Early Modern. It does not imply a custom matched-key or hidden-lock system."
renaissance_door_common_good_warded_lock_227,Renaissance,Renaissance / Early Modern,"Doors, locks & gates",lock and hardware,Renaissance and Early Modern common,lock,a geometric bronze fine warded lock,bronze,Small,Good,585,143,Era / Renaissance Era; Functions / Household Items / Household Wares; Market / Household Goods / Standard Wares,Holdable; Destroyable_HeavyMetal; Warded_Lock_Good,Locksmithing,Blacksmithing,"Renaissance doors, locks and gates hardware catalogue; culture admission Renaissance and Early Modern common; availability Renaissance / Early Modern. It does not imply a custom matched-key or hidden-lock system."
renaissance_door_common_master_warded_lock_228,Renaissance,Renaissance / Early Modern,"Doors, locks & gates",lock and hardware,Renaissance and Early Modern common,lock,a cloud brass master warded lock,brass,Small,Standard,670,151,Era / Renaissance Era; Functions / Household Items / Household Wares; Market / Household Goods / Standard Wares,Holdable; Destroyable_HeavyMetal; Warded_Lock_Master,Locksmithing,Blacksmithing,"Renaissance doors, locks and gates hardware catalogue; culture admission Renaissance and Early Modern common; availability Renaissance / Early Modern. It does not imply a custom matched-key or hidden-lock system."
renaissance_door_common_warded_key_229,Renaissance,Renaissance / Early Modern,"Doors, locks & gates",lock and hardware,Renaissance and Early Modern common,key,a shell copper warded key,copper,Small,VeryGood,755,7,Era / Renaissance Era; Functions / Household Items / Household Wares; Market / Household Goods / Standard Wares,Holdable; Destroyable_HeavyMetal; Warded_Key,Locksmithing,Blacksmithing,"Renaissance doors, locks and gates hardware catalogue; culture admission Renaissance and Early Modern common; availability Renaissance / Early Modern. It does not imply a custom matched-key or hidden-lock system."
renaissance_door_common_ring_key_230,Renaissance,Renaissance / Early Modern,"Doors, locks & gates",lock and hardware,Renaissance and Early Modern common,key,a reed pewter ring bow key,pewter,Small,Good,840,15,Era / Renaissance Era; Functions / Household Items / Household Wares; Market / Household Goods / Standard Wares,Holdable; Destroyable_HeavyMetal; Warded_Key,Locksmithing,Blacksmithing,"Renaissance doors, locks and gates hardware catalogue; culture admission Renaissance and Early Modern common; availability Renaissance / Early Modern. It does not imply a custom matched-key or hidden-lock system."
renaissance_door_common_door_latch_231,Renaissance,Renaissance / Early Modern,"Doors, locks & gates",lock and hardware,Renaissance and Early Modern common,latch,a rosette wrought iron door latch,wrought iron,Small,Standard,925,23,Era / Renaissance Era; Functions / Household Items / Household Wares; Market / Household Goods / Standard Wares,Holdable; Destroyable_HeavyMetal; Latch_Normal,Locksmithing,Blacksmithing,"Renaissance doors, locks and gates hardware catalogue; culture admission Renaissance and Early Modern common; availability Renaissance / Early Modern. It does not imply a custom matched-key or hidden-lock system."
renaissance_door_common_gate_dropbar_232,Renaissance,Renaissance / Early Modern,"Doors, locks & gates",lock and hardware,Renaissance and Early Modern common,drop bar,a checker bronze gate drop bar,bronze,Small,Poor,1010,31,Era / Renaissance Era; Functions / Household Items / Household Wares; Market / Household Goods / Standard Wares,Holdable; Destroyable_HeavyMetal; Latch_Gate_DropBar,Locksmithing,Blacksmithing,"Renaissance doors, locks and gates hardware catalogue; culture admission Renaissance and Early Modern common; availability Renaissance / Early Modern. It does not imply a custom matched-key or hidden-lock system."
renaissance_door_common_door_bar_233,Renaissance,Renaissance / Early Modern,"Doors, locks & gates",lock and hardware,Renaissance and Early Modern common,bar,a braided brass door bar,brass,Small,Standard,1095,39,Era / Renaissance Era; Functions / Household Items / Household Wares; Market / Household Goods / Standard Wares,Holdable; Destroyable_HeavyMetal; Latch_Door_Bar,Locksmithing,Blacksmithing,"Renaissance doors, locks and gates hardware catalogue; culture admission Renaissance and Early Modern common; availability Renaissance / Early Modern. It does not imply a custom matched-key or hidden-lock system."
renaissance_door_common_portcullis_pawl_234,Renaissance,Renaissance / Early Modern,"Doors, locks & gates",lock and hardware,Renaissance and Early Modern common,pawl,a radiating copper winch pawl,copper,Small,Good,1180,47,Era / Renaissance Era; Functions / Household Items / Household Wares; Market / Household Goods / Standard Wares,Holdable; Destroyable_HeavyMetal; Latch_Portcullis_Pawl,Locksmithing,Blacksmithing,"Renaissance doors, locks and gates hardware catalogue; culture admission Renaissance and Early Modern common; availability Renaissance / Early Modern. It does not imply a custom matched-key or hidden-lock system."
renaissance_door_common_hasp_235,Renaissance,Renaissance / Early Modern,"Doors, locks & gates",lock and hardware,Renaissance and Early Modern common,hasp,a leaf-scroll pewter iron hasp,pewter,Small,Good,1265,55,Era / Renaissance Era; Functions / Household Items / Household Wares; Market / Household Goods / Standard Wares,Holdable; Destroyable_HeavyMetal; Latch_Container_Hasp,Locksmithing,Blacksmithing,"Renaissance doors, locks and gates hardware catalogue; culture admission Renaissance and Early Modern common; availability Renaissance / Early Modern. It does not imply a custom matched-key or hidden-lock system."
renaissance_door_common_hook_latch_236,Renaissance,Renaissance / Early Modern,"Doors, locks & gates",lock and hardware,Renaissance and Early Modern common,hook latch,a sunburst wrought iron hook latch,wrought iron,Small,Standard,1350,63,Era / Renaissance Era; Functions / Household Items / Household Wares; Market / Household Goods / Standard Wares,Holdable; Destroyable_HeavyMetal; Latch_Container_Hook,Locksmithing,Blacksmithing,"Renaissance doors, locks and gates hardware catalogue; culture admission Renaissance and Early Modern common; availability Renaissance / Early Modern. It does not imply a custom matched-key or hidden-lock system."
renaissance_door_common_strike_plate_237,Renaissance,Renaissance / Early Modern,"Doors, locks & gates",lock and hardware,Renaissance and Early Modern common,strike plate,a water-wave bronze strike plate,bronze,Small,VeryGood,1435,71,Era / Renaissance Era; Functions / Household Items / Household Wares; Market / Household Goods / Standard Wares,Holdable; Destroyable_HeavyMetal; Latch_Normal,Locksmithing,Blacksmithing,"Renaissance doors, locks and gates hardware catalogue; culture admission Renaissance and Early Modern common; availability Renaissance / Early Modern. It does not imply a custom matched-key or hidden-lock system."
renaissance_door_common_hinge_pair_238,Renaissance,Renaissance / Early Modern,"Doors, locks & gates",lock and hardware,Renaissance and Early Modern common,hinges,a knotted brass hinge pair,brass,Small,Good,1520,79,Era / Renaissance Era; Functions / Household Items / Household Wares; Market / Household Goods / Standard Wares,Holdable; Destroyable_HeavyMetal; Latch_Normal,Locksmithing,Blacksmithing,"Renaissance doors, locks and gates hardware catalogue; culture admission Renaissance and Early Modern common; availability Renaissance / Early Modern. It does not imply a custom matched-key or hidden-lock system."
renaissance_door_common_keyring_239,Renaissance,Renaissance / Early Modern,"Doors, locks & gates",lock and hardware,Renaissance and Early Modern common,keyring,a flower-head copper keyring,copper,Small,Standard,160,87,Era / Renaissance Era; Functions / Household Items / Household Wares; Market / Household Goods / Standard Wares,Holdable; Destroyable_HeavyMetal; Warded_Key,Locksmithing,Blacksmithing,"Renaissance doors, locks and gates hardware catalogue; culture admission Renaissance and Early Modern common; availability Renaissance / Early Modern. It does not imply a custom matched-key or hidden-lock system."
renaissance_door_common_escutcheon_240,Renaissance,Renaissance / Early Modern,"Doors, locks & gates",lock and hardware,Renaissance and Early Modern common,escutcheon,a star pewter keyhole escutcheon,pewter,Small,Poor,245,95,Era / Renaissance Era; Functions / Household Items / Household Wares; Market / Household Goods / Standard Wares,Holdable; Destroyable_HeavyMetal; Latch_Normal,Locksmithing,Blacksmithing,"Renaissance doors, locks and gates hardware catalogue; culture admission Renaissance and Early Modern common; availability Renaissance / Early Modern. It does not imply a custom matched-key or hidden-lock system."
renaissance_door_wer_panel_door_01,Renaissance,Renaissance,"Doors, locks & gates",door or gate,Western European Renaissance,door,a rosette teak door leaf,teak,Large,Standard,24000,45,Era / Renaissance Era; Functions / Household Items / Household Construction Materials; Market / Construction Materials / Worked Timber; Culture / Renaissance / Shared / Western European Renaissance,Holdable; Destroyable_Door; Door_Normal_Large,Carpentry and joinery,Carpentry,"Renaissance doors, locks and gates catalogue; culture admission Western European Renaissance; availability Renaissance. Door behaviour is limited to the attached supported component profile."
renaissance_door_wer_braced_door_02,Renaissance,Renaissance,"Doors, locks & gates",door or gate,Western European Renaissance,door,a braided wood braced door,wood,Large,Good,25800,56,Era / Renaissance Era; Functions / Household Items / Household Construction Materials; Market / Construction Materials / Worked Timber; Culture / Renaissance / Shared / Western European Renaissance,Holdable; Destroyable_Door; Door_Tough_Large,Carpentry and joinery,Carpentry,"Renaissance doors, locks and gates catalogue; culture admission Western European Renaissance; availability Renaissance. Door behaviour is limited to the attached supported component profile."
renaissance_door_wer_lockable_door_03,Renaissance,Renaissance,"Doors, locks & gates",door or gate,Western European Renaissance,door,a leaf-scroll oak lockable door,oak,Large,Good,27600,67,Era / Renaissance Era; Functions / Household Items / Household Construction Materials; Market / Construction Materials / Worked Timber; Culture / Renaissance / Shared / Western European Renaissance,Holdable; Destroyable_Door; Door_Lockable_Normal_Large,Carpentry and joinery,Carpentry,"Renaissance doors, locks and gates catalogue; culture admission Western European Renaissance; availability Renaissance. Door behaviour is limited to the attached supported component profile."
renaissance_door_wer_secure_door_04,Renaissance,Renaissance,"Doors, locks & gates",door or gate,Western European Renaissance,door,a water-wave pine secure door,pine,Large,Standard,29400,78,Era / Renaissance Era; Functions / Household Items / Household Construction Materials; Market / Construction Materials / Worked Timber; Culture / Renaissance / Shared / Western European Renaissance,Holdable; Destroyable_Door; Door_Lockable_Secure_Large,Carpentry and joinery,Carpentry,"Renaissance doors, locks and gates catalogue; culture admission Western European Renaissance; availability Renaissance. Door behaviour is limited to the attached supported component profile."
renaissance_door_wer_shutter_05,Renaissance,Renaissance,"Doors, locks & gates",door or gate,Western European Renaissance,shutter,a flower-head cedar shuttered opening,cedar,Large,VeryGood,31200,89,Era / Renaissance Era; Functions / Household Items / Household Construction Materials; Market / Construction Materials / Worked Timber; Culture / Renaissance / Shared / Western European Renaissance,Holdable; Destroyable_Door; Door_Bad_Large,Carpentry and joinery,Carpentry,"Renaissance doors, locks and gates catalogue; culture admission Western European Renaissance; availability Renaissance. Door behaviour is limited to the attached supported component profile."
renaissance_door_wer_screen_06,Renaissance,Renaissance,"Doors, locks & gates",door or gate,Western European Renaissance,screen,a bird teak screen door,teak,Large,Good,33000,100,Era / Renaissance Era; Functions / Household Items / Household Construction Materials; Market / Construction Materials / Worked Timber; Culture / Renaissance / Shared / Western European Renaissance,Holdable; Destroyable_Door; Door_Bad_Large,Carpentry and joinery,Carpentry,"Renaissance doors, locks and gates catalogue; culture admission Western European Renaissance; availability Renaissance. Door behaviour is limited to the attached supported component profile."
renaissance_door_wer_lattice_gate_07,Renaissance,Renaissance,"Doors, locks & gates",door or gate,Western European Renaissance,gate,a geometric bronze lattice gate,bronze,VeryLarge,Standard,34800,111,Era / Renaissance Era; Functions / Household Items / Household Construction Materials; Market / Household Goods / Standard Wares; Culture / Renaissance / Shared / Western European Renaissance,Holdable; Destroyable_Door; Door_Normal_Large,Carpentry and joinery,Carpentry,"Renaissance doors, locks and gates catalogue; culture admission Western European Renaissance; availability Renaissance. Door behaviour is limited to the attached supported component profile."
renaissance_door_wer_courtyard_gate_08,Renaissance,Renaissance,"Doors, locks & gates",door or gate,Western European Renaissance,gate,a shell oak courtyard gate,oak,VeryLarge,Poor,36600,122,Era / Renaissance Era; Functions / Household Items / Household Construction Materials; Market / Construction Materials / Worked Timber; Culture / Renaissance / Shared / Western European Renaissance,Holdable; Destroyable_Door; Door_Lockable_Normal_Large,Carpentry and joinery,Carpentry,"Renaissance doors, locks and gates catalogue; culture admission Western European Renaissance; availability Renaissance. Door behaviour is limited to the attached supported component profile."
renaissance_door_wer_warehouse_gate_09,Renaissance,Renaissance,"Doors, locks & gates",door or gate,Western European Renaissance,gate,a rosette cedar warehouse gate,cedar,VeryLarge,Standard,38400,133,Era / Renaissance Era; Functions / Household Items / Household Construction Materials; Market / Construction Materials / Worked Timber; Culture / Renaissance / Shared / Western European Renaissance,Holdable; Destroyable_Door; Door_Lockable_Tough_Large,Carpentry and joinery,Carpentry,"Renaissance doors, locks and gates catalogue; culture admission Western European Renaissance; availability Renaissance. Door behaviour is limited to the attached supported component profile."
renaissance_door_wer_garden_gate_10,Renaissance,Renaissance,"Doors, locks & gates",door or gate,Western European Renaissance,gate,a braided teak garden gate,teak,VeryLarge,Good,40200,144,Era / Renaissance Era; Functions / Household Items / Household Construction Materials; Market / Construction Materials / Worked Timber; Culture / Renaissance / Shared / Western European Renaissance,Holdable; Destroyable_Door; Door_Normal_Large,Carpentry and joinery,Carpentry,"Renaissance doors, locks and gates catalogue; culture admission Western European Renaissance; availability Renaissance. Door behaviour is limited to the attached supported component profile."
renaissance_door_wer_grille_11,Renaissance,Renaissance,"Doors, locks & gates",door or gate,Western European Renaissance,grille,a leaf-scroll brass metal grille,brass,Large,Good,42000,155,Era / Renaissance Era; Functions / Household Items / Household Construction Materials; Market / Household Goods / Standard Wares; Culture / Renaissance / Shared / Western European Renaissance,Holdable; Destroyable_Door; Door_Secure_Large,Carpentry and joinery,Carpentry,"Renaissance doors, locks and gates catalogue; culture admission Western European Renaissance; availability Renaissance. Door behaviour is limited to the attached supported component profile."
renaissance_door_wer_barrier_12,Renaissance,Renaissance,"Doors, locks & gates",door or gate,Western European Renaissance,barrier,a water-wave wrought iron barred barrier,wrought iron,Large,Standard,43800,166,Era / Renaissance Era; Functions / Household Items / Household Construction Materials; Market / Household Goods / Standard Wares; Culture / Renaissance / Shared / Western European Renaissance,Holdable; Destroyable_Door; Door_Tough_Large,Carpentry and joinery,Carpentry,"Renaissance doors, locks and gates catalogue; culture admission Western European Renaissance; availability Renaissance. Door behaviour is limited to the attached supported component profile."
renaissance_door_wer_hatch_13,Renaissance,Renaissance,"Doors, locks & gates",door or gate,Western European Renaissance,hatch,a flower-head oak service hatch,oak,Large,VeryGood,45600,177,Era / Renaissance Era; Functions / Household Items / Household Construction Materials; Market / Construction Materials / Worked Timber; Culture / Renaissance / Shared / Western European Renaissance,Holdable; Destroyable_Door; Door_Lockable_Normal_Large,Carpentry and joinery,Carpentry,"Renaissance doors, locks and gates catalogue; culture admission Western European Renaissance; availability Renaissance. Door behaviour is limited to the attached supported component profile."
renaissance_door_wer_wicket_14,Renaissance,Renaissance,"Doors, locks & gates",door or gate,Western European Renaissance,wicket,a bird cedar wicket gate,cedar,Large,Good,47400,188,Era / Renaissance Era; Functions / Household Items / Household Construction Materials; Market / Construction Materials / Worked Timber; Culture / Renaissance / Shared / Western European Renaissance,Holdable; Destroyable_Door; Door_Lockable_Normal_Large,Carpentry and joinery,Carpentry,"Renaissance doors, locks and gates catalogue; culture admission Western European Renaissance; availability Renaissance. Door behaviour is limited to the attached supported component profile."
renaissance_door_wer_panel_door_15,Renaissance,Renaissance,"Doors, locks & gates",door or gate,Western European Renaissance,door,a geometric cedar door leaf,cedar,Large,Standard,49200,199,Era / Renaissance Era; Functions / Household Items / Household Construction Materials; Market / Construction Materials / Worked Timber; Culture / Renaissance / Shared / Western European Renaissance,Holdable; Destroyable_Door; Door_Normal_Large,Carpentry and joinery,Carpentry,"Renaissance doors, locks and gates catalogue; culture admission Western European Renaissance; availability Renaissance. Door behaviour is limited to the attached supported component profile."
renaissance_door_wer_braced_door_16,Renaissance,Renaissance,"Doors, locks & gates",door or gate,Western European Renaissance,door,a shell teak braced door,teak,Large,Poor,51000,210,Era / Renaissance Era; Functions / Household Items / Household Construction Materials; Market / Construction Materials / Worked Timber; Culture / Renaissance / Shared / Western European Renaissance,Holdable; Destroyable_Door; Door_Tough_Large,Carpentry and joinery,Carpentry,"Renaissance doors, locks and gates catalogue; culture admission Western European Renaissance; availability Renaissance. Door behaviour is limited to the attached supported component profile."
renaissance_door_wer_lockable_door_17,Renaissance,Renaissance,"Doors, locks & gates",door or gate,Western European Renaissance,door,a rosette wood lockable door,wood,Large,Standard,52800,221,Era / Renaissance Era; Functions / Household Items / Household Construction Materials; Market / Construction Materials / Worked Timber; Culture / Renaissance / Shared / Western European Renaissance,Holdable; Destroyable_Door; Door_Lockable_Normal_Large,Carpentry and joinery,Carpentry,"Renaissance doors, locks and gates catalogue; culture admission Western European Renaissance; availability Renaissance. Door behaviour is limited to the attached supported component profile."
renaissance_door_wer_master_warded_lock_18,Renaissance,Renaissance,"Doors, locks & gates",lock and hardware,Western European Renaissance,lock,a cloud brass master warded lock,brass,Small,Good,160,143,Era / Renaissance Era; Functions / Household Items / Household Wares; Market / Household Goods / Standard Wares; Culture / Renaissance / Shared / Western European Renaissance,Holdable; Destroyable_HeavyMetal; Warded_Lock_Master,Locksmithing,Blacksmithing,"Renaissance doors, locks and gates hardware catalogue; culture admission Western European Renaissance; availability Renaissance. It does not imply a custom matched-key or hidden-lock system."
renaissance_door_wer_warded_key_19,Renaissance,Renaissance,"Doors, locks & gates",lock and hardware,Western European Renaissance,key,a shell copper warded key,copper,Small,Good,245,151,Era / Renaissance Era; Functions / Household Items / Household Wares; Market / Household Goods / Standard Wares; Culture / Renaissance / Shared / Western European Renaissance,Holdable; Destroyable_HeavyMetal; Warded_Key,Locksmithing,Blacksmithing,"Renaissance doors, locks and gates hardware catalogue; culture admission Western European Renaissance; availability Renaissance. It does not imply a custom matched-key or hidden-lock system."
renaissance_door_wer_ring_key_20,Renaissance,Renaissance,"Doors, locks & gates",lock and hardware,Western European Renaissance,key,a reed pewter ring bow key,pewter,Small,Standard,330,7,Era / Renaissance Era; Functions / Household Items / Household Wares; Market / Household Goods / Standard Wares; Culture / Renaissance / Shared / Western European Renaissance,Holdable; Destroyable_HeavyMetal; Warded_Key,Locksmithing,Blacksmithing,"Renaissance doors, locks and gates hardware catalogue; culture admission Western European Renaissance; availability Renaissance. It does not imply a custom matched-key or hidden-lock system."
renaissance_door_wer_door_latch_21,Renaissance,Renaissance,"Doors, locks & gates",lock and hardware,Western European Renaissance,latch,a rosette wrought iron door latch,wrought iron,Small,VeryGood,415,15,Era / Renaissance Era; Functions / Household Items / Household Wares; Market / Household Goods / Standard Wares; Culture / Renaissance / Shared / Western European Renaissance,Holdable; Destroyable_HeavyMetal; Latch_Normal,Locksmithing,Blacksmithing,"Renaissance doors, locks and gates hardware catalogue; culture admission Western European Renaissance; availability Renaissance. It does not imply a custom matched-key or hidden-lock system."
renaissance_door_wer_gate_dropbar_22,Renaissance,Renaissance,"Doors, locks & gates",lock and hardware,Western European Renaissance,drop bar,a checker bronze gate drop bar,bronze,Small,Good,500,23,Era / Renaissance Era; Functions / Household Items / Household Wares; Market / Household Goods / Standard Wares; Culture / Renaissance / Shared / Western European Renaissance,Holdable; Destroyable_HeavyMetal; Latch_Gate_DropBar,Locksmithing,Blacksmithing,"Renaissance doors, locks and gates hardware catalogue; culture admission Western European Renaissance; availability Renaissance. It does not imply a custom matched-key or hidden-lock system."
renaissance_door_wer_door_bar_23,Renaissance,Renaissance,"Doors, locks & gates",lock and hardware,Western European Renaissance,bar,a braided brass door bar,brass,Small,Standard,585,31,Era / Renaissance Era; Functions / Household Items / Household Wares; Market / Household Goods / Standard Wares; Culture / Renaissance / Shared / Western European Renaissance,Holdable; Destroyable_HeavyMetal; Latch_Door_Bar,Locksmithing,Blacksmithing,"Renaissance doors, locks and gates hardware catalogue; culture admission Western European Renaissance; availability Renaissance. It does not imply a custom matched-key or hidden-lock system."
renaissance_door_wer_portcullis_pawl_24,Renaissance,Renaissance,"Doors, locks & gates",lock and hardware,Western European Renaissance,pawl,a radiating copper winch pawl,copper,Small,Poor,670,39,Era / Renaissance Era; Functions / Household Items / Household Wares; Market / Household Goods / Standard Wares; Culture / Renaissance / Shared / Western European Renaissance,Holdable; Destroyable_HeavyMetal; Latch_Portcullis_Pawl,Locksmithing,Blacksmithing,"Renaissance doors, locks and gates hardware catalogue; culture admission Western European Renaissance; availability Renaissance. It does not imply a custom matched-key or hidden-lock system."
renaissance_door_wer_hasp_25,Renaissance,Renaissance,"Doors, locks & gates",lock and hardware,Western European Renaissance,hasp,a leaf-scroll pewter iron hasp,pewter,Small,Standard,755,47,Era / Renaissance Era; Functions / Household Items / Household Wares; Market / Household Goods / Standard Wares; Culture / Renaissance / Shared / Western European Renaissance,Holdable; Destroyable_HeavyMetal; Latch_Container_Hasp,Locksmithing,Blacksmithing,"Renaissance doors, locks and gates hardware catalogue; culture admission Western European Renaissance; availability Renaissance. It does not imply a custom matched-key or hidden-lock system."
renaissance_door_wer_hook_latch_26,Renaissance,Renaissance,"Doors, locks & gates",lock and hardware,Western European Renaissance,hook latch,a sunburst wrought iron hook latch,wrought iron,Small,Good,840,55,Era / Renaissance Era; Functions / Household Items / Household Wares; Market / Household Goods / Standard Wares; Culture / Renaissance / Shared / Western European Renaissance,Holdable; Destroyable_HeavyMetal; Latch_Container_Hook,Locksmithing,Blacksmithing,"Renaissance doors, locks and gates hardware catalogue; culture admission Western European Renaissance; availability Renaissance. It does not imply a custom matched-key or hidden-lock system."
renaissance_door_wer_strike_plate_27,Renaissance,Renaissance,"Doors, locks & gates",lock and hardware,Western European Renaissance,strike plate,a water-wave bronze strike plate,bronze,Small,Good,925,63,Era / Renaissance Era; Functions / Household Items / Household Wares; Market / Household Goods / Standard Wares; Culture / Renaissance / Shared / Western European Renaissance,Holdable; Destroyable_HeavyMetal; Latch_Normal,Locksmithing,Blacksmithing,"Renaissance doors, locks and gates hardware catalogue; culture admission Western European Renaissance; availability Renaissance. It does not imply a custom matched-key or hidden-lock system."
renaissance_door_wer_hinge_pair_28,Renaissance,Renaissance,"Doors, locks & gates",lock and hardware,Western European Renaissance,hinges,a knotted brass hinge pair,brass,Small,Standard,1010,71,Era / Renaissance Era; Functions / Household Items / Household Wares; Market / Household Goods / Standard Wares; Culture / Renaissance / Shared / Western European Renaissance,Holdable; Destroyable_HeavyMetal; Latch_Normal,Locksmithing,Blacksmithing,"Renaissance doors, locks and gates hardware catalogue; culture admission Western European Renaissance; availability Renaissance. It does not imply a custom matched-key or hidden-lock system."
renaissance_door_iba_panel_door_29,Renaissance,Renaissance,"Doors, locks & gates",door or gate,Iberian Atlantic,door,a geometric wood door leaf,wood,Large,VeryGood,40200,100,Era / Renaissance Era; Functions / Household Items / Household Construction Materials; Market / Construction Materials / Worked Timber; Culture / Renaissance / Shared / Iberian Atlantic,Holdable; Destroyable_Door; Door_Normal_Large,Carpentry and joinery,Carpentry,"Renaissance doors, locks and gates catalogue; culture admission Iberian Atlantic; availability Renaissance. Door behaviour is limited to the attached supported component profile."
renaissance_door_iba_braced_door_30,Renaissance,Renaissance,"Doors, locks & gates",door or gate,Iberian Atlantic,door,a shell oak braced door,oak,Large,Good,42000,111,Era / Renaissance Era; Functions / Household Items / Household Construction Materials; Market / Construction Materials / Worked Timber; Culture / Renaissance / Shared / Iberian Atlantic,Holdable; Destroyable_Door; Door_Tough_Large,Carpentry and joinery,Carpentry,"Renaissance doors, locks and gates catalogue; culture admission Iberian Atlantic; availability Renaissance. Door behaviour is limited to the attached supported component profile."
renaissance_door_iba_lockable_door_31,Renaissance,Renaissance,"Doors, locks & gates",door or gate,Iberian Atlantic,door,a rosette pine lockable door,pine,Large,Standard,43800,122,Era / Renaissance Era; Functions / Household Items / Household Construction Materials; Market / Construction Materials / Worked Timber; Culture / Renaissance / Shared / Iberian Atlantic,Holdable; Destroyable_Door; Door_Lockable_Normal_Large,Carpentry and joinery,Carpentry,"Renaissance doors, locks and gates catalogue; culture admission Iberian Atlantic; availability Renaissance. Door behaviour is limited to the attached supported component profile."
renaissance_door_iba_secure_door_32,Renaissance,Renaissance,"Doors, locks & gates",door or gate,Iberian Atlantic,door,a braided cedar secure door,cedar,Large,Poor,45600,133,Era / Renaissance Era; Functions / Household Items / Household Construction Materials; Market / Construction Materials / Worked Timber; Culture / Renaissance / Shared / Iberian Atlantic,Holdable; Destroyable_Door; Door_Lockable_Secure_Large,Carpentry and joinery,Carpentry,"Renaissance doors, locks and gates catalogue; culture admission Iberian Atlantic; availability Renaissance. Door behaviour is limited to the attached supported component profile."
renaissance_door_iba_shutter_33,Renaissance,Renaissance,"Doors, locks & gates",door or gate,Iberian Atlantic,shutter,a leaf-scroll teak shuttered opening,teak,Large,Standard,47400,144,Era / Renaissance Era; Functions / Household Items / Household Construction Materials; Market / Construction Materials / Worked Timber; Culture / Renaissance / Shared / Iberian Atlantic,Holdable; Destroyable_Door; Door_Bad_Large,Carpentry and joinery,Carpentry,"Renaissance doors, locks and gates catalogue; culture admission Iberian Atlantic; availability Renaissance. Door behaviour is limited to the attached supported component profile."
renaissance_door_iba_screen_34,Renaissance,Renaissance,"Doors, locks & gates",door or gate,Iberian Atlantic,screen,a water-wave teak screen door,teak,Large,Good,49200,155,Era / Renaissance Era; Functions / Household Items / Household Construction Materials; Market / Construction Materials / Worked Timber; Culture / Renaissance / Shared / Iberian Atlantic,Holdable; Destroyable_Door; Door_Bad_Large,Carpentry and joinery,Carpentry,"Renaissance doors, locks and gates catalogue; culture admission Iberian Atlantic; availability Renaissance. Door behaviour is limited to the attached supported component profile."
renaissance_door_iba_lattice_gate_35,Renaissance,Renaissance,"Doors, locks & gates",door or gate,Iberian Atlantic,gate,a flower-head oak lattice gate,oak,VeryLarge,Good,51000,166,Era / Renaissance Era; Functions / Household Items / Household Construction Materials; Market / Construction Materials / Worked Timber; Culture / Renaissance / Shared / Iberian Atlantic,Holdable; Destroyable_Door; Door_Normal_Large,Carpentry and joinery,Carpentry,"Renaissance doors, locks and gates catalogue; culture admission Iberian Atlantic; availability Renaissance. Door behaviour is limited to the attached supported component profile."
renaissance_door_iba_courtyard_gate_36,Renaissance,Renaissance,"Doors, locks & gates",door or gate,Iberian Atlantic,gate,a bird cedar courtyard gate,cedar,VeryLarge,Standard,52800,177,Era / Renaissance Era; Functions / Household Items / Household Construction Materials; Market / Construction Materials / Worked Timber; Culture / Renaissance / Shared / Iberian Atlantic,Holdable; Destroyable_Door; Door_Lockable_Normal_Large,Carpentry and joinery,Carpentry,"Renaissance doors, locks and gates catalogue; culture admission Iberian Atlantic; availability Renaissance. Door behaviour is limited to the attached supported component profile."
renaissance_door_iba_warehouse_gate_37,Renaissance,Renaissance,"Doors, locks & gates",door or gate,Iberian Atlantic,gate,a geometric teak warehouse gate,teak,VeryLarge,VeryGood,54600,188,Era / Renaissance Era; Functions / Household Items / Household Construction Materials; Market / Construction Materials / Worked Timber; Culture / Renaissance / Shared / Iberian Atlantic,Holdable; Destroyable_Door; Door_Lockable_Tough_Large,Carpentry and joinery,Carpentry,"Renaissance doors, locks and gates catalogue; culture admission Iberian Atlantic; availability Renaissance. Door behaviour is limited to the attached supported component profile."
renaissance_door_iba_garden_gate_38,Renaissance,Renaissance,"Doors, locks & gates",door or gate,Iberian Atlantic,gate,a shell wrought iron garden gate,wrought iron,VeryLarge,Good,56400,199,Era / Renaissance Era; Functions / Household Items / Household Construction Materials; Market / Household Goods / Standard Wares; Culture / Renaissance / Shared / Iberian Atlantic,Holdable; Destroyable_Door; Door_Normal_Large,Carpentry and joinery,Carpentry,"Renaissance doors, locks and gates catalogue; culture admission Iberian Atlantic; availability Renaissance. Door behaviour is limited to the attached supported component profile."
renaissance_door_iba_grille_39,Renaissance,Renaissance,"Doors, locks & gates",door or gate,Iberian Atlantic,grille,a rosette wrought iron metal grille,wrought iron,Large,Standard,24000,210,Era / Renaissance Era; Functions / Household Items / Household Construction Materials; Market / Household Goods / Standard Wares; Culture / Renaissance / Shared / Iberian Atlantic,Holdable; Destroyable_Door; Door_Secure_Large,Carpentry and joinery,Carpentry,"Renaissance doors, locks and gates catalogue; culture admission Iberian Atlantic; availability Renaissance. Door behaviour is limited to the attached supported component profile."
renaissance_door_iba_barrier_40,Renaissance,Renaissance,"Doors, locks & gates",door or gate,Iberian Atlantic,barrier,a braided bronze barred barrier,bronze,Large,Poor,25800,221,Era / Renaissance Era; Functions / Household Items / Household Construction Materials; Market / Household Goods / Standard Wares; Culture / Renaissance / Shared / Iberian Atlantic,Holdable; Destroyable_Door; Door_Tough_Large,Carpentry and joinery,Carpentry,"Renaissance doors, locks and gates catalogue; culture admission Iberian Atlantic; availability Renaissance. Door behaviour is limited to the attached supported component profile."
renaissance_door_iba_hatch_41,Renaissance,Renaissance,"Doors, locks & gates",door or gate,Iberian Atlantic,hatch,a leaf-scroll pine service hatch,pine,Large,Standard,27600,232,Era / Renaissance Era; Functions / Household Items / Household Construction Materials; Market / Construction Materials / Worked Timber; Culture / Renaissance / Shared / Iberian Atlantic,Holdable; Destroyable_Door; Door_Lockable_Normal_Large,Carpentry and joinery,Carpentry,"Renaissance doors, locks and gates catalogue; culture admission Iberian Atlantic; availability Renaissance. Door behaviour is limited to the attached supported component profile."
renaissance_door_iba_wicket_42,Renaissance,Renaissance,"Doors, locks & gates",door or gate,Iberian Atlantic,wicket,a water-wave teak wicket gate,teak,Large,Good,29400,243,Era / Renaissance Era; Functions / Household Items / Household Construction Materials; Market / Construction Materials / Worked Timber; Culture / Renaissance / Shared / Iberian Atlantic,Holdable; Destroyable_Door; Door_Lockable_Normal_Large,Carpentry and joinery,Carpentry,"Renaissance doors, locks and gates catalogue; culture admission Iberian Atlantic; availability Renaissance. Door behaviour is limited to the attached supported component profile."
renaissance_door_iba_panel_door_43,Renaissance,Renaissance,"Doors, locks & gates",door or gate,Iberian Atlantic,door,a flower-head teak door leaf,teak,Large,Good,31200,254,Era / Renaissance Era; Functions / Household Items / Household Construction Materials; Market / Construction Materials / Worked Timber; Culture / Renaissance / Shared / Iberian Atlantic,Holdable; Destroyable_Door; Door_Normal_Large,Carpentry and joinery,Carpentry,"Renaissance doors, locks and gates catalogue; culture admission Iberian Atlantic; availability Renaissance. Door behaviour is limited to the attached supported component profile."
renaissance_door_iba_braced_door_44,Renaissance,Renaissance,"Doors, locks & gates",door or gate,Iberian Atlantic,door,a bird wood braced door,wood,Large,Standard,33000,265,Era / Renaissance Era; Functions / Household Items / Household Construction Materials; Market / Construction Materials / Worked Timber; Culture / Renaissance / Shared / Iberian Atlantic,Holdable; Destroyable_Door; Door_Tough_Large,Carpentry and joinery,Carpentry,"Renaissance doors, locks and gates catalogue; culture admission Iberian Atlantic; availability Renaissance. Door behaviour is limited to the attached supported component profile."
renaissance_door_iba_lockable_door_45,Renaissance,Renaissance,"Doors, locks & gates",door or gate,Iberian Atlantic,door,a geometric oak lockable door,oak,Large,VeryGood,34800,276,Era / Renaissance Era; Functions / Household Items / Household Construction Materials; Market / Construction Materials / Worked Timber; Culture / Renaissance / Shared / Iberian Atlantic,Holdable; Destroyable_Door; Door_Lockable_Normal_Large,Carpentry and joinery,Carpentry,"Renaissance doors, locks and gates catalogue; culture admission Iberian Atlantic; availability Renaissance. Door behaviour is limited to the attached supported component profile."
renaissance_door_iba_master_warded_lock_46,Renaissance,Renaissance,"Doors, locks & gates",lock and hardware,Iberian Atlantic,lock,a checker wrought iron master warded lock,wrought iron,Small,Good,1095,63,Era / Renaissance Era; Functions / Household Items / Household Wares; Market / Household Goods / Standard Wares; Culture / Renaissance / Shared / Iberian Atlantic,Holdable; Destroyable_HeavyMetal; Warded_Lock_Master,Locksmithing,Blacksmithing,"Renaissance doors, locks and gates hardware catalogue; culture admission Iberian Atlantic; availability Renaissance. It does not imply a custom matched-key or hidden-lock system."
renaissance_door_iba_warded_key_47,Renaissance,Renaissance,"Doors, locks & gates",lock and hardware,Iberian Atlantic,key,a braided bronze warded key,bronze,Small,Standard,1180,71,Era / Renaissance Era; Functions / Household Items / Household Wares; Market / Household Goods / Standard Wares; Culture / Renaissance / Shared / Iberian Atlantic,Holdable; Destroyable_HeavyMetal; Warded_Key,Locksmithing,Blacksmithing,"Renaissance doors, locks and gates hardware catalogue; culture admission Iberian Atlantic; availability Renaissance. It does not imply a custom matched-key or hidden-lock system."
renaissance_door_iba_ring_key_48,Renaissance,Renaissance,"Doors, locks & gates",lock and hardware,Iberian Atlantic,key,a radiating brass ring bow key,brass,Small,Poor,1265,79,Era / Renaissance Era; Functions / Household Items / Household Wares; Market / Household Goods / Standard Wares; Culture / Renaissance / Shared / Iberian Atlantic,Holdable; Destroyable_HeavyMetal; Warded_Key,Locksmithing,Blacksmithing,"Renaissance doors, locks and gates hardware catalogue; culture admission Iberian Atlantic; availability Renaissance. It does not imply a custom matched-key or hidden-lock system."
renaissance_door_iba_door_latch_49,Renaissance,Renaissance,"Doors, locks & gates",lock and hardware,Iberian Atlantic,latch,a leaf-scroll copper door latch,copper,Small,Standard,1350,87,Era / Renaissance Era; Functions / Household Items / Household Wares; Market / Household Goods / Standard Wares; Culture / Renaissance / Shared / Iberian Atlantic,Holdable; Destroyable_HeavyMetal; Latch_Normal,Locksmithing,Blacksmithing,"Renaissance doors, locks and gates hardware catalogue; culture admission Iberian Atlantic; availability Renaissance. It does not imply a custom matched-key or hidden-lock system."
renaissance_door_iba_gate_dropbar_50,Renaissance,Renaissance,"Doors, locks & gates",lock and hardware,Iberian Atlantic,drop bar,a sunburst pewter gate drop bar,pewter,Small,Good,1435,95,Era / Renaissance Era; Functions / Household Items / Household Wares; Market / Household Goods / Standard Wares; Culture / Renaissance / Shared / Iberian Atlantic,Holdable; Destroyable_HeavyMetal; Latch_Gate_DropBar,Locksmithing,Blacksmithing,"Renaissance doors, locks and gates hardware catalogue; culture admission Iberian Atlantic; availability Renaissance. It does not imply a custom matched-key or hidden-lock system."
renaissance_door_iba_door_bar_51,Renaissance,Renaissance,"Doors, locks & gates",lock and hardware,Iberian Atlantic,bar,a water-wave wrought iron door bar,wrought iron,Small,Good,1520,103,Era / Renaissance Era; Functions / Household Items / Household Wares; Market / Household Goods / Standard Wares; Culture / Renaissance / Shared / Iberian Atlantic,Holdable; Destroyable_HeavyMetal; Latch_Door_Bar,Locksmithing,Blacksmithing,"Renaissance doors, locks and gates hardware catalogue; culture admission Iberian Atlantic; availability Renaissance. It does not imply a custom matched-key or hidden-lock system."
renaissance_door_iba_portcullis_pawl_52,Renaissance,Renaissance,"Doors, locks & gates",lock and hardware,Iberian Atlantic,pawl,a knotted bronze winch pawl,bronze,Small,Standard,160,111,Era / Renaissance Era; Functions / Household Items / Household Wares; Market / Household Goods / Standard Wares; Culture / Renaissance / Shared / Iberian Atlantic,Holdable; Destroyable_HeavyMetal; Latch_Portcullis_Pawl,Locksmithing,Blacksmithing,"Renaissance doors, locks and gates hardware catalogue; culture admission Iberian Atlantic; availability Renaissance. It does not imply a custom matched-key or hidden-lock system."
renaissance_door_iba_hasp_53,Renaissance,Renaissance,"Doors, locks & gates",lock and hardware,Iberian Atlantic,hasp,a flower-head brass iron hasp,brass,Small,VeryGood,245,119,Era / Renaissance Era; Functions / Household Items / Household Wares; Market / Household Goods / Standard Wares; Culture / Renaissance / Shared / Iberian Atlantic,Holdable; Destroyable_HeavyMetal; Latch_Container_Hasp,Locksmithing,Blacksmithing,"Renaissance doors, locks and gates hardware catalogue; culture admission Iberian Atlantic; availability Renaissance. It does not imply a custom matched-key or hidden-lock system."
renaissance_door_iba_hook_latch_54,Renaissance,Renaissance,"Doors, locks & gates",lock and hardware,Iberian Atlantic,hook latch,a star copper hook latch,copper,Small,Good,330,127,Era / Renaissance Era; Functions / Household Items / Household Wares; Market / Household Goods / Standard Wares; Culture / Renaissance / Shared / Iberian Atlantic,Holdable; Destroyable_HeavyMetal; Latch_Container_Hook,Locksmithing,Blacksmithing,"Renaissance doors, locks and gates hardware catalogue; culture admission Iberian Atlantic; availability Renaissance. It does not imply a custom matched-key or hidden-lock system."
renaissance_door_iba_strike_plate_55,Renaissance,Renaissance,"Doors, locks & gates",lock and hardware,Iberian Atlantic,strike plate,a bird pewter strike plate,pewter,Small,Standard,415,135,Era / Renaissance Era; Functions / Household Items / Household Wares; Market / Household Goods / Standard Wares; Culture / Renaissance / Shared / Iberian Atlantic,Holdable; Destroyable_HeavyMetal; Latch_Normal,Locksmithing,Blacksmithing,"Renaissance doors, locks and gates hardware catalogue; culture admission Iberian Atlantic; availability Renaissance. It does not imply a custom matched-key or hidden-lock system."
renaissance_door_iba_hinge_pair_56,Renaissance,Renaissance,"Doors, locks & gates",lock and hardware,Iberian Atlantic,hinges,a vine wrought iron hinge pair,wrought iron,Small,Poor,500,143,Era / Renaissance Era; Functions / Household Items / Household Wares; Market / Household Goods / Standard Wares; Culture / Renaissance / Shared / Iberian Atlantic,Holdable; Destroyable_HeavyMetal; Latch_Normal,Locksmithing,Blacksmithing,"Renaissance doors, locks and gates hardware catalogue; culture admission Iberian Atlantic; availability Renaissance. It does not imply a custom matched-key or hidden-lock system."
renaissance_door_cen_panel_door_57,Renaissance,Renaissance,"Doors, locks & gates",door or gate,Central European,door,a leaf-scroll cedar door leaf,cedar,Large,Standard,56400,155,Era / Renaissance Era; Functions / Household Items / Household Construction Materials; Market / Construction Materials / Worked Timber; Culture / Renaissance / Shared / Central European,Holdable; Destroyable_Door; Door_Normal_Large,Carpentry and joinery,Carpentry,"Renaissance doors, locks and gates catalogue; culture admission Central European; availability Renaissance. Door behaviour is limited to the attached supported component profile."
renaissance_door_cen_braced_door_58,Renaissance,Renaissance,"Doors, locks & gates",door or gate,Central European,door,a water-wave teak braced door,teak,Large,Good,24000,166,Era / Renaissance Era; Functions / Household Items / Household Construction Materials; Market / Construction Materials / Worked Timber; Culture / Renaissance / Shared / Central European,Holdable; Destroyable_Door; Door_Tough_Large,Carpentry and joinery,Carpentry,"Renaissance doors, locks and gates catalogue; culture admission Central European; availability Renaissance. Door behaviour is limited to the attached supported component profile."
renaissance_door_cen_lockable_door_59,Renaissance,Renaissance,"Doors, locks & gates",door or gate,Central European,door,a flower-head wood lockable door,wood,Large,Good,25800,177,Era / Renaissance Era; Functions / Household Items / Household Construction Materials; Market / Construction Materials / Worked Timber; Culture / Renaissance / Shared / Central European,Holdable; Destroyable_Door; Door_Lockable_Normal_Large,Carpentry and joinery,Carpentry,"Renaissance doors, locks and gates catalogue; culture admission Central European; availability Renaissance. Door behaviour is limited to the attached supported component profile."
renaissance_door_cen_secure_door_60,Renaissance,Renaissance,"Doors, locks & gates",door or gate,Central European,door,a bird oak secure door,oak,Large,Standard,27600,188,Era / Renaissance Era; Functions / Household Items / Household Construction Materials; Market / Construction Materials / Worked Timber; Culture / Renaissance / Shared / Central European,Holdable; Destroyable_Door; Door_Lockable_Secure_Large,Carpentry and joinery,Carpentry,"Renaissance doors, locks and gates catalogue; culture admission Central European; availability Renaissance. Door behaviour is limited to the attached supported component profile."
renaissance_door_cen_shutter_61,Renaissance,Renaissance,"Doors, locks & gates",door or gate,Central European,shutter,a geometric pine shuttered opening,pine,Large,VeryGood,29400,199,Era / Renaissance Era; Functions / Household Items / Household Construction Materials; Market / Construction Materials / Worked Timber; Culture / Renaissance / Shared / Central European,Holdable; Destroyable_Door; Door_Bad_Large,Carpentry and joinery,Carpentry,"Renaissance doors, locks and gates catalogue; culture admission Central European; availability Renaissance. Door behaviour is limited to the attached supported component profile."
renaissance_door_cen_screen_62,Renaissance,Renaissance,"Doors, locks & gates",door or gate,Central European,screen,a shell teak screen door,teak,Large,Good,31200,210,Era / Renaissance Era; Functions / Household Items / Household Construction Materials; Market / Construction Materials / Worked Timber; Culture / Renaissance / Shared / Central European,Holdable; Destroyable_Door; Door_Bad_Large,Carpentry and joinery,Carpentry,"Renaissance doors, locks and gates catalogue; culture admission Central European; availability Renaissance. Door behaviour is limited to the attached supported component profile."
renaissance_door_cen_lattice_gate_63,Renaissance,Renaissance,"Doors, locks & gates",door or gate,Central European,gate,a rosette wrought iron lattice gate,wrought iron,VeryLarge,Standard,33000,221,Era / Renaissance Era; Functions / Household Items / Household Construction Materials; Market / Household Goods / Standard Wares; Culture / Renaissance / Shared / Central European,Holdable; Destroyable_Door; Door_Normal_Large,Carpentry and joinery,Carpentry,"Renaissance doors, locks and gates catalogue; culture admission Central European; availability Renaissance. Door behaviour is limited to the attached supported component profile."
renaissance_door_cen_courtyard_gate_64,Renaissance,Renaissance,"Doors, locks & gates",door or gate,Central European,gate,a braided bronze courtyard gate,bronze,VeryLarge,Poor,34800,232,Era / Renaissance Era; Functions / Household Items / Household Construction Materials; Market / Household Goods / Standard Wares; Culture / Renaissance / Shared / Central European,Holdable; Destroyable_Door; Door_Lockable_Normal_Large,Carpentry and joinery,Carpentry,"Renaissance doors, locks and gates catalogue; culture admission Central European; availability Renaissance. Door behaviour is limited to the attached supported component profile."
renaissance_door_cen_warehouse_gate_65,Renaissance,Renaissance,"Doors, locks & gates",door or gate,Central European,gate,a leaf-scroll oak warehouse gate,oak,VeryLarge,Standard,36600,243,Era / Renaissance Era; Functions / Household Items / Household Construction Materials; Market / Construction Materials / Worked Timber; Culture / Renaissance / Shared / Central European,Holdable; Destroyable_Door; Door_Lockable_Tough_Large,Carpentry and joinery,Carpentry,"Renaissance doors, locks and gates catalogue; culture admission Central European; availability Renaissance. Door behaviour is limited to the attached supported component profile."
renaissance_door_cen_garden_gate_66,Renaissance,Renaissance,"Doors, locks & gates",door or gate,Central European,gate,a water-wave cedar garden gate,cedar,VeryLarge,Good,38400,254,Era / Renaissance Era; Functions / Household Items / Household Construction Materials; Market / Construction Materials / Worked Timber; Culture / Renaissance / Shared / Central European,Holdable; Destroyable_Door; Door_Normal_Large,Carpentry and joinery,Carpentry,"Renaissance doors, locks and gates catalogue; culture admission Central European; availability Renaissance. Door behaviour is limited to the attached supported component profile."
renaissance_door_cen_grille_67,Renaissance,Renaissance,"Doors, locks & gates",door or gate,Central European,grille,a flower-head bronze metal grille,bronze,Large,Good,40200,265,Era / Renaissance Era; Functions / Household Items / Household Construction Materials; Market / Household Goods / Standard Wares; Culture / Renaissance / Shared / Central European,Holdable; Destroyable_Door; Door_Secure_Large,Carpentry and joinery,Carpentry,"Renaissance doors, locks and gates catalogue; culture admission Central European; availability Renaissance. Door behaviour is limited to the attached supported component profile."
renaissance_door_cen_barrier_68,Renaissance,Renaissance,"Doors, locks & gates",door or gate,Central European,barrier,a bird brass barred barrier,brass,Large,Standard,42000,276,Era / Renaissance Era; Functions / Household Items / Household Construction Materials; Market / Household Goods / Standard Wares; Culture / Renaissance / Shared / Central European,Holdable; Destroyable_Door; Door_Tough_Large,Carpentry and joinery,Carpentry,"Renaissance doors, locks and gates catalogue; culture admission Central European; availability Renaissance. Door behaviour is limited to the attached supported component profile."
renaissance_door_cen_hatch_69,Renaissance,Renaissance,"Doors, locks & gates",door or gate,Central European,hatch,a geometric wood service hatch,wood,Large,VeryGood,43800,287,Era / Renaissance Era; Functions / Household Items / Household Construction Materials; Market / Construction Materials / Worked Timber; Culture / Renaissance / Shared / Central European,Holdable; Destroyable_Door; Door_Lockable_Normal_Large,Carpentry and joinery,Carpentry,"Renaissance doors, locks and gates catalogue; culture admission Central European; availability Renaissance. Door behaviour is limited to the attached supported component profile."
renaissance_door_cen_wicket_70,Renaissance,Renaissance,"Doors, locks & gates",door or gate,Central European,wicket,a shell oak wicket gate,oak,Large,Good,45600,45,Era / Renaissance Era; Functions / Household Items / Household Construction Materials; Market / Construction Materials / Worked Timber; Culture / Renaissance / Shared / Central European,Holdable; Destroyable_Door; Door_Lockable_Normal_Large,Carpentry and joinery,Carpentry,"Renaissance doors, locks and gates catalogue; culture admission Central European; availability Renaissance. Door behaviour is limited to the attached supported component profile."
renaissance_door_cen_panel_door_71,Renaissance,Renaissance,"Doors, locks & gates",door or gate,Central European,door,a rosette pine door leaf,pine,Large,Standard,47400,56,Era / Renaissance Era; Functions / Household Items / Household Construction Materials; Market / Construction Materials / Worked Timber; Culture / Renaissance / Shared / Central European,Holdable; Destroyable_Door; Door_Normal_Large,Carpentry and joinery,Carpentry,"Renaissance doors, locks and gates catalogue; culture admission Central European; availability Renaissance. Door behaviour is limited to the attached supported component profile."
renaissance_door_cen_braced_door_72,Renaissance,Renaissance,"Doors, locks & gates",door or gate,Central European,door,a braided cedar braced door,cedar,Large,Poor,49200,67,Era / Renaissance Era; Functions / Household Items / Household Construction Materials; Market / Construction Materials / Worked Timber; Culture / Renaissance / Shared / Central European,Holdable; Destroyable_Door; Door_Tough_Large,Carpentry and joinery,Carpentry,"Renaissance doors, locks and gates catalogue; culture admission Central European; availability Renaissance. Door behaviour is limited to the attached supported component profile."
renaissance_door_cen_lockable_door_73,Renaissance,Renaissance,"Doors, locks & gates",door or gate,Central European,door,a leaf-scroll teak lockable door,teak,Large,Standard,51000,78,Era / Renaissance Era; Functions / Household Items / Household Construction Materials; Market / Construction Materials / Worked Timber; Culture / Renaissance / Shared / Central European,Holdable; Destroyable_Door; Door_Lockable_Normal_Large,Carpentry and joinery,Carpentry,"Renaissance doors, locks and gates catalogue; culture admission Central European; availability Renaissance. Door behaviour is limited to the attached supported component profile."
renaissance_door_cen_master_warded_lock_74,Renaissance,Renaissance,"Doors, locks & gates",lock and hardware,Central European,lock,a cloud copper master warded lock,copper,Small,Good,585,135,Era / Renaissance Era; Functions / Household Items / Household Wares; Market / Household Goods / Standard Wares; Culture / Renaissance / Shared / Central European,Holdable; Destroyable_HeavyMetal; Warded_Lock_Master,Locksmithing,Blacksmithing,"Renaissance doors, locks and gates hardware catalogue; culture admission Central European; availability Renaissance. It does not imply a custom matched-key or hidden-lock system."
renaissance_door_cen_warded_key_75,Renaissance,Renaissance,"Doors, locks & gates",lock and hardware,Central European,key,a shell pewter warded key,pewter,Small,Good,670,143,Era / Renaissance Era; Functions / Household Items / Household Wares; Market / Household Goods / Standard Wares; Culture / Renaissance / Shared / Central European,Holdable; Destroyable_HeavyMetal; Warded_Key,Locksmithing,Blacksmithing,"Renaissance doors, locks and gates hardware catalogue; culture admission Central European; availability Renaissance. It does not imply a custom matched-key or hidden-lock system."
renaissance_door_cen_ring_key_76,Renaissance,Renaissance,"Doors, locks & gates",lock and hardware,Central European,key,a reed wrought iron ring bow key,wrought iron,Small,Standard,755,151,Era / Renaissance Era; Functions / Household Items / Household Wares; Market / Household Goods / Standard Wares; Culture / Renaissance / Shared / Central European,Holdable; Destroyable_HeavyMetal; Warded_Key,Locksmithing,Blacksmithing,"Renaissance doors, locks and gates hardware catalogue; culture admission Central European; availability Renaissance. It does not imply a custom matched-key or hidden-lock system."
renaissance_door_cen_door_latch_77,Renaissance,Renaissance,"Doors, locks & gates",lock and hardware,Central European,latch,a rosette bronze door latch,bronze,Small,VeryGood,840,7,Era / Renaissance Era; Functions / Household Items / Household Wares; Market / Household Goods / Standard Wares; Culture / Renaissance / Shared / Central European,Holdable; Destroyable_HeavyMetal; Latch_Normal,Locksmithing,Blacksmithing,"Renaissance doors, locks and gates hardware catalogue; culture admission Central European; availability Renaissance. It does not imply a custom matched-key or hidden-lock system."
renaissance_door_cen_gate_dropbar_78,Renaissance,Renaissance,"Doors, locks & gates",lock and hardware,Central European,drop bar,a checker brass gate drop bar,brass,Small,Good,925,15,Era / Renaissance Era; Functions / Household Items / Household Wares; Market / Household Goods / Standard Wares; Culture / Renaissance / Shared / Central European,Holdable; Destroyable_HeavyMetal; Latch_Gate_DropBar,Locksmithing,Blacksmithing,"Renaissance doors, locks and gates hardware catalogue; culture admission Central European; availability Renaissance. It does not imply a custom matched-key or hidden-lock system."
renaissance_door_cen_door_bar_79,Renaissance,Renaissance,"Doors, locks & gates",lock and hardware,Central European,bar,a braided copper door bar,copper,Small,Standard,1010,23,Era / Renaissance Era; Functions / Household Items / Household Wares; Market / Household Goods / Standard Wares; Culture / Renaissance / Shared / Central European,Holdable; Destroyable_HeavyMetal; Latch_Door_Bar,Locksmithing,Blacksmithing,"Renaissance doors, locks and gates hardware catalogue; culture admission Central European; availability Renaissance. It does not imply a custom matched-key or hidden-lock system."
renaissance_door_cen_portcullis_pawl_80,Renaissance,Renaissance,"Doors, locks & gates",lock and hardware,Central European,pawl,a radiating pewter winch pawl,pewter,Small,Poor,1095,31,Era / Renaissance Era; Functions / Household Items / Household Wares; Market / Household Goods / Standard Wares; Culture / Renaissance / Shared / Central European,Holdable; Destroyable_HeavyMetal; Latch_Portcullis_Pawl,Locksmithing,Blacksmithing,"Renaissance doors, locks and gates hardware catalogue; culture admission Central European; availability Renaissance. It does not imply a custom matched-key or hidden-lock system."
renaissance_door_cen_hasp_81,Renaissance,Renaissance,"Doors, locks & gates",lock and hardware,Central European,hasp,a leaf-scroll wrought iron iron hasp,wrought iron,Small,Standard,1180,39,Era / Renaissance Era; Functions / Household Items / Household Wares; Market / Household Goods / Standard Wares; Culture / Renaissance / Shared / Central European,Holdable; Destroyable_HeavyMetal; Latch_Container_Hasp,Locksmithing,Blacksmithing,"Renaissance doors, locks and gates hardware catalogue; culture admission Central European; availability Renaissance. It does not imply a custom matched-key or hidden-lock system."
renaissance_door_cen_hook_latch_82,Renaissance,Renaissance,"Doors, locks & gates",lock and hardware,Central European,hook latch,a sunburst bronze hook latch,bronze,Small,Good,1265,47,Era / Renaissance Era; Functions / Household Items / Household Wares; Market / Household Goods / Standard Wares; Culture / Renaissance / Shared / Central European,Holdable; Destroyable_HeavyMetal; Latch_Container_Hook,Locksmithing,Blacksmithing,"Renaissance doors, locks and gates hardware catalogue; culture admission Central European; availability Renaissance. It does not imply a custom matched-key or hidden-lock system."
renaissance_door_cen_strike_plate_83,Renaissance,Renaissance,"Doors, locks & gates",lock and hardware,Central European,strike plate,a water-wave brass strike plate,brass,Small,Good,1350,55,Era / Renaissance Era; Functions / Household Items / Household Wares; Market / Household Goods / Standard Wares; Culture / Renaissance / Shared / Central European,Holdable; Destroyable_HeavyMetal; Latch_Normal,Locksmithing,Blacksmithing,"Renaissance doors, locks and gates hardware catalogue; culture admission Central European; availability Renaissance. It does not imply a custom matched-key or hidden-lock system."
renaissance_door_cen_hinge_pair_84,Renaissance,Renaissance,"Doors, locks & gates",lock and hardware,Central European,hinges,a knotted copper hinge pair,copper,Small,Standard,1435,63,Era / Renaissance Era; Functions / Household Items / Household Wares; Market / Household Goods / Standard Wares; Culture / Renaissance / Shared / Central European,Holdable; Destroyable_HeavyMetal; Latch_Normal,Locksmithing,Blacksmithing,"Renaissance doors, locks and gates hardware catalogue; culture admission Central European; availability Renaissance. It does not imply a custom matched-key or hidden-lock system."
renaissance_door_nba_panel_door_85,Renaissance,Renaissance,"Doors, locks & gates",door or gate,Northern Baltic,door,a vine wood door leaf,wood,Large,VeryGood,38400,210,Era / Renaissance Era; Functions / Household Items / Household Construction Materials; Market / Construction Materials / Worked Timber; Culture / Renaissance / Shared / Northern Baltic,Holdable; Destroyable_Door; Door_Normal_Large,Carpentry and joinery,Carpentry,"Renaissance doors, locks and gates catalogue; culture admission Northern Baltic; availability Renaissance. Door behaviour is limited to the attached supported component profile."
renaissance_door_nba_braced_door_86,Renaissance,Renaissance,"Doors, locks & gates",door or gate,Northern Baltic,door,a cloud oak braced door,oak,Large,Good,40200,221,Era / Renaissance Era; Functions / Household Items / Household Construction Materials; Market / Construction Materials / Worked Timber; Culture / Renaissance / Shared / Northern Baltic,Holdable; Destroyable_Door; Door_Tough_Large,Carpentry and joinery,Carpentry,"Renaissance doors, locks and gates catalogue; culture admission Northern Baltic; availability Renaissance. Door behaviour is limited to the attached supported component profile."
renaissance_door_nba_lockable_door_87,Renaissance,Renaissance,"Doors, locks & gates",door or gate,Northern Baltic,door,a reed pine lockable door,pine,Large,Standard,42000,232,Era / Renaissance Era; Functions / Household Items / Household Construction Materials; Market / Construction Materials / Worked Timber; Culture / Renaissance / Shared / Northern Baltic,Holdable; Destroyable_Door; Door_Lockable_Normal_Large,Carpentry and joinery,Carpentry,"Renaissance doors, locks and gates catalogue; culture admission Northern Baltic; availability Renaissance. Door behaviour is limited to the attached supported component profile."
renaissance_door_nba_secure_door_88,Renaissance,Renaissance,"Doors, locks & gates",door or gate,Northern Baltic,door,a checker cedar secure door,cedar,Large,Poor,43800,243,Era / Renaissance Era; Functions / Household Items / Household Construction Materials; Market / Construction Materials / Worked Timber; Culture / Renaissance / Shared / Northern Baltic,Holdable; Destroyable_Door; Door_Lockable_Secure_Large,Carpentry and joinery,Carpentry,"Renaissance doors, locks and gates catalogue; culture admission Northern Baltic; availability Renaissance. Door behaviour is limited to the attached supported component profile."
renaissance_door_nba_shutter_89,Renaissance,Renaissance,"Doors, locks & gates",door or gate,Northern Baltic,shutter,a radiating teak shuttered opening,teak,Large,Standard,45600,254,Era / Renaissance Era; Functions / Household Items / Household Construction Materials; Market / Construction Materials / Worked Timber; Culture / Renaissance / Shared / Northern Baltic,Holdable; Destroyable_Door; Door_Bad_Large,Carpentry and joinery,Carpentry,"Renaissance doors, locks and gates catalogue; culture admission Northern Baltic; availability Renaissance. Door behaviour is limited to the attached supported component profile."
renaissance_door_nba_screen_90,Renaissance,Renaissance,"Doors, locks & gates",door or gate,Northern Baltic,screen,a sunburst bamboo screen door,bamboo,Large,Good,47400,265,Era / Renaissance Era; Functions / Household Items / Household Construction Materials; Market / Construction Materials / Worked Timber; Culture / Renaissance / Shared / Northern Baltic,Holdable; Destroyable_Door; Door_Bad_Large,Carpentry and joinery,Carpentry,"Renaissance doors, locks and gates catalogue; culture admission Northern Baltic; availability Renaissance. Door behaviour is limited to the attached supported component profile."
renaissance_door_nba_lattice_gate_91,Renaissance,Renaissance,"Doors, locks & gates",door or gate,Northern Baltic,gate,a knotted oak lattice gate,oak,VeryLarge,Good,49200,276,Era / Renaissance Era; Functions / Household Items / Household Construction Materials; Market / Construction Materials / Worked Timber; Culture / Renaissance / Shared / Northern Baltic,Holdable; Destroyable_Door; Door_Normal_Large,Carpentry and joinery,Carpentry,"Renaissance doors, locks and gates catalogue; culture admission Northern Baltic; availability Renaissance. Door behaviour is limited to the attached supported component profile."
renaissance_door_nba_courtyard_gate_92,Renaissance,Renaissance,"Doors, locks & gates",door or gate,Northern Baltic,gate,a star cedar courtyard gate,cedar,VeryLarge,Standard,51000,287,Era / Renaissance Era; Functions / Household Items / Household Construction Materials; Market / Construction Materials / Worked Timber; Culture / Renaissance / Shared / Northern Baltic,Holdable; Destroyable_Door; Door_Lockable_Normal_Large,Carpentry and joinery,Carpentry,"Renaissance doors, locks and gates catalogue; culture admission Northern Baltic; availability Renaissance. Door behaviour is limited to the attached supported component profile."
renaissance_door_nba_warehouse_gate_93,Renaissance,Renaissance,"Doors, locks & gates",door or gate,Northern Baltic,gate,a vine teak warehouse gate,teak,VeryLarge,VeryGood,52800,45,Era / Renaissance Era; Functions / Household Items / Household Construction Materials; Market / Construction Materials / Worked Timber; Culture / Renaissance / Shared / Northern Baltic,Holdable; Destroyable_Door; Door_Lockable_Tough_Large,Carpentry and joinery,Carpentry,"Renaissance doors, locks and gates catalogue; culture admission Northern Baltic; availability Renaissance. Door behaviour is limited to the attached supported component profile."
renaissance_door_nba_garden_gate_94,Renaissance,Renaissance,"Doors, locks & gates",door or gate,Northern Baltic,gate,a cloud wrought iron garden gate,wrought iron,VeryLarge,Good,54600,56,Era / Renaissance Era; Functions / Household Items / Household Construction Materials; Market / Household Goods / Standard Wares; Culture / Renaissance / Shared / Northern Baltic,Holdable; Destroyable_Door; Door_Normal_Large,Carpentry and joinery,Carpentry,"Renaissance doors, locks and gates catalogue; culture admission Northern Baltic; availability Renaissance. Door behaviour is limited to the attached supported component profile."
renaissance_door_nba_grille_95,Renaissance,Renaissance,"Doors, locks & gates",door or gate,Northern Baltic,grille,a reed bronze metal grille,bronze,Large,Standard,56400,67,Era / Renaissance Era; Functions / Household Items / Household Construction Materials; Market / Household Goods / Standard Wares; Culture / Renaissance / Shared / Northern Baltic,Holdable; Destroyable_Door; Door_Secure_Large,Carpentry and joinery,Carpentry,"Renaissance doors, locks and gates catalogue; culture admission Northern Baltic; availability Renaissance. Door behaviour is limited to the attached supported component profile."
renaissance_door_nba_barrier_96,Renaissance,Renaissance,"Doors, locks & gates",door or gate,Northern Baltic,barrier,a checker brass barred barrier,brass,Large,Poor,24000,78,Era / Renaissance Era; Functions / Household Items / Household Construction Materials; Market / Household Goods / Standard Wares; Culture / Renaissance / Shared / Northern Baltic,Holdable; Destroyable_Door; Door_Tough_Large,Carpentry and joinery,Carpentry,"Renaissance doors, locks and gates catalogue; culture admission Northern Baltic; availability Renaissance. Door behaviour is limited to the attached supported component profile."
renaissance_door_nba_hatch_97,Renaissance,Renaissance,"Doors, locks & gates",door or gate,Northern Baltic,hatch,a radiating pine service hatch,pine,Large,Standard,25800,89,Era / Renaissance Era; Functions / Household Items / Household Construction Materials; Market / Construction Materials / Worked Timber; Culture / Renaissance / Shared / Northern Baltic,Holdable; Destroyable_Door; Door_Lockable_Normal_Large,Carpentry and joinery,Carpentry,"Renaissance doors, locks and gates catalogue; culture admission Northern Baltic; availability Renaissance. Door behaviour is limited to the attached supported component profile."
renaissance_door_nba_wicket_98,Renaissance,Renaissance,"Doors, locks & gates",door or gate,Northern Baltic,wicket,a sunburst teak wicket gate,teak,Large,Good,27600,100,Era / Renaissance Era; Functions / Household Items / Household Construction Materials; Market / Construction Materials / Worked Timber; Culture / Renaissance / Shared / Northern Baltic,Holdable; Destroyable_Door; Door_Lockable_Normal_Large,Carpentry and joinery,Carpentry,"Renaissance doors, locks and gates catalogue; culture admission Northern Baltic; availability Renaissance. Door behaviour is limited to the attached supported component profile."
renaissance_door_nba_panel_door_99,Renaissance,Renaissance,"Doors, locks & gates",door or gate,Northern Baltic,door,a knotted teak door leaf,teak,Large,Good,29400,111,Era / Renaissance Era; Functions / Household Items / Household Construction Materials; Market / Construction Materials / Worked Timber; Culture / Renaissance / Shared / Northern Baltic,Holdable; Destroyable_Door; Door_Normal_Large,Carpentry and joinery,Carpentry,"Renaissance doors, locks and gates catalogue; culture admission Northern Baltic; availability Renaissance. Door behaviour is limited to the attached supported component profile."
renaissance_door_nba_braced_door_100,Renaissance,Renaissance,"Doors, locks & gates",door or gate,Northern Baltic,door,a star wood braced door,wood,Large,Standard,31200,122,Era / Renaissance Era; Functions / Household Items / Household Construction Materials; Market / Construction Materials / Worked Timber; Culture / Renaissance / Shared / Northern Baltic,Holdable; Destroyable_Door; Door_Tough_Large,Carpentry and joinery,Carpentry,"Renaissance doors, locks and gates catalogue; culture admission Northern Baltic; availability Renaissance. Door behaviour is limited to the attached supported component profile."
renaissance_door_nba_lockable_door_101,Renaissance,Renaissance,"Doors, locks & gates",door or gate,Northern Baltic,door,a vine oak lockable door,oak,Large,VeryGood,33000,133,Era / Renaissance Era; Functions / Household Items / Household Construction Materials; Market / Construction Materials / Worked Timber; Culture / Renaissance / Shared / Northern Baltic,Holdable; Destroyable_Door; Door_Lockable_Normal_Large,Carpentry and joinery,Carpentry,"Renaissance doors, locks and gates catalogue; culture admission Northern Baltic; availability Renaissance. Door behaviour is limited to the attached supported component profile."
renaissance_door_nba_master_warded_lock_102,Renaissance,Renaissance,"Doors, locks & gates",lock and hardware,Northern Baltic,lock,a knotted bronze master warded lock,bronze,Small,Good,1520,55,Era / Renaissance Era; Functions / Household Items / Household Wares; Market / Household Goods / Standard Wares; Culture / Renaissance / Shared / Northern Baltic,Holdable; Destroyable_HeavyMetal; Warded_Lock_Master,Locksmithing,Blacksmithing,"Renaissance doors, locks and gates hardware catalogue; culture admission Northern Baltic; availability Renaissance. It does not imply a custom matched-key or hidden-lock system."
renaissance_door_nba_warded_key_103,Renaissance,Renaissance,"Doors, locks & gates",lock and hardware,Northern Baltic,key,a flower-head brass warded key,brass,Small,Standard,160,63,Era / Renaissance Era; Functions / Household Items / Household Wares; Market / Household Goods / Standard Wares; Culture / Renaissance / Shared / Northern Baltic,Holdable; Destroyable_HeavyMetal; Warded_Key,Locksmithing,Blacksmithing,"Renaissance doors, locks and gates hardware catalogue; culture admission Northern Baltic; availability Renaissance. It does not imply a custom matched-key or hidden-lock system."
renaissance_door_nba_ring_key_104,Renaissance,Renaissance,"Doors, locks & gates",lock and hardware,Northern Baltic,key,a star copper ring bow key,copper,Small,Poor,245,71,Era / Renaissance Era; Functions / Household Items / Household Wares; Market / Household Goods / Standard Wares; Culture / Renaissance / Shared / Northern Baltic,Holdable; Destroyable_HeavyMetal; Warded_Key,Locksmithing,Blacksmithing,"Renaissance doors, locks and gates hardware catalogue; culture admission Northern Baltic; availability Renaissance. It does not imply a custom matched-key or hidden-lock system."
renaissance_door_nba_door_latch_105,Renaissance,Renaissance,"Doors, locks & gates",lock and hardware,Northern Baltic,latch,a bird pewter door latch,pewter,Small,Standard,330,79,Era / Renaissance Era; Functions / Household Items / Household Wares; Market / Household Goods / Standard Wares; Culture / Renaissance / Shared / Northern Baltic,Holdable; Destroyable_HeavyMetal; Latch_Normal,Locksmithing,Blacksmithing,"Renaissance doors, locks and gates hardware catalogue; culture admission Northern Baltic; availability Renaissance. It does not imply a custom matched-key or hidden-lock system."
renaissance_door_nba_gate_dropbar_106,Renaissance,Renaissance,"Doors, locks & gates",lock and hardware,Northern Baltic,drop bar,a vine wrought iron gate drop bar,wrought iron,Small,Good,415,87,Era / Renaissance Era; Functions / Household Items / Household Wares; Market / Household Goods / Standard Wares; Culture / Renaissance / Shared / Northern Baltic,Holdable; Destroyable_HeavyMetal; Latch_Gate_DropBar,Locksmithing,Blacksmithing,"Renaissance doors, locks and gates hardware catalogue; culture admission Northern Baltic; availability Renaissance. It does not imply a custom matched-key or hidden-lock system."
renaissance_door_nba_door_bar_107,Renaissance,Renaissance,"Doors, locks & gates",lock and hardware,Northern Baltic,bar,a geometric bronze door bar,bronze,Small,Good,500,95,Era / Renaissance Era; Functions / Household Items / Household Wares; Market / Household Goods / Standard Wares; Culture / Renaissance / Shared / Northern Baltic,Holdable; Destroyable_HeavyMetal; Latch_Door_Bar,Locksmithing,Blacksmithing,"Renaissance doors, locks and gates hardware catalogue; culture admission Northern Baltic; availability Renaissance. It does not imply a custom matched-key or hidden-lock system."
renaissance_door_nba_portcullis_pawl_108,Renaissance,Renaissance,"Doors, locks & gates",lock and hardware,Northern Baltic,pawl,a cloud brass winch pawl,brass,Small,Standard,585,103,Era / Renaissance Era; Functions / Household Items / Household Wares; Market / Household Goods / Standard Wares; Culture / Renaissance / Shared / Northern Baltic,Holdable; Destroyable_HeavyMetal; Latch_Portcullis_Pawl,Locksmithing,Blacksmithing,"Renaissance doors, locks and gates hardware catalogue; culture admission Northern Baltic; availability Renaissance. It does not imply a custom matched-key or hidden-lock system."
renaissance_door_nba_hasp_109,Renaissance,Renaissance,"Doors, locks & gates",lock and hardware,Northern Baltic,hasp,a shell copper iron hasp,copper,Small,VeryGood,670,111,Era / Renaissance Era; Functions / Household Items / Household Wares; Market / Household Goods / Standard Wares; Culture / Renaissance / Shared / Northern Baltic,Holdable; Destroyable_HeavyMetal; Latch_Container_Hasp,Locksmithing,Blacksmithing,"Renaissance doors, locks and gates hardware catalogue; culture admission Northern Baltic; availability Renaissance. It does not imply a custom matched-key or hidden-lock system."
renaissance_door_nba_hook_latch_110,Renaissance,Renaissance,"Doors, locks & gates",lock and hardware,Northern Baltic,hook latch,a reed pewter hook latch,pewter,Small,Good,755,119,Era / Renaissance Era; Functions / Household Items / Household Wares; Market / Household Goods / Standard Wares; Culture / Renaissance / Shared / Northern Baltic,Holdable; Destroyable_HeavyMetal; Latch_Container_Hook,Locksmithing,Blacksmithing,"Renaissance doors, locks and gates hardware catalogue; culture admission Northern Baltic; availability Renaissance. It does not imply a custom matched-key or hidden-lock system."
renaissance_door_nba_strike_plate_111,Renaissance,Renaissance,"Doors, locks & gates",lock and hardware,Northern Baltic,strike plate,a rosette wrought iron strike plate,wrought iron,Small,Standard,840,127,Era / Renaissance Era; Functions / Household Items / Household Wares; Market / Household Goods / Standard Wares; Culture / Renaissance / Shared / Northern Baltic,Holdable; Destroyable_HeavyMetal; Latch_Normal,Locksmithing,Blacksmithing,"Renaissance doors, locks and gates hardware catalogue; culture admission Northern Baltic; availability Renaissance. It does not imply a custom matched-key or hidden-lock system."
renaissance_door_nba_hinge_pair_112,Renaissance,Renaissance,"Doors, locks & gates",lock and hardware,Northern Baltic,hinges,a checker bronze hinge pair,bronze,Small,Poor,925,135,Era / Renaissance Era; Functions / Household Items / Household Wares; Market / Household Goods / Standard Wares; Culture / Renaissance / Shared / Northern Baltic,Holdable; Destroyable_HeavyMetal; Latch_Normal,Locksmithing,Blacksmithing,"Renaissance doors, locks and gates hardware catalogue; culture admission Northern Baltic; availability Renaissance. It does not imply a custom matched-key or hidden-lock system."
renaissance_door_cef_panel_door_113,Renaissance,Renaissance,"Doors, locks & gates",door or gate,Central Eastern Frontier,door,a geometric pine door leaf,pine,Large,Standard,54600,265,Era / Renaissance Era; Functions / Household Items / Household Construction Materials; Market / Construction Materials / Worked Timber; Culture / Renaissance / Shared / Central Eastern Frontier,Holdable; Destroyable_Door; Door_Normal_Large,Carpentry and joinery,Carpentry,"Renaissance doors, locks and gates catalogue; culture admission Central Eastern Frontier; availability Renaissance. Door behaviour is limited to the attached supported component profile."
renaissance_door_cef_braced_door_114,Renaissance,Renaissance,"Doors, locks & gates",door or gate,Central Eastern Frontier,door,a shell cedar braced door,cedar,Large,Good,56400,276,Era / Renaissance Era; Functions / Household Items / Household Construction Materials; Market / Construction Materials / Worked Timber; Culture / Renaissance / Shared / Central Eastern Frontier,Holdable; Destroyable_Door; Door_Tough_Large,Carpentry and joinery,Carpentry,"Renaissance doors, locks and gates catalogue; culture admission Central Eastern Frontier; availability Renaissance. Door behaviour is limited to the attached supported component profile."
renaissance_door_cef_lockable_door_115,Renaissance,Renaissance,"Doors, locks & gates",door or gate,Central Eastern Frontier,door,a rosette teak lockable door,teak,Large,Good,24000,287,Era / Renaissance Era; Functions / Household Items / Household Construction Materials; Market / Construction Materials / Worked Timber; Culture / Renaissance / Shared / Central Eastern Frontier,Holdable; Destroyable_Door; Door_Lockable_Normal_Large,Carpentry and joinery,Carpentry,"Renaissance doors, locks and gates catalogue; culture admission Central Eastern Frontier; availability Renaissance. Door behaviour is limited to the attached supported component profile."
renaissance_door_cef_secure_door_116,Renaissance,Renaissance,"Doors, locks & gates",door or gate,Central Eastern Frontier,door,a braided wood secure door,wood,Large,Standard,25800,45,Era / Renaissance Era; Functions / Household Items / Household Construction Materials; Market / Construction Materials / Worked Timber; Culture / Renaissance / Shared / Central Eastern Frontier,Holdable; Destroyable_Door; Door_Lockable_Secure_Large,Carpentry and joinery,Carpentry,"Renaissance doors, locks and gates catalogue; culture admission Central Eastern Frontier; availability Renaissance. Door behaviour is limited to the attached supported component profile."
renaissance_door_cef_shutter_117,Renaissance,Renaissance,"Doors, locks & gates",door or gate,Central Eastern Frontier,shutter,a leaf-scroll oak shuttered opening,oak,Large,VeryGood,27600,56,Era / Renaissance Era; Functions / Household Items / Household Construction Materials; Market / Construction Materials / Worked Timber; Culture / Renaissance / Shared / Central Eastern Frontier,Holdable; Destroyable_Door; Door_Bad_Large,Carpentry and joinery,Carpentry,"Renaissance doors, locks and gates catalogue; culture admission Central Eastern Frontier; availability Renaissance. Door behaviour is limited to the attached supported component profile."
renaissance_door_cef_screen_118,Renaissance,Renaissance,"Doors, locks & gates",door or gate,Central Eastern Frontier,screen,a water-wave teak screen door,teak,Large,Good,29400,67,Era / Renaissance Era; Functions / Household Items / Household Construction Materials; Market / Construction Materials / Worked Timber; Culture / Renaissance / Shared / Central Eastern Frontier,Holdable; Destroyable_Door; Door_Bad_Large,Carpentry and joinery,Carpentry,"Renaissance doors, locks and gates catalogue; culture admission Central Eastern Frontier; availability Renaissance. Door behaviour is limited to the attached supported component profile."
renaissance_door_cef_lattice_gate_119,Renaissance,Renaissance,"Doors, locks & gates",door or gate,Central Eastern Frontier,gate,a flower-head teak lattice gate,teak,VeryLarge,Standard,31200,78,Era / Renaissance Era; Functions / Household Items / Household Construction Materials; Market / Construction Materials / Worked Timber; Culture / Renaissance / Shared / Central Eastern Frontier,Holdable; Destroyable_Door; Door_Normal_Large,Carpentry and joinery,Carpentry,"Renaissance doors, locks and gates catalogue; culture admission Central Eastern Frontier; availability Renaissance. Door behaviour is limited to the attached supported component profile."
renaissance_door_cef_courtyard_gate_120,Renaissance,Renaissance,"Doors, locks & gates",door or gate,Central Eastern Frontier,gate,a bird wrought iron courtyard gate,wrought iron,VeryLarge,Poor,33000,89,Era / Renaissance Era; Functions / Household Items / Household Construction Materials; Market / Household Goods / Standard Wares; Culture / Renaissance / Shared / Central Eastern Frontier,Holdable; Destroyable_Door; Door_Lockable_Normal_Large,Carpentry and joinery,Carpentry,"Renaissance doors, locks and gates catalogue; culture admission Central Eastern Frontier; availability Renaissance. Door behaviour is limited to the attached supported component profile."
renaissance_door_cef_warehouse_gate_121,Renaissance,Renaissance,"Doors, locks & gates",door or gate,Central Eastern Frontier,gate,a geometric bronze warehouse gate,bronze,VeryLarge,Standard,34800,100,Era / Renaissance Era; Functions / Household Items / Household Construction Materials; Market / Household Goods / Standard Wares; Culture / Renaissance / Shared / Central Eastern Frontier,Holdable; Destroyable_Door; Door_Lockable_Tough_Large,Carpentry and joinery,Carpentry,"Renaissance doors, locks and gates catalogue; culture admission Central Eastern Frontier; availability Renaissance. Door behaviour is limited to the attached supported component profile."
renaissance_door_cef_garden_gate_122,Renaissance,Renaissance,"Doors, locks & gates",door or gate,Central Eastern Frontier,gate,a shell oak garden gate,oak,VeryLarge,Good,36600,111,Era / Renaissance Era; Functions / Household Items / Household Construction Materials; Market / Construction Materials / Worked Timber; Culture / Renaissance / Shared / Central Eastern Frontier,Holdable; Destroyable_Door; Door_Normal_Large,Carpentry and joinery,Carpentry,"Renaissance doors, locks and gates catalogue; culture admission Central Eastern Frontier; availability Renaissance. Door behaviour is limited to the attached supported component profile."
renaissance_door_cef_grille_123,Renaissance,Renaissance,"Doors, locks & gates",door or gate,Central Eastern Frontier,grille,a rosette brass metal grille,brass,Large,Good,38400,122,Era / Renaissance Era; Functions / Household Items / Household Construction Materials; Market / Household Goods / Standard Wares; Culture / Renaissance / Shared / Central Eastern Frontier,Holdable; Destroyable_Door; Door_Secure_Large,Carpentry and joinery,Carpentry,"Renaissance doors, locks and gates catalogue; culture admission Central Eastern Frontier; availability Renaissance. Door behaviour is limited to the attached supported component profile."
renaissance_door_cef_barrier_124,Renaissance,Renaissance,"Doors, locks & gates",door or gate,Central Eastern Frontier,barrier,a braided wrought iron barred barrier,wrought iron,Large,Standard,40200,133,Era / Renaissance Era; Functions / Household Items / Household Construction Materials; Market / Household Goods / Standard Wares; Culture / Renaissance / Shared / Central Eastern Frontier,Holdable; Destroyable_Door; Door_Tough_Large,Carpentry and joinery,Carpentry,"Renaissance doors, locks and gates catalogue; culture admission Central Eastern Frontier; availability Renaissance. Door behaviour is limited to the attached supported component profile."
renaissance_door_cef_hatch_125,Renaissance,Renaissance,"Doors, locks & gates",door or gate,Central Eastern Frontier,hatch,a leaf-scroll teak service hatch,teak,Large,VeryGood,42000,144,Era / Renaissance Era; Functions / Household Items / Household Construction Materials; Market / Construction Materials / Worked Timber; Culture / Renaissance / Shared / Central Eastern Frontier,Holdable; Destroyable_Door; Door_Lockable_Normal_Large,Carpentry and joinery,Carpentry,"Renaissance doors, locks and gates catalogue; culture admission Central Eastern Frontier; availability Renaissance. Door behaviour is limited to the attached supported component profile."
renaissance_door_cef_wicket_126,Renaissance,Renaissance,"Doors, locks & gates",door or gate,Central Eastern Frontier,wicket,a water-wave bronze wicket gate,bronze,Large,Good,43800,155,Era / Renaissance Era; Functions / Household Items / Household Construction Materials; Market / Household Goods / Standard Wares; Culture / Renaissance / Shared / Central Eastern Frontier,Holdable; Destroyable_Door; Door_Lockable_Normal_Large,Carpentry and joinery,Carpentry,"Renaissance doors, locks and gates catalogue; culture admission Central Eastern Frontier; availability Renaissance. Door behaviour is limited to the attached supported component profile."
renaissance_door_cef_panel_door_127,Renaissance,Renaissance,"Doors, locks & gates",door or gate,Central Eastern Frontier,door,a flower-head oak door leaf,oak,Large,Standard,45600,166,Era / Renaissance Era; Functions / Household Items / Household Construction Materials; Market / Construction Materials / Worked Timber; Culture / Renaissance / Shared / Central Eastern Frontier,Holdable; Destroyable_Door; Door_Normal_Large,Carpentry and joinery,Carpentry,"Renaissance doors, locks and gates catalogue; culture admission Central Eastern Frontier; availability Renaissance. Door behaviour is limited to the attached supported component profile."
renaissance_door_cef_braced_door_128,Renaissance,Renaissance,"Doors, locks & gates",door or gate,Central Eastern Frontier,door,a bird pine braced door,pine,Large,Poor,47400,177,Era / Renaissance Era; Functions / Household Items / Household Construction Materials; Market / Construction Materials / Worked Timber; Culture / Renaissance / Shared / Central Eastern Frontier,Holdable; Destroyable_Door; Door_Tough_Large,Carpentry and joinery,Carpentry,"Renaissance doors, locks and gates catalogue; culture admission Central Eastern Frontier; availability Renaissance. Door behaviour is limited to the attached supported component profile."
renaissance_door_cef_lockable_door_129,Renaissance,Renaissance,"Doors, locks & gates",door or gate,Central Eastern Frontier,door,a geometric cedar lockable door,cedar,Large,Standard,49200,188,Era / Renaissance Era; Functions / Household Items / Household Construction Materials; Market / Construction Materials / Worked Timber; Culture / Renaissance / Shared / Central Eastern Frontier,Holdable; Destroyable_Door; Door_Lockable_Normal_Large,Carpentry and joinery,Carpentry,"Renaissance doors, locks and gates catalogue; culture admission Central Eastern Frontier; availability Renaissance. Door behaviour is limited to the attached supported component profile."
renaissance_door_cef_master_warded_lock_130,Renaissance,Renaissance,"Doors, locks & gates",lock and hardware,Central Eastern Frontier,lock,a sunburst pewter master warded lock,pewter,Small,Good,1010,127,Era / Renaissance Era; Functions / Household Items / Household Wares; Market / Household Goods / Standard Wares; Culture / Renaissance / Shared / Central Eastern Frontier,Holdable; Destroyable_HeavyMetal; Warded_Lock_Master,Locksmithing,Blacksmithing,"Renaissance doors, locks and gates hardware catalogue; culture admission Central Eastern Frontier; availability Renaissance. It does not imply a custom matched-key or hidden-lock system."
renaissance_door_cef_warded_key_131,Renaissance,Renaissance,"Doors, locks & gates",lock and hardware,Central Eastern Frontier,key,a water-wave wrought iron warded key,wrought iron,Small,Good,1095,135,Era / Renaissance Era; Functions / Household Items / Household Wares; Market / Household Goods / Standard Wares; Culture / Renaissance / Shared / Central Eastern Frontier,Holdable; Destroyable_HeavyMetal; Warded_Key,Locksmithing,Blacksmithing,"Renaissance doors, locks and gates hardware catalogue; culture admission Central Eastern Frontier; availability Renaissance. It does not imply a custom matched-key or hidden-lock system."
renaissance_door_cef_ring_key_132,Renaissance,Renaissance,"Doors, locks & gates",lock and hardware,Central Eastern Frontier,key,a knotted bronze ring bow key,bronze,Small,Standard,1180,143,Era / Renaissance Era; Functions / Household Items / Household Wares; Market / Household Goods / Standard Wares; Culture / Renaissance / Shared / Central Eastern Frontier,Holdable; Destroyable_HeavyMetal; Warded_Key,Locksmithing,Blacksmithing,"Renaissance doors, locks and gates hardware catalogue; culture admission Central Eastern Frontier; availability Renaissance. It does not imply a custom matched-key or hidden-lock system."
renaissance_door_cef_door_latch_133,Renaissance,Renaissance,"Doors, locks & gates",lock and hardware,Central Eastern Frontier,latch,a flower-head brass door latch,brass,Small,VeryGood,1265,151,Era / Renaissance Era; Functions / Household Items / Household Wares; Market / Household Goods / Standard Wares; Culture / Renaissance / Shared / Central Eastern Frontier,Holdable; Destroyable_HeavyMetal; Latch_Normal,Locksmithing,Blacksmithing,"Renaissance doors, locks and gates hardware catalogue; culture admission Central Eastern Frontier; availability Renaissance. It does not imply a custom matched-key or hidden-lock system."
renaissance_door_cef_gate_dropbar_134,Renaissance,Renaissance,"Doors, locks & gates",lock and hardware,Central Eastern Frontier,drop bar,a star copper gate drop bar,copper,Small,Good,1350,7,Era / Renaissance Era; Functions / Household Items / Household Wares; Market / Household Goods / Standard Wares; Culture / Renaissance / Shared / Central Eastern Frontier,Holdable; Destroyable_HeavyMetal; Latch_Gate_DropBar,Locksmithing,Blacksmithing,"Renaissance doors, locks and gates hardware catalogue; culture admission Central Eastern Frontier; availability Renaissance. It does not imply a custom matched-key or hidden-lock system."
renaissance_door_cef_door_bar_135,Renaissance,Renaissance,"Doors, locks & gates",lock and hardware,Central Eastern Frontier,bar,a bird pewter door bar,pewter,Small,Standard,1435,15,Era / Renaissance Era; Functions / Household Items / Household Wares; Market / Household Goods / Standard Wares; Culture / Renaissance / Shared / Central Eastern Frontier,Holdable; Destroyable_HeavyMetal; Latch_Door_Bar,Locksmithing,Blacksmithing,"Renaissance doors, locks and gates hardware catalogue; culture admission Central Eastern Frontier; availability Renaissance. It does not imply a custom matched-key or hidden-lock system."
renaissance_door_cef_portcullis_pawl_136,Renaissance,Renaissance,"Doors, locks & gates",lock and hardware,Central Eastern Frontier,pawl,a vine wrought iron winch pawl,wrought iron,Small,Poor,1520,23,Era / Renaissance Era; Functions / Household Items / Household Wares; Market / Household Goods / Standard Wares; Culture / Renaissance / Shared / Central Eastern Frontier,Holdable; Destroyable_HeavyMetal; Latch_Portcullis_Pawl,Locksmithing,Blacksmithing,"Renaissance doors, locks and gates hardware catalogue; culture admission Central Eastern Frontier; availability Renaissance. It does not imply a custom matched-key or hidden-lock system."
renaissance_door_cef_hasp_137,Renaissance,Renaissance,"Doors, locks & gates",lock and hardware,Central Eastern Frontier,hasp,a geometric bronze iron hasp,bronze,Small,Standard,160,31,Era / Renaissance Era; Functions / Household Items / Household Wares; Market / Household Goods / Standard Wares; Culture / Renaissance / Shared / Central Eastern Frontier,Holdable; Destroyable_HeavyMetal; Latch_Container_Hasp,Locksmithing,Blacksmithing,"Renaissance doors, locks and gates hardware catalogue; culture admission Central Eastern Frontier; availability Renaissance. It does not imply a custom matched-key or hidden-lock system."
renaissance_door_cef_hook_latch_138,Renaissance,Renaissance,"Doors, locks & gates",lock and hardware,Central Eastern Frontier,hook latch,a cloud brass hook latch,brass,Small,Good,245,39,Era / Renaissance Era; Functions / Household Items / Household Wares; Market / Household Goods / Standard Wares; Culture / Renaissance / Shared / Central Eastern Frontier,Holdable; Destroyable_HeavyMetal; Latch_Container_Hook,Locksmithing,Blacksmithing,"Renaissance doors, locks and gates hardware catalogue; culture admission Central Eastern Frontier; availability Renaissance. It does not imply a custom matched-key or hidden-lock system."
renaissance_door_cef_strike_plate_139,Renaissance,Renaissance,"Doors, locks & gates",lock and hardware,Central Eastern Frontier,strike plate,a shell copper strike plate,copper,Small,Good,330,47,Era / Renaissance Era; Functions / Household Items / Household Wares; Market / Household Goods / Standard Wares; Culture / Renaissance / Shared / Central Eastern Frontier,Holdable; Destroyable_HeavyMetal; Latch_Normal,Locksmithing,Blacksmithing,"Renaissance doors, locks and gates hardware catalogue; culture admission Central Eastern Frontier; availability Renaissance. It does not imply a custom matched-key or hidden-lock system."
renaissance_door_cef_hinge_pair_140,Renaissance,Renaissance,"Doors, locks & gates",lock and hardware,Central Eastern Frontier,hinges,a reed pewter hinge pair,pewter,Small,Standard,415,55,Era / Renaissance Era; Functions / Household Items / Household Wares; Market / Household Goods / Standard Wares; Culture / Renaissance / Shared / Central Eastern Frontier,Holdable; Destroyable_HeavyMetal; Latch_Normal,Locksmithing,Blacksmithing,"Renaissance doors, locks and gates hardware catalogue; culture admission Central Eastern Frontier; availability Renaissance. It does not imply a custom matched-key or hidden-lock system."
renaissance_door_eon_panel_door_141,Renaissance,Renaissance,"Doors, locks & gates",door or gate,Eastern Orthodox Northern,door,a sunburst oak door leaf,oak,Large,VeryGood,36600,67,Era / Renaissance Era; Functions / Household Items / Household Construction Materials; Market / Construction Materials / Worked Timber; Culture / Renaissance / Shared / Eastern Orthodox Northern,Holdable; Destroyable_Door; Door_Normal_Large,Carpentry and joinery,Carpentry,"Renaissance doors, locks and gates catalogue; culture admission Eastern Orthodox Northern; availability Renaissance. Door behaviour is limited to the attached supported component profile."
renaissance_door_eon_braced_door_142,Renaissance,Renaissance,"Doors, locks & gates",door or gate,Eastern Orthodox Northern,door,a knotted pine braced door,pine,Large,Good,38400,78,Era / Renaissance Era; Functions / Household Items / Household Construction Materials; Market / Construction Materials / Worked Timber; Culture / Renaissance / Shared / Eastern Orthodox Northern,Holdable; Destroyable_Door; Door_Tough_Large,Carpentry and joinery,Carpentry,"Renaissance doors, locks and gates catalogue; culture admission Eastern Orthodox Northern; availability Renaissance. Door behaviour is limited to the attached supported component profile."
renaissance_door_eon_lockable_door_143,Renaissance,Renaissance,"Doors, locks & gates",door or gate,Eastern Orthodox Northern,door,a star cedar lockable door,cedar,Large,Standard,40200,89,Era / Renaissance Era; Functions / Household Items / Household Construction Materials; Market / Construction Materials / Worked Timber; Culture / Renaissance / Shared / Eastern Orthodox Northern,Holdable; Destroyable_Door; Door_Lockable_Normal_Large,Carpentry and joinery,Carpentry,"Renaissance doors, locks and gates catalogue; culture admission Eastern Orthodox Northern; availability Renaissance. Door behaviour is limited to the attached supported component profile."
renaissance_door_eon_secure_door_144,Renaissance,Renaissance,"Doors, locks & gates",door or gate,Eastern Orthodox Northern,door,a vine teak secure door,teak,Large,Poor,42000,100,Era / Renaissance Era; Functions / Household Items / Household Construction Materials; Market / Construction Materials / Worked Timber; Culture / Renaissance / Shared / Eastern Orthodox Northern,Holdable; Destroyable_Door; Door_Lockable_Secure_Large,Carpentry and joinery,Carpentry,"Renaissance doors, locks and gates catalogue; culture admission Eastern Orthodox Northern; availability Renaissance. Door behaviour is limited to the attached supported component profile."
renaissance_door_eon_shutter_145,Renaissance,Renaissance,"Doors, locks & gates",door or gate,Eastern Orthodox Northern,shutter,a cloud wood shuttered opening,wood,Large,Standard,43800,111,Era / Renaissance Era; Functions / Household Items / Household Construction Materials; Market / Construction Materials / Worked Timber; Culture / Renaissance / Shared / Eastern Orthodox Northern,Holdable; Destroyable_Door; Door_Bad_Large,Carpentry and joinery,Carpentry,"Renaissance doors, locks and gates catalogue; culture admission Eastern Orthodox Northern; availability Renaissance. Door behaviour is limited to the attached supported component profile."
renaissance_door_eon_screen_146,Renaissance,Renaissance,"Doors, locks & gates",door or gate,Eastern Orthodox Northern,screen,a reed cedar screen door,cedar,Large,Good,45600,122,Era / Renaissance Era; Functions / Household Items / Household Construction Materials; Market / Construction Materials / Worked Timber; Culture / Renaissance / Shared / Eastern Orthodox Northern,Holdable; Destroyable_Door; Door_Bad_Large,Carpentry and joinery,Carpentry,"Renaissance doors, locks and gates catalogue; culture admission Eastern Orthodox Northern; availability Renaissance. Door behaviour is limited to the attached supported component profile."
renaissance_door_eon_lattice_gate_147,Renaissance,Renaissance,"Doors, locks & gates",door or gate,Eastern Orthodox Northern,gate,a checker cedar lattice gate,cedar,VeryLarge,Good,47400,133,Era / Renaissance Era; Functions / Household Items / Household Construction Materials; Market / Construction Materials / Worked Timber; Culture / Renaissance / Shared / Eastern Orthodox Northern,Holdable; Destroyable_Door; Door_Normal_Large,Carpentry and joinery,Carpentry,"Renaissance doors, locks and gates catalogue; culture admission Eastern Orthodox Northern; availability Renaissance. Door behaviour is limited to the attached supported component profile."
renaissance_door_eon_courtyard_gate_148,Renaissance,Renaissance,"Doors, locks & gates",door or gate,Eastern Orthodox Northern,gate,a radiating teak courtyard gate,teak,VeryLarge,Standard,49200,144,Era / Renaissance Era; Functions / Household Items / Household Construction Materials; Market / Construction Materials / Worked Timber; Culture / Renaissance / Shared / Eastern Orthodox Northern,Holdable; Destroyable_Door; Door_Lockable_Normal_Large,Carpentry and joinery,Carpentry,"Renaissance doors, locks and gates catalogue; culture admission Eastern Orthodox Northern; availability Renaissance. Door behaviour is limited to the attached supported component profile."
renaissance_door_eon_warehouse_gate_149,Renaissance,Renaissance,"Doors, locks & gates",door or gate,Eastern Orthodox Northern,gate,a sunburst wrought iron warehouse gate,wrought iron,VeryLarge,VeryGood,51000,155,Era / Renaissance Era; Functions / Household Items / Household Construction Materials; Market / Household Goods / Standard Wares; Culture / Renaissance / Shared / Eastern Orthodox Northern,Holdable; Destroyable_Door; Door_Lockable_Tough_Large,Carpentry and joinery,Carpentry,"Renaissance doors, locks and gates catalogue; culture admission Eastern Orthodox Northern; availability Renaissance. Door behaviour is limited to the attached supported component profile."
renaissance_door_eon_garden_gate_150,Renaissance,Renaissance,"Doors, locks & gates",door or gate,Eastern Orthodox Northern,gate,a knotted bronze garden gate,bronze,VeryLarge,Good,52800,166,Era / Renaissance Era; Functions / Household Items / Household Construction Materials; Market / Household Goods / Standard Wares; Culture / Renaissance / Shared / Eastern Orthodox Northern,Holdable; Destroyable_Door; Door_Normal_Large,Carpentry and joinery,Carpentry,"Renaissance doors, locks and gates catalogue; culture admission Eastern Orthodox Northern; availability Renaissance. Door behaviour is limited to the attached supported component profile."
renaissance_door_eon_grille_151,Renaissance,Renaissance,"Doors, locks & gates",door or gate,Eastern Orthodox Northern,grille,a star bronze metal grille,bronze,Large,Standard,54600,177,Era / Renaissance Era; Functions / Household Items / Household Construction Materials; Market / Household Goods / Standard Wares; Culture / Renaissance / Shared / Eastern Orthodox Northern,Holdable; Destroyable_Door; Door_Secure_Large,Carpentry and joinery,Carpentry,"Renaissance doors, locks and gates catalogue; culture admission Eastern Orthodox Northern; availability Renaissance. Door behaviour is limited to the attached supported component profile."
renaissance_door_eon_barrier_152,Renaissance,Renaissance,"Doors, locks & gates",door or gate,Eastern Orthodox Northern,barrier,a vine brass barred barrier,brass,Large,Poor,56400,188,Era / Renaissance Era; Functions / Household Items / Household Construction Materials; Market / Household Goods / Standard Wares; Culture / Renaissance / Shared / Eastern Orthodox Northern,Holdable; Destroyable_Door; Door_Tough_Large,Carpentry and joinery,Carpentry,"Renaissance doors, locks and gates catalogue; culture admission Eastern Orthodox Northern; availability Renaissance. Door behaviour is limited to the attached supported component profile."
renaissance_door_eon_hatch_153,Renaissance,Renaissance,"Doors, locks & gates",door or gate,Eastern Orthodox Northern,hatch,a cloud cedar service hatch,cedar,Large,Standard,24000,199,Era / Renaissance Era; Functions / Household Items / Household Construction Materials; Market / Construction Materials / Worked Timber; Culture / Renaissance / Shared / Eastern Orthodox Northern,Holdable; Destroyable_Door; Door_Lockable_Normal_Large,Carpentry and joinery,Carpentry,"Renaissance doors, locks and gates catalogue; culture admission Eastern Orthodox Northern; availability Renaissance. Door behaviour is limited to the attached supported component profile."
renaissance_door_eon_wicket_154,Renaissance,Renaissance,"Doors, locks & gates",door or gate,Eastern Orthodox Northern,wicket,a reed wrought iron wicket gate,wrought iron,Large,Good,25800,210,Era / Renaissance Era; Functions / Household Items / Household Construction Materials; Market / Household Goods / Standard Wares; Culture / Renaissance / Shared / Eastern Orthodox Northern,Holdable; Destroyable_Door; Door_Lockable_Normal_Large,Carpentry and joinery,Carpentry,"Renaissance doors, locks and gates catalogue; culture admission Eastern Orthodox Northern; availability Renaissance. Door behaviour is limited to the attached supported component profile."
renaissance_door_eon_panel_door_155,Renaissance,Renaissance,"Doors, locks & gates",door or gate,Eastern Orthodox Northern,door,a checker wood door leaf,wood,Large,Good,27600,221,Era / Renaissance Era; Functions / Household Items / Household Construction Materials; Market / Construction Materials / Worked Timber; Culture / Renaissance / Shared / Eastern Orthodox Northern,Holdable; Destroyable_Door; Door_Normal_Large,Carpentry and joinery,Carpentry,"Renaissance doors, locks and gates catalogue; culture admission Eastern Orthodox Northern; availability Renaissance. Door behaviour is limited to the attached supported component profile."
renaissance_door_eon_braced_door_156,Renaissance,Renaissance,"Doors, locks & gates",door or gate,Eastern Orthodox Northern,door,a radiating oak braced door,oak,Large,Standard,29400,232,Era / Renaissance Era; Functions / Household Items / Household Construction Materials; Market / Construction Materials / Worked Timber; Culture / Renaissance / Shared / Eastern Orthodox Northern,Holdable; Destroyable_Door; Door_Tough_Large,Carpentry and joinery,Carpentry,"Renaissance doors, locks and gates catalogue; culture admission Eastern Orthodox Northern; availability Renaissance. Door behaviour is limited to the attached supported component profile."
renaissance_door_eon_lockable_door_157,Renaissance,Renaissance,"Doors, locks & gates",door or gate,Eastern Orthodox Northern,door,a sunburst pine lockable door,pine,Large,VeryGood,31200,243,Era / Renaissance Era; Functions / Household Items / Household Construction Materials; Market / Construction Materials / Worked Timber; Culture / Renaissance / Shared / Eastern Orthodox Northern,Holdable; Destroyable_Door; Door_Lockable_Normal_Large,Carpentry and joinery,Carpentry,"Renaissance doors, locks and gates catalogue; culture admission Eastern Orthodox Northern; availability Renaissance. Door behaviour is limited to the attached supported component profile."
renaissance_door_eon_master_warded_lock_158,Renaissance,Renaissance,"Doors, locks & gates",lock and hardware,Eastern Orthodox Northern,lock,a radiating brass master warded lock,brass,Small,Good,500,47,Era / Renaissance Era; Functions / Household Items / Household Wares; Market / Household Goods / Standard Wares; Culture / Renaissance / Shared / Eastern Orthodox Northern,Holdable; Destroyable_HeavyMetal; Warded_Lock_Master,Locksmithing,Blacksmithing,"Renaissance doors, locks and gates hardware catalogue; culture admission Eastern Orthodox Northern; availability Renaissance. It does not imply a custom matched-key or hidden-lock system."
renaissance_door_eon_warded_key_159,Renaissance,Renaissance,"Doors, locks & gates",lock and hardware,Eastern Orthodox Northern,key,a leaf-scroll copper warded key,copper,Small,Standard,585,55,Era / Renaissance Era; Functions / Household Items / Household Wares; Market / Household Goods / Standard Wares; Culture / Renaissance / Shared / Eastern Orthodox Northern,Holdable; Destroyable_HeavyMetal; Warded_Key,Locksmithing,Blacksmithing,"Renaissance doors, locks and gates hardware catalogue; culture admission Eastern Orthodox Northern; availability Renaissance. It does not imply a custom matched-key or hidden-lock system."
renaissance_door_eon_ring_key_160,Renaissance,Renaissance,"Doors, locks & gates",lock and hardware,Eastern Orthodox Northern,key,a sunburst pewter ring bow key,pewter,Small,Poor,670,63,Era / Renaissance Era; Functions / Household Items / Household Wares; Market / Household Goods / Standard Wares; Culture / Renaissance / Shared / Eastern Orthodox Northern,Holdable; Destroyable_HeavyMetal; Warded_Key,Locksmithing,Blacksmithing,"Renaissance doors, locks and gates hardware catalogue; culture admission Eastern Orthodox Northern; availability Renaissance. It does not imply a custom matched-key or hidden-lock system."
renaissance_door_eon_door_latch_161,Renaissance,Renaissance,"Doors, locks & gates",lock and hardware,Eastern Orthodox Northern,latch,a water-wave wrought iron door latch,wrought iron,Small,Standard,755,71,Era / Renaissance Era; Functions / Household Items / Household Wares; Market / Household Goods / Standard Wares; Culture / Renaissance / Shared / Eastern Orthodox Northern,Holdable; Destroyable_HeavyMetal; Latch_Normal,Locksmithing,Blacksmithing,"Renaissance doors, locks and gates hardware catalogue; culture admission Eastern Orthodox Northern; availability Renaissance. It does not imply a custom matched-key or hidden-lock system."
renaissance_door_eon_gate_dropbar_162,Renaissance,Renaissance,"Doors, locks & gates",lock and hardware,Eastern Orthodox Northern,drop bar,a knotted bronze gate drop bar,bronze,Small,Good,840,79,Era / Renaissance Era; Functions / Household Items / Household Wares; Market / Household Goods / Standard Wares; Culture / Renaissance / Shared / Eastern Orthodox Northern,Holdable; Destroyable_HeavyMetal; Latch_Gate_DropBar,Locksmithing,Blacksmithing,"Renaissance doors, locks and gates hardware catalogue; culture admission Eastern Orthodox Northern; availability Renaissance. It does not imply a custom matched-key or hidden-lock system."
renaissance_door_eon_door_bar_163,Renaissance,Renaissance,"Doors, locks & gates",lock and hardware,Eastern Orthodox Northern,bar,a flower-head brass door bar,brass,Small,Good,925,87,Era / Renaissance Era; Functions / Household Items / Household Wares; Market / Household Goods / Standard Wares; Culture / Renaissance / Shared / Eastern Orthodox Northern,Holdable; Destroyable_HeavyMetal; Latch_Door_Bar,Locksmithing,Blacksmithing,"Renaissance doors, locks and gates hardware catalogue; culture admission Eastern Orthodox Northern; availability Renaissance. It does not imply a custom matched-key or hidden-lock system."
renaissance_door_eon_portcullis_pawl_164,Renaissance,Renaissance,"Doors, locks & gates",lock and hardware,Eastern Orthodox Northern,pawl,a star copper winch pawl,copper,Small,Standard,1010,95,Era / Renaissance Era; Functions / Household Items / Household Wares; Market / Household Goods / Standard Wares; Culture / Renaissance / Shared / Eastern Orthodox Northern,Holdable; Destroyable_HeavyMetal; Latch_Portcullis_Pawl,Locksmithing,Blacksmithing,"Renaissance doors, locks and gates hardware catalogue; culture admission Eastern Orthodox Northern; availability Renaissance. It does not imply a custom matched-key or hidden-lock system."
renaissance_door_eon_hasp_165,Renaissance,Renaissance,"Doors, locks & gates",lock and hardware,Eastern Orthodox Northern,hasp,a bird pewter iron hasp,pewter,Small,VeryGood,1095,103,Era / Renaissance Era; Functions / Household Items / Household Wares; Market / Household Goods / Standard Wares; Culture / Renaissance / Shared / Eastern Orthodox Northern,Holdable; Destroyable_HeavyMetal; Latch_Container_Hasp,Locksmithing,Blacksmithing,"Renaissance doors, locks and gates hardware catalogue; culture admission Eastern Orthodox Northern; availability Renaissance. It does not imply a custom matched-key or hidden-lock system."
renaissance_door_eon_hook_latch_166,Renaissance,Renaissance,"Doors, locks & gates",lock and hardware,Eastern Orthodox Northern,hook latch,a vine wrought iron hook latch,wrought iron,Small,Good,1180,111,Era / Renaissance Era; Functions / Household Items / Household Wares; Market / Household Goods / Standard Wares; Culture / Renaissance / Shared / Eastern Orthodox Northern,Holdable; Destroyable_HeavyMetal; Latch_Container_Hook,Locksmithing,Blacksmithing,"Renaissance doors, locks and gates hardware catalogue; culture admission Eastern Orthodox Northern; availability Renaissance. It does not imply a custom matched-key or hidden-lock system."
renaissance_door_eon_strike_plate_167,Renaissance,Renaissance,"Doors, locks & gates",lock and hardware,Eastern Orthodox Northern,strike plate,a geometric bronze strike plate,bronze,Small,Standard,1265,119,Era / Renaissance Era; Functions / Household Items / Household Wares; Market / Household Goods / Standard Wares; Culture / Renaissance / Shared / Eastern Orthodox Northern,Holdable; Destroyable_HeavyMetal; Latch_Normal,Locksmithing,Blacksmithing,"Renaissance doors, locks and gates hardware catalogue; culture admission Eastern Orthodox Northern; availability Renaissance. It does not imply a custom matched-key or hidden-lock system."
renaissance_door_eon_hinge_pair_168,Renaissance,Renaissance,"Doors, locks & gates",lock and hardware,Eastern Orthodox Northern,hinges,a cloud brass hinge pair,brass,Small,Poor,1350,127,Era / Renaissance Era; Functions / Household Items / Household Wares; Market / Household Goods / Standard Wares; Culture / Renaissance / Shared / Eastern Orthodox Northern,Holdable; Destroyable_HeavyMetal; Latch_Normal,Locksmithing,Blacksmithing,"Renaissance doors, locks and gates hardware catalogue; culture admission Eastern Orthodox Northern; availability Renaissance. It does not imply a custom matched-key or hidden-lock system."
renaissance_door_ott_panel_door_169,Renaissance,Renaissance,"Doors, locks & gates",door or gate,Ottoman Islamicate,door,a water-wave pine door leaf,pine,Large,Standard,52800,122,Era / Renaissance Era; Functions / Household Items / Household Construction Materials; Market / Construction Materials / Worked Timber; Culture / Renaissance / Shared / Ottoman Islamicate,Holdable; Destroyable_Door; Door_Normal_Large,Carpentry and joinery,Carpentry,"Renaissance doors, locks and gates catalogue; culture admission Ottoman Islamicate; availability Renaissance. Door behaviour is limited to the attached supported component profile."
renaissance_door_ott_braced_door_170,Renaissance,Renaissance,"Doors, locks & gates",door or gate,Ottoman Islamicate,door,a flower-head cedar braced door,cedar,Large,Good,54600,133,Era / Renaissance Era; Functions / Household Items / Household Construction Materials; Market / Construction Materials / Worked Timber; Culture / Renaissance / Shared / Ottoman Islamicate,Holdable; Destroyable_Door; Door_Tough_Large,Carpentry and joinery,Carpentry,"Renaissance doors, locks and gates catalogue; culture admission Ottoman Islamicate; availability Renaissance. Door behaviour is limited to the attached supported component profile."
renaissance_door_ott_lockable_door_171,Renaissance,Renaissance,"Doors, locks & gates",door or gate,Ottoman Islamicate,door,a bird teak lockable door,teak,Large,Good,56400,144,Era / Renaissance Era; Functions / Household Items / Household Construction Materials; Market / Construction Materials / Worked Timber; Culture / Renaissance / Shared / Ottoman Islamicate,Holdable; Destroyable_Door; Door_Lockable_Normal_Large,Carpentry and joinery,Carpentry,"Renaissance doors, locks and gates catalogue; culture admission Ottoman Islamicate; availability Renaissance. Door behaviour is limited to the attached supported component profile."
renaissance_door_ott_secure_door_172,Renaissance,Renaissance,"Doors, locks & gates",door or gate,Ottoman Islamicate,door,a geometric wood secure door,wood,Large,Standard,24000,155,Era / Renaissance Era; Functions / Household Items / Household Construction Materials; Market / Construction Materials / Worked Timber; Culture / Renaissance / Shared / Ottoman Islamicate,Holdable; Destroyable_Door; Door_Lockable_Secure_Large,Carpentry and joinery,Carpentry,"Renaissance doors, locks and gates catalogue; culture admission Ottoman Islamicate; availability Renaissance. Door behaviour is limited to the attached supported component profile."
renaissance_door_ott_shutter_173,Renaissance,Renaissance,"Doors, locks & gates",door or gate,Ottoman Islamicate,shutter,a shell oak shuttered opening,oak,Large,VeryGood,25800,166,Era / Renaissance Era; Functions / Household Items / Household Construction Materials; Market / Construction Materials / Worked Timber; Culture / Renaissance / Shared / Ottoman Islamicate,Holdable; Destroyable_Door; Door_Bad_Large,Carpentry and joinery,Carpentry,"Renaissance doors, locks and gates catalogue; culture admission Ottoman Islamicate; availability Renaissance. Door behaviour is limited to the attached supported component profile."
renaissance_door_ott_screen_174,Renaissance,Renaissance,"Doors, locks & gates",door or gate,Ottoman Islamicate,screen,a rosette wood screen door,wood,Large,Good,27600,177,Era / Renaissance Era; Functions / Household Items / Household Construction Materials; Market / Construction Materials / Worked Timber; Culture / Renaissance / Shared / Ottoman Islamicate,Holdable; Destroyable_Door; Door_Bad_Large,Carpentry and joinery,Carpentry,"Renaissance doors, locks and gates catalogue; culture admission Ottoman Islamicate; availability Renaissance. Door behaviour is limited to the attached supported component profile."
renaissance_door_ott_lattice_gate_175,Renaissance,Renaissance,"Doors, locks & gates",door or gate,Ottoman Islamicate,gate,a braided teak lattice gate,teak,VeryLarge,Standard,29400,188,Era / Renaissance Era; Functions / Household Items / Household Construction Materials; Market / Construction Materials / Worked Timber; Culture / Renaissance / Shared / Ottoman Islamicate,Holdable; Destroyable_Door; Door_Normal_Large,Carpentry and joinery,Carpentry,"Renaissance doors, locks and gates catalogue; culture admission Ottoman Islamicate; availability Renaissance. Door behaviour is limited to the attached supported component profile."
renaissance_door_ott_courtyard_gate_176,Renaissance,Renaissance,"Doors, locks & gates",door or gate,Ottoman Islamicate,gate,a leaf-scroll wrought iron courtyard gate,wrought iron,VeryLarge,Poor,31200,199,Era / Renaissance Era; Functions / Household Items / Household Construction Materials; Market / Household Goods / Standard Wares; Culture / Renaissance / Shared / Ottoman Islamicate,Holdable; Destroyable_Door; Door_Lockable_Normal_Large,Carpentry and joinery,Carpentry,"Renaissance doors, locks and gates catalogue; culture admission Ottoman Islamicate; availability Renaissance. Door behaviour is limited to the attached supported component profile."
renaissance_door_ott_warehouse_gate_177,Renaissance,Renaissance,"Doors, locks & gates",door or gate,Ottoman Islamicate,gate,a water-wave bronze warehouse gate,bronze,VeryLarge,Standard,33000,210,Era / Renaissance Era; Functions / Household Items / Household Construction Materials; Market / Household Goods / Standard Wares; Culture / Renaissance / Shared / Ottoman Islamicate,Holdable; Destroyable_Door; Door_Lockable_Tough_Large,Carpentry and joinery,Carpentry,"Renaissance doors, locks and gates catalogue; culture admission Ottoman Islamicate; availability Renaissance. Door behaviour is limited to the attached supported component profile."
renaissance_door_ott_garden_gate_178,Renaissance,Renaissance,"Doors, locks & gates",door or gate,Ottoman Islamicate,gate,a flower-head oak garden gate,oak,VeryLarge,Good,34800,221,Era / Renaissance Era; Functions / Household Items / Household Construction Materials; Market / Construction Materials / Worked Timber; Culture / Renaissance / Shared / Ottoman Islamicate,Holdable; Destroyable_Door; Door_Normal_Large,Carpentry and joinery,Carpentry,"Renaissance doors, locks and gates catalogue; culture admission Ottoman Islamicate; availability Renaissance. Door behaviour is limited to the attached supported component profile."
renaissance_door_ott_grille_179,Renaissance,Renaissance,"Doors, locks & gates",door or gate,Ottoman Islamicate,grille,a bird bronze metal grille,bronze,Large,Good,36600,232,Era / Renaissance Era; Functions / Household Items / Household Construction Materials; Market / Household Goods / Standard Wares; Culture / Renaissance / Shared / Ottoman Islamicate,Holdable; Destroyable_Door; Door_Secure_Large,Carpentry and joinery,Carpentry,"Renaissance doors, locks and gates catalogue; culture admission Ottoman Islamicate; availability Renaissance. Door behaviour is limited to the attached supported component profile."
renaissance_door_ott_barrier_180,Renaissance,Renaissance,"Doors, locks & gates",door or gate,Ottoman Islamicate,barrier,a geometric brass barred barrier,brass,Large,Standard,38400,243,Era / Renaissance Era; Functions / Household Items / Household Construction Materials; Market / Household Goods / Standard Wares; Culture / Renaissance / Shared / Ottoman Islamicate,Holdable; Destroyable_Door; Door_Tough_Large,Carpentry and joinery,Carpentry,"Renaissance doors, locks and gates catalogue; culture admission Ottoman Islamicate; availability Renaissance. Door behaviour is limited to the attached supported component profile."
renaissance_door_ott_hatch_181,Renaissance,Renaissance,"Doors, locks & gates",door or gate,Ottoman Islamicate,hatch,a shell teak service hatch,teak,Large,VeryGood,40200,254,Era / Renaissance Era; Functions / Household Items / Household Construction Materials; Market / Construction Materials / Worked Timber; Culture / Renaissance / Shared / Ottoman Islamicate,Holdable; Destroyable_Door; Door_Lockable_Normal_Large,Carpentry and joinery,Carpentry,"Renaissance doors, locks and gates catalogue; culture admission Ottoman Islamicate; availability Renaissance. Door behaviour is limited to the attached supported component profile."
renaissance_door_ott_wicket_182,Renaissance,Renaissance,"Doors, locks & gates",door or gate,Ottoman Islamicate,wicket,a rosette bronze wicket gate,bronze,Large,Good,42000,265,Era / Renaissance Era; Functions / Household Items / Household Construction Materials; Market / Household Goods / Standard Wares; Culture / Renaissance / Shared / Ottoman Islamicate,Holdable; Destroyable_Door; Door_Lockable_Normal_Large,Carpentry and joinery,Carpentry,"Renaissance doors, locks and gates catalogue; culture admission Ottoman Islamicate; availability Renaissance. Door behaviour is limited to the attached supported component profile."
renaissance_door_ott_panel_door_183,Renaissance,Renaissance,"Doors, locks & gates",door or gate,Ottoman Islamicate,door,a braided oak door leaf,oak,Large,Standard,43800,276,Era / Renaissance Era; Functions / Household Items / Household Construction Materials; Market / Construction Materials / Worked Timber; Culture / Renaissance / Shared / Ottoman Islamicate,Holdable; Destroyable_Door; Door_Normal_Large,Carpentry and joinery,Carpentry,"Renaissance doors, locks and gates catalogue; culture admission Ottoman Islamicate; availability Renaissance. Door behaviour is limited to the attached supported component profile."
renaissance_door_ott_braced_door_184,Renaissance,Renaissance,"Doors, locks & gates",door or gate,Ottoman Islamicate,door,a leaf-scroll pine braced door,pine,Large,Poor,45600,287,Era / Renaissance Era; Functions / Household Items / Household Construction Materials; Market / Construction Materials / Worked Timber; Culture / Renaissance / Shared / Ottoman Islamicate,Holdable; Destroyable_Door; Door_Tough_Large,Carpentry and joinery,Carpentry,"Renaissance doors, locks and gates catalogue; culture admission Ottoman Islamicate; availability Renaissance. Door behaviour is limited to the attached supported component profile."
renaissance_door_ott_lockable_door_185,Renaissance,Renaissance,"Doors, locks & gates",door or gate,Ottoman Islamicate,door,a water-wave cedar lockable door,cedar,Large,Standard,47400,45,Era / Renaissance Era; Functions / Household Items / Household Construction Materials; Market / Construction Materials / Worked Timber; Culture / Renaissance / Shared / Ottoman Islamicate,Holdable; Destroyable_Door; Door_Lockable_Normal_Large,Carpentry and joinery,Carpentry,"Renaissance doors, locks and gates catalogue; culture admission Ottoman Islamicate; availability Renaissance. Door behaviour is limited to the attached supported component profile."
renaissance_door_ott_master_warded_lock_186,Renaissance,Renaissance,"Doors, locks & gates",lock and hardware,Ottoman Islamicate,lock,a checker wrought iron master warded lock,wrought iron,Small,Good,1435,119,Era / Renaissance Era; Functions / Household Items / Household Wares; Market / Household Goods / Standard Wares; Culture / Renaissance / Shared / Ottoman Islamicate,Holdable; Destroyable_HeavyMetal; Warded_Lock_Master,Locksmithing,Blacksmithing,"Renaissance doors, locks and gates hardware catalogue; culture admission Ottoman Islamicate; availability Renaissance. It does not imply a custom matched-key or hidden-lock system."
renaissance_door_ott_warded_key_187,Renaissance,Renaissance,"Doors, locks & gates",lock and hardware,Ottoman Islamicate,key,a braided bronze warded key,bronze,Small,Good,1520,127,Era / Renaissance Era; Functions / Household Items / Household Wares; Market / Household Goods / Standard Wares; Culture / Renaissance / Shared / Ottoman Islamicate,Holdable; Destroyable_HeavyMetal; Warded_Key,Locksmithing,Blacksmithing,"Renaissance doors, locks and gates hardware catalogue; culture admission Ottoman Islamicate; availability Renaissance. It does not imply a custom matched-key or hidden-lock system."
renaissance_door_ott_ring_key_188,Renaissance,Renaissance,"Doors, locks & gates",lock and hardware,Ottoman Islamicate,key,a radiating brass ring bow key,brass,Small,Standard,160,135,Era / Renaissance Era; Functions / Household Items / Household Wares; Market / Household Goods / Standard Wares; Culture / Renaissance / Shared / Ottoman Islamicate,Holdable; Destroyable_HeavyMetal; Warded_Key,Locksmithing,Blacksmithing,"Renaissance doors, locks and gates hardware catalogue; culture admission Ottoman Islamicate; availability Renaissance. It does not imply a custom matched-key or hidden-lock system."
renaissance_door_ott_door_latch_189,Renaissance,Renaissance,"Doors, locks & gates",lock and hardware,Ottoman Islamicate,latch,a leaf-scroll copper door latch,copper,Small,VeryGood,245,143,Era / Renaissance Era; Functions / Household Items / Household Wares; Market / Household Goods / Standard Wares; Culture / Renaissance / Shared / Ottoman Islamicate,Holdable; Destroyable_HeavyMetal; Latch_Normal,Locksmithing,Blacksmithing,"Renaissance doors, locks and gates hardware catalogue; culture admission Ottoman Islamicate; availability Renaissance. It does not imply a custom matched-key or hidden-lock system."
renaissance_door_ott_gate_dropbar_190,Renaissance,Renaissance,"Doors, locks & gates",lock and hardware,Ottoman Islamicate,drop bar,a sunburst pewter gate drop bar,pewter,Small,Good,330,151,Era / Renaissance Era; Functions / Household Items / Household Wares; Market / Household Goods / Standard Wares; Culture / Renaissance / Shared / Ottoman Islamicate,Holdable; Destroyable_HeavyMetal; Latch_Gate_DropBar,Locksmithing,Blacksmithing,"Renaissance doors, locks and gates hardware catalogue; culture admission Ottoman Islamicate; availability Renaissance. It does not imply a custom matched-key or hidden-lock system."
renaissance_door_ott_door_bar_191,Renaissance,Renaissance,"Doors, locks & gates",lock and hardware,Ottoman Islamicate,bar,a water-wave wrought iron door bar,wrought iron,Small,Standard,415,7,Era / Renaissance Era; Functions / Household Items / Household Wares; Market / Household Goods / Standard Wares; Culture / Renaissance / Shared / Ottoman Islamicate,Holdable; Destroyable_HeavyMetal; Latch_Door_Bar,Locksmithing,Blacksmithing,"Renaissance doors, locks and gates hardware catalogue; culture admission Ottoman Islamicate; availability Renaissance. It does not imply a custom matched-key or hidden-lock system."
renaissance_door_ott_portcullis_pawl_192,Renaissance,Renaissance,"Doors, locks & gates",lock and hardware,Ottoman Islamicate,pawl,a knotted bronze winch pawl,bronze,Small,Poor,500,15,Era / Renaissance Era; Functions / Household Items / Household Wares; Market / Household Goods / Standard Wares; Culture / Renaissance / Shared / Ottoman Islamicate,Holdable; Destroyable_HeavyMetal; Latch_Portcullis_Pawl,Locksmithing,Blacksmithing,"Renaissance doors, locks and gates hardware catalogue; culture admission Ottoman Islamicate; availability Renaissance. It does not imply a custom matched-key or hidden-lock system."
renaissance_door_ott_hasp_193,Renaissance,Renaissance,"Doors, locks & gates",lock and hardware,Ottoman Islamicate,hasp,a flower-head brass iron hasp,brass,Small,Standard,585,23,Era / Renaissance Era; Functions / Household Items / Household Wares; Market / Household Goods / Standard Wares; Culture / Renaissance / Shared / Ottoman Islamicate,Holdable; Destroyable_HeavyMetal; Latch_Container_Hasp,Locksmithing,Blacksmithing,"Renaissance doors, locks and gates hardware catalogue; culture admission Ottoman Islamicate; availability Renaissance. It does not imply a custom matched-key or hidden-lock system."
renaissance_door_ott_hook_latch_194,Renaissance,Renaissance,"Doors, locks & gates",lock and hardware,Ottoman Islamicate,hook latch,a star copper hook latch,copper,Small,Good,670,31,Era / Renaissance Era; Functions / Household Items / Household Wares; Market / Household Goods / Standard Wares; Culture / Renaissance / Shared / Ottoman Islamicate,Holdable; Destroyable_HeavyMetal; Latch_Container_Hook,Locksmithing,Blacksmithing,"Renaissance doors, locks and gates hardware catalogue; culture admission Ottoman Islamicate; availability Renaissance. It does not imply a custom matched-key or hidden-lock system."
renaissance_door_ott_strike_plate_195,Renaissance,Renaissance,"Doors, locks & gates",lock and hardware,Ottoman Islamicate,strike plate,a bird pewter strike plate,pewter,Small,Good,755,39,Era / Renaissance Era; Functions / Household Items / Household Wares; Market / Household Goods / Standard Wares; Culture / Renaissance / Shared / Ottoman Islamicate,Holdable; Destroyable_HeavyMetal; Latch_Normal,Locksmithing,Blacksmithing,"Renaissance doors, locks and gates hardware catalogue; culture admission Ottoman Islamicate; availability Renaissance. It does not imply a custom matched-key or hidden-lock system."
renaissance_door_ott_hinge_pair_196,Renaissance,Renaissance,"Doors, locks & gates",lock and hardware,Ottoman Islamicate,hinges,a vine wrought iron hinge pair,wrought iron,Small,Standard,840,47,Era / Renaissance Era; Functions / Household Items / Household Wares; Market / Household Goods / Standard Wares; Culture / Renaissance / Shared / Ottoman Islamicate,Holdable; Destroyable_HeavyMetal; Latch_Normal,Locksmithing,Blacksmithing,"Renaissance doors, locks and gates hardware catalogue; culture admission Ottoman Islamicate; availability Renaissance. It does not imply a custom matched-key or hidden-lock system."
renaissance_door_pip_panel_door_197,Renaissance,Renaissance,"Doors, locks & gates",door or gate,Persianate Indo-Persian,door,a radiating wood door leaf,wood,Large,VeryGood,34800,177,Era / Renaissance Era; Functions / Household Items / Household Construction Materials; Market / Construction Materials / Worked Timber; Culture / Renaissance / Shared / Persianate Indo-Persian,Holdable; Destroyable_Door; Door_Normal_Large,Carpentry and joinery,Carpentry,"Renaissance doors, locks and gates catalogue; culture admission Persianate Indo-Persian; availability Renaissance. Door behaviour is limited to the attached supported component profile."
renaissance_door_pip_braced_door_198,Renaissance,Renaissance,"Doors, locks & gates",door or gate,Persianate Indo-Persian,door,a sunburst oak braced door,oak,Large,Good,36600,188,Era / Renaissance Era; Functions / Household Items / Household Construction Materials; Market / Construction Materials / Worked Timber; Culture / Renaissance / Shared / Persianate Indo-Persian,Holdable; Destroyable_Door; Door_Tough_Large,Carpentry and joinery,Carpentry,"Renaissance doors, locks and gates catalogue; culture admission Persianate Indo-Persian; availability Renaissance. Door behaviour is limited to the attached supported component profile."
renaissance_door_pip_lockable_door_199,Renaissance,Renaissance,"Doors, locks & gates",door or gate,Persianate Indo-Persian,door,a knotted pine lockable door,pine,Large,Standard,38400,199,Era / Renaissance Era; Functions / Household Items / Household Construction Materials; Market / Construction Materials / Worked Timber; Culture / Renaissance / Shared / Persianate Indo-Persian,Holdable; Destroyable_Door; Door_Lockable_Normal_Large,Carpentry and joinery,Carpentry,"Renaissance doors, locks and gates catalogue; culture admission Persianate Indo-Persian; availability Renaissance. Door behaviour is limited to the attached supported component profile."
renaissance_door_pip_secure_door_200,Renaissance,Renaissance,"Doors, locks & gates",door or gate,Persianate Indo-Persian,door,a star cedar secure door,cedar,Large,Poor,40200,210,Era / Renaissance Era; Functions / Household Items / Household Construction Materials; Market / Construction Materials / Worked Timber; Culture / Renaissance / Shared / Persianate Indo-Persian,Holdable; Destroyable_Door; Door_Lockable_Secure_Large,Carpentry and joinery,Carpentry,"Renaissance doors, locks and gates catalogue; culture admission Persianate Indo-Persian; availability Renaissance. Door behaviour is limited to the attached supported component profile."
renaissance_door_pip_shutter_201,Renaissance,Renaissance,"Doors, locks & gates",door or gate,Persianate Indo-Persian,shutter,a vine teak shuttered opening,teak,Large,Standard,42000,221,Era / Renaissance Era; Functions / Household Items / Household Construction Materials; Market / Construction Materials / Worked Timber; Culture / Renaissance / Shared / Persianate Indo-Persian,Holdable; Destroyable_Door; Door_Bad_Large,Carpentry and joinery,Carpentry,"Renaissance doors, locks and gates catalogue; culture admission Persianate Indo-Persian; availability Renaissance. Door behaviour is limited to the attached supported component profile."
renaissance_door_pip_screen_202,Renaissance,Renaissance,"Doors, locks & gates",door or gate,Persianate Indo-Persian,screen,a cloud bamboo screen door,bamboo,Large,Good,43800,232,Era / Renaissance Era; Functions / Household Items / Household Construction Materials; Market / Construction Materials / Worked Timber; Culture / Renaissance / Shared / Persianate Indo-Persian,Holdable; Destroyable_Door; Door_Bad_Large,Carpentry and joinery,Carpentry,"Renaissance doors, locks and gates catalogue; culture admission Persianate Indo-Persian; availability Renaissance. Door behaviour is limited to the attached supported component profile."
renaissance_door_pip_lattice_gate_203,Renaissance,Renaissance,"Doors, locks & gates",door or gate,Persianate Indo-Persian,gate,a reed oak lattice gate,oak,VeryLarge,Good,45600,243,Era / Renaissance Era; Functions / Household Items / Household Construction Materials; Market / Construction Materials / Worked Timber; Culture / Renaissance / Shared / Persianate Indo-Persian,Holdable; Destroyable_Door; Door_Normal_Large,Carpentry and joinery,Carpentry,"Renaissance doors, locks and gates catalogue; culture admission Persianate Indo-Persian; availability Renaissance. Door behaviour is limited to the attached supported component profile."
renaissance_door_pip_courtyard_gate_204,Renaissance,Renaissance,"Doors, locks & gates",door or gate,Persianate Indo-Persian,gate,a checker cedar courtyard gate,cedar,VeryLarge,Standard,47400,254,Era / Renaissance Era; Functions / Household Items / Household Construction Materials; Market / Construction Materials / Worked Timber; Culture / Renaissance / Shared / Persianate Indo-Persian,Holdable; Destroyable_Door; Door_Lockable_Normal_Large,Carpentry and joinery,Carpentry,"Renaissance doors, locks and gates catalogue; culture admission Persianate Indo-Persian; availability Renaissance. Door behaviour is limited to the attached supported component profile."
renaissance_door_pip_warehouse_gate_205,Renaissance,Renaissance,"Doors, locks & gates",door or gate,Persianate Indo-Persian,gate,a radiating teak warehouse gate,teak,VeryLarge,VeryGood,49200,265,Era / Renaissance Era; Functions / Household Items / Household Construction Materials; Market / Construction Materials / Worked Timber; Culture / Renaissance / Shared / Persianate Indo-Persian,Holdable; Destroyable_Door; Door_Lockable_Tough_Large,Carpentry and joinery,Carpentry,"Renaissance doors, locks and gates catalogue; culture admission Persianate Indo-Persian; availability Renaissance. Door behaviour is limited to the attached supported component profile."
renaissance_door_pip_garden_gate_206,Renaissance,Renaissance,"Doors, locks & gates",door or gate,Persianate Indo-Persian,gate,a sunburst wrought iron garden gate,wrought iron,VeryLarge,Good,51000,276,Era / Renaissance Era; Functions / Household Items / Household Construction Materials; Market / Household Goods / Standard Wares; Culture / Renaissance / Shared / Persianate Indo-Persian,Holdable; Destroyable_Door; Door_Normal_Large,Carpentry and joinery,Carpentry,"Renaissance doors, locks and gates catalogue; culture admission Persianate Indo-Persian; availability Renaissance. Door behaviour is limited to the attached supported component profile."
renaissance_door_pip_grille_207,Renaissance,Renaissance,"Doors, locks & gates",door or gate,Persianate Indo-Persian,grille,a knotted bronze metal grille,bronze,Large,Standard,52800,287,Era / Renaissance Era; Functions / Household Items / Household Construction Materials; Market / Household Goods / Standard Wares; Culture / Renaissance / Shared / Persianate Indo-Persian,Holdable; Destroyable_Door; Door_Secure_Large,Carpentry and joinery,Carpentry,"Renaissance doors, locks and gates catalogue; culture admission Persianate Indo-Persian; availability Renaissance. Door behaviour is limited to the attached supported component profile."
renaissance_door_pip_barrier_208,Renaissance,Renaissance,"Doors, locks & gates",door or gate,Persianate Indo-Persian,barrier,a star brass barred barrier,brass,Large,Poor,54600,45,Era / Renaissance Era; Functions / Household Items / Household Construction Materials; Market / Household Goods / Standard Wares; Culture / Renaissance / Shared / Persianate Indo-Persian,Holdable; Destroyable_Door; Door_Tough_Large,Carpentry and joinery,Carpentry,"Renaissance doors, locks and gates catalogue; culture admission Persianate Indo-Persian; availability Renaissance. Door behaviour is limited to the attached supported component profile."
renaissance_door_pip_hatch_209,Renaissance,Renaissance,"Doors, locks & gates",door or gate,Persianate Indo-Persian,hatch,a vine pine service hatch,pine,Large,Standard,56400,56,Era / Renaissance Era; Functions / Household Items / Household Construction Materials; Market / Construction Materials / Worked Timber; Culture / Renaissance / Shared / Persianate Indo-Persian,Holdable; Destroyable_Door; Door_Lockable_Normal_Large,Carpentry and joinery,Carpentry,"Renaissance doors, locks and gates catalogue; culture admission Persianate Indo-Persian; availability Renaissance. Door behaviour is limited to the attached supported component profile."
renaissance_door_pip_wicket_210,Renaissance,Renaissance,"Doors, locks & gates",door or gate,Persianate Indo-Persian,wicket,a cloud teak wicket gate,teak,Large,Good,24000,67,Era / Renaissance Era; Functions / Household Items / Household Construction Materials; Market / Construction Materials / Worked Timber; Culture / Renaissance / Shared / Persianate Indo-Persian,Holdable; Destroyable_Door; Door_Lockable_Normal_Large,Carpentry and joinery,Carpentry,"Renaissance doors, locks and gates catalogue; culture admission Persianate Indo-Persian; availability Renaissance. Door behaviour is limited to the attached supported component profile."
renaissance_door_pip_panel_door_211,Renaissance,Renaissance,"Doors, locks & gates",door or gate,Persianate Indo-Persian,door,a reed teak door leaf,teak,Large,Good,25800,78,Era / Renaissance Era; Functions / Household Items / Household Construction Materials; Market / Construction Materials / Worked Timber; Culture / Renaissance / Shared / Persianate Indo-Persian,Holdable; Destroyable_Door; Door_Normal_Large,Carpentry and joinery,Carpentry,"Renaissance doors, locks and gates catalogue; culture admission Persianate Indo-Persian; availability Renaissance. Door behaviour is limited to the attached supported component profile."
renaissance_door_pip_braced_door_212,Renaissance,Renaissance,"Doors, locks & gates",door or gate,Persianate Indo-Persian,door,a checker wood braced door,wood,Large,Standard,27600,89,Era / Renaissance Era; Functions / Household Items / Household Construction Materials; Market / Construction Materials / Worked Timber; Culture / Renaissance / Shared / Persianate Indo-Persian,Holdable; Destroyable_Door; Door_Tough_Large,Carpentry and joinery,Carpentry,"Renaissance doors, locks and gates catalogue; culture admission Persianate Indo-Persian; availability Renaissance. Door behaviour is limited to the attached supported component profile."
renaissance_door_pip_lockable_door_213,Renaissance,Renaissance,"Doors, locks & gates",door or gate,Persianate Indo-Persian,door,a radiating oak lockable door,oak,Large,VeryGood,29400,100,Era / Renaissance Era; Functions / Household Items / Household Construction Materials; Market / Construction Materials / Worked Timber; Culture / Renaissance / Shared / Persianate Indo-Persian,Holdable; Destroyable_Door; Door_Lockable_Normal_Large,Carpentry and joinery,Carpentry,"Renaissance doors, locks and gates catalogue; culture admission Persianate Indo-Persian; availability Renaissance. Door behaviour is limited to the attached supported component profile."
renaissance_door_pip_master_warded_lock_214,Renaissance,Renaissance,"Doors, locks & gates",lock and hardware,Persianate Indo-Persian,lock,a knotted copper master warded lock,copper,Small,Good,925,39,Era / Renaissance Era; Functions / Household Items / Household Wares; Market / Household Goods / Standard Wares; Culture / Renaissance / Shared / Persianate Indo-Persian,Holdable; Destroyable_HeavyMetal; Warded_Lock_Master,Locksmithing,Blacksmithing,"Renaissance doors, locks and gates hardware catalogue; culture admission Persianate Indo-Persian; availability Renaissance. It does not imply a custom matched-key or hidden-lock system."
renaissance_door_pip_warded_key_215,Renaissance,Renaissance,"Doors, locks & gates",lock and hardware,Persianate Indo-Persian,key,a flower-head pewter warded key,pewter,Small,Standard,1010,47,Era / Renaissance Era; Functions / Household Items / Household Wares; Market / Household Goods / Standard Wares; Culture / Renaissance / Shared / Persianate Indo-Persian,Holdable; Destroyable_HeavyMetal; Warded_Key,Locksmithing,Blacksmithing,"Renaissance doors, locks and gates hardware catalogue; culture admission Persianate Indo-Persian; availability Renaissance. It does not imply a custom matched-key or hidden-lock system."
renaissance_door_pip_ring_key_216,Renaissance,Renaissance,"Doors, locks & gates",lock and hardware,Persianate Indo-Persian,key,a star wrought iron ring bow key,wrought iron,Small,Poor,1095,55,Era / Renaissance Era; Functions / Household Items / Household Wares; Market / Household Goods / Standard Wares; Culture / Renaissance / Shared / Persianate Indo-Persian,Holdable; Destroyable_HeavyMetal; Warded_Key,Locksmithing,Blacksmithing,"Renaissance doors, locks and gates hardware catalogue; culture admission Persianate Indo-Persian; availability Renaissance. It does not imply a custom matched-key or hidden-lock system."
renaissance_door_pip_door_latch_217,Renaissance,Renaissance,"Doors, locks & gates",lock and hardware,Persianate Indo-Persian,latch,a bird bronze door latch,bronze,Small,Standard,1180,63,Era / Renaissance Era; Functions / Household Items / Household Wares; Market / Household Goods / Standard Wares; Culture / Renaissance / Shared / Persianate Indo-Persian,Holdable; Destroyable_HeavyMetal; Latch_Normal,Locksmithing,Blacksmithing,"Renaissance doors, locks and gates hardware catalogue; culture admission Persianate Indo-Persian; availability Renaissance. It does not imply a custom matched-key or hidden-lock system."
renaissance_door_pip_gate_dropbar_218,Renaissance,Renaissance,"Doors, locks & gates",lock and hardware,Persianate Indo-Persian,drop bar,a vine brass gate drop bar,brass,Small,Good,1265,71,Era / Renaissance Era; Functions / Household Items / Household Wares; Market / Household Goods / Standard Wares; Culture / Renaissance / Shared / Persianate Indo-Persian,Holdable; Destroyable_HeavyMetal; Latch_Gate_DropBar,Locksmithing,Blacksmithing,"Renaissance doors, locks and gates hardware catalogue; culture admission Persianate Indo-Persian; availability Renaissance. It does not imply a custom matched-key or hidden-lock system."
renaissance_door_pip_door_bar_219,Renaissance,Renaissance,"Doors, locks & gates",lock and hardware,Persianate Indo-Persian,bar,a geometric copper door bar,copper,Small,Good,1350,79,Era / Renaissance Era; Functions / Household Items / Household Wares; Market / Household Goods / Standard Wares; Culture / Renaissance / Shared / Persianate Indo-Persian,Holdable; Destroyable_HeavyMetal; Latch_Door_Bar,Locksmithing,Blacksmithing,"Renaissance doors, locks and gates hardware catalogue; culture admission Persianate Indo-Persian; availability Renaissance. It does not imply a custom matched-key or hidden-lock system."
renaissance_door_pip_portcullis_pawl_220,Renaissance,Renaissance,"Doors, locks & gates",lock and hardware,Persianate Indo-Persian,pawl,a cloud pewter winch pawl,pewter,Small,Standard,1435,87,Era / Renaissance Era; Functions / Household Items / Household Wares; Market / Household Goods / Standard Wares; Culture / Renaissance / Shared / Persianate Indo-Persian,Holdable; Destroyable_HeavyMetal; Latch_Portcullis_Pawl,Locksmithing,Blacksmithing,"Renaissance doors, locks and gates hardware catalogue; culture admission Persianate Indo-Persian; availability Renaissance. It does not imply a custom matched-key or hidden-lock system."
renaissance_door_pip_hasp_221,Renaissance,Renaissance,"Doors, locks & gates",lock and hardware,Persianate Indo-Persian,hasp,a shell wrought iron iron hasp,wrought iron,Small,VeryGood,1520,95,Era / Renaissance Era; Functions / Household Items / Household Wares; Market / Household Goods / Standard Wares; Culture / Renaissance / Shared / Persianate Indo-Persian,Holdable; Destroyable_HeavyMetal; Latch_Container_Hasp,Locksmithing,Blacksmithing,"Renaissance doors, locks and gates hardware catalogue; culture admission Persianate Indo-Persian; availability Renaissance. It does not imply a custom matched-key or hidden-lock system."
renaissance_door_pip_hook_latch_222,Renaissance,Renaissance,"Doors, locks & gates",lock and hardware,Persianate Indo-Persian,hook latch,a reed bronze hook latch,bronze,Small,Good,160,103,Era / Renaissance Era; Functions / Household Items / Household Wares; Market / Household Goods / Standard Wares; Culture / Renaissance / Shared / Persianate Indo-Persian,Holdable; Destroyable_HeavyMetal; Latch_Container_Hook,Locksmithing,Blacksmithing,"Renaissance doors, locks and gates hardware catalogue; culture admission Persianate Indo-Persian; availability Renaissance. It does not imply a custom matched-key or hidden-lock system."
renaissance_door_pip_strike_plate_223,Renaissance,Renaissance,"Doors, locks & gates",lock and hardware,Persianate Indo-Persian,strike plate,a rosette brass strike plate,brass,Small,Standard,245,111,Era / Renaissance Era; Functions / Household Items / Household Wares; Market / Household Goods / Standard Wares; Culture / Renaissance / Shared / Persianate Indo-Persian,Holdable; Destroyable_HeavyMetal; Latch_Normal,Locksmithing,Blacksmithing,"Renaissance doors, locks and gates hardware catalogue; culture admission Persianate Indo-Persian; availability Renaissance. It does not imply a custom matched-key or hidden-lock system."
renaissance_door_pip_hinge_pair_224,Renaissance,Renaissance,"Doors, locks & gates",lock and hardware,Persianate Indo-Persian,hinges,a checker copper hinge pair,copper,Small,Poor,330,119,Era / Renaissance Era; Functions / Household Items / Household Wares; Market / Household Goods / Standard Wares; Culture / Renaissance / Shared / Persianate Indo-Persian,Holdable; Destroyable_HeavyMetal; Latch_Normal,Locksmithing,Blacksmithing,"Renaissance doors, locks and gates hardware catalogue; culture admission Persianate Indo-Persian; availability Renaissance. It does not imply a custom matched-key or hidden-lock system."
renaissance_door_sas_panel_door_225,Renaissance,Renaissance,"Doors, locks & gates",door or gate,South Asian,door,a reed oak door leaf,oak,Large,Standard,51000,232,Era / Renaissance Era; Functions / Household Items / Household Construction Materials; Market / Construction Materials / Worked Timber; Culture / Renaissance / Shared / South Asian,Holdable; Destroyable_Door; Door_Normal_Large,Carpentry and joinery,Carpentry,"Renaissance doors, locks and gates catalogue; culture admission South Asian; availability Renaissance. Door behaviour is limited to the attached supported component profile."
renaissance_door_sas_braced_door_226,Renaissance,Renaissance,"Doors, locks & gates",door or gate,South Asian,door,a checker pine braced door,pine,Large,Good,52800,243,Era / Renaissance Era; Functions / Household Items / Household Construction Materials; Market / Construction Materials / Worked Timber; Culture / Renaissance / Shared / South Asian,Holdable; Destroyable_Door; Door_Tough_Large,Carpentry and joinery,Carpentry,"Renaissance doors, locks and gates catalogue; culture admission South Asian; availability Renaissance. Door behaviour is limited to the attached supported component profile."
renaissance_door_sas_lockable_door_227,Renaissance,Renaissance,"Doors, locks & gates",door or gate,South Asian,door,a radiating cedar lockable door,cedar,Large,Good,54600,254,Era / Renaissance Era; Functions / Household Items / Household Construction Materials; Market / Construction Materials / Worked Timber; Culture / Renaissance / Shared / South Asian,Holdable; Destroyable_Door; Door_Lockable_Normal_Large,Carpentry and joinery,Carpentry,"Renaissance doors, locks and gates catalogue; culture admission South Asian; availability Renaissance. Door behaviour is limited to the attached supported component profile."
renaissance_door_sas_secure_door_228,Renaissance,Renaissance,"Doors, locks & gates",door or gate,South Asian,door,a sunburst teak secure door,teak,Large,Standard,56400,265,Era / Renaissance Era; Functions / Household Items / Household Construction Materials; Market / Construction Materials / Worked Timber; Culture / Renaissance / Shared / South Asian,Holdable; Destroyable_Door; Door_Lockable_Secure_Large,Carpentry and joinery,Carpentry,"Renaissance doors, locks and gates catalogue; culture admission South Asian; availability Renaissance. Door behaviour is limited to the attached supported component profile."
renaissance_door_sas_shutter_229,Renaissance,Renaissance,"Doors, locks & gates",door or gate,South Asian,shutter,a knotted wood shuttered opening,wood,Large,VeryGood,24000,276,Era / Renaissance Era; Functions / Household Items / Household Construction Materials; Market / Construction Materials / Worked Timber; Culture / Renaissance / Shared / South Asian,Holdable; Destroyable_Door; Door_Bad_Large,Carpentry and joinery,Carpentry,"Renaissance doors, locks and gates catalogue; culture admission South Asian; availability Renaissance. Door behaviour is limited to the attached supported component profile."
renaissance_door_sas_screen_230,Renaissance,Renaissance,"Doors, locks & gates",door or gate,South Asian,screen,a star bamboo screen door,bamboo,Large,Good,25800,287,Era / Renaissance Era; Functions / Household Items / Household Construction Materials; Market / Construction Materials / Worked Timber; Culture / Renaissance / Shared / South Asian,Holdable; Destroyable_Door; Door_Bad_Large,Carpentry and joinery,Carpentry,"Renaissance doors, locks and gates catalogue; culture admission South Asian; availability Renaissance. Door behaviour is limited to the attached supported component profile."
renaissance_door_sas_lattice_gate_231,Renaissance,Renaissance,"Doors, locks & gates",door or gate,South Asian,gate,a vine cedar lattice gate,cedar,VeryLarge,Standard,27600,45,Era / Renaissance Era; Functions / Household Items / Household Construction Materials; Market / Construction Materials / Worked Timber; Culture / Renaissance / Shared / South Asian,Holdable; Destroyable_Door; Door_Normal_Large,Carpentry and joinery,Carpentry,"Renaissance doors, locks and gates catalogue; culture admission South Asian; availability Renaissance. Door behaviour is limited to the attached supported component profile."
renaissance_door_sas_courtyard_gate_232,Renaissance,Renaissance,"Doors, locks & gates",door or gate,South Asian,gate,a cloud teak courtyard gate,teak,VeryLarge,Poor,29400,56,Era / Renaissance Era; Functions / Household Items / Household Construction Materials; Market / Construction Materials / Worked Timber; Culture / Renaissance / Shared / South Asian,Holdable; Destroyable_Door; Door_Lockable_Normal_Large,Carpentry and joinery,Carpentry,"Renaissance doors, locks and gates catalogue; culture admission South Asian; availability Renaissance. Door behaviour is limited to the attached supported component profile."
renaissance_door_sas_warehouse_gate_233,Renaissance,Renaissance,"Doors, locks & gates",door or gate,South Asian,gate,a reed wrought iron warehouse gate,wrought iron,VeryLarge,Standard,31200,67,Era / Renaissance Era; Functions / Household Items / Household Construction Materials; Market / Household Goods / Standard Wares; Culture / Renaissance / Shared / South Asian,Holdable; Destroyable_Door; Door_Lockable_Tough_Large,Carpentry and joinery,Carpentry,"Renaissance doors, locks and gates catalogue; culture admission South Asian; availability Renaissance. Door behaviour is limited to the attached supported component profile."
renaissance_door_sas_garden_gate_234,Renaissance,Renaissance,"Doors, locks & gates",door or gate,South Asian,gate,a checker bronze garden gate,bronze,VeryLarge,Good,33000,78,Era / Renaissance Era; Functions / Household Items / Household Construction Materials; Market / Household Goods / Standard Wares; Culture / Renaissance / Shared / South Asian,Holdable; Destroyable_Door; Door_Normal_Large,Carpentry and joinery,Carpentry,"Renaissance doors, locks and gates catalogue; culture admission South Asian; availability Renaissance. Door behaviour is limited to the attached supported component profile."
renaissance_door_sas_grille_235,Renaissance,Renaissance,"Doors, locks & gates",door or gate,South Asian,grille,a radiating brass metal grille,brass,Large,Good,34800,89,Era / Renaissance Era; Functions / Household Items / Household Construction Materials; Market / Household Goods / Standard Wares; Culture / Renaissance / Shared / South Asian,Holdable; Destroyable_Door; Door_Secure_Large,Carpentry and joinery,Carpentry,"Renaissance doors, locks and gates catalogue; culture admission South Asian; availability Renaissance. Door behaviour is limited to the attached supported component profile."
renaissance_door_sas_barrier_236,Renaissance,Renaissance,"Doors, locks & gates",door or gate,South Asian,barrier,a sunburst wrought iron barred barrier,wrought iron,Large,Standard,36600,100,Era / Renaissance Era; Functions / Household Items / Household Construction Materials; Market / Household Goods / Standard Wares; Culture / Renaissance / Shared / South Asian,Holdable; Destroyable_Door; Door_Tough_Large,Carpentry and joinery,Carpentry,"Renaissance doors, locks and gates catalogue; culture admission South Asian; availability Renaissance. Door behaviour is limited to the attached supported component profile."
renaissance_door_sas_hatch_237,Renaissance,Renaissance,"Doors, locks & gates",door or gate,South Asian,hatch,a knotted cedar service hatch,cedar,Large,VeryGood,38400,111,Era / Renaissance Era; Functions / Household Items / Household Construction Materials; Market / Construction Materials / Worked Timber; Culture / Renaissance / Shared / South Asian,Holdable; Destroyable_Door; Door_Lockable_Normal_Large,Carpentry and joinery,Carpentry,"Renaissance doors, locks and gates catalogue; culture admission South Asian; availability Renaissance. Door behaviour is limited to the attached supported component profile."
renaissance_door_sas_wicket_238,Renaissance,Renaissance,"Doors, locks & gates",door or gate,South Asian,wicket,a star wrought iron wicket gate,wrought iron,Large,Good,40200,122,Era / Renaissance Era; Functions / Household Items / Household Construction Materials; Market / Household Goods / Standard Wares; Culture / Renaissance / Shared / South Asian,Holdable; Destroyable_Door; Door_Lockable_Normal_Large,Carpentry and joinery,Carpentry,"Renaissance doors, locks and gates catalogue; culture admission South Asian; availability Renaissance. Door behaviour is limited to the attached supported component profile."
renaissance_door_sas_panel_door_239,Renaissance,Renaissance,"Doors, locks & gates",door or gate,South Asian,door,a vine wood door leaf,wood,Large,Standard,42000,133,Era / Renaissance Era; Functions / Household Items / Household Construction Materials; Market / Construction Materials / Worked Timber; Culture / Renaissance / Shared / South Asian,Holdable; Destroyable_Door; Door_Normal_Large,Carpentry and joinery,Carpentry,"Renaissance doors, locks and gates catalogue; culture admission South Asian; availability Renaissance. Door behaviour is limited to the attached supported component profile."
renaissance_door_sas_braced_door_240,Renaissance,Renaissance,"Doors, locks & gates",door or gate,South Asian,door,a cloud oak braced door,oak,Large,Poor,43800,144,Era / Renaissance Era; Functions / Household Items / Household Construction Materials; Market / Construction Materials / Worked Timber; Culture / Renaissance / Shared / South Asian,Holdable; Destroyable_Door; Door_Tough_Large,Carpentry and joinery,Carpentry,"Renaissance doors, locks and gates catalogue; culture admission South Asian; availability Renaissance. Door behaviour is limited to the attached supported component profile."
renaissance_door_sas_lockable_door_241,Renaissance,Renaissance,"Doors, locks & gates",door or gate,South Asian,door,a reed pine lockable door,pine,Large,Standard,45600,155,Era / Renaissance Era; Functions / Household Items / Household Construction Materials; Market / Construction Materials / Worked Timber; Culture / Renaissance / Shared / South Asian,Holdable; Destroyable_Door; Door_Lockable_Normal_Large,Carpentry and joinery,Carpentry,"Renaissance doors, locks and gates catalogue; culture admission South Asian; availability Renaissance. Door behaviour is limited to the attached supported component profile."
renaissance_door_sas_master_warded_lock_242,Renaissance,Renaissance,"Doors, locks & gates",lock and hardware,South Asian,lock,a vine bronze master warded lock,bronze,Small,Good,415,111,Era / Renaissance Era; Functions / Household Items / Household Wares; Market / Household Goods / Standard Wares; Culture / Renaissance / Shared / South Asian,Holdable; Destroyable_HeavyMetal; Warded_Lock_Master,Locksmithing,Blacksmithing,"Renaissance doors, locks and gates hardware catalogue; culture admission South Asian; availability Renaissance. It does not imply a custom matched-key or hidden-lock system."
renaissance_door_sas_warded_key_243,Renaissance,Renaissance,"Doors, locks & gates",lock and hardware,South Asian,key,a geometric brass warded key,brass,Small,Good,500,119,Era / Renaissance Era; Functions / Household Items / Household Wares; Market / Household Goods / Standard Wares; Culture / Renaissance / Shared / South Asian,Holdable; Destroyable_HeavyMetal; Warded_Key,Locksmithing,Blacksmithing,"Renaissance doors, locks and gates hardware catalogue; culture admission South Asian; availability Renaissance. It does not imply a custom matched-key or hidden-lock system."
renaissance_door_sas_ring_key_244,Renaissance,Renaissance,"Doors, locks & gates",lock and hardware,South Asian,key,a cloud copper ring bow key,copper,Small,Standard,585,127,Era / Renaissance Era; Functions / Household Items / Household Wares; Market / Household Goods / Standard Wares; Culture / Renaissance / Shared / South Asian,Holdable; Destroyable_HeavyMetal; Warded_Key,Locksmithing,Blacksmithing,"Renaissance doors, locks and gates hardware catalogue; culture admission South Asian; availability Renaissance. It does not imply a custom matched-key or hidden-lock system."
renaissance_door_sas_door_latch_245,Renaissance,Renaissance,"Doors, locks & gates",lock and hardware,South Asian,latch,a shell pewter door latch,pewter,Small,VeryGood,670,135,Era / Renaissance Era; Functions / Household Items / Household Wares; Market / Household Goods / Standard Wares; Culture / Renaissance / Shared / South Asian,Holdable; Destroyable_HeavyMetal; Latch_Normal,Locksmithing,Blacksmithing,"Renaissance doors, locks and gates hardware catalogue; culture admission South Asian; availability Renaissance. It does not imply a custom matched-key or hidden-lock system."
renaissance_door_sas_gate_dropbar_246,Renaissance,Renaissance,"Doors, locks & gates",lock and hardware,South Asian,drop bar,a reed wrought iron gate drop bar,wrought iron,Small,Good,755,143,Era / Renaissance Era; Functions / Household Items / Household Wares; Market / Household Goods / Standard Wares; Culture / Renaissance / Shared / South Asian,Holdable; Destroyable_HeavyMetal; Latch_Gate_DropBar,Locksmithing,Blacksmithing,"Renaissance doors, locks and gates hardware catalogue; culture admission South Asian; availability Renaissance. It does not imply a custom matched-key or hidden-lock system."
renaissance_door_sas_door_bar_247,Renaissance,Renaissance,"Doors, locks & gates",lock and hardware,South Asian,bar,a rosette bronze door bar,bronze,Small,Standard,840,151,Era / Renaissance Era; Functions / Household Items / Household Wares; Market / Household Goods / Standard Wares; Culture / Renaissance / Shared / South Asian,Holdable; Destroyable_HeavyMetal; Latch_Door_Bar,Locksmithing,Blacksmithing,"Renaissance doors, locks and gates hardware catalogue; culture admission South Asian; availability Renaissance. It does not imply a custom matched-key or hidden-lock system."
renaissance_door_sas_portcullis_pawl_248,Renaissance,Renaissance,"Doors, locks & gates",lock and hardware,South Asian,pawl,a checker brass winch pawl,brass,Small,Poor,925,7,Era / Renaissance Era; Functions / Household Items / Household Wares; Market / Household Goods / Standard Wares; Culture / Renaissance / Shared / South Asian,Holdable; Destroyable_HeavyMetal; Latch_Portcullis_Pawl,Locksmithing,Blacksmithing,"Renaissance doors, locks and gates hardware catalogue; culture admission South Asian; availability Renaissance. It does not imply a custom matched-key or hidden-lock system."
renaissance_door_sas_hasp_249,Renaissance,Renaissance,"Doors, locks & gates",lock and hardware,South Asian,hasp,a braided copper iron hasp,copper,Small,Standard,1010,15,Era / Renaissance Era; Functions / Household Items / Household Wares; Market / Household Goods / Standard Wares; Culture / Renaissance / Shared / South Asian,Holdable; Destroyable_HeavyMetal; Latch_Container_Hasp,Locksmithing,Blacksmithing,"Renaissance doors, locks and gates hardware catalogue; culture admission South Asian; availability Renaissance. It does not imply a custom matched-key or hidden-lock system."
renaissance_door_sas_hook_latch_250,Renaissance,Renaissance,"Doors, locks & gates",lock and hardware,South Asian,hook latch,a radiating pewter hook latch,pewter,Small,Good,1095,23,Era / Renaissance Era; Functions / Household Items / Household Wares; Market / Household Goods / Standard Wares; Culture / Renaissance / Shared / South Asian,Holdable; Destroyable_HeavyMetal; Latch_Container_Hook,Locksmithing,Blacksmithing,"Renaissance doors, locks and gates hardware catalogue; culture admission South Asian; availability Renaissance. It does not imply a custom matched-key or hidden-lock system."
renaissance_door_sas_strike_plate_251,Renaissance,Renaissance,"Doors, locks & gates",lock and hardware,South Asian,strike plate,a leaf-scroll wrought iron strike plate,wrought iron,Small,Good,1180,31,Era / Renaissance Era; Functions / Household Items / Household Wares; Market / Household Goods / Standard Wares; Culture / Renaissance / Shared / South Asian,Holdable; Destroyable_HeavyMetal; Latch_Normal,Locksmithing,Blacksmithing,"Renaissance doors, locks and gates hardware catalogue; culture admission South Asian; availability Renaissance. It does not imply a custom matched-key or hidden-lock system."
renaissance_door_sas_hinge_pair_252,Renaissance,Renaissance,"Doors, locks & gates",lock and hardware,South Asian,hinges,a sunburst bronze hinge pair,bronze,Small,Standard,1265,39,Era / Renaissance Era; Functions / Household Items / Household Wares; Market / Household Goods / Standard Wares; Culture / Renaissance / Shared / South Asian,Holdable; Destroyable_HeavyMetal; Latch_Normal,Locksmithing,Blacksmithing,"Renaissance doors, locks and gates hardware catalogue; culture admission South Asian; availability Renaissance. It does not imply a custom matched-key or hidden-lock system."
renaissance_door_eal_panel_door_253,Renaissance,Renaissance,"Doors, locks & gates",door or gate,East Asian Literati,door,a reed pine door leaf,pine,Large,VeryGood,33000,287,Era / Renaissance Era; Functions / Household Items / Household Construction Materials; Market / Construction Materials / Worked Timber; Culture / Renaissance / Shared / East Asian Literati,Holdable; Destroyable_Door; Door_Normal_Large,Carpentry and joinery,Carpentry,"Renaissance doors, locks and gates catalogue; culture admission East Asian Literati; availability Renaissance. Door behaviour is limited to the attached supported component profile."
renaissance_door_eal_braced_door_254,Renaissance,Renaissance,"Doors, locks & gates",door or gate,East Asian Literati,door,a checker cedar braced door,cedar,Large,Good,34800,45,Era / Renaissance Era; Functions / Household Items / Household Construction Materials; Market / Construction Materials / Worked Timber; Culture / Renaissance / Shared / East Asian Literati,Holdable; Destroyable_Door; Door_Tough_Large,Carpentry and joinery,Carpentry,"Renaissance doors, locks and gates catalogue; culture admission East Asian Literati; availability Renaissance. Door behaviour is limited to the attached supported component profile."
renaissance_door_eal_lockable_door_255,Renaissance,Renaissance,"Doors, locks & gates",door or gate,East Asian Literati,door,a radiating teak lockable door,teak,Large,Standard,36600,56,Era / Renaissance Era; Functions / Household Items / Household Construction Materials; Market / Construction Materials / Worked Timber; Culture / Renaissance / Shared / East Asian Literati,Holdable; Destroyable_Door; Door_Lockable_Normal_Large,Carpentry and joinery,Carpentry,"Renaissance doors, locks and gates catalogue; culture admission East Asian Literati; availability Renaissance. Door behaviour is limited to the attached supported component profile."
renaissance_door_eal_secure_door_256,Renaissance,Renaissance,"Doors, locks & gates",door or gate,East Asian Literati,door,a sunburst wood secure door,wood,Large,Poor,38400,67,Era / Renaissance Era; Functions / Household Items / Household Construction Materials; Market / Construction Materials / Worked Timber; Culture / Renaissance / Shared / East Asian Literati,Holdable; Destroyable_Door; Door_Lockable_Secure_Large,Carpentry and joinery,Carpentry,"Renaissance doors, locks and gates catalogue; culture admission East Asian Literati; availability Renaissance. Door behaviour is limited to the attached supported component profile."
renaissance_door_eal_shutter_257,Renaissance,Renaissance,"Doors, locks & gates",door or gate,East Asian Literati,shutter,a knotted oak shuttered opening,oak,Large,Standard,40200,78,Era / Renaissance Era; Functions / Household Items / Household Construction Materials; Market / Construction Materials / Worked Timber; Culture / Renaissance / Shared / East Asian Literati,Holdable; Destroyable_Door; Door_Bad_Large,Carpentry and joinery,Carpentry,"Renaissance doors, locks and gates catalogue; culture admission East Asian Literati; availability Renaissance. Door behaviour is limited to the attached supported component profile."
renaissance_door_eal_screen_258,Renaissance,Renaissance,"Doors, locks & gates",door or gate,East Asian Literati,screen,a star bamboo screen door,bamboo,Large,Good,42000,89,Era / Renaissance Era; Functions / Household Items / Household Construction Materials; Market / Construction Materials / Worked Timber; Culture / Renaissance / Shared / East Asian Literati,Holdable; Destroyable_Door; Door_Bad_Large,Carpentry and joinery,Carpentry,"Renaissance doors, locks and gates catalogue; culture admission East Asian Literati; availability Renaissance. Door behaviour is limited to the attached supported component profile."
renaissance_door_eal_lattice_gate_259,Renaissance,Renaissance,"Doors, locks & gates",door or gate,East Asian Literati,gate,a vine teak lattice gate,teak,VeryLarge,Good,43800,100,Era / Renaissance Era; Functions / Household Items / Household Construction Materials; Market / Construction Materials / Worked Timber; Culture / Renaissance / Shared / East Asian Literati,Holdable; Destroyable_Door; Door_Normal_Large,Carpentry and joinery,Carpentry,"Renaissance doors, locks and gates catalogue; culture admission East Asian Literati; availability Renaissance. Door behaviour is limited to the attached supported component profile."
renaissance_door_eal_courtyard_gate_260,Renaissance,Renaissance,"Doors, locks & gates",door or gate,East Asian Literati,gate,a cloud wrought iron courtyard gate,wrought iron,VeryLarge,Standard,45600,111,Era / Renaissance Era; Functions / Household Items / Household Construction Materials; Market / Household Goods / Standard Wares; Culture / Renaissance / Shared / East Asian Literati,Holdable; Destroyable_Door; Door_Lockable_Normal_Large,Carpentry and joinery,Carpentry,"Renaissance doors, locks and gates catalogue; culture admission East Asian Literati; availability Renaissance. Door behaviour is limited to the attached supported component profile."
renaissance_door_eal_warehouse_gate_261,Renaissance,Renaissance,"Doors, locks & gates",door or gate,East Asian Literati,gate,a reed bronze warehouse gate,bronze,VeryLarge,VeryGood,47400,122,Era / Renaissance Era; Functions / Household Items / Household Construction Materials; Market / Household Goods / Standard Wares; Culture / Renaissance / Shared / East Asian Literati,Holdable; Destroyable_Door; Door_Lockable_Tough_Large,Carpentry and joinery,Carpentry,"Renaissance doors, locks and gates catalogue; culture admission East Asian Literati; availability Renaissance. Door behaviour is limited to the attached supported component profile."
renaissance_door_eal_garden_gate_262,Renaissance,Renaissance,"Doors, locks & gates",door or gate,East Asian Literati,gate,a checker oak garden gate,oak,VeryLarge,Good,49200,133,Era / Renaissance Era; Functions / Household Items / Household Construction Materials; Market / Construction Materials / Worked Timber; Culture / Renaissance / Shared / East Asian Literati,Holdable; Destroyable_Door; Door_Normal_Large,Carpentry and joinery,Carpentry,"Renaissance doors, locks and gates catalogue; culture admission East Asian Literati; availability Renaissance. Door behaviour is limited to the attached supported component profile."
renaissance_door_eal_grille_263,Renaissance,Renaissance,"Doors, locks & gates",door or gate,East Asian Literati,grille,a radiating brass metal grille,brass,Large,Standard,51000,144,Era / Renaissance Era; Functions / Household Items / Household Construction Materials; Market / Household Goods / Standard Wares; Culture / Renaissance / Shared / East Asian Literati,Holdable; Destroyable_Door; Door_Secure_Large,Carpentry and joinery,Carpentry,"Renaissance doors, locks and gates catalogue; culture admission East Asian Literati; availability Renaissance. Door behaviour is limited to the attached supported component profile."
renaissance_door_eal_barrier_264,Renaissance,Renaissance,"Doors, locks & gates",door or gate,East Asian Literati,barrier,a sunburst wrought iron barred barrier,wrought iron,Large,Poor,52800,155,Era / Renaissance Era; Functions / Household Items / Household Construction Materials; Market / Household Goods / Standard Wares; Culture / Renaissance / Shared / East Asian Literati,Holdable; Destroyable_Door; Door_Tough_Large,Carpentry and joinery,Carpentry,"Renaissance doors, locks and gates catalogue; culture admission East Asian Literati; availability Renaissance. Door behaviour is limited to the attached supported component profile."
renaissance_door_eal_hatch_265,Renaissance,Renaissance,"Doors, locks & gates",door or gate,East Asian Literati,hatch,a knotted teak service hatch,teak,Large,Standard,54600,166,Era / Renaissance Era; Functions / Household Items / Household Construction Materials; Market / Construction Materials / Worked Timber; Culture / Renaissance / Shared / East Asian Literati,Holdable; Destroyable_Door; Door_Lockable_Normal_Large,Carpentry and joinery,Carpentry,"Renaissance doors, locks and gates catalogue; culture admission East Asian Literati; availability Renaissance. Door behaviour is limited to the attached supported component profile."
renaissance_door_eal_wicket_266,Renaissance,Renaissance,"Doors, locks & gates",door or gate,East Asian Literati,wicket,a star bronze wicket gate,bronze,Large,Good,56400,177,Era / Renaissance Era; Functions / Household Items / Household Construction Materials; Market / Household Goods / Standard Wares; Culture / Renaissance / Shared / East Asian Literati,Holdable; Destroyable_Door; Door_Lockable_Normal_Large,Carpentry and joinery,Carpentry,"Renaissance doors, locks and gates catalogue; culture admission East Asian Literati; availability Renaissance. Door behaviour is limited to the attached supported component profile."
renaissance_door_eal_panel_door_267,Renaissance,Renaissance,"Doors, locks & gates",door or gate,East Asian Literati,door,a vine oak door leaf,oak,Large,Good,24000,188,Era / Renaissance Era; Functions / Household Items / Household Construction Materials; Market / Construction Materials / Worked Timber; Culture / Renaissance / Shared / East Asian Literati,Holdable; Destroyable_Door; Door_Normal_Large,Carpentry and joinery,Carpentry,"Renaissance doors, locks and gates catalogue; culture admission East Asian Literati; availability Renaissance. Door behaviour is limited to the attached supported component profile."
renaissance_door_eal_braced_door_268,Renaissance,Renaissance,"Doors, locks & gates",door or gate,East Asian Literati,door,a cloud pine braced door,pine,Large,Standard,25800,199,Era / Renaissance Era; Functions / Household Items / Household Construction Materials; Market / Construction Materials / Worked Timber; Culture / Renaissance / Shared / East Asian Literati,Holdable; Destroyable_Door; Door_Tough_Large,Carpentry and joinery,Carpentry,"Renaissance doors, locks and gates catalogue; culture admission East Asian Literati; availability Renaissance. Door behaviour is limited to the attached supported component profile."
renaissance_door_eal_lockable_door_269,Renaissance,Renaissance,"Doors, locks & gates",door or gate,East Asian Literati,door,a reed cedar lockable door,cedar,Large,VeryGood,27600,210,Era / Renaissance Era; Functions / Household Items / Household Construction Materials; Market / Construction Materials / Worked Timber; Culture / Renaissance / Shared / East Asian Literati,Holdable; Destroyable_Door; Door_Lockable_Normal_Large,Carpentry and joinery,Carpentry,"Renaissance doors, locks and gates catalogue; culture admission East Asian Literati; availability Renaissance. Door behaviour is limited to the attached supported component profile."
renaissance_door_eal_master_warded_lock_270,Renaissance,Renaissance,"Doors, locks & gates",lock and hardware,East Asian Literati,lock,a knotted pewter master warded lock,pewter,Small,Good,1350,31,Era / Renaissance Era; Functions / Household Items / Household Wares; Market / Household Goods / Standard Wares; Culture / Renaissance / Shared / East Asian Literati,Holdable; Destroyable_HeavyMetal; Warded_Lock_Master,Locksmithing,Blacksmithing,"Renaissance doors, locks and gates hardware catalogue; culture admission East Asian Literati; availability Renaissance. It does not imply a custom matched-key or hidden-lock system."
renaissance_door_eal_warded_key_271,Renaissance,Renaissance,"Doors, locks & gates",lock and hardware,East Asian Literati,key,a flower-head wrought iron warded key,wrought iron,Small,Standard,1435,39,Era / Renaissance Era; Functions / Household Items / Household Wares; Market / Household Goods / Standard Wares; Culture / Renaissance / Shared / East Asian Literati,Holdable; Destroyable_HeavyMetal; Warded_Key,Locksmithing,Blacksmithing,"Renaissance doors, locks and gates hardware catalogue; culture admission East Asian Literati; availability Renaissance. It does not imply a custom matched-key or hidden-lock system."
renaissance_door_eal_ring_key_272,Renaissance,Renaissance,"Doors, locks & gates",lock and hardware,East Asian Literati,key,a star bronze ring bow key,bronze,Small,Poor,1520,47,Era / Renaissance Era; Functions / Household Items / Household Wares; Market / Household Goods / Standard Wares; Culture / Renaissance / Shared / East Asian Literati,Holdable; Destroyable_HeavyMetal; Warded_Key,Locksmithing,Blacksmithing,"Renaissance doors, locks and gates hardware catalogue; culture admission East Asian Literati; availability Renaissance. It does not imply a custom matched-key or hidden-lock system."
renaissance_door_eal_door_latch_273,Renaissance,Renaissance,"Doors, locks & gates",lock and hardware,East Asian Literati,latch,a bird brass door latch,brass,Small,Standard,160,55,Era / Renaissance Era; Functions / Household Items / Household Wares; Market / Household Goods / Standard Wares; Culture / Renaissance / Shared / East Asian Literati,Holdable; Destroyable_HeavyMetal; Latch_Normal,Locksmithing,Blacksmithing,"Renaissance doors, locks and gates hardware catalogue; culture admission East Asian Literati; availability Renaissance. It does not imply a custom matched-key or hidden-lock system."
renaissance_door_eal_gate_dropbar_274,Renaissance,Renaissance,"Doors, locks & gates",lock and hardware,East Asian Literati,drop bar,a vine copper gate drop bar,copper,Small,Good,245,63,Era / Renaissance Era; Functions / Household Items / Household Wares; Market / Household Goods / Standard Wares; Culture / Renaissance / Shared / East Asian Literati,Holdable; Destroyable_HeavyMetal; Latch_Gate_DropBar,Locksmithing,Blacksmithing,"Renaissance doors, locks and gates hardware catalogue; culture admission East Asian Literati; availability Renaissance. It does not imply a custom matched-key or hidden-lock system."
renaissance_door_eal_door_bar_275,Renaissance,Renaissance,"Doors, locks & gates",lock and hardware,East Asian Literati,bar,a geometric pewter door bar,pewter,Small,Good,330,71,Era / Renaissance Era; Functions / Household Items / Household Wares; Market / Household Goods / Standard Wares; Culture / Renaissance / Shared / East Asian Literati,Holdable; Destroyable_HeavyMetal; Latch_Door_Bar,Locksmithing,Blacksmithing,"Renaissance doors, locks and gates hardware catalogue; culture admission East Asian Literati; availability Renaissance. It does not imply a custom matched-key or hidden-lock system."
renaissance_door_eal_portcullis_pawl_276,Renaissance,Renaissance,"Doors, locks & gates",lock and hardware,East Asian Literati,pawl,a cloud wrought iron winch pawl,wrought iron,Small,Standard,415,79,Era / Renaissance Era; Functions / Household Items / Household Wares; Market / Household Goods / Standard Wares; Culture / Renaissance / Shared / East Asian Literati,Holdable; Destroyable_HeavyMetal; Latch_Portcullis_Pawl,Locksmithing,Blacksmithing,"Renaissance doors, locks and gates hardware catalogue; culture admission East Asian Literati; availability Renaissance. It does not imply a custom matched-key or hidden-lock system."
renaissance_door_eal_hasp_277,Renaissance,Renaissance,"Doors, locks & gates",lock and hardware,East Asian Literati,hasp,a shell bronze iron hasp,bronze,Small,VeryGood,500,87,Era / Renaissance Era; Functions / Household Items / Household Wares; Market / Household Goods / Standard Wares; Culture / Renaissance / Shared / East Asian Literati,Holdable; Destroyable_HeavyMetal; Latch_Container_Hasp,Locksmithing,Blacksmithing,"Renaissance doors, locks and gates hardware catalogue; culture admission East Asian Literati; availability Renaissance. It does not imply a custom matched-key or hidden-lock system."
renaissance_door_eal_hook_latch_278,Renaissance,Renaissance,"Doors, locks & gates",lock and hardware,East Asian Literati,hook latch,a reed brass hook latch,brass,Small,Good,585,95,Era / Renaissance Era; Functions / Household Items / Household Wares; Market / Household Goods / Standard Wares; Culture / Renaissance / Shared / East Asian Literati,Holdable; Destroyable_HeavyMetal; Latch_Container_Hook,Locksmithing,Blacksmithing,"Renaissance doors, locks and gates hardware catalogue; culture admission East Asian Literati; availability Renaissance. It does not imply a custom matched-key or hidden-lock system."
renaissance_door_eal_strike_plate_279,Renaissance,Renaissance,"Doors, locks & gates",lock and hardware,East Asian Literati,strike plate,a rosette copper strike plate,copper,Small,Standard,670,103,Era / Renaissance Era; Functions / Household Items / Household Wares; Market / Household Goods / Standard Wares; Culture / Renaissance / Shared / East Asian Literati,Holdable; Destroyable_HeavyMetal; Latch_Normal,Locksmithing,Blacksmithing,"Renaissance doors, locks and gates hardware catalogue; culture admission East Asian Literati; availability Renaissance. It does not imply a custom matched-key or hidden-lock system."
renaissance_door_eal_hinge_pair_280,Renaissance,Renaissance,"Doors, locks & gates",lock and hardware,East Asian Literati,hinges,a checker pewter hinge pair,pewter,Small,Poor,755,111,Era / Renaissance Era; Functions / Household Items / Household Wares; Market / Household Goods / Standard Wares; Culture / Renaissance / Shared / East Asian Literati,Holdable; Destroyable_HeavyMetal; Latch_Normal,Locksmithing,Blacksmithing,"Renaissance doors, locks and gates hardware catalogue; culture admission East Asian Literati; availability Renaissance. It does not imply a custom matched-key or hidden-lock system."
renaissance_door_jpn_panel_door_281,Renaissance,Renaissance,"Doors, locks & gates",door or gate,Japanese,door,a geometric teak door leaf,teak,Large,Standard,49200,89,Era / Renaissance Era; Functions / Household Items / Household Construction Materials; Market / Construction Materials / Worked Timber; Culture / Renaissance / Shared / Japanese,Holdable; Destroyable_Door; Door_Normal_Large,Carpentry and joinery,Carpentry,"Renaissance doors, locks and gates catalogue; culture admission Japanese; availability Renaissance. Door behaviour is limited to the attached supported component profile."
renaissance_door_jpn_braced_door_282,Renaissance,Renaissance,"Doors, locks & gates",door or gate,Japanese,door,a shell wood braced door,wood,Large,Good,51000,100,Era / Renaissance Era; Functions / Household Items / Household Construction Materials; Market / Construction Materials / Worked Timber; Culture / Renaissance / Shared / Japanese,Holdable; Destroyable_Door; Door_Tough_Large,Carpentry and joinery,Carpentry,"Renaissance doors, locks and gates catalogue; culture admission Japanese; availability Renaissance. Door behaviour is limited to the attached supported component profile."
renaissance_door_jpn_lockable_door_283,Renaissance,Renaissance,"Doors, locks & gates",door or gate,Japanese,door,a rosette oak lockable door,oak,Large,Good,52800,111,Era / Renaissance Era; Functions / Household Items / Household Construction Materials; Market / Construction Materials / Worked Timber; Culture / Renaissance / Shared / Japanese,Holdable; Destroyable_Door; Door_Lockable_Normal_Large,Carpentry and joinery,Carpentry,"Renaissance doors, locks and gates catalogue; culture admission Japanese; availability Renaissance. Door behaviour is limited to the attached supported component profile."
renaissance_door_jpn_secure_door_284,Renaissance,Renaissance,"Doors, locks & gates",door or gate,Japanese,door,a braided pine secure door,pine,Large,Standard,54600,122,Era / Renaissance Era; Functions / Household Items / Household Construction Materials; Market / Construction Materials / Worked Timber; Culture / Renaissance / Shared / Japanese,Holdable; Destroyable_Door; Door_Lockable_Secure_Large,Carpentry and joinery,Carpentry,"Renaissance doors, locks and gates catalogue; culture admission Japanese; availability Renaissance. Door behaviour is limited to the attached supported component profile."
renaissance_door_jpn_shutter_285,Renaissance,Renaissance,"Doors, locks & gates",door or gate,Japanese,shutter,a leaf-scroll cedar shuttered opening,cedar,Large,VeryGood,56400,133,Era / Renaissance Era; Functions / Household Items / Household Construction Materials; Market / Construction Materials / Worked Timber; Culture / Renaissance / Shared / Japanese,Holdable; Destroyable_Door; Door_Bad_Large,Carpentry and joinery,Carpentry,"Renaissance doors, locks and gates catalogue; culture admission Japanese; availability Renaissance. Door behaviour is limited to the attached supported component profile."
renaissance_door_jpn_screen_286,Renaissance,Renaissance,"Doors, locks & gates",door or gate,Japanese,screen,a water-wave teak screen door,teak,Large,Good,24000,144,Era / Renaissance Era; Functions / Household Items / Household Construction Materials; Market / Construction Materials / Worked Timber; Culture / Renaissance / Shared / Japanese,Holdable; Destroyable_Door; Door_Bad_Large,Carpentry and joinery,Carpentry,"Renaissance doors, locks and gates catalogue; culture admission Japanese; availability Renaissance. Door behaviour is limited to the attached supported component profile."
renaissance_door_jpn_lattice_gate_287,Renaissance,Renaissance,"Doors, locks & gates",door or gate,Japanese,gate,a flower-head bronze lattice gate,bronze,VeryLarge,Standard,25800,155,Era / Renaissance Era; Functions / Household Items / Household Construction Materials; Market / Household Goods / Standard Wares; Culture / Renaissance / Shared / Japanese,Holdable; Destroyable_Door; Door_Normal_Large,Carpentry and joinery,Carpentry,"Renaissance doors, locks and gates catalogue; culture admission Japanese; availability Renaissance. Door behaviour is limited to the attached supported component profile."
renaissance_door_jpn_courtyard_gate_288,Renaissance,Renaissance,"Doors, locks & gates",door or gate,Japanese,gate,a bird oak courtyard gate,oak,VeryLarge,Poor,27600,166,Era / Renaissance Era; Functions / Household Items / Household Construction Materials; Market / Construction Materials / Worked Timber; Culture / Renaissance / Shared / Japanese,Holdable; Destroyable_Door; Door_Lockable_Normal_Large,Carpentry and joinery,Carpentry,"Renaissance doors, locks and gates catalogue; culture admission Japanese; availability Renaissance. Door behaviour is limited to the attached supported component profile."
renaissance_door_jpn_warehouse_gate_289,Renaissance,Renaissance,"Doors, locks & gates",door or gate,Japanese,gate,a geometric cedar warehouse gate,cedar,VeryLarge,Standard,29400,177,Era / Renaissance Era; Functions / Household Items / Household Construction Materials; Market / Construction Materials / Worked Timber; Culture / Renaissance / Shared / Japanese,Holdable; Destroyable_Door; Door_Lockable_Tough_Large,Carpentry and joinery,Carpentry,"Renaissance doors, locks and gates catalogue; culture admission Japanese; availability Renaissance. Door behaviour is limited to the attached supported component profile."
renaissance_door_jpn_garden_gate_290,Renaissance,Renaissance,"Doors, locks & gates",door or gate,Japanese,gate,a shell teak garden gate,teak,VeryLarge,Good,31200,188,Era / Renaissance Era; Functions / Household Items / Household Construction Materials; Market / Construction Materials / Worked Timber; Culture / Renaissance / Shared / Japanese,Holdable; Destroyable_Door; Door_Normal_Large,Carpentry and joinery,Carpentry,"Renaissance doors, locks and gates catalogue; culture admission Japanese; availability Renaissance. Door behaviour is limited to the attached supported component profile."
renaissance_door_jpn_grille_291,Renaissance,Renaissance,"Doors, locks & gates",door or gate,Japanese,grille,a rosette bronze metal grille,bronze,Large,Good,33000,199,Era / Renaissance Era; Functions / Household Items / Household Construction Materials; Market / Household Goods / Standard Wares; Culture / Renaissance / Shared / Japanese,Holdable; Destroyable_Door; Door_Secure_Large,Carpentry and joinery,Carpentry,"Renaissance doors, locks and gates catalogue; culture admission Japanese; availability Renaissance. Door behaviour is limited to the attached supported component profile."
renaissance_door_jpn_barrier_292,Renaissance,Renaissance,"Doors, locks & gates",door or gate,Japanese,barrier,a braided brass barred barrier,brass,Large,Standard,34800,210,Era / Renaissance Era; Functions / Household Items / Household Construction Materials; Market / Household Goods / Standard Wares; Culture / Renaissance / Shared / Japanese,Holdable; Destroyable_Door; Door_Tough_Large,Carpentry and joinery,Carpentry,"Renaissance doors, locks and gates catalogue; culture admission Japanese; availability Renaissance. Door behaviour is limited to the attached supported component profile."
renaissance_door_jpn_hatch_293,Renaissance,Renaissance,"Doors, locks & gates",door or gate,Japanese,hatch,a leaf-scroll oak service hatch,oak,Large,VeryGood,36600,221,Era / Renaissance Era; Functions / Household Items / Household Construction Materials; Market / Construction Materials / Worked Timber; Culture / Renaissance / Shared / Japanese,Holdable; Destroyable_Door; Door_Lockable_Normal_Large,Carpentry and joinery,Carpentry,"Renaissance doors, locks and gates catalogue; culture admission Japanese; availability Renaissance. Door behaviour is limited to the attached supported component profile."
renaissance_door_jpn_wicket_294,Renaissance,Renaissance,"Doors, locks & gates",door or gate,Japanese,wicket,a water-wave cedar wicket gate,cedar,Large,Good,38400,232,Era / Renaissance Era; Functions / Household Items / Household Construction Materials; Market / Construction Materials / Worked Timber; Culture / Renaissance / Shared / Japanese,Holdable; Destroyable_Door; Door_Lockable_Normal_Large,Carpentry and joinery,Carpentry,"Renaissance doors, locks and gates catalogue; culture admission Japanese; availability Renaissance. Door behaviour is limited to the attached supported component profile."
renaissance_door_jpn_panel_door_295,Renaissance,Renaissance,"Doors, locks & gates",door or gate,Japanese,door,a flower-head cedar door leaf,cedar,Large,Standard,40200,243,Era / Renaissance Era; Functions / Household Items / Household Construction Materials; Market / Construction Materials / Worked Timber; Culture / Renaissance / Shared / Japanese,Holdable; Destroyable_Door; Door_Normal_Large,Carpentry and joinery,Carpentry,"Renaissance doors, locks and gates catalogue; culture admission Japanese; availability Renaissance. Door behaviour is limited to the attached supported component profile."
renaissance_door_jpn_braced_door_296,Renaissance,Renaissance,"Doors, locks & gates",door or gate,Japanese,door,a bird teak braced door,teak,Large,Poor,42000,254,Era / Renaissance Era; Functions / Household Items / Household Construction Materials; Market / Construction Materials / Worked Timber; Culture / Renaissance / Shared / Japanese,Holdable; Destroyable_Door; Door_Tough_Large,Carpentry and joinery,Carpentry,"Renaissance doors, locks and gates catalogue; culture admission Japanese; availability Renaissance. Door behaviour is limited to the attached supported component profile."
renaissance_door_jpn_lockable_door_297,Renaissance,Renaissance,"Doors, locks & gates",door or gate,Japanese,door,a geometric wood lockable door,wood,Large,Standard,43800,265,Era / Renaissance Era; Functions / Household Items / Household Construction Materials; Market / Construction Materials / Worked Timber; Culture / Renaissance / Shared / Japanese,Holdable; Destroyable_Door; Door_Lockable_Normal_Large,Carpentry and joinery,Carpentry,"Renaissance doors, locks and gates catalogue; culture admission Japanese; availability Renaissance. Door behaviour is limited to the attached supported component profile."
renaissance_door_jpn_master_warded_lock_298,Renaissance,Renaissance,"Doors, locks & gates",lock and hardware,Japanese,lock,a cloud brass master warded lock,brass,Small,Good,840,103,Era / Renaissance Era; Functions / Household Items / Household Wares; Market / Household Goods / Standard Wares; Culture / Renaissance / Shared / Japanese,Holdable; Destroyable_HeavyMetal; Warded_Lock_Master,Locksmithing,Blacksmithing,"Renaissance doors, locks and gates hardware catalogue; culture admission Japanese; availability Renaissance. It does not imply a custom matched-key or hidden-lock system."
renaissance_door_jpn_warded_key_299,Renaissance,Renaissance,"Doors, locks & gates",lock and hardware,Japanese,key,a shell copper warded key,copper,Small,Good,925,111,Era / Renaissance Era; Functions / Household Items / Household Wares; Market / Household Goods / Standard Wares; Culture / Renaissance / Shared / Japanese,Holdable; Destroyable_HeavyMetal; Warded_Key,Locksmithing,Blacksmithing,"Renaissance doors, locks and gates hardware catalogue; culture admission Japanese; availability Renaissance. It does not imply a custom matched-key or hidden-lock system."
renaissance_door_jpn_ring_key_300,Renaissance,Renaissance,"Doors, locks & gates",lock and hardware,Japanese,key,a reed pewter ring bow key,pewter,Small,Standard,1010,119,Era / Renaissance Era; Functions / Household Items / Household Wares; Market / Household Goods / Standard Wares; Culture / Renaissance / Shared / Japanese,Holdable; Destroyable_HeavyMetal; Warded_Key,Locksmithing,Blacksmithing,"Renaissance doors, locks and gates hardware catalogue; culture admission Japanese; availability Renaissance. It does not imply a custom matched-key or hidden-lock system."
renaissance_door_jpn_door_latch_301,Renaissance,Renaissance,"Doors, locks & gates",lock and hardware,Japanese,latch,a rosette wrought iron door latch,wrought iron,Small,VeryGood,1095,127,Era / Renaissance Era; Functions / Household Items / Household Wares; Market / Household Goods / Standard Wares; Culture / Renaissance / Shared / Japanese,Holdable; Destroyable_HeavyMetal; Latch_Normal,Locksmithing,Blacksmithing,"Renaissance doors, locks and gates hardware catalogue; culture admission Japanese; availability Renaissance. It does not imply a custom matched-key or hidden-lock system."
renaissance_door_jpn_gate_dropbar_302,Renaissance,Renaissance,"Doors, locks & gates",lock and hardware,Japanese,drop bar,a checker bronze gate drop bar,bronze,Small,Good,1180,135,Era / Renaissance Era; Functions / Household Items / Household Wares; Market / Household Goods / Standard Wares; Culture / Renaissance / Shared / Japanese,Holdable; Destroyable_HeavyMetal; Latch_Gate_DropBar,Locksmithing,Blacksmithing,"Renaissance doors, locks and gates hardware catalogue; culture admission Japanese; availability Renaissance. It does not imply a custom matched-key or hidden-lock system."
renaissance_door_jpn_door_bar_303,Renaissance,Renaissance,"Doors, locks & gates",lock and hardware,Japanese,bar,a braided brass door bar,brass,Small,Standard,1265,143,Era / Renaissance Era; Functions / Household Items / Household Wares; Market / Household Goods / Standard Wares; Culture / Renaissance / Shared / Japanese,Holdable; Destroyable_HeavyMetal; Latch_Door_Bar,Locksmithing,Blacksmithing,"Renaissance doors, locks and gates hardware catalogue; culture admission Japanese; availability Renaissance. It does not imply a custom matched-key or hidden-lock system."
renaissance_door_jpn_portcullis_pawl_304,Renaissance,Renaissance,"Doors, locks & gates",lock and hardware,Japanese,pawl,a radiating copper winch pawl,copper,Small,Poor,1350,151,Era / Renaissance Era; Functions / Household Items / Household Wares; Market / Household Goods / Standard Wares; Culture / Renaissance / Shared / Japanese,Holdable; Destroyable_HeavyMetal; Latch_Portcullis_Pawl,Locksmithing,Blacksmithing,"Renaissance doors, locks and gates hardware catalogue; culture admission Japanese; availability Renaissance. It does not imply a custom matched-key or hidden-lock system."
renaissance_door_jpn_hasp_305,Renaissance,Renaissance,"Doors, locks & gates",lock and hardware,Japanese,hasp,a leaf-scroll pewter iron hasp,pewter,Small,Standard,1435,7,Era / Renaissance Era; Functions / Household Items / Household Wares; Market / Household Goods / Standard Wares; Culture / Renaissance / Shared / Japanese,Holdable; Destroyable_HeavyMetal; Latch_Container_Hasp,Locksmithing,Blacksmithing,"Renaissance doors, locks and gates hardware catalogue; culture admission Japanese; availability Renaissance. It does not imply a custom matched-key or hidden-lock system."
renaissance_door_jpn_hook_latch_306,Renaissance,Renaissance,"Doors, locks & gates",lock and hardware,Japanese,hook latch,a sunburst wrought iron hook latch,wrought iron,Small,Good,1520,15,Era / Renaissance Era; Functions / Household Items / Household Wares; Market / Household Goods / Standard Wares; Culture / Renaissance / Shared / Japanese,Holdable; Destroyable_HeavyMetal; Latch_Container_Hook,Locksmithing,Blacksmithing,"Renaissance doors, locks and gates hardware catalogue; culture admission Japanese; availability Renaissance. It does not imply a custom matched-key or hidden-lock system."
renaissance_door_jpn_strike_plate_307,Renaissance,Renaissance,"Doors, locks & gates",lock and hardware,Japanese,strike plate,a water-wave bronze strike plate,bronze,Small,Good,160,23,Era / Renaissance Era; Functions / Household Items / Household Wares; Market / Household Goods / Standard Wares; Culture / Renaissance / Shared / Japanese,Holdable; Destroyable_HeavyMetal; Latch_Normal,Locksmithing,Blacksmithing,"Renaissance doors, locks and gates hardware catalogue; culture admission Japanese; availability Renaissance. It does not imply a custom matched-key or hidden-lock system."
renaissance_door_jpn_hinge_pair_308,Renaissance,Renaissance,"Doors, locks & gates",lock and hardware,Japanese,hinges,a knotted brass hinge pair,brass,Small,Standard,245,31,Era / Renaissance Era; Functions / Household Items / Household Wares; Market / Household Goods / Standard Wares; Culture / Renaissance / Shared / Japanese,Holdable; Destroyable_HeavyMetal; Latch_Normal,Locksmithing,Blacksmithing,"Renaissance doors, locks and gates hardware catalogue; culture admission Japanese; availability Renaissance. It does not imply a custom matched-key or hidden-lock system."
renaissance_door_mea_panel_door_309,Renaissance,Renaissance,"Doors, locks & gates",door or gate,Maritime East Asian,door,a reed cedar door leaf,cedar,Large,VeryGood,31200,144,Era / Renaissance Era; Functions / Household Items / Household Construction Materials; Market / Construction Materials / Worked Timber; Culture / Renaissance / Shared / Maritime East Asian,Holdable; Destroyable_Door; Door_Normal_Large,Carpentry and joinery,Carpentry,"Renaissance doors, locks and gates catalogue; culture admission Maritime East Asian; availability Renaissance. Door behaviour is limited to the attached supported component profile."
renaissance_door_mea_braced_door_310,Renaissance,Renaissance,"Doors, locks & gates",door or gate,Maritime East Asian,door,a checker teak braced door,teak,Large,Good,33000,155,Era / Renaissance Era; Functions / Household Items / Household Construction Materials; Market / Construction Materials / Worked Timber; Culture / Renaissance / Shared / Maritime East Asian,Holdable; Destroyable_Door; Door_Tough_Large,Carpentry and joinery,Carpentry,"Renaissance doors, locks and gates catalogue; culture admission Maritime East Asian; availability Renaissance. Door behaviour is limited to the attached supported component profile."
renaissance_door_mea_lockable_door_311,Renaissance,Renaissance,"Doors, locks & gates",door or gate,Maritime East Asian,door,a radiating wood lockable door,wood,Large,Standard,34800,166,Era / Renaissance Era; Functions / Household Items / Household Construction Materials; Market / Construction Materials / Worked Timber; Culture / Renaissance / Shared / Maritime East Asian,Holdable; Destroyable_Door; Door_Lockable_Normal_Large,Carpentry and joinery,Carpentry,"Renaissance doors, locks and gates catalogue; culture admission Maritime East Asian; availability Renaissance. Door behaviour is limited to the attached supported component profile."
renaissance_door_mea_secure_door_312,Renaissance,Renaissance,"Doors, locks & gates",door or gate,Maritime East Asian,door,a sunburst oak secure door,oak,Large,Poor,36600,177,Era / Renaissance Era; Functions / Household Items / Household Construction Materials; Market / Construction Materials / Worked Timber; Culture / Renaissance / Shared / Maritime East Asian,Holdable; Destroyable_Door; Door_Lockable_Secure_Large,Carpentry and joinery,Carpentry,"Renaissance doors, locks and gates catalogue; culture admission Maritime East Asian; availability Renaissance. Door behaviour is limited to the attached supported component profile."
renaissance_door_mea_shutter_313,Renaissance,Renaissance,"Doors, locks & gates",door or gate,Maritime East Asian,shutter,a knotted pine shuttered opening,pine,Large,Standard,38400,188,Era / Renaissance Era; Functions / Household Items / Household Construction Materials; Market / Construction Materials / Worked Timber; Culture / Renaissance / Shared / Maritime East Asian,Holdable; Destroyable_Door; Door_Bad_Large,Carpentry and joinery,Carpentry,"Renaissance doors, locks and gates catalogue; culture admission Maritime East Asian; availability Renaissance. Door behaviour is limited to the attached supported component profile."
renaissance_door_mea_screen_314,Renaissance,Renaissance,"Doors, locks & gates",door or gate,Maritime East Asian,screen,a star bamboo screen door,bamboo,Large,Good,40200,199,Era / Renaissance Era; Functions / Household Items / Household Construction Materials; Market / Construction Materials / Worked Timber; Culture / Renaissance / Shared / Maritime East Asian,Holdable; Destroyable_Door; Door_Bad_Large,Carpentry and joinery,Carpentry,"Renaissance doors, locks and gates catalogue; culture admission Maritime East Asian; availability Renaissance. Door behaviour is limited to the attached supported component profile."
renaissance_door_mea_lattice_gate_315,Renaissance,Renaissance,"Doors, locks & gates",door or gate,Maritime East Asian,gate,a vine wrought iron lattice gate,wrought iron,VeryLarge,Good,42000,210,Era / Renaissance Era; Functions / Household Items / Household Construction Materials; Market / Household Goods / Standard Wares; Culture / Renaissance / Shared / Maritime East Asian,Holdable; Destroyable_Door; Door_Normal_Large,Carpentry and joinery,Carpentry,"Renaissance doors, locks and gates catalogue; culture admission Maritime East Asian; availability Renaissance. Door behaviour is limited to the attached supported component profile."
renaissance_door_mea_courtyard_gate_316,Renaissance,Renaissance,"Doors, locks & gates",door or gate,Maritime East Asian,gate,a cloud bronze courtyard gate,bronze,VeryLarge,Standard,43800,221,Era / Renaissance Era; Functions / Household Items / Household Construction Materials; Market / Household Goods / Standard Wares; Culture / Renaissance / Shared / Maritime East Asian,Holdable; Destroyable_Door; Door_Lockable_Normal_Large,Carpentry and joinery,Carpentry,"Renaissance doors, locks and gates catalogue; culture admission Maritime East Asian; availability Renaissance. Door behaviour is limited to the attached supported component profile."
renaissance_door_mea_warehouse_gate_317,Renaissance,Renaissance,"Doors, locks & gates",door or gate,Maritime East Asian,gate,a reed oak warehouse gate,oak,VeryLarge,VeryGood,45600,232,Era / Renaissance Era; Functions / Household Items / Household Construction Materials; Market / Construction Materials / Worked Timber; Culture / Renaissance / Shared / Maritime East Asian,Holdable; Destroyable_Door; Door_Lockable_Tough_Large,Carpentry and joinery,Carpentry,"Renaissance doors, locks and gates catalogue; culture admission Maritime East Asian; availability Renaissance. Door behaviour is limited to the attached supported component profile."
renaissance_door_mea_garden_gate_318,Renaissance,Renaissance,"Doors, locks & gates",door or gate,Maritime East Asian,gate,a checker cedar garden gate,cedar,VeryLarge,Good,47400,243,Era / Renaissance Era; Functions / Household Items / Household Construction Materials; Market / Construction Materials / Worked Timber; Culture / Renaissance / Shared / Maritime East Asian,Holdable; Destroyable_Door; Door_Normal_Large,Carpentry and joinery,Carpentry,"Renaissance doors, locks and gates catalogue; culture admission Maritime East Asian; availability Renaissance. Door behaviour is limited to the attached supported component profile."
renaissance_door_mea_grille_319,Renaissance,Renaissance,"Doors, locks & gates",door or gate,Maritime East Asian,grille,a radiating bronze metal grille,bronze,Large,Standard,49200,254,Era / Renaissance Era; Functions / Household Items / Household Construction Materials; Market / Household Goods / Standard Wares; Culture / Renaissance / Shared / Maritime East Asian,Holdable; Destroyable_Door; Door_Secure_Large,Carpentry and joinery,Carpentry,"Renaissance doors, locks and gates catalogue; culture admission Maritime East Asian; availability Renaissance. Door behaviour is limited to the attached supported component profile."
renaissance_door_mea_barrier_320,Renaissance,Renaissance,"Doors, locks & gates",door or gate,Maritime East Asian,barrier,a sunburst brass barred barrier,brass,Large,Poor,51000,265,Era / Renaissance Era; Functions / Household Items / Household Construction Materials; Market / Household Goods / Standard Wares; Culture / Renaissance / Shared / Maritime East Asian,Holdable; Destroyable_Door; Door_Tough_Large,Carpentry and joinery,Carpentry,"Renaissance doors, locks and gates catalogue; culture admission Maritime East Asian; availability Renaissance. Door behaviour is limited to the attached supported component profile."
renaissance_door_mea_hatch_321,Renaissance,Renaissance,"Doors, locks & gates",door or gate,Maritime East Asian,hatch,a knotted wood service hatch,wood,Large,Standard,52800,276,Era / Renaissance Era; Functions / Household Items / Household Construction Materials; Market / Construction Materials / Worked Timber; Culture / Renaissance / Shared / Maritime East Asian,Holdable; Destroyable_Door; Door_Lockable_Normal_Large,Carpentry and joinery,Carpentry,"Renaissance doors, locks and gates catalogue; culture admission Maritime East Asian; availability Renaissance. Door behaviour is limited to the attached supported component profile."
renaissance_door_mea_wicket_322,Renaissance,Renaissance,"Doors, locks & gates",door or gate,Maritime East Asian,wicket,a star oak wicket gate,oak,Large,Good,54600,287,Era / Renaissance Era; Functions / Household Items / Household Construction Materials; Market / Construction Materials / Worked Timber; Culture / Renaissance / Shared / Maritime East Asian,Holdable; Destroyable_Door; Door_Lockable_Normal_Large,Carpentry and joinery,Carpentry,"Renaissance doors, locks and gates catalogue; culture admission Maritime East Asian; availability Renaissance. Door behaviour is limited to the attached supported component profile."
renaissance_door_mea_panel_door_323,Renaissance,Renaissance,"Doors, locks & gates",door or gate,Maritime East Asian,door,a vine pine door leaf,pine,Large,Good,56400,45,Era / Renaissance Era; Functions / Household Items / Household Construction Materials; Market / Construction Materials / Worked Timber; Culture / Renaissance / Shared / Maritime East Asian,Holdable; Destroyable_Door; Door_Normal_Large,Carpentry and joinery,Carpentry,"Renaissance doors, locks and gates catalogue; culture admission Maritime East Asian; availability Renaissance. Door behaviour is limited to the attached supported component profile."
renaissance_door_mea_braced_door_324,Renaissance,Renaissance,"Doors, locks & gates",door or gate,Maritime East Asian,door,a cloud cedar braced door,cedar,Large,Standard,24000,56,Era / Renaissance Era; Functions / Household Items / Household Construction Materials; Market / Construction Materials / Worked Timber; Culture / Renaissance / Shared / Maritime East Asian,Holdable; Destroyable_Door; Door_Tough_Large,Carpentry and joinery,Carpentry,"Renaissance doors, locks and gates catalogue; culture admission Maritime East Asian; availability Renaissance. Door behaviour is limited to the attached supported component profile."
renaissance_door_mea_lockable_door_325,Renaissance,Renaissance,"Doors, locks & gates",door or gate,Maritime East Asian,door,a reed teak lockable door,teak,Large,VeryGood,25800,67,Era / Renaissance Era; Functions / Household Items / Household Construction Materials; Market / Construction Materials / Worked Timber; Culture / Renaissance / Shared / Maritime East Asian,Holdable; Destroyable_Door; Door_Lockable_Normal_Large,Carpentry and joinery,Carpentry,"Renaissance doors, locks and gates catalogue; culture admission Maritime East Asian; availability Renaissance. Door behaviour is limited to the attached supported component profile."
renaissance_door_mea_master_warded_lock_326,Renaissance,Renaissance,"Doors, locks & gates",lock and hardware,Maritime East Asian,lock,a reed wrought iron master warded lock,wrought iron,Small,Good,330,23,Era / Renaissance Era; Functions / Household Items / Household Wares; Market / Household Goods / Standard Wares; Culture / Renaissance / Shared / Maritime East Asian,Holdable; Destroyable_HeavyMetal; Warded_Lock_Master,Locksmithing,Blacksmithing,"Renaissance doors, locks and gates hardware catalogue; culture admission Maritime East Asian; availability Renaissance. It does not imply a custom matched-key or hidden-lock system."
renaissance_door_mea_warded_key_327,Renaissance,Renaissance,"Doors, locks & gates",lock and hardware,Maritime East Asian,key,a rosette bronze warded key,bronze,Small,Standard,415,31,Era / Renaissance Era; Functions / Household Items / Household Wares; Market / Household Goods / Standard Wares; Culture / Renaissance / Shared / Maritime East Asian,Holdable; Destroyable_HeavyMetal; Warded_Key,Locksmithing,Blacksmithing,"Renaissance doors, locks and gates hardware catalogue; culture admission Maritime East Asian; availability Renaissance. It does not imply a custom matched-key or hidden-lock system."
renaissance_door_mea_ring_key_328,Renaissance,Renaissance,"Doors, locks & gates",lock and hardware,Maritime East Asian,key,a checker brass ring bow key,brass,Small,Poor,500,39,Era / Renaissance Era; Functions / Household Items / Household Wares; Market / Household Goods / Standard Wares; Culture / Renaissance / Shared / Maritime East Asian,Holdable; Destroyable_HeavyMetal; Warded_Key,Locksmithing,Blacksmithing,"Renaissance doors, locks and gates hardware catalogue; culture admission Maritime East Asian; availability Renaissance. It does not imply a custom matched-key or hidden-lock system."
renaissance_door_mea_door_latch_329,Renaissance,Renaissance,"Doors, locks & gates",lock and hardware,Maritime East Asian,latch,a braided copper door latch,copper,Small,Standard,585,47,Era / Renaissance Era; Functions / Household Items / Household Wares; Market / Household Goods / Standard Wares; Culture / Renaissance / Shared / Maritime East Asian,Holdable; Destroyable_HeavyMetal; Latch_Normal,Locksmithing,Blacksmithing,"Renaissance doors, locks and gates hardware catalogue; culture admission Maritime East Asian; availability Renaissance. It does not imply a custom matched-key or hidden-lock system."
renaissance_door_mea_gate_dropbar_330,Renaissance,Renaissance,"Doors, locks & gates",lock and hardware,Maritime East Asian,drop bar,a radiating pewter gate drop bar,pewter,Small,Good,670,55,Era / Renaissance Era; Functions / Household Items / Household Wares; Market / Household Goods / Standard Wares; Culture / Renaissance / Shared / Maritime East Asian,Holdable; Destroyable_HeavyMetal; Latch_Gate_DropBar,Locksmithing,Blacksmithing,"Renaissance doors, locks and gates hardware catalogue; culture admission Maritime East Asian; availability Renaissance. It does not imply a custom matched-key or hidden-lock system."
renaissance_door_mea_door_bar_331,Renaissance,Renaissance,"Doors, locks & gates",lock and hardware,Maritime East Asian,bar,a leaf-scroll wrought iron door bar,wrought iron,Small,Good,755,63,Era / Renaissance Era; Functions / Household Items / Household Wares; Market / Household Goods / Standard Wares; Culture / Renaissance / Shared / Maritime East Asian,Holdable; Destroyable_HeavyMetal; Latch_Door_Bar,Locksmithing,Blacksmithing,"Renaissance doors, locks and gates hardware catalogue; culture admission Maritime East Asian; availability Renaissance. It does not imply a custom matched-key or hidden-lock system."
renaissance_door_mea_portcullis_pawl_332,Renaissance,Renaissance,"Doors, locks & gates",lock and hardware,Maritime East Asian,pawl,a sunburst bronze winch pawl,bronze,Small,Standard,840,71,Era / Renaissance Era; Functions / Household Items / Household Wares; Market / Household Goods / Standard Wares; Culture / Renaissance / Shared / Maritime East Asian,Holdable; Destroyable_HeavyMetal; Latch_Portcullis_Pawl,Locksmithing,Blacksmithing,"Renaissance doors, locks and gates hardware catalogue; culture admission Maritime East Asian; availability Renaissance. It does not imply a custom matched-key or hidden-lock system."
renaissance_door_mea_hasp_333,Renaissance,Renaissance,"Doors, locks & gates",lock and hardware,Maritime East Asian,hasp,a water-wave brass iron hasp,brass,Small,VeryGood,925,79,Era / Renaissance Era; Functions / Household Items / Household Wares; Market / Household Goods / Standard Wares; Culture / Renaissance / Shared / Maritime East Asian,Holdable; Destroyable_HeavyMetal; Latch_Container_Hasp,Locksmithing,Blacksmithing,"Renaissance doors, locks and gates hardware catalogue; culture admission Maritime East Asian; availability Renaissance. It does not imply a custom matched-key or hidden-lock system."
renaissance_door_mea_hook_latch_334,Renaissance,Renaissance,"Doors, locks & gates",lock and hardware,Maritime East Asian,hook latch,a knotted copper hook latch,copper,Small,Good,1010,87,Era / Renaissance Era; Functions / Household Items / Household Wares; Market / Household Goods / Standard Wares; Culture / Renaissance / Shared / Maritime East Asian,Holdable; Destroyable_HeavyMetal; Latch_Container_Hook,Locksmithing,Blacksmithing,"Renaissance doors, locks and gates hardware catalogue; culture admission Maritime East Asian; availability Renaissance. It does not imply a custom matched-key or hidden-lock system."
renaissance_door_mea_strike_plate_335,Renaissance,Renaissance,"Doors, locks & gates",lock and hardware,Maritime East Asian,strike plate,a flower-head pewter strike plate,pewter,Small,Standard,1095,95,Era / Renaissance Era; Functions / Household Items / Household Wares; Market / Household Goods / Standard Wares; Culture / Renaissance / Shared / Maritime East Asian,Holdable; Destroyable_HeavyMetal; Latch_Normal,Locksmithing,Blacksmithing,"Renaissance doors, locks and gates hardware catalogue; culture admission Maritime East Asian; availability Renaissance. It does not imply a custom matched-key or hidden-lock system."
renaissance_door_mea_hinge_pair_336,Renaissance,Renaissance,"Doors, locks & gates",lock and hardware,Maritime East Asian,hinges,a star wrought iron hinge pair,wrought iron,Small,Poor,1180,103,Era / Renaissance Era; Functions / Household Items / Household Wares; Market / Household Goods / Standard Wares; Culture / Renaissance / Shared / Maritime East Asian,Holdable; Destroyable_HeavyMetal; Latch_Normal,Locksmithing,Blacksmithing,"Renaissance doors, locks and gates hardware catalogue; culture admission Maritime East Asian; availability Renaissance. It does not imply a custom matched-key or hidden-lock system."
renaissance_door_sem_panel_door_337,Renaissance,Renaissance,"Doors, locks & gates",door or gate,South-east Asian Mainland,door,a cloud pine door leaf,pine,Large,Standard,47400,199,Era / Renaissance Era; Functions / Household Items / Household Construction Materials; Market / Construction Materials / Worked Timber; Culture / Renaissance / Shared / South-east Asian Mainland,Holdable; Destroyable_Door; Door_Normal_Large,Carpentry and joinery,Carpentry,"Renaissance doors, locks and gates catalogue; culture admission South-east Asian Mainland; availability Renaissance. Door behaviour is limited to the attached supported component profile."
renaissance_door_sem_braced_door_338,Renaissance,Renaissance,"Doors, locks & gates",door or gate,South-east Asian Mainland,door,a reed cedar braced door,cedar,Large,Good,49200,210,Era / Renaissance Era; Functions / Household Items / Household Construction Materials; Market / Construction Materials / Worked Timber; Culture / Renaissance / Shared / South-east Asian Mainland,Holdable; Destroyable_Door; Door_Tough_Large,Carpentry and joinery,Carpentry,"Renaissance doors, locks and gates catalogue; culture admission South-east Asian Mainland; availability Renaissance. Door behaviour is limited to the attached supported component profile."
renaissance_door_sem_lockable_door_339,Renaissance,Renaissance,"Doors, locks & gates",door or gate,South-east Asian Mainland,door,a checker teak lockable door,teak,Large,Good,51000,221,Era / Renaissance Era; Functions / Household Items / Household Construction Materials; Market / Construction Materials / Worked Timber; Culture / Renaissance / Shared / South-east Asian Mainland,Holdable; Destroyable_Door; Door_Lockable_Normal_Large,Carpentry and joinery,Carpentry,"Renaissance doors, locks and gates catalogue; culture admission South-east Asian Mainland; availability Renaissance. Door behaviour is limited to the attached supported component profile."
renaissance_door_sem_secure_door_340,Renaissance,Renaissance,"Doors, locks & gates",door or gate,South-east Asian Mainland,door,a radiating wood secure door,wood,Large,Standard,52800,232,Era / Renaissance Era; Functions / Household Items / Household Construction Materials; Market / Construction Materials / Worked Timber; Culture / Renaissance / Shared / South-east Asian Mainland,Holdable; Destroyable_Door; Door_Lockable_Secure_Large,Carpentry and joinery,Carpentry,"Renaissance doors, locks and gates catalogue; culture admission South-east Asian Mainland; availability Renaissance. Door behaviour is limited to the attached supported component profile."
renaissance_door_sem_shutter_341,Renaissance,Renaissance,"Doors, locks & gates",door or gate,South-east Asian Mainland,shutter,a sunburst oak shuttered opening,oak,Large,VeryGood,54600,243,Era / Renaissance Era; Functions / Household Items / Household Construction Materials; Market / Construction Materials / Worked Timber; Culture / Renaissance / Shared / South-east Asian Mainland,Holdable; Destroyable_Door; Door_Bad_Large,Carpentry and joinery,Carpentry,"Renaissance doors, locks and gates catalogue; culture admission South-east Asian Mainland; availability Renaissance. Door behaviour is limited to the attached supported component profile."
renaissance_door_sem_screen_342,Renaissance,Renaissance,"Doors, locks & gates",door or gate,South-east Asian Mainland,screen,a knotted cedar screen door,cedar,Large,Good,56400,254,Era / Renaissance Era; Functions / Household Items / Household Construction Materials; Market / Construction Materials / Worked Timber; Culture / Renaissance / Shared / South-east Asian Mainland,Holdable; Destroyable_Door; Door_Bad_Large,Carpentry and joinery,Carpentry,"Renaissance doors, locks and gates catalogue; culture admission South-east Asian Mainland; availability Renaissance. Door behaviour is limited to the attached supported component profile."
renaissance_door_sem_lattice_gate_343,Renaissance,Renaissance,"Doors, locks & gates",door or gate,South-east Asian Mainland,gate,a star teak lattice gate,teak,VeryLarge,Standard,24000,265,Era / Renaissance Era; Functions / Household Items / Household Construction Materials; Market / Construction Materials / Worked Timber; Culture / Renaissance / Shared / South-east Asian Mainland,Holdable; Destroyable_Door; Door_Normal_Large,Carpentry and joinery,Carpentry,"Renaissance doors, locks and gates catalogue; culture admission South-east Asian Mainland; availability Renaissance. Door behaviour is limited to the attached supported component profile."
renaissance_door_sem_courtyard_gate_344,Renaissance,Renaissance,"Doors, locks & gates",door or gate,South-east Asian Mainland,gate,a vine wrought iron courtyard gate,wrought iron,VeryLarge,Poor,25800,276,Era / Renaissance Era; Functions / Household Items / Household Construction Materials; Market / Household Goods / Standard Wares; Culture / Renaissance / Shared / South-east Asian Mainland,Holdable; Destroyable_Door; Door_Lockable_Normal_Large,Carpentry and joinery,Carpentry,"Renaissance doors, locks and gates catalogue; culture admission South-east Asian Mainland; availability Renaissance. Door behaviour is limited to the attached supported component profile."
renaissance_door_sem_warehouse_gate_345,Renaissance,Renaissance,"Doors, locks & gates",door or gate,South-east Asian Mainland,gate,a cloud bronze warehouse gate,bronze,VeryLarge,Standard,27600,287,Era / Renaissance Era; Functions / Household Items / Household Construction Materials; Market / Household Goods / Standard Wares; Culture / Renaissance / Shared / South-east Asian Mainland,Holdable; Destroyable_Door; Door_Lockable_Tough_Large,Carpentry and joinery,Carpentry,"Renaissance doors, locks and gates catalogue; culture admission South-east Asian Mainland; availability Renaissance. Door behaviour is limited to the attached supported component profile."
renaissance_door_sem_garden_gate_346,Renaissance,Renaissance,"Doors, locks & gates",door or gate,South-east Asian Mainland,gate,a reed oak garden gate,oak,VeryLarge,Good,29400,45,Era / Renaissance Era; Functions / Household Items / Household Construction Materials; Market / Construction Materials / Worked Timber; Culture / Renaissance / Shared / South-east Asian Mainland,Holdable; Destroyable_Door; Door_Normal_Large,Carpentry and joinery,Carpentry,"Renaissance doors, locks and gates catalogue; culture admission South-east Asian Mainland; availability Renaissance. Door behaviour is limited to the attached supported component profile."
renaissance_door_sem_grille_347,Renaissance,Renaissance,"Doors, locks & gates",door or gate,South-east Asian Mainland,grille,a checker brass metal grille,brass,Large,Good,31200,56,Era / Renaissance Era; Functions / Household Items / Household Construction Materials; Market / Household Goods / Standard Wares; Culture / Renaissance / Shared / South-east Asian Mainland,Holdable; Destroyable_Door; Door_Secure_Large,Carpentry and joinery,Carpentry,"Renaissance doors, locks and gates catalogue; culture admission South-east Asian Mainland; availability Renaissance. Door behaviour is limited to the attached supported component profile."
renaissance_door_sem_barrier_348,Renaissance,Renaissance,"Doors, locks & gates",door or gate,South-east Asian Mainland,barrier,a radiating wrought iron barred barrier,wrought iron,Large,Standard,33000,67,Era / Renaissance Era; Functions / Household Items / Household Construction Materials; Market / Household Goods / Standard Wares; Culture / Renaissance / Shared / South-east Asian Mainland,Holdable; Destroyable_Door; Door_Tough_Large,Carpentry and joinery,Carpentry,"Renaissance doors, locks and gates catalogue; culture admission South-east Asian Mainland; availability Renaissance. Door behaviour is limited to the attached supported component profile."
renaissance_door_sem_hatch_349,Renaissance,Renaissance,"Doors, locks & gates",door or gate,South-east Asian Mainland,hatch,a sunburst teak service hatch,teak,Large,VeryGood,34800,78,Era / Renaissance Era; Functions / Household Items / Household Construction Materials; Market / Construction Materials / Worked Timber; Culture / Renaissance / Shared / South-east Asian Mainland,Holdable; Destroyable_Door; Door_Lockable_Normal_Large,Carpentry and joinery,Carpentry,"Renaissance doors, locks and gates catalogue; culture admission South-east Asian Mainland; availability Renaissance. Door behaviour is limited to the attached supported component profile."
renaissance_door_sem_wicket_350,Renaissance,Renaissance,"Doors, locks & gates",door or gate,South-east Asian Mainland,wicket,a knotted bronze wicket gate,bronze,Large,Good,36600,89,Era / Renaissance Era; Functions / Household Items / Household Construction Materials; Market / Household Goods / Standard Wares; Culture / Renaissance / Shared / South-east Asian Mainland,Holdable; Destroyable_Door; Door_Lockable_Normal_Large,Carpentry and joinery,Carpentry,"Renaissance doors, locks and gates catalogue; culture admission South-east Asian Mainland; availability Renaissance. Door behaviour is limited to the attached supported component profile."
renaissance_door_sem_panel_door_351,Renaissance,Renaissance,"Doors, locks & gates",door or gate,South-east Asian Mainland,door,a star oak door leaf,oak,Large,Standard,38400,100,Era / Renaissance Era; Functions / Household Items / Household Construction Materials; Market / Construction Materials / Worked Timber; Culture / Renaissance / Shared / South-east Asian Mainland,Holdable; Destroyable_Door; Door_Normal_Large,Carpentry and joinery,Carpentry,"Renaissance doors, locks and gates catalogue; culture admission South-east Asian Mainland; availability Renaissance. Door behaviour is limited to the attached supported component profile."
renaissance_door_sem_braced_door_352,Renaissance,Renaissance,"Doors, locks & gates",door or gate,South-east Asian Mainland,door,a vine pine braced door,pine,Large,Poor,40200,111,Era / Renaissance Era; Functions / Household Items / Household Construction Materials; Market / Construction Materials / Worked Timber; Culture / Renaissance / Shared / South-east Asian Mainland,Holdable; Destroyable_Door; Door_Tough_Large,Carpentry and joinery,Carpentry,"Renaissance doors, locks and gates catalogue; culture admission South-east Asian Mainland; availability Renaissance. Door behaviour is limited to the attached supported component profile."
renaissance_door_sem_lockable_door_353,Renaissance,Renaissance,"Doors, locks & gates",door or gate,South-east Asian Mainland,door,a cloud cedar lockable door,cedar,Large,Standard,42000,122,Era / Renaissance Era; Functions / Household Items / Household Construction Materials; Market / Construction Materials / Worked Timber; Culture / Renaissance / Shared / South-east Asian Mainland,Holdable; Destroyable_Door; Door_Lockable_Normal_Large,Carpentry and joinery,Carpentry,"Renaissance doors, locks and gates catalogue; culture admission South-east Asian Mainland; availability Renaissance. Door behaviour is limited to the attached supported component profile."
renaissance_door_sem_master_warded_lock_354,Renaissance,Renaissance,"Doors, locks & gates",lock and hardware,South-east Asian Mainland,lock,a knotted copper master warded lock,copper,Small,Good,1265,95,Era / Renaissance Era; Functions / Household Items / Household Wares; Market / Household Goods / Standard Wares; Culture / Renaissance / Shared / South-east Asian Mainland,Holdable; Destroyable_HeavyMetal; Warded_Lock_Master,Locksmithing,Blacksmithing,"Renaissance doors, locks and gates hardware catalogue; culture admission South-east Asian Mainland; availability Renaissance. It does not imply a custom matched-key or hidden-lock system."
renaissance_door_sem_warded_key_355,Renaissance,Renaissance,"Doors, locks & gates",lock and hardware,South-east Asian Mainland,key,a flower-head pewter warded key,pewter,Small,Good,1350,103,Era / Renaissance Era; Functions / Household Items / Household Wares; Market / Household Goods / Standard Wares; Culture / Renaissance / Shared / South-east Asian Mainland,Holdable; Destroyable_HeavyMetal; Warded_Key,Locksmithing,Blacksmithing,"Renaissance doors, locks and gates hardware catalogue; culture admission South-east Asian Mainland; availability Renaissance. It does not imply a custom matched-key or hidden-lock system."
renaissance_door_sem_ring_key_356,Renaissance,Renaissance,"Doors, locks & gates",lock and hardware,South-east Asian Mainland,key,a star wrought iron ring bow key,wrought iron,Small,Standard,1435,111,Era / Renaissance Era; Functions / Household Items / Household Wares; Market / Household Goods / Standard Wares; Culture / Renaissance / Shared / South-east Asian Mainland,Holdable; Destroyable_HeavyMetal; Warded_Key,Locksmithing,Blacksmithing,"Renaissance doors, locks and gates hardware catalogue; culture admission South-east Asian Mainland; availability Renaissance. It does not imply a custom matched-key or hidden-lock system."
renaissance_door_sem_door_latch_357,Renaissance,Renaissance,"Doors, locks & gates",lock and hardware,South-east Asian Mainland,latch,a bird bronze door latch,bronze,Small,VeryGood,1520,119,Era / Renaissance Era; Functions / Household Items / Household Wares; Market / Household Goods / Standard Wares; Culture / Renaissance / Shared / South-east Asian Mainland,Holdable; Destroyable_HeavyMetal; Latch_Normal,Locksmithing,Blacksmithing,"Renaissance doors, locks and gates hardware catalogue; culture admission South-east Asian Mainland; availability Renaissance. It does not imply a custom matched-key or hidden-lock system."
renaissance_door_sem_gate_dropbar_358,Renaissance,Renaissance,"Doors, locks & gates",lock and hardware,South-east Asian Mainland,drop bar,a vine brass gate drop bar,brass,Small,Good,160,127,Era / Renaissance Era; Functions / Household Items / Household Wares; Market / Household Goods / Standard Wares; Culture / Renaissance / Shared / South-east Asian Mainland,Holdable; Destroyable_HeavyMetal; Latch_Gate_DropBar,Locksmithing,Blacksmithing,"Renaissance doors, locks and gates hardware catalogue; culture admission South-east Asian Mainland; availability Renaissance. It does not imply a custom matched-key or hidden-lock system."
renaissance_door_sem_door_bar_359,Renaissance,Renaissance,"Doors, locks & gates",lock and hardware,South-east Asian Mainland,bar,a geometric copper door bar,copper,Small,Standard,245,135,Era / Renaissance Era; Functions / Household Items / Household Wares; Market / Household Goods / Standard Wares; Culture / Renaissance / Shared / South-east Asian Mainland,Holdable; Destroyable_HeavyMetal; Latch_Door_Bar,Locksmithing,Blacksmithing,"Renaissance doors, locks and gates hardware catalogue; culture admission South-east Asian Mainland; availability Renaissance. It does not imply a custom matched-key or hidden-lock system."
renaissance_door_sem_portcullis_pawl_360,Renaissance,Renaissance,"Doors, locks & gates",lock and hardware,South-east Asian Mainland,pawl,a cloud pewter winch pawl,pewter,Small,Poor,330,143,Era / Renaissance Era; Functions / Household Items / Household Wares; Market / Household Goods / Standard Wares; Culture / Renaissance / Shared / South-east Asian Mainland,Holdable; Destroyable_HeavyMetal; Latch_Portcullis_Pawl,Locksmithing,Blacksmithing,"Renaissance doors, locks and gates hardware catalogue; culture admission South-east Asian Mainland; availability Renaissance. It does not imply a custom matched-key or hidden-lock system."
renaissance_door_sem_hasp_361,Renaissance,Renaissance,"Doors, locks & gates",lock and hardware,South-east Asian Mainland,hasp,a shell wrought iron iron hasp,wrought iron,Small,Standard,415,151,Era / Renaissance Era; Functions / Household Items / Household Wares; Market / Household Goods / Standard Wares; Culture / Renaissance / Shared / South-east Asian Mainland,Holdable; Destroyable_HeavyMetal; Latch_Container_Hasp,Locksmithing,Blacksmithing,"Renaissance doors, locks and gates hardware catalogue; culture admission South-east Asian Mainland; availability Renaissance. It does not imply a custom matched-key or hidden-lock system."
renaissance_door_sem_hook_latch_362,Renaissance,Renaissance,"Doors, locks & gates",lock and hardware,South-east Asian Mainland,hook latch,a reed bronze hook latch,bronze,Small,Good,500,7,Era / Renaissance Era; Functions / Household Items / Household Wares; Market / Household Goods / Standard Wares; Culture / Renaissance / Shared / South-east Asian Mainland,Holdable; Destroyable_HeavyMetal; Latch_Container_Hook,Locksmithing,Blacksmithing,"Renaissance doors, locks and gates hardware catalogue; culture admission South-east Asian Mainland; availability Renaissance. It does not imply a custom matched-key or hidden-lock system."
renaissance_door_sem_strike_plate_363,Renaissance,Renaissance,"Doors, locks & gates",lock and hardware,South-east Asian Mainland,strike plate,a rosette brass strike plate,brass,Small,Good,585,15,Era / Renaissance Era; Functions / Household Items / Household Wares; Market / Household Goods / Standard Wares; Culture / Renaissance / Shared / South-east Asian Mainland,Holdable; Destroyable_HeavyMetal; Latch_Normal,Locksmithing,Blacksmithing,"Renaissance doors, locks and gates hardware catalogue; culture admission South-east Asian Mainland; availability Renaissance. It does not imply a custom matched-key or hidden-lock system."
renaissance_door_sem_hinge_pair_364,Renaissance,Renaissance,"Doors, locks & gates",lock and hardware,South-east Asian Mainland,hinges,a checker copper hinge pair,copper,Small,Standard,670,23,Era / Renaissance Era; Functions / Household Items / Household Wares; Market / Household Goods / Standard Wares; Culture / Renaissance / Shared / South-east Asian Mainland,Holdable; Destroyable_HeavyMetal; Latch_Normal,Locksmithing,Blacksmithing,"Renaissance doors, locks and gates hardware catalogue; culture admission South-east Asian Mainland; availability Renaissance. It does not imply a custom matched-key or hidden-lock system."
renaissance_door_msea_panel_door_365,Renaissance,Renaissance,"Doors, locks & gates",door or gate,Maritime South-east Asian,door,a sunburst wood door leaf,wood,Large,VeryGood,29400,254,Era / Renaissance Era; Functions / Household Items / Household Construction Materials; Market / Construction Materials / Worked Timber; Culture / Renaissance / Shared / Maritime South-east Asian,Holdable; Destroyable_Door; Door_Normal_Large,Carpentry and joinery,Carpentry,"Renaissance doors, locks and gates catalogue; culture admission Maritime South-east Asian; availability Renaissance. Door behaviour is limited to the attached supported component profile."
renaissance_door_msea_braced_door_366,Renaissance,Renaissance,"Doors, locks & gates",door or gate,Maritime South-east Asian,door,a knotted oak braced door,oak,Large,Good,31200,265,Era / Renaissance Era; Functions / Household Items / Household Construction Materials; Market / Construction Materials / Worked Timber; Culture / Renaissance / Shared / Maritime South-east Asian,Holdable; Destroyable_Door; Door_Tough_Large,Carpentry and joinery,Carpentry,"Renaissance doors, locks and gates catalogue; culture admission Maritime South-east Asian; availability Renaissance. Door behaviour is limited to the attached supported component profile."
renaissance_door_msea_lockable_door_367,Renaissance,Renaissance,"Doors, locks & gates",door or gate,Maritime South-east Asian,door,a star pine lockable door,pine,Large,Standard,33000,276,Era / Renaissance Era; Functions / Household Items / Household Construction Materials; Market / Construction Materials / Worked Timber; Culture / Renaissance / Shared / Maritime South-east Asian,Holdable; Destroyable_Door; Door_Lockable_Normal_Large,Carpentry and joinery,Carpentry,"Renaissance doors, locks and gates catalogue; culture admission Maritime South-east Asian; availability Renaissance. Door behaviour is limited to the attached supported component profile."
renaissance_door_msea_secure_door_368,Renaissance,Renaissance,"Doors, locks & gates",door or gate,Maritime South-east Asian,door,a vine cedar secure door,cedar,Large,Poor,34800,287,Era / Renaissance Era; Functions / Household Items / Household Construction Materials; Market / Construction Materials / Worked Timber; Culture / Renaissance / Shared / Maritime South-east Asian,Holdable; Destroyable_Door; Door_Lockable_Secure_Large,Carpentry and joinery,Carpentry,"Renaissance doors, locks and gates catalogue; culture admission Maritime South-east Asian; availability Renaissance. Door behaviour is limited to the attached supported component profile."
renaissance_door_msea_shutter_369,Renaissance,Renaissance,"Doors, locks & gates",door or gate,Maritime South-east Asian,shutter,a cloud teak shuttered opening,teak,Large,Standard,36600,45,Era / Renaissance Era; Functions / Household Items / Household Construction Materials; Market / Construction Materials / Worked Timber; Culture / Renaissance / Shared / Maritime South-east Asian,Holdable; Destroyable_Door; Door_Bad_Large,Carpentry and joinery,Carpentry,"Renaissance doors, locks and gates catalogue; culture admission Maritime South-east Asian; availability Renaissance. Door behaviour is limited to the attached supported component profile."
renaissance_door_msea_screen_370,Renaissance,Renaissance,"Doors, locks & gates",door or gate,Maritime South-east Asian,screen,a reed cedar screen door,cedar,Large,Good,38400,56,Era / Renaissance Era; Functions / Household Items / Household Construction Materials; Market / Construction Materials / Worked Timber; Culture / Renaissance / Shared / Maritime South-east Asian,Holdable; Destroyable_Door; Door_Bad_Large,Carpentry and joinery,Carpentry,"Renaissance doors, locks and gates catalogue; culture admission Maritime South-east Asian; availability Renaissance. Door behaviour is limited to the attached supported component profile."
renaissance_door_msea_lattice_gate_371,Renaissance,Renaissance,"Doors, locks & gates",door or gate,Maritime South-east Asian,gate,a checker oak lattice gate,oak,VeryLarge,Good,40200,67,Era / Renaissance Era; Functions / Household Items / Household Construction Materials; Market / Construction Materials / Worked Timber; Culture / Renaissance / Shared / Maritime South-east Asian,Holdable; Destroyable_Door; Door_Normal_Large,Carpentry and joinery,Carpentry,"Renaissance doors, locks and gates catalogue; culture admission Maritime South-east Asian; availability Renaissance. Door behaviour is limited to the attached supported component profile."
renaissance_door_msea_courtyard_gate_372,Renaissance,Renaissance,"Doors, locks & gates",door or gate,Maritime South-east Asian,gate,a radiating cedar courtyard gate,cedar,VeryLarge,Standard,42000,78,Era / Renaissance Era; Functions / Household Items / Household Construction Materials; Market / Construction Materials / Worked Timber; Culture / Renaissance / Shared / Maritime South-east Asian,Holdable; Destroyable_Door; Door_Lockable_Normal_Large,Carpentry and joinery,Carpentry,"Renaissance doors, locks and gates catalogue; culture admission Maritime South-east Asian; availability Renaissance. Door behaviour is limited to the attached supported component profile."
renaissance_door_msea_warehouse_gate_373,Renaissance,Renaissance,"Doors, locks & gates",door or gate,Maritime South-east Asian,gate,a sunburst teak warehouse gate,teak,VeryLarge,VeryGood,43800,89,Era / Renaissance Era; Functions / Household Items / Household Construction Materials; Market / Construction Materials / Worked Timber; Culture / Renaissance / Shared / Maritime South-east Asian,Holdable; Destroyable_Door; Door_Lockable_Tough_Large,Carpentry and joinery,Carpentry,"Renaissance doors, locks and gates catalogue; culture admission Maritime South-east Asian; availability Renaissance. Door behaviour is limited to the attached supported component profile."
renaissance_door_msea_garden_gate_374,Renaissance,Renaissance,"Doors, locks & gates",door or gate,Maritime South-east Asian,gate,a knotted wrought iron garden gate,wrought iron,VeryLarge,Good,45600,100,Era / Renaissance Era; Functions / Household Items / Household Construction Materials; Market / Household Goods / Standard Wares; Culture / Renaissance / Shared / Maritime South-east Asian,Holdable; Destroyable_Door; Door_Normal_Large,Carpentry and joinery,Carpentry,"Renaissance doors, locks and gates catalogue; culture admission Maritime South-east Asian; availability Renaissance. Door behaviour is limited to the attached supported component profile."
renaissance_door_msea_grille_375,Renaissance,Renaissance,"Doors, locks & gates",door or gate,Maritime South-east Asian,grille,a star wrought iron metal grille,wrought iron,Large,Standard,47400,111,Era / Renaissance Era; Functions / Household Items / Household Construction Materials; Market / Household Goods / Standard Wares; Culture / Renaissance / Shared / Maritime South-east Asian,Holdable; Destroyable_Door; Door_Secure_Large,Carpentry and joinery,Carpentry,"Renaissance doors, locks and gates catalogue; culture admission Maritime South-east Asian; availability Renaissance. Door behaviour is limited to the attached supported component profile."
renaissance_door_msea_barrier_376,Renaissance,Renaissance,"Doors, locks & gates",door or gate,Maritime South-east Asian,barrier,a vine bronze barred barrier,bronze,Large,Poor,49200,122,Era / Renaissance Era; Functions / Household Items / Household Construction Materials; Market / Household Goods / Standard Wares; Culture / Renaissance / Shared / Maritime South-east Asian,Holdable; Destroyable_Door; Door_Tough_Large,Carpentry and joinery,Carpentry,"Renaissance doors, locks and gates catalogue; culture admission Maritime South-east Asian; availability Renaissance. Door behaviour is limited to the attached supported component profile."
renaissance_door_msea_hatch_377,Renaissance,Renaissance,"Doors, locks & gates",door or gate,Maritime South-east Asian,hatch,a cloud pine service hatch,pine,Large,Standard,51000,133,Era / Renaissance Era; Functions / Household Items / Household Construction Materials; Market / Construction Materials / Worked Timber; Culture / Renaissance / Shared / Maritime South-east Asian,Holdable; Destroyable_Door; Door_Lockable_Normal_Large,Carpentry and joinery,Carpentry,"Renaissance doors, locks and gates catalogue; culture admission Maritime South-east Asian; availability Renaissance. Door behaviour is limited to the attached supported component profile."
renaissance_door_msea_wicket_378,Renaissance,Renaissance,"Doors, locks & gates",door or gate,Maritime South-east Asian,wicket,a reed teak wicket gate,teak,Large,Good,52800,144,Era / Renaissance Era; Functions / Household Items / Household Construction Materials; Market / Construction Materials / Worked Timber; Culture / Renaissance / Shared / Maritime South-east Asian,Holdable; Destroyable_Door; Door_Lockable_Normal_Large,Carpentry and joinery,Carpentry,"Renaissance doors, locks and gates catalogue; culture admission Maritime South-east Asian; availability Renaissance. Door behaviour is limited to the attached supported component profile."
renaissance_door_msea_panel_door_379,Renaissance,Renaissance,"Doors, locks & gates",door or gate,Maritime South-east Asian,door,a checker teak door leaf,teak,Large,Good,54600,155,Era / Renaissance Era; Functions / Household Items / Household Construction Materials; Market / Construction Materials / Worked Timber; Culture / Renaissance / Shared / Maritime South-east Asian,Holdable; Destroyable_Door; Door_Normal_Large,Carpentry and joinery,Carpentry,"Renaissance doors, locks and gates catalogue; culture admission Maritime South-east Asian; availability Renaissance. Door behaviour is limited to the attached supported component profile."
renaissance_door_msea_braced_door_380,Renaissance,Renaissance,"Doors, locks & gates",door or gate,Maritime South-east Asian,door,a radiating wood braced door,wood,Large,Standard,56400,166,Era / Renaissance Era; Functions / Household Items / Household Construction Materials; Market / Construction Materials / Worked Timber; Culture / Renaissance / Shared / Maritime South-east Asian,Holdable; Destroyable_Door; Door_Tough_Large,Carpentry and joinery,Carpentry,"Renaissance doors, locks and gates catalogue; culture admission Maritime South-east Asian; availability Renaissance. Door behaviour is limited to the attached supported component profile."
renaissance_door_msea_lockable_door_381,Renaissance,Renaissance,"Doors, locks & gates",door or gate,Maritime South-east Asian,door,a sunburst oak lockable door,oak,Large,VeryGood,24000,177,Era / Renaissance Era; Functions / Household Items / Household Construction Materials; Market / Construction Materials / Worked Timber; Culture / Renaissance / Shared / Maritime South-east Asian,Holdable; Destroyable_Door; Door_Lockable_Normal_Large,Carpentry and joinery,Carpentry,"Renaissance doors, locks and gates catalogue; culture admission Maritime South-east Asian; availability Renaissance. Door behaviour is limited to the attached supported component profile."
renaissance_door_msea_master_warded_lock_382,Renaissance,Renaissance,"Doors, locks & gates",lock and hardware,Maritime South-east Asian,lock,a radiating bronze master warded lock,bronze,Small,Good,755,15,Era / Renaissance Era; Functions / Household Items / Household Wares; Market / Household Goods / Standard Wares; Culture / Renaissance / Shared / Maritime South-east Asian,Holdable; Destroyable_HeavyMetal; Warded_Lock_Master,Locksmithing,Blacksmithing,"Renaissance doors, locks and gates hardware catalogue; culture admission Maritime South-east Asian; availability Renaissance. It does not imply a custom matched-key or hidden-lock system."
renaissance_door_msea_warded_key_383,Renaissance,Renaissance,"Doors, locks & gates",lock and hardware,Maritime South-east Asian,key,a leaf-scroll brass warded key,brass,Small,Standard,840,23,Era / Renaissance Era; Functions / Household Items / Household Wares; Market / Household Goods / Standard Wares; Culture / Renaissance / Shared / Maritime South-east Asian,Holdable; Destroyable_HeavyMetal; Warded_Key,Locksmithing,Blacksmithing,"Renaissance doors, locks and gates hardware catalogue; culture admission Maritime South-east Asian; availability Renaissance. It does not imply a custom matched-key or hidden-lock system."
renaissance_door_msea_ring_key_384,Renaissance,Renaissance,"Doors, locks & gates",lock and hardware,Maritime South-east Asian,key,a sunburst copper ring bow key,copper,Small,Poor,925,31,Era / Renaissance Era; Functions / Household Items / Household Wares; Market / Household Goods / Standard Wares; Culture / Renaissance / Shared / Maritime South-east Asian,Holdable; Destroyable_HeavyMetal; Warded_Key,Locksmithing,Blacksmithing,"Renaissance doors, locks and gates hardware catalogue; culture admission Maritime South-east Asian; availability Renaissance. It does not imply a custom matched-key or hidden-lock system."
renaissance_door_msea_door_latch_385,Renaissance,Renaissance,"Doors, locks & gates",lock and hardware,Maritime South-east Asian,latch,a water-wave pewter door latch,pewter,Small,Standard,1010,39,Era / Renaissance Era; Functions / Household Items / Household Wares; Market / Household Goods / Standard Wares; Culture / Renaissance / Shared / Maritime South-east Asian,Holdable; Destroyable_HeavyMetal; Latch_Normal,Locksmithing,Blacksmithing,"Renaissance doors, locks and gates hardware catalogue; culture admission Maritime South-east Asian; availability Renaissance. It does not imply a custom matched-key or hidden-lock system."
renaissance_door_msea_gate_dropbar_386,Renaissance,Renaissance,"Doors, locks & gates",lock and hardware,Maritime South-east Asian,drop bar,a knotted wrought iron gate drop bar,wrought iron,Small,Good,1095,47,Era / Renaissance Era; Functions / Household Items / Household Wares; Market / Household Goods / Standard Wares; Culture / Renaissance / Shared / Maritime South-east Asian,Holdable; Destroyable_HeavyMetal; Latch_Gate_DropBar,Locksmithing,Blacksmithing,"Renaissance doors, locks and gates hardware catalogue; culture admission Maritime South-east Asian; availability Renaissance. It does not imply a custom matched-key or hidden-lock system."
renaissance_door_msea_door_bar_387,Renaissance,Renaissance,"Doors, locks & gates",lock and hardware,Maritime South-east Asian,bar,a flower-head bronze door bar,bronze,Small,Good,1180,55,Era / Renaissance Era; Functions / Household Items / Household Wares; Market / Household Goods / Standard Wares; Culture / Renaissance / Shared / Maritime South-east Asian,Holdable; Destroyable_HeavyMetal; Latch_Door_Bar,Locksmithing,Blacksmithing,"Renaissance doors, locks and gates hardware catalogue; culture admission Maritime South-east Asian; availability Renaissance. It does not imply a custom matched-key or hidden-lock system."
renaissance_door_msea_portcullis_pawl_388,Renaissance,Renaissance,"Doors, locks & gates",lock and hardware,Maritime South-east Asian,pawl,a star brass winch pawl,brass,Small,Standard,1265,63,Era / Renaissance Era; Functions / Household Items / Household Wares; Market / Household Goods / Standard Wares; Culture / Renaissance / Shared / Maritime South-east Asian,Holdable; Destroyable_HeavyMetal; Latch_Portcullis_Pawl,Locksmithing,Blacksmithing,"Renaissance doors, locks and gates hardware catalogue; culture admission Maritime South-east Asian; availability Renaissance. It does not imply a custom matched-key or hidden-lock system."
renaissance_door_msea_hasp_389,Renaissance,Renaissance,"Doors, locks & gates",lock and hardware,Maritime South-east Asian,hasp,a bird copper iron hasp,copper,Small,VeryGood,1350,71,Era / Renaissance Era; Functions / Household Items / Household Wares; Market / Household Goods / Standard Wares; Culture / Renaissance / Shared / Maritime South-east Asian,Holdable; Destroyable_HeavyMetal; Latch_Container_Hasp,Locksmithing,Blacksmithing,"Renaissance doors, locks and gates hardware catalogue; culture admission Maritime South-east Asian; availability Renaissance. It does not imply a custom matched-key or hidden-lock system."
renaissance_door_msea_hook_latch_390,Renaissance,Renaissance,"Doors, locks & gates",lock and hardware,Maritime South-east Asian,hook latch,a vine pewter hook latch,pewter,Small,Good,1435,79,Era / Renaissance Era; Functions / Household Items / Household Wares; Market / Household Goods / Standard Wares; Culture / Renaissance / Shared / Maritime South-east Asian,Holdable; Destroyable_HeavyMetal; Latch_Container_Hook,Locksmithing,Blacksmithing,"Renaissance doors, locks and gates hardware catalogue; culture admission Maritime South-east Asian; availability Renaissance. It does not imply a custom matched-key or hidden-lock system."
renaissance_door_msea_strike_plate_391,Renaissance,Renaissance,"Doors, locks & gates",lock and hardware,Maritime South-east Asian,strike plate,a geometric wrought iron strike plate,wrought iron,Small,Standard,1520,87,Era / Renaissance Era; Functions / Household Items / Household Wares; Market / Household Goods / Standard Wares; Culture / Renaissance / Shared / Maritime South-east Asian,Holdable; Destroyable_HeavyMetal; Latch_Normal,Locksmithing,Blacksmithing,"Renaissance doors, locks and gates hardware catalogue; culture admission Maritime South-east Asian; availability Renaissance. It does not imply a custom matched-key or hidden-lock system."
renaissance_door_msea_hinge_pair_392,Renaissance,Renaissance,"Doors, locks & gates",lock and hardware,Maritime South-east Asian,hinges,a cloud bronze hinge pair,bronze,Small,Poor,160,95,Era / Renaissance Era; Functions / Household Items / Household Wares; Market / Household Goods / Standard Wares; Culture / Renaissance / Shared / Maritime South-east Asian,Holdable; Destroyable_HeavyMetal; Latch_Normal,Locksmithing,Blacksmithing,"Renaissance doors, locks and gates hardware catalogue; culture admission Maritime South-east Asian; availability Renaissance. It does not imply a custom matched-key or hidden-lock system."
renaissance_door_stp_panel_door_393,Renaissance,Renaissance,"Doors, locks & gates",door or gate,Steppe and Caravan,door,a water-wave oak door leaf,oak,Large,Standard,45600,56,Era / Renaissance Era; Functions / Household Items / Household Construction Materials; Market / Construction Materials / Worked Timber; Culture / Renaissance / Shared / Steppe and Caravan,Holdable; Destroyable_Door; Door_Normal_Large,Carpentry and joinery,Carpentry,"Renaissance doors, locks and gates catalogue; culture admission Steppe and Caravan; availability Renaissance. Door behaviour is limited to the attached supported component profile."
renaissance_door_stp_braced_door_394,Renaissance,Renaissance,"Doors, locks & gates",door or gate,Steppe and Caravan,door,a flower-head pine braced door,pine,Large,Good,47400,67,Era / Renaissance Era; Functions / Household Items / Household Construction Materials; Market / Construction Materials / Worked Timber; Culture / Renaissance / Shared / Steppe and Caravan,Holdable; Destroyable_Door; Door_Tough_Large,Carpentry and joinery,Carpentry,"Renaissance doors, locks and gates catalogue; culture admission Steppe and Caravan; availability Renaissance. Door behaviour is limited to the attached supported component profile."
renaissance_door_stp_lockable_door_395,Renaissance,Renaissance,"Doors, locks & gates",door or gate,Steppe and Caravan,door,a bird cedar lockable door,cedar,Large,Good,49200,78,Era / Renaissance Era; Functions / Household Items / Household Construction Materials; Market / Construction Materials / Worked Timber; Culture / Renaissance / Shared / Steppe and Caravan,Holdable; Destroyable_Door; Door_Lockable_Normal_Large,Carpentry and joinery,Carpentry,"Renaissance doors, locks and gates catalogue; culture admission Steppe and Caravan; availability Renaissance. Door behaviour is limited to the attached supported component profile."
renaissance_door_stp_secure_door_396,Renaissance,Renaissance,"Doors, locks & gates",door or gate,Steppe and Caravan,door,a geometric teak secure door,teak,Large,Standard,51000,89,Era / Renaissance Era; Functions / Household Items / Household Construction Materials; Market / Construction Materials / Worked Timber; Culture / Renaissance / Shared / Steppe and Caravan,Holdable; Destroyable_Door; Door_Lockable_Secure_Large,Carpentry and joinery,Carpentry,"Renaissance doors, locks and gates catalogue; culture admission Steppe and Caravan; availability Renaissance. Door behaviour is limited to the attached supported component profile."
renaissance_door_stp_shutter_397,Renaissance,Renaissance,"Doors, locks & gates",door or gate,Steppe and Caravan,shutter,a shell wood shuttered opening,wood,Large,VeryGood,52800,100,Era / Renaissance Era; Functions / Household Items / Household Construction Materials; Market / Construction Materials / Worked Timber; Culture / Renaissance / Shared / Steppe and Caravan,Holdable; Destroyable_Door; Door_Bad_Large,Carpentry and joinery,Carpentry,"Renaissance doors, locks and gates catalogue; culture admission Steppe and Caravan; availability Renaissance. Door behaviour is limited to the attached supported component profile."
renaissance_door_stp_screen_398,Renaissance,Renaissance,"Doors, locks & gates",door or gate,Steppe and Caravan,screen,a rosette wood screen door,wood,Large,Good,54600,111,Era / Renaissance Era; Functions / Household Items / Household Construction Materials; Market / Construction Materials / Worked Timber; Culture / Renaissance / Shared / Steppe and Caravan,Holdable; Destroyable_Door; Door_Bad_Large,Carpentry and joinery,Carpentry,"Renaissance doors, locks and gates catalogue; culture admission Steppe and Caravan; availability Renaissance. Door behaviour is limited to the attached supported component profile."
renaissance_door_stp_lattice_gate_399,Renaissance,Renaissance,"Doors, locks & gates",door or gate,Steppe and Caravan,gate,a braided cedar lattice gate,cedar,VeryLarge,Standard,56400,122,Era / Renaissance Era; Functions / Household Items / Household Construction Materials; Market / Construction Materials / Worked Timber; Culture / Renaissance / Shared / Steppe and Caravan,Holdable; Destroyable_Door; Door_Normal_Large,Carpentry and joinery,Carpentry,"Renaissance doors, locks and gates catalogue; culture admission Steppe and Caravan; availability Renaissance. Door behaviour is limited to the attached supported component profile."
renaissance_door_stp_courtyard_gate_400,Renaissance,Renaissance,"Doors, locks & gates",door or gate,Steppe and Caravan,gate,a leaf-scroll teak courtyard gate,teak,VeryLarge,Poor,24000,133,Era / Renaissance Era; Functions / Household Items / Household Construction Materials; Market / Construction Materials / Worked Timber; Culture / Renaissance / Shared / Steppe and Caravan,Holdable; Destroyable_Door; Door_Lockable_Normal_Large,Carpentry and joinery,Carpentry,"Renaissance doors, locks and gates catalogue; culture admission Steppe and Caravan; availability Renaissance. Door behaviour is limited to the attached supported component profile."
renaissance_door_stp_warehouse_gate_401,Renaissance,Renaissance,"Doors, locks & gates",door or gate,Steppe and Caravan,gate,a water-wave wrought iron warehouse gate,wrought iron,VeryLarge,Standard,25800,144,Era / Renaissance Era; Functions / Household Items / Household Construction Materials; Market / Household Goods / Standard Wares; Culture / Renaissance / Shared / Steppe and Caravan,Holdable; Destroyable_Door; Door_Lockable_Tough_Large,Carpentry and joinery,Carpentry,"Renaissance doors, locks and gates catalogue; culture admission Steppe and Caravan; availability Renaissance. Door behaviour is limited to the attached supported component profile."
renaissance_door_stp_garden_gate_402,Renaissance,Renaissance,"Doors, locks & gates",door or gate,Steppe and Caravan,gate,a flower-head bronze garden gate,bronze,VeryLarge,Good,27600,155,Era / Renaissance Era; Functions / Household Items / Household Construction Materials; Market / Household Goods / Standard Wares; Culture / Renaissance / Shared / Steppe and Caravan,Holdable; Destroyable_Door; Door_Normal_Large,Carpentry and joinery,Carpentry,"Renaissance doors, locks and gates catalogue; culture admission Steppe and Caravan; availability Renaissance. Door behaviour is limited to the attached supported component profile."
renaissance_door_stp_grille_403,Renaissance,Renaissance,"Doors, locks & gates",door or gate,Steppe and Caravan,grille,a bird wrought iron metal grille,wrought iron,Large,Good,29400,166,Era / Renaissance Era; Functions / Household Items / Household Construction Materials; Market / Household Goods / Standard Wares; Culture / Renaissance / Shared / Steppe and Caravan,Holdable; Destroyable_Door; Door_Secure_Large,Carpentry and joinery,Carpentry,"Renaissance doors, locks and gates catalogue; culture admission Steppe and Caravan; availability Renaissance. Door behaviour is limited to the attached supported component profile."
renaissance_door_stp_barrier_404,Renaissance,Renaissance,"Doors, locks & gates",door or gate,Steppe and Caravan,barrier,a geometric bronze barred barrier,bronze,Large,Standard,31200,177,Era / Renaissance Era; Functions / Household Items / Household Construction Materials; Market / Household Goods / Standard Wares; Culture / Renaissance / Shared / Steppe and Caravan,Holdable; Destroyable_Door; Door_Tough_Large,Carpentry and joinery,Carpentry,"Renaissance doors, locks and gates catalogue; culture admission Steppe and Caravan; availability Renaissance. Door behaviour is limited to the attached supported component profile."
renaissance_door_stp_hatch_405,Renaissance,Renaissance,"Doors, locks & gates",door or gate,Steppe and Caravan,hatch,a shell cedar service hatch,cedar,Large,VeryGood,33000,188,Era / Renaissance Era; Functions / Household Items / Household Construction Materials; Market / Construction Materials / Worked Timber; Culture / Renaissance / Shared / Steppe and Caravan,Holdable; Destroyable_Door; Door_Lockable_Normal_Large,Carpentry and joinery,Carpentry,"Renaissance doors, locks and gates catalogue; culture admission Steppe and Caravan; availability Renaissance. Door behaviour is limited to the attached supported component profile."
renaissance_door_stp_wicket_406,Renaissance,Renaissance,"Doors, locks & gates",door or gate,Steppe and Caravan,wicket,a rosette wrought iron wicket gate,wrought iron,Large,Good,34800,199,Era / Renaissance Era; Functions / Household Items / Household Construction Materials; Market / Household Goods / Standard Wares; Culture / Renaissance / Shared / Steppe and Caravan,Holdable; Destroyable_Door; Door_Lockable_Normal_Large,Carpentry and joinery,Carpentry,"Renaissance doors, locks and gates catalogue; culture admission Steppe and Caravan; availability Renaissance. Door behaviour is limited to the attached supported component profile."
renaissance_door_stp_panel_door_407,Renaissance,Renaissance,"Doors, locks & gates",door or gate,Steppe and Caravan,door,a braided wood door leaf,wood,Large,Standard,36600,210,Era / Renaissance Era; Functions / Household Items / Household Construction Materials; Market / Construction Materials / Worked Timber; Culture / Renaissance / Shared / Steppe and Caravan,Holdable; Destroyable_Door; Door_Normal_Large,Carpentry and joinery,Carpentry,"Renaissance doors, locks and gates catalogue; culture admission Steppe and Caravan; availability Renaissance. Door behaviour is limited to the attached supported component profile."
renaissance_door_stp_braced_door_408,Renaissance,Renaissance,"Doors, locks & gates",door or gate,Steppe and Caravan,door,a leaf-scroll oak braced door,oak,Large,Poor,38400,221,Era / Renaissance Era; Functions / Household Items / Household Construction Materials; Market / Construction Materials / Worked Timber; Culture / Renaissance / Shared / Steppe and Caravan,Holdable; Destroyable_Door; Door_Tough_Large,Carpentry and joinery,Carpentry,"Renaissance doors, locks and gates catalogue; culture admission Steppe and Caravan; availability Renaissance. Door behaviour is limited to the attached supported component profile."
renaissance_door_stp_lockable_door_409,Renaissance,Renaissance,"Doors, locks & gates",door or gate,Steppe and Caravan,door,a water-wave pine lockable door,pine,Large,Standard,40200,232,Era / Renaissance Era; Functions / Household Items / Household Construction Materials; Market / Construction Materials / Worked Timber; Culture / Renaissance / Shared / Steppe and Caravan,Holdable; Destroyable_Door; Door_Lockable_Normal_Large,Carpentry and joinery,Carpentry,"Renaissance doors, locks and gates catalogue; culture admission Steppe and Caravan; availability Renaissance. Door behaviour is limited to the attached supported component profile."
renaissance_door_stp_master_warded_lock_410,Renaissance,Renaissance,"Doors, locks & gates",lock and hardware,Steppe and Caravan,lock,a checker pewter master warded lock,pewter,Small,Good,245,87,Era / Renaissance Era; Functions / Household Items / Household Wares; Market / Household Goods / Standard Wares; Culture / Renaissance / Shared / Steppe and Caravan,Holdable; Destroyable_HeavyMetal; Warded_Lock_Master,Locksmithing,Blacksmithing,"Renaissance doors, locks and gates hardware catalogue; culture admission Steppe and Caravan; availability Renaissance. It does not imply a custom matched-key or hidden-lock system."
renaissance_door_stp_warded_key_411,Renaissance,Renaissance,"Doors, locks & gates",lock and hardware,Steppe and Caravan,key,a braided wrought iron warded key,wrought iron,Small,Good,330,95,Era / Renaissance Era; Functions / Household Items / Household Wares; Market / Household Goods / Standard Wares; Culture / Renaissance / Shared / Steppe and Caravan,Holdable; Destroyable_HeavyMetal; Warded_Key,Locksmithing,Blacksmithing,"Renaissance doors, locks and gates hardware catalogue; culture admission Steppe and Caravan; availability Renaissance. It does not imply a custom matched-key or hidden-lock system."
renaissance_door_stp_ring_key_412,Renaissance,Renaissance,"Doors, locks & gates",lock and hardware,Steppe and Caravan,key,a radiating bronze ring bow key,bronze,Small,Standard,415,103,Era / Renaissance Era; Functions / Household Items / Household Wares; Market / Household Goods / Standard Wares; Culture / Renaissance / Shared / Steppe and Caravan,Holdable; Destroyable_HeavyMetal; Warded_Key,Locksmithing,Blacksmithing,"Renaissance doors, locks and gates hardware catalogue; culture admission Steppe and Caravan; availability Renaissance. It does not imply a custom matched-key or hidden-lock system."
renaissance_door_stp_door_latch_413,Renaissance,Renaissance,"Doors, locks & gates",lock and hardware,Steppe and Caravan,latch,a leaf-scroll brass door latch,brass,Small,VeryGood,500,111,Era / Renaissance Era; Functions / Household Items / Household Wares; Market / Household Goods / Standard Wares; Culture / Renaissance / Shared / Steppe and Caravan,Holdable; Destroyable_HeavyMetal; Latch_Normal,Locksmithing,Blacksmithing,"Renaissance doors, locks and gates hardware catalogue; culture admission Steppe and Caravan; availability Renaissance. It does not imply a custom matched-key or hidden-lock system."
renaissance_door_stp_gate_dropbar_414,Renaissance,Renaissance,"Doors, locks & gates",lock and hardware,Steppe and Caravan,drop bar,a sunburst copper gate drop bar,copper,Small,Good,585,119,Era / Renaissance Era; Functions / Household Items / Household Wares; Market / Household Goods / Standard Wares; Culture / Renaissance / Shared / Steppe and Caravan,Holdable; Destroyable_HeavyMetal; Latch_Gate_DropBar,Locksmithing,Blacksmithing,"Renaissance doors, locks and gates hardware catalogue; culture admission Steppe and Caravan; availability Renaissance. It does not imply a custom matched-key or hidden-lock system."
renaissance_door_stp_door_bar_415,Renaissance,Renaissance,"Doors, locks & gates",lock and hardware,Steppe and Caravan,bar,a water-wave pewter door bar,pewter,Small,Standard,670,127,Era / Renaissance Era; Functions / Household Items / Household Wares; Market / Household Goods / Standard Wares; Culture / Renaissance / Shared / Steppe and Caravan,Holdable; Destroyable_HeavyMetal; Latch_Door_Bar,Locksmithing,Blacksmithing,"Renaissance doors, locks and gates hardware catalogue; culture admission Steppe and Caravan; availability Renaissance. It does not imply a custom matched-key or hidden-lock system."
renaissance_door_stp_portcullis_pawl_416,Renaissance,Renaissance,"Doors, locks & gates",lock and hardware,Steppe and Caravan,pawl,a knotted wrought iron winch pawl,wrought iron,Small,Poor,755,135,Era / Renaissance Era; Functions / Household Items / Household Wares; Market / Household Goods / Standard Wares; Culture / Renaissance / Shared / Steppe and Caravan,Holdable; Destroyable_HeavyMetal; Latch_Portcullis_Pawl,Locksmithing,Blacksmithing,"Renaissance doors, locks and gates hardware catalogue; culture admission Steppe and Caravan; availability Renaissance. It does not imply a custom matched-key or hidden-lock system."
renaissance_door_stp_hasp_417,Renaissance,Renaissance,"Doors, locks & gates",lock and hardware,Steppe and Caravan,hasp,a flower-head bronze iron hasp,bronze,Small,Standard,840,143,Era / Renaissance Era; Functions / Household Items / Household Wares; Market / Household Goods / Standard Wares; Culture / Renaissance / Shared / Steppe and Caravan,Holdable; Destroyable_HeavyMetal; Latch_Container_Hasp,Locksmithing,Blacksmithing,"Renaissance doors, locks and gates hardware catalogue; culture admission Steppe and Caravan; availability Renaissance. It does not imply a custom matched-key or hidden-lock system."
renaissance_door_stp_hook_latch_418,Renaissance,Renaissance,"Doors, locks & gates",lock and hardware,Steppe and Caravan,hook latch,a star brass hook latch,brass,Small,Good,925,151,Era / Renaissance Era; Functions / Household Items / Household Wares; Market / Household Goods / Standard Wares; Culture / Renaissance / Shared / Steppe and Caravan,Holdable; Destroyable_HeavyMetal; Latch_Container_Hook,Locksmithing,Blacksmithing,"Renaissance doors, locks and gates hardware catalogue; culture admission Steppe and Caravan; availability Renaissance. It does not imply a custom matched-key or hidden-lock system."
renaissance_door_stp_strike_plate_419,Renaissance,Renaissance,"Doors, locks & gates",lock and hardware,Steppe and Caravan,strike plate,a bird copper strike plate,copper,Small,Good,1010,7,Era / Renaissance Era; Functions / Household Items / Household Wares; Market / Household Goods / Standard Wares; Culture / Renaissance / Shared / Steppe and Caravan,Holdable; Destroyable_HeavyMetal; Latch_Normal,Locksmithing,Blacksmithing,"Renaissance doors, locks and gates hardware catalogue; culture admission Steppe and Caravan; availability Renaissance. It does not imply a custom matched-key or hidden-lock system."
renaissance_door_stp_hinge_pair_420,Renaissance,Renaissance,"Doors, locks & gates",lock and hardware,Steppe and Caravan,hinges,a vine pewter hinge pair,pewter,Small,Standard,1095,15,Era / Renaissance Era; Functions / Household Items / Household Wares; Market / Household Goods / Standard Wares; Culture / Renaissance / Shared / Steppe and Caravan,Holdable; Destroyable_HeavyMetal; Latch_Normal,Locksmithing,Blacksmithing,"Renaissance doors, locks and gates hardware catalogue; culture admission Steppe and Caravan; availability Renaissance. It does not imply a custom matched-key or hidden-lock system."
renaissance_door_aca_panel_door_421,Renaissance,Renaissance,"Doors, locks & gates",door or gate,African Court Atlantic,door,a braided cedar door leaf,cedar,Large,VeryGood,27600,111,Era / Renaissance Era; Functions / Household Items / Household Construction Materials; Market / Construction Materials / Worked Timber; Culture / Renaissance / Shared / African Court Atlantic,Holdable; Destroyable_Door; Door_Normal_Large,Carpentry and joinery,Carpentry,"Renaissance doors, locks and gates catalogue; culture admission African Court Atlantic; availability Renaissance. Door behaviour is limited to the attached supported component profile."
renaissance_door_aca_braced_door_422,Renaissance,Renaissance,"Doors, locks & gates",door or gate,African Court Atlantic,door,a leaf-scroll teak braced door,teak,Large,Good,29400,122,Era / Renaissance Era; Functions / Household Items / Household Construction Materials; Market / Construction Materials / Worked Timber; Culture / Renaissance / Shared / African Court Atlantic,Holdable; Destroyable_Door; Door_Tough_Large,Carpentry and joinery,Carpentry,"Renaissance doors, locks and gates catalogue; culture admission African Court Atlantic; availability Renaissance. Door behaviour is limited to the attached supported component profile."
renaissance_door_aca_lockable_door_423,Renaissance,Renaissance,"Doors, locks & gates",door or gate,African Court Atlantic,door,a water-wave wood lockable door,wood,Large,Standard,31200,133,Era / Renaissance Era; Functions / Household Items / Household Construction Materials; Market / Construction Materials / Worked Timber; Culture / Renaissance / Shared / African Court Atlantic,Holdable; Destroyable_Door; Door_Lockable_Normal_Large,Carpentry and joinery,Carpentry,"Renaissance doors, locks and gates catalogue; culture admission African Court Atlantic; availability Renaissance. Door behaviour is limited to the attached supported component profile."
renaissance_door_aca_secure_door_424,Renaissance,Renaissance,"Doors, locks & gates",door or gate,African Court Atlantic,door,a flower-head oak secure door,oak,Large,Poor,33000,144,Era / Renaissance Era; Functions / Household Items / Household Construction Materials; Market / Construction Materials / Worked Timber; Culture / Renaissance / Shared / African Court Atlantic,Holdable; Destroyable_Door; Door_Lockable_Secure_Large,Carpentry and joinery,Carpentry,"Renaissance doors, locks and gates catalogue; culture admission African Court Atlantic; availability Renaissance. Door behaviour is limited to the attached supported component profile."
renaissance_door_aca_shutter_425,Renaissance,Renaissance,"Doors, locks & gates",door or gate,African Court Atlantic,shutter,a bird pine shuttered opening,pine,Large,Standard,34800,155,Era / Renaissance Era; Functions / Household Items / Household Construction Materials; Market / Construction Materials / Worked Timber; Culture / Renaissance / Shared / African Court Atlantic,Holdable; Destroyable_Door; Door_Bad_Large,Carpentry and joinery,Carpentry,"Renaissance doors, locks and gates catalogue; culture admission African Court Atlantic; availability Renaissance. Door behaviour is limited to the attached supported component profile."
renaissance_door_aca_screen_426,Renaissance,Renaissance,"Doors, locks & gates",door or gate,African Court Atlantic,screen,a geometric wood screen door,wood,Large,Good,36600,166,Era / Renaissance Era; Functions / Household Items / Household Construction Materials; Market / Construction Materials / Worked Timber; Culture / Renaissance / Shared / African Court Atlantic,Holdable; Destroyable_Door; Door_Bad_Large,Carpentry and joinery,Carpentry,"Renaissance doors, locks and gates catalogue; culture admission African Court Atlantic; availability Renaissance. Door behaviour is limited to the attached supported component profile."
renaissance_door_aca_lattice_gate_427,Renaissance,Renaissance,"Doors, locks & gates",door or gate,African Court Atlantic,gate,a shell wrought iron lattice gate,wrought iron,VeryLarge,Good,38400,177,Era / Renaissance Era; Functions / Household Items / Household Construction Materials; Market / Household Goods / Standard Wares; Culture / Renaissance / Shared / African Court Atlantic,Holdable; Destroyable_Door; Door_Normal_Large,Carpentry and joinery,Carpentry,"Renaissance doors, locks and gates catalogue; culture admission African Court Atlantic; availability Renaissance. Door behaviour is limited to the attached supported component profile."
renaissance_door_aca_courtyard_gate_428,Renaissance,Renaissance,"Doors, locks & gates",door or gate,African Court Atlantic,gate,a rosette bronze courtyard gate,bronze,VeryLarge,Standard,40200,188,Era / Renaissance Era; Functions / Household Items / Household Construction Materials; Market / Household Goods / Standard Wares; Culture / Renaissance / Shared / African Court Atlantic,Holdable; Destroyable_Door; Door_Lockable_Normal_Large,Carpentry and joinery,Carpentry,"Renaissance doors, locks and gates catalogue; culture admission African Court Atlantic; availability Renaissance. Door behaviour is limited to the attached supported component profile."
renaissance_door_aca_warehouse_gate_429,Renaissance,Renaissance,"Doors, locks & gates",door or gate,African Court Atlantic,gate,a braided oak warehouse gate,oak,VeryLarge,VeryGood,42000,199,Era / Renaissance Era; Functions / Household Items / Household Construction Materials; Market / Construction Materials / Worked Timber; Culture / Renaissance / Shared / African Court Atlantic,Holdable; Destroyable_Door; Door_Lockable_Tough_Large,Carpentry and joinery,Carpentry,"Renaissance doors, locks and gates catalogue; culture admission African Court Atlantic; availability Renaissance. Door behaviour is limited to the attached supported component profile."
renaissance_door_aca_garden_gate_430,Renaissance,Renaissance,"Doors, locks & gates",door or gate,African Court Atlantic,gate,a leaf-scroll cedar garden gate,cedar,VeryLarge,Good,43800,210,Era / Renaissance Era; Functions / Household Items / Household Construction Materials; Market / Construction Materials / Worked Timber; Culture / Renaissance / Shared / African Court Atlantic,Holdable; Destroyable_Door; Door_Normal_Large,Carpentry and joinery,Carpentry,"Renaissance doors, locks and gates catalogue; culture admission African Court Atlantic; availability Renaissance. Door behaviour is limited to the attached supported component profile."
renaissance_door_aca_grille_431,Renaissance,Renaissance,"Doors, locks & gates",door or gate,African Court Atlantic,grille,a water-wave brass metal grille,brass,Large,Standard,45600,221,Era / Renaissance Era; Functions / Household Items / Household Construction Materials; Market / Household Goods / Standard Wares; Culture / Renaissance / Shared / African Court Atlantic,Holdable; Destroyable_Door; Door_Secure_Large,Carpentry and joinery,Carpentry,"Renaissance doors, locks and gates catalogue; culture admission African Court Atlantic; availability Renaissance. Door behaviour is limited to the attached supported component profile."
renaissance_door_aca_barrier_432,Renaissance,Renaissance,"Doors, locks & gates",door or gate,African Court Atlantic,barrier,a flower-head wrought iron barred barrier,wrought iron,Large,Poor,47400,232,Era / Renaissance Era; Functions / Household Items / Household Construction Materials; Market / Household Goods / Standard Wares; Culture / Renaissance / Shared / African Court Atlantic,Holdable; Destroyable_Door; Door_Tough_Large,Carpentry and joinery,Carpentry,"Renaissance doors, locks and gates catalogue; culture admission African Court Atlantic; availability Renaissance. Door behaviour is limited to the attached supported component profile."
renaissance_door_aca_hatch_433,Renaissance,Renaissance,"Doors, locks & gates",door or gate,African Court Atlantic,hatch,a bird wood service hatch,wood,Large,Standard,49200,243,Era / Renaissance Era; Functions / Household Items / Household Construction Materials; Market / Construction Materials / Worked Timber; Culture / Renaissance / Shared / African Court Atlantic,Holdable; Destroyable_Door; Door_Lockable_Normal_Large,Carpentry and joinery,Carpentry,"Renaissance doors, locks and gates catalogue; culture admission African Court Atlantic; availability Renaissance. Door behaviour is limited to the attached supported component profile."
renaissance_door_aca_wicket_434,Renaissance,Renaissance,"Doors, locks & gates",door or gate,African Court Atlantic,wicket,a geometric oak wicket gate,oak,Large,Good,51000,254,Era / Renaissance Era; Functions / Household Items / Household Construction Materials; Market / Construction Materials / Worked Timber; Culture / Renaissance / Shared / African Court Atlantic,Holdable; Destroyable_Door; Door_Lockable_Normal_Large,Carpentry and joinery,Carpentry,"Renaissance doors, locks and gates catalogue; culture admission African Court Atlantic; availability Renaissance. Door behaviour is limited to the attached supported component profile."
renaissance_door_aca_panel_door_435,Renaissance,Renaissance,"Doors, locks & gates",door or gate,African Court Atlantic,door,a shell pine door leaf,pine,Large,Good,52800,265,Era / Renaissance Era; Functions / Household Items / Household Construction Materials; Market / Construction Materials / Worked Timber; Culture / Renaissance / Shared / African Court Atlantic,Holdable; Destroyable_Door; Door_Normal_Large,Carpentry and joinery,Carpentry,"Renaissance doors, locks and gates catalogue; culture admission African Court Atlantic; availability Renaissance. Door behaviour is limited to the attached supported component profile."
renaissance_door_aca_braced_door_436,Renaissance,Renaissance,"Doors, locks & gates",door or gate,African Court Atlantic,door,a rosette cedar braced door,cedar,Large,Standard,54600,276,Era / Renaissance Era; Functions / Household Items / Household Construction Materials; Market / Construction Materials / Worked Timber; Culture / Renaissance / Shared / African Court Atlantic,Holdable; Destroyable_Door; Door_Tough_Large,Carpentry and joinery,Carpentry,"Renaissance doors, locks and gates catalogue; culture admission African Court Atlantic; availability Renaissance. Door behaviour is limited to the attached supported component profile."
renaissance_door_aca_lockable_door_437,Renaissance,Renaissance,"Doors, locks & gates",door or gate,African Court Atlantic,door,a braided teak lockable door,teak,Large,VeryGood,56400,287,Era / Renaissance Era; Functions / Household Items / Household Construction Materials; Market / Construction Materials / Worked Timber; Culture / Renaissance / Shared / African Court Atlantic,Holdable; Destroyable_Door; Door_Lockable_Normal_Large,Carpentry and joinery,Carpentry,"Renaissance doors, locks and gates catalogue; culture admission African Court Atlantic; availability Renaissance. Door behaviour is limited to the attached supported component profile."
renaissance_door_aca_master_warded_lock_438,Renaissance,Renaissance,"Doors, locks & gates",lock and hardware,African Court Atlantic,lock,a sunburst brass master warded lock,brass,Small,Good,1180,7,Era / Renaissance Era; Functions / Household Items / Household Wares; Market / Household Goods / Standard Wares; Culture / Renaissance / Shared / African Court Atlantic,Holdable; Destroyable_HeavyMetal; Warded_Lock_Master,Locksmithing,Blacksmithing,"Renaissance doors, locks and gates hardware catalogue; culture admission African Court Atlantic; availability Renaissance. It does not imply a custom matched-key or hidden-lock system."
renaissance_door_aca_warded_key_439,Renaissance,Renaissance,"Doors, locks & gates",lock and hardware,African Court Atlantic,key,a water-wave copper warded key,copper,Small,Standard,1265,15,Era / Renaissance Era; Functions / Household Items / Household Wares; Market / Household Goods / Standard Wares; Culture / Renaissance / Shared / African Court Atlantic,Holdable; Destroyable_HeavyMetal; Warded_Key,Locksmithing,Blacksmithing,"Renaissance doors, locks and gates hardware catalogue; culture admission African Court Atlantic; availability Renaissance. It does not imply a custom matched-key or hidden-lock system."
renaissance_door_aca_ring_key_440,Renaissance,Renaissance,"Doors, locks & gates",lock and hardware,African Court Atlantic,key,a knotted pewter ring bow key,pewter,Small,Poor,1350,23,Era / Renaissance Era; Functions / Household Items / Household Wares; Market / Household Goods / Standard Wares; Culture / Renaissance / Shared / African Court Atlantic,Holdable; Destroyable_HeavyMetal; Warded_Key,Locksmithing,Blacksmithing,"Renaissance doors, locks and gates hardware catalogue; culture admission African Court Atlantic; availability Renaissance. It does not imply a custom matched-key or hidden-lock system."
renaissance_door_aca_door_latch_441,Renaissance,Renaissance,"Doors, locks & gates",lock and hardware,African Court Atlantic,latch,a flower-head wrought iron door latch,wrought iron,Small,Standard,1435,31,Era / Renaissance Era; Functions / Household Items / Household Wares; Market / Household Goods / Standard Wares; Culture / Renaissance / Shared / African Court Atlantic,Holdable; Destroyable_HeavyMetal; Latch_Normal,Locksmithing,Blacksmithing,"Renaissance doors, locks and gates hardware catalogue; culture admission African Court Atlantic; availability Renaissance. It does not imply a custom matched-key or hidden-lock system."
renaissance_door_aca_gate_dropbar_442,Renaissance,Renaissance,"Doors, locks & gates",lock and hardware,African Court Atlantic,drop bar,a star bronze gate drop bar,bronze,Small,Good,1520,39,Era / Renaissance Era; Functions / Household Items / Household Wares; Market / Household Goods / Standard Wares; Culture / Renaissance / Shared / African Court Atlantic,Holdable; Destroyable_HeavyMetal; Latch_Gate_DropBar,Locksmithing,Blacksmithing,"Renaissance doors, locks and gates hardware catalogue; culture admission African Court Atlantic; availability Renaissance. It does not imply a custom matched-key or hidden-lock system."
renaissance_door_aca_door_bar_443,Renaissance,Renaissance,"Doors, locks & gates",lock and hardware,African Court Atlantic,bar,a bird brass door bar,brass,Small,Good,160,47,Era / Renaissance Era; Functions / Household Items / Household Wares; Market / Household Goods / Standard Wares; Culture / Renaissance / Shared / African Court Atlantic,Holdable; Destroyable_HeavyMetal; Latch_Door_Bar,Locksmithing,Blacksmithing,"Renaissance doors, locks and gates hardware catalogue; culture admission African Court Atlantic; availability Renaissance. It does not imply a custom matched-key or hidden-lock system."
renaissance_door_aca_portcullis_pawl_444,Renaissance,Renaissance,"Doors, locks & gates",lock and hardware,African Court Atlantic,pawl,a vine copper winch pawl,copper,Small,Standard,245,55,Era / Renaissance Era; Functions / Household Items / Household Wares; Market / Household Goods / Standard Wares; Culture / Renaissance / Shared / African Court Atlantic,Holdable; Destroyable_HeavyMetal; Latch_Portcullis_Pawl,Locksmithing,Blacksmithing,"Renaissance doors, locks and gates hardware catalogue; culture admission African Court Atlantic; availability Renaissance. It does not imply a custom matched-key or hidden-lock system."
renaissance_door_aca_hasp_445,Renaissance,Renaissance,"Doors, locks & gates",lock and hardware,African Court Atlantic,hasp,a geometric pewter iron hasp,pewter,Small,VeryGood,330,63,Era / Renaissance Era; Functions / Household Items / Household Wares; Market / Household Goods / Standard Wares; Culture / Renaissance / Shared / African Court Atlantic,Holdable; Destroyable_HeavyMetal; Latch_Container_Hasp,Locksmithing,Blacksmithing,"Renaissance doors, locks and gates hardware catalogue; culture admission African Court Atlantic; availability Renaissance. It does not imply a custom matched-key or hidden-lock system."
renaissance_door_aca_hook_latch_446,Renaissance,Renaissance,"Doors, locks & gates",lock and hardware,African Court Atlantic,hook latch,a cloud wrought iron hook latch,wrought iron,Small,Good,415,71,Era / Renaissance Era; Functions / Household Items / Household Wares; Market / Household Goods / Standard Wares; Culture / Renaissance / Shared / African Court Atlantic,Holdable; Destroyable_HeavyMetal; Latch_Container_Hook,Locksmithing,Blacksmithing,"Renaissance doors, locks and gates hardware catalogue; culture admission African Court Atlantic; availability Renaissance. It does not imply a custom matched-key or hidden-lock system."
renaissance_door_aca_strike_plate_447,Renaissance,Renaissance,"Doors, locks & gates",lock and hardware,African Court Atlantic,strike plate,a shell bronze strike plate,bronze,Small,Standard,500,79,Era / Renaissance Era; Functions / Household Items / Household Wares; Market / Household Goods / Standard Wares; Culture / Renaissance / Shared / African Court Atlantic,Holdable; Destroyable_HeavyMetal; Latch_Normal,Locksmithing,Blacksmithing,"Renaissance doors, locks and gates hardware catalogue; culture admission African Court Atlantic; availability Renaissance. It does not imply a custom matched-key or hidden-lock system."
renaissance_door_aca_hinge_pair_448,Renaissance,Renaissance,"Doors, locks & gates",lock and hardware,African Court Atlantic,hinges,a reed brass hinge pair,brass,Small,Poor,585,87,Era / Renaissance Era; Functions / Household Items / Household Wares; Market / Household Goods / Standard Wares; Culture / Renaissance / Shared / African Court Atlantic,Holdable; Destroyable_HeavyMetal; Latch_Normal,Locksmithing,Blacksmithing,"Renaissance doors, locks and gates hardware catalogue; culture admission African Court Atlantic; availability Renaissance. It does not imply a custom matched-key or hidden-lock system."
renaissance_door_sai_panel_door_449,Renaissance,Renaissance,"Doors, locks & gates",door or gate,Sahelian Islamic,door,a leaf-scroll wood door leaf,wood,Large,Standard,43800,166,Era / Renaissance Era; Functions / Household Items / Household Construction Materials; Market / Construction Materials / Worked Timber; Culture / Renaissance / Shared / Sahelian Islamic,Holdable; Destroyable_Door; Door_Normal_Large,Carpentry and joinery,Carpentry,"Renaissance doors, locks and gates catalogue; culture admission Sahelian Islamic; availability Renaissance. Door behaviour is limited to the attached supported component profile."
renaissance_door_sai_braced_door_450,Renaissance,Renaissance,"Doors, locks & gates",door or gate,Sahelian Islamic,door,a water-wave oak braced door,oak,Large,Good,45600,177,Era / Renaissance Era; Functions / Household Items / Household Construction Materials; Market / Construction Materials / Worked Timber; Culture / Renaissance / Shared / Sahelian Islamic,Holdable; Destroyable_Door; Door_Tough_Large,Carpentry and joinery,Carpentry,"Renaissance doors, locks and gates catalogue; culture admission Sahelian Islamic; availability Renaissance. Door behaviour is limited to the attached supported component profile."
renaissance_door_sai_lockable_door_451,Renaissance,Renaissance,"Doors, locks & gates",door or gate,Sahelian Islamic,door,a flower-head pine lockable door,pine,Large,Good,47400,188,Era / Renaissance Era; Functions / Household Items / Household Construction Materials; Market / Construction Materials / Worked Timber; Culture / Renaissance / Shared / Sahelian Islamic,Holdable; Destroyable_Door; Door_Lockable_Normal_Large,Carpentry and joinery,Carpentry,"Renaissance doors, locks and gates catalogue; culture admission Sahelian Islamic; availability Renaissance. Door behaviour is limited to the attached supported component profile."
renaissance_door_sai_secure_door_452,Renaissance,Renaissance,"Doors, locks & gates",door or gate,Sahelian Islamic,door,a bird cedar secure door,cedar,Large,Standard,49200,199,Era / Renaissance Era; Functions / Household Items / Household Construction Materials; Market / Construction Materials / Worked Timber; Culture / Renaissance / Shared / Sahelian Islamic,Holdable; Destroyable_Door; Door_Lockable_Secure_Large,Carpentry and joinery,Carpentry,"Renaissance doors, locks and gates catalogue; culture admission Sahelian Islamic; availability Renaissance. Door behaviour is limited to the attached supported component profile."
renaissance_door_sai_shutter_453,Renaissance,Renaissance,"Doors, locks & gates",door or gate,Sahelian Islamic,shutter,a geometric teak shuttered opening,teak,Large,VeryGood,51000,210,Era / Renaissance Era; Functions / Household Items / Household Construction Materials; Market / Construction Materials / Worked Timber; Culture / Renaissance / Shared / Sahelian Islamic,Holdable; Destroyable_Door; Door_Bad_Large,Carpentry and joinery,Carpentry,"Renaissance doors, locks and gates catalogue; culture admission Sahelian Islamic; availability Renaissance. Door behaviour is limited to the attached supported component profile."
renaissance_door_sai_screen_454,Renaissance,Renaissance,"Doors, locks & gates",door or gate,Sahelian Islamic,screen,a shell teak screen door,teak,Large,Good,52800,221,Era / Renaissance Era; Functions / Household Items / Household Construction Materials; Market / Construction Materials / Worked Timber; Culture / Renaissance / Shared / Sahelian Islamic,Holdable; Destroyable_Door; Door_Bad_Large,Carpentry and joinery,Carpentry,"Renaissance doors, locks and gates catalogue; culture admission Sahelian Islamic; availability Renaissance. Door behaviour is limited to the attached supported component profile."
renaissance_door_sai_lattice_gate_455,Renaissance,Renaissance,"Doors, locks & gates",door or gate,Sahelian Islamic,gate,a rosette oak lattice gate,oak,VeryLarge,Standard,54600,232,Era / Renaissance Era; Functions / Household Items / Household Construction Materials; Market / Construction Materials / Worked Timber; Culture / Renaissance / Shared / Sahelian Islamic,Holdable; Destroyable_Door; Door_Normal_Large,Carpentry and joinery,Carpentry,"Renaissance doors, locks and gates catalogue; culture admission Sahelian Islamic; availability Renaissance. Door behaviour is limited to the attached supported component profile."
renaissance_door_sai_courtyard_gate_456,Renaissance,Renaissance,"Doors, locks & gates",door or gate,Sahelian Islamic,gate,a braided cedar courtyard gate,cedar,VeryLarge,Poor,56400,243,Era / Renaissance Era; Functions / Household Items / Household Construction Materials; Market / Construction Materials / Worked Timber; Culture / Renaissance / Shared / Sahelian Islamic,Holdable; Destroyable_Door; Door_Lockable_Normal_Large,Carpentry and joinery,Carpentry,"Renaissance doors, locks and gates catalogue; culture admission Sahelian Islamic; availability Renaissance. Door behaviour is limited to the attached supported component profile."
renaissance_door_sai_warehouse_gate_457,Renaissance,Renaissance,"Doors, locks & gates",door or gate,Sahelian Islamic,gate,a leaf-scroll teak warehouse gate,teak,VeryLarge,Standard,24000,254,Era / Renaissance Era; Functions / Household Items / Household Construction Materials; Market / Construction Materials / Worked Timber; Culture / Renaissance / Shared / Sahelian Islamic,Holdable; Destroyable_Door; Door_Lockable_Tough_Large,Carpentry and joinery,Carpentry,"Renaissance doors, locks and gates catalogue; culture admission Sahelian Islamic; availability Renaissance. Door behaviour is limited to the attached supported component profile."
renaissance_door_sai_garden_gate_458,Renaissance,Renaissance,"Doors, locks & gates",door or gate,Sahelian Islamic,gate,a water-wave wrought iron garden gate,wrought iron,VeryLarge,Good,25800,265,Era / Renaissance Era; Functions / Household Items / Household Construction Materials; Market / Household Goods / Standard Wares; Culture / Renaissance / Shared / Sahelian Islamic,Holdable; Destroyable_Door; Door_Normal_Large,Carpentry and joinery,Carpentry,"Renaissance doors, locks and gates catalogue; culture admission Sahelian Islamic; availability Renaissance. Door behaviour is limited to the attached supported component profile."
renaissance_door_sai_grille_459,Renaissance,Renaissance,"Doors, locks & gates",door or gate,Sahelian Islamic,grille,a flower-head wrought iron metal grille,wrought iron,Large,Good,27600,276,Era / Renaissance Era; Functions / Household Items / Household Construction Materials; Market / Household Goods / Standard Wares; Culture / Renaissance / Shared / Sahelian Islamic,Holdable; Destroyable_Door; Door_Secure_Large,Carpentry and joinery,Carpentry,"Renaissance doors, locks and gates catalogue; culture admission Sahelian Islamic; availability Renaissance. Door behaviour is limited to the attached supported component profile."
renaissance_door_sai_barrier_460,Renaissance,Renaissance,"Doors, locks & gates",door or gate,Sahelian Islamic,barrier,a bird bronze barred barrier,bronze,Large,Standard,29400,287,Era / Renaissance Era; Functions / Household Items / Household Construction Materials; Market / Household Goods / Standard Wares; Culture / Renaissance / Shared / Sahelian Islamic,Holdable; Destroyable_Door; Door_Tough_Large,Carpentry and joinery,Carpentry,"Renaissance doors, locks and gates catalogue; culture admission Sahelian Islamic; availability Renaissance. Door behaviour is limited to the attached supported component profile."
renaissance_door_sai_hatch_461,Renaissance,Renaissance,"Doors, locks & gates",door or gate,Sahelian Islamic,hatch,a geometric pine service hatch,pine,Large,VeryGood,31200,45,Era / Renaissance Era; Functions / Household Items / Household Construction Materials; Market / Construction Materials / Worked Timber; Culture / Renaissance / Shared / Sahelian Islamic,Holdable; Destroyable_Door; Door_Lockable_Normal_Large,Carpentry and joinery,Carpentry,"Renaissance doors, locks and gates catalogue; culture admission Sahelian Islamic; availability Renaissance. Door behaviour is limited to the attached supported component profile."
renaissance_door_sai_wicket_462,Renaissance,Renaissance,"Doors, locks & gates",door or gate,Sahelian Islamic,wicket,a shell teak wicket gate,teak,Large,Good,33000,56,Era / Renaissance Era; Functions / Household Items / Household Construction Materials; Market / Construction Materials / Worked Timber; Culture / Renaissance / Shared / Sahelian Islamic,Holdable; Destroyable_Door; Door_Lockable_Normal_Large,Carpentry and joinery,Carpentry,"Renaissance doors, locks and gates catalogue; culture admission Sahelian Islamic; availability Renaissance. Door behaviour is limited to the attached supported component profile."
renaissance_door_sai_panel_door_463,Renaissance,Renaissance,"Doors, locks & gates",door or gate,Sahelian Islamic,door,a rosette teak door leaf,teak,Large,Standard,34800,67,Era / Renaissance Era; Functions / Household Items / Household Construction Materials; Market / Construction Materials / Worked Timber; Culture / Renaissance / Shared / Sahelian Islamic,Holdable; Destroyable_Door; Door_Normal_Large,Carpentry and joinery,Carpentry,"Renaissance doors, locks and gates catalogue; culture admission Sahelian Islamic; availability Renaissance. Door behaviour is limited to the attached supported component profile."
renaissance_door_sai_braced_door_464,Renaissance,Renaissance,"Doors, locks & gates",door or gate,Sahelian Islamic,door,a braided wood braced door,wood,Large,Poor,36600,78,Era / Renaissance Era; Functions / Household Items / Household Construction Materials; Market / Construction Materials / Worked Timber; Culture / Renaissance / Shared / Sahelian Islamic,Holdable; Destroyable_Door; Door_Tough_Large,Carpentry and joinery,Carpentry,"Renaissance doors, locks and gates catalogue; culture admission Sahelian Islamic; availability Renaissance. Door behaviour is limited to the attached supported component profile."
renaissance_door_sai_lockable_door_465,Renaissance,Renaissance,"Doors, locks & gates",door or gate,Sahelian Islamic,door,a leaf-scroll oak lockable door,oak,Large,Standard,38400,89,Era / Renaissance Era; Functions / Household Items / Household Construction Materials; Market / Construction Materials / Worked Timber; Culture / Renaissance / Shared / Sahelian Islamic,Holdable; Destroyable_Door; Door_Lockable_Normal_Large,Carpentry and joinery,Carpentry,"Renaissance doors, locks and gates catalogue; culture admission Sahelian Islamic; availability Renaissance. Door behaviour is limited to the attached supported component profile."
renaissance_door_sai_master_warded_lock_466,Renaissance,Renaissance,"Doors, locks & gates",lock and hardware,Sahelian Islamic,lock,a sunburst wrought iron master warded lock,wrought iron,Small,Good,670,79,Era / Renaissance Era; Functions / Household Items / Household Wares; Market / Household Goods / Standard Wares; Culture / Renaissance / Shared / Sahelian Islamic,Holdable; Destroyable_HeavyMetal; Warded_Lock_Master,Locksmithing,Blacksmithing,"Renaissance doors, locks and gates hardware catalogue; culture admission Sahelian Islamic; availability Renaissance. It does not imply a custom matched-key or hidden-lock system."
renaissance_door_sai_warded_key_467,Renaissance,Renaissance,"Doors, locks & gates",lock and hardware,Sahelian Islamic,key,a water-wave bronze warded key,bronze,Small,Good,755,87,Era / Renaissance Era; Functions / Household Items / Household Wares; Market / Household Goods / Standard Wares; Culture / Renaissance / Shared / Sahelian Islamic,Holdable; Destroyable_HeavyMetal; Warded_Key,Locksmithing,Blacksmithing,"Renaissance doors, locks and gates hardware catalogue; culture admission Sahelian Islamic; availability Renaissance. It does not imply a custom matched-key or hidden-lock system."
renaissance_door_sai_ring_key_468,Renaissance,Renaissance,"Doors, locks & gates",lock and hardware,Sahelian Islamic,key,a knotted brass ring bow key,brass,Small,Standard,840,95,Era / Renaissance Era; Functions / Household Items / Household Wares; Market / Household Goods / Standard Wares; Culture / Renaissance / Shared / Sahelian Islamic,Holdable; Destroyable_HeavyMetal; Warded_Key,Locksmithing,Blacksmithing,"Renaissance doors, locks and gates hardware catalogue; culture admission Sahelian Islamic; availability Renaissance. It does not imply a custom matched-key or hidden-lock system."
renaissance_door_sai_door_latch_469,Renaissance,Renaissance,"Doors, locks & gates",lock and hardware,Sahelian Islamic,latch,a flower-head copper door latch,copper,Small,VeryGood,925,103,Era / Renaissance Era; Functions / Household Items / Household Wares; Market / Household Goods / Standard Wares; Culture / Renaissance / Shared / Sahelian Islamic,Holdable; Destroyable_HeavyMetal; Latch_Normal,Locksmithing,Blacksmithing,"Renaissance doors, locks and gates hardware catalogue; culture admission Sahelian Islamic; availability Renaissance. It does not imply a custom matched-key or hidden-lock system."
renaissance_door_sai_gate_dropbar_470,Renaissance,Renaissance,"Doors, locks & gates",lock and hardware,Sahelian Islamic,drop bar,a star pewter gate drop bar,pewter,Small,Good,1010,111,Era / Renaissance Era; Functions / Household Items / Household Wares; Market / Household Goods / Standard Wares; Culture / Renaissance / Shared / Sahelian Islamic,Holdable; Destroyable_HeavyMetal; Latch_Gate_DropBar,Locksmithing,Blacksmithing,"Renaissance doors, locks and gates hardware catalogue; culture admission Sahelian Islamic; availability Renaissance. It does not imply a custom matched-key or hidden-lock system."
renaissance_door_sai_door_bar_471,Renaissance,Renaissance,"Doors, locks & gates",lock and hardware,Sahelian Islamic,bar,a bird wrought iron door bar,wrought iron,Small,Standard,1095,119,Era / Renaissance Era; Functions / Household Items / Household Wares; Market / Household Goods / Standard Wares; Culture / Renaissance / Shared / Sahelian Islamic,Holdable; Destroyable_HeavyMetal; Latch_Door_Bar,Locksmithing,Blacksmithing,"Renaissance doors, locks and gates hardware catalogue; culture admission Sahelian Islamic; availability Renaissance. It does not imply a custom matched-key or hidden-lock system."
renaissance_door_sai_portcullis_pawl_472,Renaissance,Renaissance,"Doors, locks & gates",lock and hardware,Sahelian Islamic,pawl,a vine bronze winch pawl,bronze,Small,Poor,1180,127,Era / Renaissance Era; Functions / Household Items / Household Wares; Market / Household Goods / Standard Wares; Culture / Renaissance / Shared / Sahelian Islamic,Holdable; Destroyable_HeavyMetal; Latch_Portcullis_Pawl,Locksmithing,Blacksmithing,"Renaissance doors, locks and gates hardware catalogue; culture admission Sahelian Islamic; availability Renaissance. It does not imply a custom matched-key or hidden-lock system."
renaissance_door_sai_hasp_473,Renaissance,Renaissance,"Doors, locks & gates",lock and hardware,Sahelian Islamic,hasp,a geometric brass iron hasp,brass,Small,Standard,1265,135,Era / Renaissance Era; Functions / Household Items / Household Wares; Market / Household Goods / Standard Wares; Culture / Renaissance / Shared / Sahelian Islamic,Holdable; Destroyable_HeavyMetal; Latch_Container_Hasp,Locksmithing,Blacksmithing,"Renaissance doors, locks and gates hardware catalogue; culture admission Sahelian Islamic; availability Renaissance. It does not imply a custom matched-key or hidden-lock system."
renaissance_door_sai_hook_latch_474,Renaissance,Renaissance,"Doors, locks & gates",lock and hardware,Sahelian Islamic,hook latch,a cloud copper hook latch,copper,Small,Good,1350,143,Era / Renaissance Era; Functions / Household Items / Household Wares; Market / Household Goods / Standard Wares; Culture / Renaissance / Shared / Sahelian Islamic,Holdable; Destroyable_HeavyMetal; Latch_Container_Hook,Locksmithing,Blacksmithing,"Renaissance doors, locks and gates hardware catalogue; culture admission Sahelian Islamic; availability Renaissance. It does not imply a custom matched-key or hidden-lock system."
renaissance_door_sai_strike_plate_475,Renaissance,Renaissance,"Doors, locks & gates",lock and hardware,Sahelian Islamic,strike plate,a shell pewter strike plate,pewter,Small,Good,1435,151,Era / Renaissance Era; Functions / Household Items / Household Wares; Market / Household Goods / Standard Wares; Culture / Renaissance / Shared / Sahelian Islamic,Holdable; Destroyable_HeavyMetal; Latch_Normal,Locksmithing,Blacksmithing,"Renaissance doors, locks and gates hardware catalogue; culture admission Sahelian Islamic; availability Renaissance. It does not imply a custom matched-key or hidden-lock system."
renaissance_door_sai_hinge_pair_476,Renaissance,Renaissance,"Doors, locks & gates",lock and hardware,Sahelian Islamic,hinges,a reed wrought iron hinge pair,wrought iron,Small,Standard,1520,7,Era / Renaissance Era; Functions / Household Items / Household Wares; Market / Household Goods / Standard Wares; Culture / Renaissance / Shared / Sahelian Islamic,Holdable; Destroyable_HeavyMetal; Latch_Normal,Locksmithing,Blacksmithing,"Renaissance doors, locks and gates hardware catalogue; culture admission Sahelian Islamic; availability Renaissance. It does not imply a custom matched-key or hidden-lock system."
renaissance_door_rse_panel_door_477,Renaissance,Renaissance,"Doors, locks & gates",door or gate,Red Sea,door,a radiating teak door leaf,teak,Large,VeryGood,25800,221,Era / Renaissance Era; Functions / Household Items / Household Construction Materials; Market / Construction Materials / Worked Timber; Culture / Renaissance / Shared / Red Sea,Holdable; Destroyable_Door; Door_Normal_Large,Carpentry and joinery,Carpentry,"Renaissance doors, locks and gates catalogue; culture admission Red Sea; availability Renaissance. Door behaviour is limited to the attached supported component profile."
renaissance_door_rse_braced_door_478,Renaissance,Renaissance,"Doors, locks & gates",door or gate,Red Sea,door,a sunburst wood braced door,wood,Large,Good,27600,232,Era / Renaissance Era; Functions / Household Items / Household Construction Materials; Market / Construction Materials / Worked Timber; Culture / Renaissance / Shared / Red Sea,Holdable; Destroyable_Door; Door_Tough_Large,Carpentry and joinery,Carpentry,"Renaissance doors, locks and gates catalogue; culture admission Red Sea; availability Renaissance. Door behaviour is limited to the attached supported component profile."
renaissance_door_rse_lockable_door_479,Renaissance,Renaissance,"Doors, locks & gates",door or gate,Red Sea,door,a knotted oak lockable door,oak,Large,Standard,29400,243,Era / Renaissance Era; Functions / Household Items / Household Construction Materials; Market / Construction Materials / Worked Timber; Culture / Renaissance / Shared / Red Sea,Holdable; Destroyable_Door; Door_Lockable_Normal_Large,Carpentry and joinery,Carpentry,"Renaissance doors, locks and gates catalogue; culture admission Red Sea; availability Renaissance. Door behaviour is limited to the attached supported component profile."
renaissance_door_rse_secure_door_480,Renaissance,Renaissance,"Doors, locks & gates",door or gate,Red Sea,door,a star pine secure door,pine,Large,Poor,31200,254,Era / Renaissance Era; Functions / Household Items / Household Construction Materials; Market / Construction Materials / Worked Timber; Culture / Renaissance / Shared / Red Sea,Holdable; Destroyable_Door; Door_Lockable_Secure_Large,Carpentry and joinery,Carpentry,"Renaissance doors, locks and gates catalogue; culture admission Red Sea; availability Renaissance. Door behaviour is limited to the attached supported component profile."
renaissance_door_rse_shutter_481,Renaissance,Renaissance,"Doors, locks & gates",door or gate,Red Sea,shutter,a vine cedar shuttered opening,cedar,Large,Standard,33000,265,Era / Renaissance Era; Functions / Household Items / Household Construction Materials; Market / Construction Materials / Worked Timber; Culture / Renaissance / Shared / Red Sea,Holdable; Destroyable_Door; Door_Bad_Large,Carpentry and joinery,Carpentry,"Renaissance doors, locks and gates catalogue; culture admission Red Sea; availability Renaissance. Door behaviour is limited to the attached supported component profile."
renaissance_door_rse_screen_482,Renaissance,Renaissance,"Doors, locks & gates",door or gate,Red Sea,screen,a cloud bamboo screen door,bamboo,Large,Good,34800,276,Era / Renaissance Era; Functions / Household Items / Household Construction Materials; Market / Construction Materials / Worked Timber; Culture / Renaissance / Shared / Red Sea,Holdable; Destroyable_Door; Door_Bad_Large,Carpentry and joinery,Carpentry,"Renaissance doors, locks and gates catalogue; culture admission Red Sea; availability Renaissance. Door behaviour is limited to the attached supported component profile."
renaissance_door_rse_lattice_gate_483,Renaissance,Renaissance,"Doors, locks & gates",door or gate,Red Sea,gate,a reed bronze lattice gate,bronze,VeryLarge,Good,36600,287,Era / Renaissance Era; Functions / Household Items / Household Construction Materials; Market / Household Goods / Standard Wares; Culture / Renaissance / Shared / Red Sea,Holdable; Destroyable_Door; Door_Normal_Large,Carpentry and joinery,Carpentry,"Renaissance doors, locks and gates catalogue; culture admission Red Sea; availability Renaissance. Door behaviour is limited to the attached supported component profile."
renaissance_door_rse_courtyard_gate_484,Renaissance,Renaissance,"Doors, locks & gates",door or gate,Red Sea,gate,a checker oak courtyard gate,oak,VeryLarge,Standard,38400,45,Era / Renaissance Era; Functions / Household Items / Household Construction Materials; Market / Construction Materials / Worked Timber; Culture / Renaissance / Shared / Red Sea,Holdable; Destroyable_Door; Door_Lockable_Normal_Large,Carpentry and joinery,Carpentry,"Renaissance doors, locks and gates catalogue; culture admission Red Sea; availability Renaissance. Door behaviour is limited to the attached supported component profile."
renaissance_door_rse_warehouse_gate_485,Renaissance,Renaissance,"Doors, locks & gates",door or gate,Red Sea,gate,a radiating cedar warehouse gate,cedar,VeryLarge,VeryGood,40200,56,Era / Renaissance Era; Functions / Household Items / Household Construction Materials; Market / Construction Materials / Worked Timber; Culture / Renaissance / Shared / Red Sea,Holdable; Destroyable_Door; Door_Lockable_Tough_Large,Carpentry and joinery,Carpentry,"Renaissance doors, locks and gates catalogue; culture admission Red Sea; availability Renaissance. Door behaviour is limited to the attached supported component profile."
renaissance_door_rse_garden_gate_486,Renaissance,Renaissance,"Doors, locks & gates",door or gate,Red Sea,gate,a sunburst teak garden gate,teak,VeryLarge,Good,42000,67,Era / Renaissance Era; Functions / Household Items / Household Construction Materials; Market / Construction Materials / Worked Timber; Culture / Renaissance / Shared / Red Sea,Holdable; Destroyable_Door; Door_Normal_Large,Carpentry and joinery,Carpentry,"Renaissance doors, locks and gates catalogue; culture admission Red Sea; availability Renaissance. Door behaviour is limited to the attached supported component profile."
renaissance_door_rse_grille_487,Renaissance,Renaissance,"Doors, locks & gates",door or gate,Red Sea,grille,a knotted bronze metal grille,bronze,Large,Standard,43800,78,Era / Renaissance Era; Functions / Household Items / Household Construction Materials; Market / Household Goods / Standard Wares; Culture / Renaissance / Shared / Red Sea,Holdable; Destroyable_Door; Door_Secure_Large,Carpentry and joinery,Carpentry,"Renaissance doors, locks and gates catalogue; culture admission Red Sea; availability Renaissance. Door behaviour is limited to the attached supported component profile."
renaissance_door_rse_barrier_488,Renaissance,Renaissance,"Doors, locks & gates",door or gate,Red Sea,barrier,a star brass barred barrier,brass,Large,Poor,45600,89,Era / Renaissance Era; Functions / Household Items / Household Construction Materials; Market / Household Goods / Standard Wares; Culture / Renaissance / Shared / Red Sea,Holdable; Destroyable_Door; Door_Tough_Large,Carpentry and joinery,Carpentry,"Renaissance doors, locks and gates catalogue; culture admission Red Sea; availability Renaissance. Door behaviour is limited to the attached supported component profile."
renaissance_door_rse_hatch_489,Renaissance,Renaissance,"Doors, locks & gates",door or gate,Red Sea,hatch,a vine oak service hatch,oak,Large,Standard,47400,100,Era / Renaissance Era; Functions / Household Items / Household Construction Materials; Market / Construction Materials / Worked Timber; Culture / Renaissance / Shared / Red Sea,Holdable; Destroyable_Door; Door_Lockable_Normal_Large,Carpentry and joinery,Carpentry,"Renaissance doors, locks and gates catalogue; culture admission Red Sea; availability Renaissance. Door behaviour is limited to the attached supported component profile."
renaissance_door_rse_wicket_490,Renaissance,Renaissance,"Doors, locks & gates",door or gate,Red Sea,wicket,a cloud cedar wicket gate,cedar,Large,Good,49200,111,Era / Renaissance Era; Functions / Household Items / Household Construction Materials; Market / Construction Materials / Worked Timber; Culture / Renaissance / Shared / Red Sea,Holdable; Destroyable_Door; Door_Lockable_Normal_Large,Carpentry and joinery,Carpentry,"Renaissance doors, locks and gates catalogue; culture admission Red Sea; availability Renaissance. Door behaviour is limited to the attached supported component profile."
renaissance_door_rse_panel_door_491,Renaissance,Renaissance,"Doors, locks & gates",door or gate,Red Sea,door,a reed cedar door leaf,cedar,Large,Good,51000,122,Era / Renaissance Era; Functions / Household Items / Household Construction Materials; Market / Construction Materials / Worked Timber; Culture / Renaissance / Shared / Red Sea,Holdable; Destroyable_Door; Door_Normal_Large,Carpentry and joinery,Carpentry,"Renaissance doors, locks and gates catalogue; culture admission Red Sea; availability Renaissance. Door behaviour is limited to the attached supported component profile."
renaissance_door_rse_braced_door_492,Renaissance,Renaissance,"Doors, locks & gates",door or gate,Red Sea,door,a checker teak braced door,teak,Large,Standard,52800,133,Era / Renaissance Era; Functions / Household Items / Household Construction Materials; Market / Construction Materials / Worked Timber; Culture / Renaissance / Shared / Red Sea,Holdable; Destroyable_Door; Door_Tough_Large,Carpentry and joinery,Carpentry,"Renaissance doors, locks and gates catalogue; culture admission Red Sea; availability Renaissance. Door behaviour is limited to the attached supported component profile."
renaissance_door_rse_lockable_door_493,Renaissance,Renaissance,"Doors, locks & gates",door or gate,Red Sea,door,a radiating wood lockable door,wood,Large,VeryGood,54600,144,Era / Renaissance Era; Functions / Household Items / Household Construction Materials; Market / Construction Materials / Worked Timber; Culture / Renaissance / Shared / Red Sea,Holdable; Destroyable_Door; Door_Lockable_Normal_Large,Carpentry and joinery,Carpentry,"Renaissance doors, locks and gates catalogue; culture admission Red Sea; availability Renaissance. Door behaviour is limited to the attached supported component profile."
renaissance_door_rse_master_warded_lock_494,Renaissance,Renaissance,"Doors, locks & gates",lock and hardware,Red Sea,lock,a reed copper master warded lock,copper,Small,Good,160,151,Era / Renaissance Era; Functions / Household Items / Household Wares; Market / Household Goods / Standard Wares; Culture / Renaissance / Shared / Red Sea,Holdable; Destroyable_HeavyMetal; Warded_Lock_Master,Locksmithing,Blacksmithing,"Renaissance doors, locks and gates hardware catalogue; culture admission Red Sea; availability Renaissance. It does not imply a custom matched-key or hidden-lock system."
renaissance_door_rse_warded_key_495,Renaissance,Renaissance,"Doors, locks & gates",lock and hardware,Red Sea,key,a rosette pewter warded key,pewter,Small,Standard,245,7,Era / Renaissance Era; Functions / Household Items / Household Wares; Market / Household Goods / Standard Wares; Culture / Renaissance / Shared / Red Sea,Holdable; Destroyable_HeavyMetal; Warded_Key,Locksmithing,Blacksmithing,"Renaissance doors, locks and gates hardware catalogue; culture admission Red Sea; availability Renaissance. It does not imply a custom matched-key or hidden-lock system."
renaissance_door_rse_ring_key_496,Renaissance,Renaissance,"Doors, locks & gates",lock and hardware,Red Sea,key,a checker wrought iron ring bow key,wrought iron,Small,Poor,330,15,Era / Renaissance Era; Functions / Household Items / Household Wares; Market / Household Goods / Standard Wares; Culture / Renaissance / Shared / Red Sea,Holdable; Destroyable_HeavyMetal; Warded_Key,Locksmithing,Blacksmithing,"Renaissance doors, locks and gates hardware catalogue; culture admission Red Sea; availability Renaissance. It does not imply a custom matched-key or hidden-lock system."
renaissance_door_rse_door_latch_497,Renaissance,Renaissance,"Doors, locks & gates",lock and hardware,Red Sea,latch,a braided bronze door latch,bronze,Small,Standard,415,23,Era / Renaissance Era; Functions / Household Items / Household Wares; Market / Household Goods / Standard Wares; Culture / Renaissance / Shared / Red Sea,Holdable; Destroyable_HeavyMetal; Latch_Normal,Locksmithing,Blacksmithing,"Renaissance doors, locks and gates hardware catalogue; culture admission Red Sea; availability Renaissance. It does not imply a custom matched-key or hidden-lock system."
renaissance_door_rse_gate_dropbar_498,Renaissance,Renaissance,"Doors, locks & gates",lock and hardware,Red Sea,drop bar,a radiating brass gate drop bar,brass,Small,Good,500,31,Era / Renaissance Era; Functions / Household Items / Household Wares; Market / Household Goods / Standard Wares; Culture / Renaissance / Shared / Red Sea,Holdable; Destroyable_HeavyMetal; Latch_Gate_DropBar,Locksmithing,Blacksmithing,"Renaissance doors, locks and gates hardware catalogue; culture admission Red Sea; availability Renaissance. It does not imply a custom matched-key or hidden-lock system."
renaissance_door_rse_door_bar_499,Renaissance,Renaissance,"Doors, locks & gates",lock and hardware,Red Sea,bar,a leaf-scroll copper door bar,copper,Small,Good,585,39,Era / Renaissance Era; Functions / Household Items / Household Wares; Market / Household Goods / Standard Wares; Culture / Renaissance / Shared / Red Sea,Holdable; Destroyable_HeavyMetal; Latch_Door_Bar,Locksmithing,Blacksmithing,"Renaissance doors, locks and gates hardware catalogue; culture admission Red Sea; availability Renaissance. It does not imply a custom matched-key or hidden-lock system."
renaissance_door_rse_portcullis_pawl_500,Renaissance,Renaissance,"Doors, locks & gates",lock and hardware,Red Sea,pawl,a sunburst pewter winch pawl,pewter,Small,Standard,670,47,Era / Renaissance Era; Functions / Household Items / Household Wares; Market / Household Goods / Standard Wares; Culture / Renaissance / Shared / Red Sea,Holdable; Destroyable_HeavyMetal; Latch_Portcullis_Pawl,Locksmithing,Blacksmithing,"Renaissance doors, locks and gates hardware catalogue; culture admission Red Sea; availability Renaissance. It does not imply a custom matched-key or hidden-lock system."
renaissance_door_rse_hasp_501,Renaissance,Renaissance,"Doors, locks & gates",lock and hardware,Red Sea,hasp,a water-wave wrought iron iron hasp,wrought iron,Small,VeryGood,755,55,Era / Renaissance Era; Functions / Household Items / Household Wares; Market / Household Goods / Standard Wares; Culture / Renaissance / Shared / Red Sea,Holdable; Destroyable_HeavyMetal; Latch_Container_Hasp,Locksmithing,Blacksmithing,"Renaissance doors, locks and gates hardware catalogue; culture admission Red Sea; availability Renaissance. It does not imply a custom matched-key or hidden-lock system."
renaissance_door_rse_hook_latch_502,Renaissance,Renaissance,"Doors, locks & gates",lock and hardware,Red Sea,hook latch,a knotted bronze hook latch,bronze,Small,Good,840,63,Era / Renaissance Era; Functions / Household Items / Household Wares; Market / Household Goods / Standard Wares; Culture / Renaissance / Shared / Red Sea,Holdable; Destroyable_HeavyMetal; Latch_Container_Hook,Locksmithing,Blacksmithing,"Renaissance doors, locks and gates hardware catalogue; culture admission Red Sea; availability Renaissance. It does not imply a custom matched-key or hidden-lock system."
renaissance_door_rse_strike_plate_503,Renaissance,Renaissance,"Doors, locks & gates",lock and hardware,Red Sea,strike plate,a flower-head brass strike plate,brass,Small,Standard,925,71,Era / Renaissance Era; Functions / Household Items / Household Wares; Market / Household Goods / Standard Wares; Culture / Renaissance / Shared / Red Sea,Holdable; Destroyable_HeavyMetal; Latch_Normal,Locksmithing,Blacksmithing,"Renaissance doors, locks and gates hardware catalogue; culture admission Red Sea; availability Renaissance. It does not imply a custom matched-key or hidden-lock system."
renaissance_door_rse_hinge_pair_504,Renaissance,Renaissance,"Doors, locks & gates",lock and hardware,Red Sea,hinges,a star copper hinge pair,copper,Small,Poor,1010,79,Era / Renaissance Era; Functions / Household Items / Household Wares; Market / Household Goods / Standard Wares; Culture / Renaissance / Shared / Red Sea,Holdable; Destroyable_HeavyMetal; Latch_Normal,Locksmithing,Blacksmithing,"Renaissance doors, locks and gates hardware catalogue; culture admission Red Sea; availability Renaissance. It does not imply a custom matched-key or hidden-lock system."
renaissance_door_ind_panel_door_505,Renaissance,Renaissance,"Doors, locks & gates",door or gate,Indian Ocean,door,a rosette pine door leaf,pine,Large,Standard,42000,276,Era / Renaissance Era; Functions / Household Items / Household Construction Materials; Market / Construction Materials / Worked Timber; Culture / Renaissance / Shared / Indian Ocean,Holdable; Destroyable_Door; Door_Normal_Large,Carpentry and joinery,Carpentry,"Renaissance doors, locks and gates catalogue; culture admission Indian Ocean; availability Renaissance. Door behaviour is limited to the attached supported component profile."
renaissance_door_ind_braced_door_506,Renaissance,Renaissance,"Doors, locks & gates",door or gate,Indian Ocean,door,a braided cedar braced door,cedar,Large,Good,43800,287,Era / Renaissance Era; Functions / Household Items / Household Construction Materials; Market / Construction Materials / Worked Timber; Culture / Renaissance / Shared / Indian Ocean,Holdable; Destroyable_Door; Door_Tough_Large,Carpentry and joinery,Carpentry,"Renaissance doors, locks and gates catalogue; culture admission Indian Ocean; availability Renaissance. Door behaviour is limited to the attached supported component profile."
renaissance_door_ind_lockable_door_507,Renaissance,Renaissance,"Doors, locks & gates",door or gate,Indian Ocean,door,a leaf-scroll teak lockable door,teak,Large,Good,45600,45,Era / Renaissance Era; Functions / Household Items / Household Construction Materials; Market / Construction Materials / Worked Timber; Culture / Renaissance / Shared / Indian Ocean,Holdable; Destroyable_Door; Door_Lockable_Normal_Large,Carpentry and joinery,Carpentry,"Renaissance doors, locks and gates catalogue; culture admission Indian Ocean; availability Renaissance. Door behaviour is limited to the attached supported component profile."
renaissance_door_ind_secure_door_508,Renaissance,Renaissance,"Doors, locks & gates",door or gate,Indian Ocean,door,a water-wave wood secure door,wood,Large,Standard,47400,56,Era / Renaissance Era; Functions / Household Items / Household Construction Materials; Market / Construction Materials / Worked Timber; Culture / Renaissance / Shared / Indian Ocean,Holdable; Destroyable_Door; Door_Lockable_Secure_Large,Carpentry and joinery,Carpentry,"Renaissance doors, locks and gates catalogue; culture admission Indian Ocean; availability Renaissance. Door behaviour is limited to the attached supported component profile."
renaissance_door_ind_shutter_509,Renaissance,Renaissance,"Doors, locks & gates",door or gate,Indian Ocean,shutter,a flower-head oak shuttered opening,oak,Large,VeryGood,49200,67,Era / Renaissance Era; Functions / Household Items / Household Construction Materials; Market / Construction Materials / Worked Timber; Culture / Renaissance / Shared / Indian Ocean,Holdable; Destroyable_Door; Door_Bad_Large,Carpentry and joinery,Carpentry,"Renaissance doors, locks and gates catalogue; culture admission Indian Ocean; availability Renaissance. Door behaviour is limited to the attached supported component profile."
renaissance_door_ind_screen_510,Renaissance,Renaissance,"Doors, locks & gates",door or gate,Indian Ocean,screen,a bird teak screen door,teak,Large,Good,51000,78,Era / Renaissance Era; Functions / Household Items / Household Construction Materials; Market / Construction Materials / Worked Timber; Culture / Renaissance / Shared / Indian Ocean,Holdable; Destroyable_Door; Door_Bad_Large,Carpentry and joinery,Carpentry,"Renaissance doors, locks and gates catalogue; culture admission Indian Ocean; availability Renaissance. Door behaviour is limited to the attached supported component profile."
renaissance_door_ind_lattice_gate_511,Renaissance,Renaissance,"Doors, locks & gates",door or gate,Indian Ocean,gate,a geometric teak lattice gate,teak,VeryLarge,Standard,52800,89,Era / Renaissance Era; Functions / Household Items / Household Construction Materials; Market / Construction Materials / Worked Timber; Culture / Renaissance / Shared / Indian Ocean,Holdable; Destroyable_Door; Door_Normal_Large,Carpentry and joinery,Carpentry,"Renaissance doors, locks and gates catalogue; culture admission Indian Ocean; availability Renaissance. Door behaviour is limited to the attached supported component profile."
renaissance_door_ind_courtyard_gate_512,Renaissance,Renaissance,"Doors, locks & gates",door or gate,Indian Ocean,gate,a shell wrought iron courtyard gate,wrought iron,VeryLarge,Poor,54600,100,Era / Renaissance Era; Functions / Household Items / Household Construction Materials; Market / Household Goods / Standard Wares; Culture / Renaissance / Shared / Indian Ocean,Holdable; Destroyable_Door; Door_Lockable_Normal_Large,Carpentry and joinery,Carpentry,"Renaissance doors, locks and gates catalogue; culture admission Indian Ocean; availability Renaissance. Door behaviour is limited to the attached supported component profile."
renaissance_door_ind_warehouse_gate_513,Renaissance,Renaissance,"Doors, locks & gates",door or gate,Indian Ocean,gate,a rosette bronze warehouse gate,bronze,VeryLarge,Standard,56400,111,Era / Renaissance Era; Functions / Household Items / Household Construction Materials; Market / Household Goods / Standard Wares; Culture / Renaissance / Shared / Indian Ocean,Holdable; Destroyable_Door; Door_Lockable_Tough_Large,Carpentry and joinery,Carpentry,"Renaissance doors, locks and gates catalogue; culture admission Indian Ocean; availability Renaissance. Door behaviour is limited to the attached supported component profile."
renaissance_door_ind_garden_gate_514,Renaissance,Renaissance,"Doors, locks & gates",door or gate,Indian Ocean,gate,a braided oak garden gate,oak,VeryLarge,Good,24000,122,Era / Renaissance Era; Functions / Household Items / Household Construction Materials; Market / Construction Materials / Worked Timber; Culture / Renaissance / Shared / Indian Ocean,Holdable; Destroyable_Door; Door_Normal_Large,Carpentry and joinery,Carpentry,"Renaissance doors, locks and gates catalogue; culture admission Indian Ocean; availability Renaissance. Door behaviour is limited to the attached supported component profile."
renaissance_door_ind_grille_515,Renaissance,Renaissance,"Doors, locks & gates",door or gate,Indian Ocean,grille,a leaf-scroll bronze metal grille,bronze,Large,Good,25800,133,Era / Renaissance Era; Functions / Household Items / Household Construction Materials; Market / Household Goods / Standard Wares; Culture / Renaissance / Shared / Indian Ocean,Holdable; Destroyable_Door; Door_Secure_Large,Carpentry and joinery,Carpentry,"Renaissance doors, locks and gates catalogue; culture admission Indian Ocean; availability Renaissance. Door behaviour is limited to the attached supported component profile."
renaissance_door_ind_barrier_516,Renaissance,Renaissance,"Doors, locks & gates",door or gate,Indian Ocean,barrier,a water-wave brass barred barrier,brass,Large,Standard,27600,144,Era / Renaissance Era; Functions / Household Items / Household Construction Materials; Market / Household Goods / Standard Wares; Culture / Renaissance / Shared / Indian Ocean,Holdable; Destroyable_Door; Door_Tough_Large,Carpentry and joinery,Carpentry,"Renaissance doors, locks and gates catalogue; culture admission Indian Ocean; availability Renaissance. Door behaviour is limited to the attached supported component profile."
renaissance_door_ind_hatch_517,Renaissance,Renaissance,"Doors, locks & gates",door or gate,Indian Ocean,hatch,a flower-head teak service hatch,teak,Large,VeryGood,29400,155,Era / Renaissance Era; Functions / Household Items / Household Construction Materials; Market / Construction Materials / Worked Timber; Culture / Renaissance / Shared / Indian Ocean,Holdable; Destroyable_Door; Door_Lockable_Normal_Large,Carpentry and joinery,Carpentry,"Renaissance doors, locks and gates catalogue; culture admission Indian Ocean; availability Renaissance. Door behaviour is limited to the attached supported component profile."
renaissance_door_ind_wicket_518,Renaissance,Renaissance,"Doors, locks & gates",door or gate,Indian Ocean,wicket,a bird bronze wicket gate,bronze,Large,Good,31200,166,Era / Renaissance Era; Functions / Household Items / Household Construction Materials; Market / Household Goods / Standard Wares; Culture / Renaissance / Shared / Indian Ocean,Holdable; Destroyable_Door; Door_Lockable_Normal_Large,Carpentry and joinery,Carpentry,"Renaissance doors, locks and gates catalogue; culture admission Indian Ocean; availability Renaissance. Door behaviour is limited to the attached supported component profile."
renaissance_door_ind_panel_door_519,Renaissance,Renaissance,"Doors, locks & gates",door or gate,Indian Ocean,door,a geometric oak door leaf,oak,Large,Standard,33000,177,Era / Renaissance Era; Functions / Household Items / Household Construction Materials; Market / Construction Materials / Worked Timber; Culture / Renaissance / Shared / Indian Ocean,Holdable; Destroyable_Door; Door_Normal_Large,Carpentry and joinery,Carpentry,"Renaissance doors, locks and gates catalogue; culture admission Indian Ocean; availability Renaissance. Door behaviour is limited to the attached supported component profile."
renaissance_door_ind_braced_door_520,Renaissance,Renaissance,"Doors, locks & gates",door or gate,Indian Ocean,door,a shell pine braced door,pine,Large,Poor,34800,188,Era / Renaissance Era; Functions / Household Items / Household Construction Materials; Market / Construction Materials / Worked Timber; Culture / Renaissance / Shared / Indian Ocean,Holdable; Destroyable_Door; Door_Tough_Large,Carpentry and joinery,Carpentry,"Renaissance doors, locks and gates catalogue; culture admission Indian Ocean; availability Renaissance. Door behaviour is limited to the attached supported component profile."
renaissance_door_ind_lockable_door_521,Renaissance,Renaissance,"Doors, locks & gates",door or gate,Indian Ocean,door,a rosette cedar lockable door,cedar,Large,Standard,36600,199,Era / Renaissance Era; Functions / Household Items / Household Construction Materials; Market / Construction Materials / Worked Timber; Culture / Renaissance / Shared / Indian Ocean,Holdable; Destroyable_Door; Door_Lockable_Normal_Large,Carpentry and joinery,Carpentry,"Renaissance doors, locks and gates catalogue; culture admission Indian Ocean; availability Renaissance. Door behaviour is limited to the attached supported component profile."
renaissance_door_ind_master_warded_lock_522,Renaissance,Renaissance,"Doors, locks & gates",lock and hardware,Indian Ocean,lock,a sunburst bronze master warded lock,bronze,Small,Good,1095,71,Era / Renaissance Era; Functions / Household Items / Household Wares; Market / Household Goods / Standard Wares; Culture / Renaissance / Shared / Indian Ocean,Holdable; Destroyable_HeavyMetal; Warded_Lock_Master,Locksmithing,Blacksmithing,"Renaissance doors, locks and gates hardware catalogue; culture admission Indian Ocean; availability Renaissance. It does not imply a custom matched-key or hidden-lock system."
renaissance_door_ind_warded_key_523,Renaissance,Renaissance,"Doors, locks & gates",lock and hardware,Indian Ocean,key,a water-wave brass warded key,brass,Small,Good,1180,79,Era / Renaissance Era; Functions / Household Items / Household Wares; Market / Household Goods / Standard Wares; Culture / Renaissance / Shared / Indian Ocean,Holdable; Destroyable_HeavyMetal; Warded_Key,Locksmithing,Blacksmithing,"Renaissance doors, locks and gates hardware catalogue; culture admission Indian Ocean; availability Renaissance. It does not imply a custom matched-key or hidden-lock system."
renaissance_door_ind_ring_key_524,Renaissance,Renaissance,"Doors, locks & gates",lock and hardware,Indian Ocean,key,a knotted copper ring bow key,copper,Small,Standard,1265,87,Era / Renaissance Era; Functions / Household Items / Household Wares; Market / Household Goods / Standard Wares; Culture / Renaissance / Shared / Indian Ocean,Holdable; Destroyable_HeavyMetal; Warded_Key,Locksmithing,Blacksmithing,"Renaissance doors, locks and gates hardware catalogue; culture admission Indian Ocean; availability Renaissance. It does not imply a custom matched-key or hidden-lock system."
renaissance_door_ind_door_latch_525,Renaissance,Renaissance,"Doors, locks & gates",lock and hardware,Indian Ocean,latch,a flower-head pewter door latch,pewter,Small,VeryGood,1350,95,Era / Renaissance Era; Functions / Household Items / Household Wares; Market / Household Goods / Standard Wares; Culture / Renaissance / Shared / Indian Ocean,Holdable; Destroyable_HeavyMetal; Latch_Normal,Locksmithing,Blacksmithing,"Renaissance doors, locks and gates hardware catalogue; culture admission Indian Ocean; availability Renaissance. It does not imply a custom matched-key or hidden-lock system."
renaissance_door_ind_gate_dropbar_526,Renaissance,Renaissance,"Doors, locks & gates",lock and hardware,Indian Ocean,drop bar,a star wrought iron gate drop bar,wrought iron,Small,Good,1435,103,Era / Renaissance Era; Functions / Household Items / Household Wares; Market / Household Goods / Standard Wares; Culture / Renaissance / Shared / Indian Ocean,Holdable; Destroyable_HeavyMetal; Latch_Gate_DropBar,Locksmithing,Blacksmithing,"Renaissance doors, locks and gates hardware catalogue; culture admission Indian Ocean; availability Renaissance. It does not imply a custom matched-key or hidden-lock system."
renaissance_door_ind_door_bar_527,Renaissance,Renaissance,"Doors, locks & gates",lock and hardware,Indian Ocean,bar,a bird bronze door bar,bronze,Small,Standard,1520,111,Era / Renaissance Era; Functions / Household Items / Household Wares; Market / Household Goods / Standard Wares; Culture / Renaissance / Shared / Indian Ocean,Holdable; Destroyable_HeavyMetal; Latch_Door_Bar,Locksmithing,Blacksmithing,"Renaissance doors, locks and gates hardware catalogue; culture admission Indian Ocean; availability Renaissance. It does not imply a custom matched-key or hidden-lock system."
renaissance_door_ind_portcullis_pawl_528,Renaissance,Renaissance,"Doors, locks & gates",lock and hardware,Indian Ocean,pawl,a vine brass winch pawl,brass,Small,Poor,160,119,Era / Renaissance Era; Functions / Household Items / Household Wares; Market / Household Goods / Standard Wares; Culture / Renaissance / Shared / Indian Ocean,Holdable; Destroyable_HeavyMetal; Latch_Portcullis_Pawl,Locksmithing,Blacksmithing,"Renaissance doors, locks and gates hardware catalogue; culture admission Indian Ocean; availability Renaissance. It does not imply a custom matched-key or hidden-lock system."
renaissance_door_ind_hasp_529,Renaissance,Renaissance,"Doors, locks & gates",lock and hardware,Indian Ocean,hasp,a geometric copper iron hasp,copper,Small,Standard,245,127,Era / Renaissance Era; Functions / Household Items / Household Wares; Market / Household Goods / Standard Wares; Culture / Renaissance / Shared / Indian Ocean,Holdable; Destroyable_HeavyMetal; Latch_Container_Hasp,Locksmithing,Blacksmithing,"Renaissance doors, locks and gates hardware catalogue; culture admission Indian Ocean; availability Renaissance. It does not imply a custom matched-key or hidden-lock system."
renaissance_door_ind_hook_latch_530,Renaissance,Renaissance,"Doors, locks & gates",lock and hardware,Indian Ocean,hook latch,a cloud pewter hook latch,pewter,Small,Good,330,135,Era / Renaissance Era; Functions / Household Items / Household Wares; Market / Household Goods / Standard Wares; Culture / Renaissance / Shared / Indian Ocean,Holdable; Destroyable_HeavyMetal; Latch_Container_Hook,Locksmithing,Blacksmithing,"Renaissance doors, locks and gates hardware catalogue; culture admission Indian Ocean; availability Renaissance. It does not imply a custom matched-key or hidden-lock system."
renaissance_door_ind_strike_plate_531,Renaissance,Renaissance,"Doors, locks & gates",lock and hardware,Indian Ocean,strike plate,a shell wrought iron strike plate,wrought iron,Small,Good,415,143,Era / Renaissance Era; Functions / Household Items / Household Wares; Market / Household Goods / Standard Wares; Culture / Renaissance / Shared / Indian Ocean,Holdable; Destroyable_HeavyMetal; Latch_Normal,Locksmithing,Blacksmithing,"Renaissance doors, locks and gates hardware catalogue; culture admission Indian Ocean; availability Renaissance. It does not imply a custom matched-key or hidden-lock system."
renaissance_door_ind_hinge_pair_532,Renaissance,Renaissance,"Doors, locks & gates",lock and hardware,Indian Ocean,hinges,a reed bronze hinge pair,bronze,Small,Standard,500,151,Era / Renaissance Era; Functions / Household Items / Household Wares; Market / Household Goods / Standard Wares; Culture / Renaissance / Shared / Indian Ocean,Holdable; Destroyable_HeavyMetal; Latch_Normal,Locksmithing,Blacksmithing,"Renaissance doors, locks and gates hardware catalogue; culture admission Indian Ocean; availability Renaissance. It does not imply a custom matched-key or hidden-lock system."
renaissance_door_mes_panel_door_533,Renaissance,Renaissance,"Doors, locks & gates",door or gate,Mesoamerican,door,a flower-head wood door leaf,wood,Large,VeryGood,24000,78,Era / Renaissance Era; Functions / Household Items / Household Construction Materials; Market / Construction Materials / Worked Timber; Culture / Renaissance / Shared / Mesoamerican,Holdable; Destroyable_Door; Door_Normal_Large,Carpentry and joinery,Carpentry,"Renaissance doors, locks and gates catalogue; culture admission Mesoamerican; availability Renaissance. Door behaviour is limited to the attached supported component profile."
renaissance_door_mes_braced_door_534,Renaissance,Renaissance,"Doors, locks & gates",door or gate,Mesoamerican,door,a bird oak braced door,oak,Large,Good,25800,89,Era / Renaissance Era; Functions / Household Items / Household Construction Materials; Market / Construction Materials / Worked Timber; Culture / Renaissance / Shared / Mesoamerican,Holdable; Destroyable_Door; Door_Tough_Large,Carpentry and joinery,Carpentry,"Renaissance doors, locks and gates catalogue; culture admission Mesoamerican; availability Renaissance. Door behaviour is limited to the attached supported component profile."
renaissance_door_mes_lockable_door_535,Renaissance,Renaissance,"Doors, locks & gates",door or gate,Mesoamerican,door,a geometric pine lockable door,pine,Large,Standard,27600,100,Era / Renaissance Era; Functions / Household Items / Household Construction Materials; Market / Construction Materials / Worked Timber; Culture / Renaissance / Shared / Mesoamerican,Holdable; Destroyable_Door; Door_Lockable_Normal_Large,Carpentry and joinery,Carpentry,"Renaissance doors, locks and gates catalogue; culture admission Mesoamerican; availability Renaissance. Door behaviour is limited to the attached supported component profile."
renaissance_door_mes_secure_door_536,Renaissance,Renaissance,"Doors, locks & gates",door or gate,Mesoamerican,door,a shell cedar secure door,cedar,Large,Poor,29400,111,Era / Renaissance Era; Functions / Household Items / Household Construction Materials; Market / Construction Materials / Worked Timber; Culture / Renaissance / Shared / Mesoamerican,Holdable; Destroyable_Door; Door_Lockable_Secure_Large,Carpentry and joinery,Carpentry,"Renaissance doors, locks and gates catalogue; culture admission Mesoamerican; availability Renaissance. Door behaviour is limited to the attached supported component profile."
renaissance_door_mes_shutter_537,Renaissance,Renaissance,"Doors, locks & gates",door or gate,Mesoamerican,shutter,a rosette teak shuttered opening,teak,Large,Standard,31200,122,Era / Renaissance Era; Functions / Household Items / Household Construction Materials; Market / Construction Materials / Worked Timber; Culture / Renaissance / Shared / Mesoamerican,Holdable; Destroyable_Door; Door_Bad_Large,Carpentry and joinery,Carpentry,"Renaissance doors, locks and gates catalogue; culture admission Mesoamerican; availability Renaissance. Door behaviour is limited to the attached supported component profile."
renaissance_door_mes_screen_538,Renaissance,Renaissance,"Doors, locks & gates",door or gate,Mesoamerican,screen,a braided teak screen door,teak,Large,Good,33000,133,Era / Renaissance Era; Functions / Household Items / Household Construction Materials; Market / Construction Materials / Worked Timber; Culture / Renaissance / Shared / Mesoamerican,Holdable; Destroyable_Door; Door_Bad_Large,Carpentry and joinery,Carpentry,"Renaissance doors, locks and gates catalogue; culture admission Mesoamerican; availability Renaissance. Door behaviour is limited to the attached supported component profile."
renaissance_door_mes_lattice_gate_539,Renaissance,Renaissance,"Doors, locks & gates",door or gate,Mesoamerican,gate,a leaf-scroll oak lattice gate,oak,VeryLarge,Good,34800,144,Era / Renaissance Era; Functions / Household Items / Household Construction Materials; Market / Construction Materials / Worked Timber; Culture / Renaissance / Shared / Mesoamerican,Holdable; Destroyable_Door; Door_Normal_Large,Carpentry and joinery,Carpentry,"Renaissance doors, locks and gates catalogue; culture admission Mesoamerican; availability Renaissance. Door behaviour is limited to the attached supported component profile."
renaissance_door_mes_courtyard_gate_540,Renaissance,Renaissance,"Doors, locks & gates",door or gate,Mesoamerican,gate,a water-wave cedar courtyard gate,cedar,VeryLarge,Standard,36600,155,Era / Renaissance Era; Functions / Household Items / Household Construction Materials; Market / Construction Materials / Worked Timber; Culture / Renaissance / Shared / Mesoamerican,Holdable; Destroyable_Door; Door_Lockable_Normal_Large,Carpentry and joinery,Carpentry,"Renaissance doors, locks and gates catalogue; culture admission Mesoamerican; availability Renaissance. Door behaviour is limited to the attached supported component profile."
renaissance_door_mes_warehouse_gate_541,Renaissance,Renaissance,"Doors, locks & gates",door or gate,Mesoamerican,gate,a flower-head teak warehouse gate,teak,VeryLarge,VeryGood,38400,166,Era / Renaissance Era; Functions / Household Items / Household Construction Materials; Market / Construction Materials / Worked Timber; Culture / Renaissance / Shared / Mesoamerican,Holdable; Destroyable_Door; Door_Lockable_Tough_Large,Carpentry and joinery,Carpentry,"Renaissance doors, locks and gates catalogue; culture admission Mesoamerican; availability Renaissance. Door behaviour is limited to the attached supported component profile."
renaissance_door_mes_garden_gate_542,Renaissance,Renaissance,"Doors, locks & gates",door or gate,Mesoamerican,gate,a bird wrought iron garden gate,wrought iron,VeryLarge,Good,40200,177,Era / Renaissance Era; Functions / Household Items / Household Construction Materials; Market / Household Goods / Standard Wares; Culture / Renaissance / Shared / Mesoamerican,Holdable; Destroyable_Door; Door_Normal_Large,Carpentry and joinery,Carpentry,"Renaissance doors, locks and gates catalogue; culture admission Mesoamerican; availability Renaissance. Door behaviour is limited to the attached supported component profile."
renaissance_door_mes_grille_543,Renaissance,Renaissance,"Doors, locks & gates",door or gate,Mesoamerican,grille,a geometric brass metal grille,brass,Large,Standard,42000,188,Era / Renaissance Era; Functions / Household Items / Household Construction Materials; Market / Household Goods / Standard Wares; Culture / Renaissance / Shared / Mesoamerican,Holdable; Destroyable_Door; Door_Secure_Large,Carpentry and joinery,Carpentry,"Renaissance doors, locks and gates catalogue; culture admission Mesoamerican; availability Renaissance. Door behaviour is limited to the attached supported component profile."
renaissance_door_mes_barrier_544,Renaissance,Renaissance,"Doors, locks & gates",door or gate,Mesoamerican,barrier,a shell wrought iron barred barrier,wrought iron,Large,Poor,43800,199,Era / Renaissance Era; Functions / Household Items / Household Construction Materials; Market / Household Goods / Standard Wares; Culture / Renaissance / Shared / Mesoamerican,Holdable; Destroyable_Door; Door_Tough_Large,Carpentry and joinery,Carpentry,"Renaissance doors, locks and gates catalogue; culture admission Mesoamerican; availability Renaissance. Door behaviour is limited to the attached supported component profile."
renaissance_door_mes_hatch_545,Renaissance,Renaissance,"Doors, locks & gates",door or gate,Mesoamerican,hatch,a rosette pine service hatch,pine,Large,Standard,45600,210,Era / Renaissance Era; Functions / Household Items / Household Construction Materials; Market / Construction Materials / Worked Timber; Culture / Renaissance / Shared / Mesoamerican,Holdable; Destroyable_Door; Door_Lockable_Normal_Large,Carpentry and joinery,Carpentry,"Renaissance doors, locks and gates catalogue; culture admission Mesoamerican; availability Renaissance. Door behaviour is limited to the attached supported component profile."
renaissance_door_mes_wicket_546,Renaissance,Renaissance,"Doors, locks & gates",door or gate,Mesoamerican,wicket,a braided teak wicket gate,teak,Large,Good,47400,221,Era / Renaissance Era; Functions / Household Items / Household Construction Materials; Market / Construction Materials / Worked Timber; Culture / Renaissance / Shared / Mesoamerican,Holdable; Destroyable_Door; Door_Lockable_Normal_Large,Carpentry and joinery,Carpentry,"Renaissance doors, locks and gates catalogue; culture admission Mesoamerican; availability Renaissance. Door behaviour is limited to the attached supported component profile."
renaissance_door_mes_panel_door_547,Renaissance,Renaissance,"Doors, locks & gates",door or gate,Mesoamerican,door,a leaf-scroll teak door leaf,teak,Large,Good,49200,232,Era / Renaissance Era; Functions / Household Items / Household Construction Materials; Market / Construction Materials / Worked Timber; Culture / Renaissance / Shared / Mesoamerican,Holdable; Destroyable_Door; Door_Normal_Large,Carpentry and joinery,Carpentry,"Renaissance doors, locks and gates catalogue; culture admission Mesoamerican; availability Renaissance. Door behaviour is limited to the attached supported component profile."
renaissance_door_mes_braced_door_548,Renaissance,Renaissance,"Doors, locks & gates",door or gate,Mesoamerican,door,a water-wave wood braced door,wood,Large,Standard,51000,243,Era / Renaissance Era; Functions / Household Items / Household Construction Materials; Market / Construction Materials / Worked Timber; Culture / Renaissance / Shared / Mesoamerican,Holdable; Destroyable_Door; Door_Tough_Large,Carpentry and joinery,Carpentry,"Renaissance doors, locks and gates catalogue; culture admission Mesoamerican; availability Renaissance. Door behaviour is limited to the attached supported component profile."
renaissance_door_mes_lockable_door_549,Renaissance,Renaissance,"Doors, locks & gates",door or gate,Mesoamerican,door,a flower-head oak lockable door,oak,Large,VeryGood,52800,254,Era / Renaissance Era; Functions / Household Items / Household Construction Materials; Market / Construction Materials / Worked Timber; Culture / Renaissance / Shared / Mesoamerican,Holdable; Destroyable_Door; Door_Lockable_Normal_Large,Carpentry and joinery,Carpentry,"Renaissance doors, locks and gates catalogue; culture admission Mesoamerican; availability Renaissance. Door behaviour is limited to the attached supported component profile."
renaissance_door_mes_master_warded_lock_550,Renaissance,Renaissance,"Doors, locks & gates",lock and hardware,Mesoamerican,lock,a checker pewter master warded lock,pewter,Small,Good,585,143,Era / Renaissance Era; Functions / Household Items / Household Wares; Market / Household Goods / Standard Wares; Culture / Renaissance / Shared / Mesoamerican,Holdable; Destroyable_HeavyMetal; Warded_Lock_Master,Locksmithing,Blacksmithing,"Renaissance doors, locks and gates hardware catalogue; culture admission Mesoamerican; availability Renaissance. It does not imply a custom matched-key or hidden-lock system."
renaissance_door_mes_warded_key_551,Renaissance,Renaissance,"Doors, locks & gates",lock and hardware,Mesoamerican,key,a braided wrought iron warded key,wrought iron,Small,Standard,670,151,Era / Renaissance Era; Functions / Household Items / Household Wares; Market / Household Goods / Standard Wares; Culture / Renaissance / Shared / Mesoamerican,Holdable; Destroyable_HeavyMetal; Warded_Key,Locksmithing,Blacksmithing,"Renaissance doors, locks and gates hardware catalogue; culture admission Mesoamerican; availability Renaissance. It does not imply a custom matched-key or hidden-lock system."
renaissance_door_mes_ring_key_552,Renaissance,Renaissance,"Doors, locks & gates",lock and hardware,Mesoamerican,key,a radiating bronze ring bow key,bronze,Small,Poor,755,7,Era / Renaissance Era; Functions / Household Items / Household Wares; Market / Household Goods / Standard Wares; Culture / Renaissance / Shared / Mesoamerican,Holdable; Destroyable_HeavyMetal; Warded_Key,Locksmithing,Blacksmithing,"Renaissance doors, locks and gates hardware catalogue; culture admission Mesoamerican; availability Renaissance. It does not imply a custom matched-key or hidden-lock system."
renaissance_door_mes_door_latch_553,Renaissance,Renaissance,"Doors, locks & gates",lock and hardware,Mesoamerican,latch,a leaf-scroll brass door latch,brass,Small,Standard,840,15,Era / Renaissance Era; Functions / Household Items / Household Wares; Market / Household Goods / Standard Wares; Culture / Renaissance / Shared / Mesoamerican,Holdable; Destroyable_HeavyMetal; Latch_Normal,Locksmithing,Blacksmithing,"Renaissance doors, locks and gates hardware catalogue; culture admission Mesoamerican; availability Renaissance. It does not imply a custom matched-key or hidden-lock system."
renaissance_door_mes_gate_dropbar_554,Renaissance,Renaissance,"Doors, locks & gates",lock and hardware,Mesoamerican,drop bar,a sunburst copper gate drop bar,copper,Small,Good,925,23,Era / Renaissance Era; Functions / Household Items / Household Wares; Market / Household Goods / Standard Wares; Culture / Renaissance / Shared / Mesoamerican,Holdable; Destroyable_HeavyMetal; Latch_Gate_DropBar,Locksmithing,Blacksmithing,"Renaissance doors, locks and gates hardware catalogue; culture admission Mesoamerican; availability Renaissance. It does not imply a custom matched-key or hidden-lock system."
renaissance_door_mes_door_bar_555,Renaissance,Renaissance,"Doors, locks & gates",lock and hardware,Mesoamerican,bar,a water-wave pewter door bar,pewter,Small,Good,1010,31,Era / Renaissance Era; Functions / Household Items / Household Wares; Market / Household Goods / Standard Wares; Culture / Renaissance / Shared / Mesoamerican,Holdable; Destroyable_HeavyMetal; Latch_Door_Bar,Locksmithing,Blacksmithing,"Renaissance doors, locks and gates hardware catalogue; culture admission Mesoamerican; availability Renaissance. It does not imply a custom matched-key or hidden-lock system."
renaissance_door_mes_portcullis_pawl_556,Renaissance,Renaissance,"Doors, locks & gates",lock and hardware,Mesoamerican,pawl,a knotted wrought iron winch pawl,wrought iron,Small,Standard,1095,39,Era / Renaissance Era; Functions / Household Items / Household Wares; Market / Household Goods / Standard Wares; Culture / Renaissance / Shared / Mesoamerican,Holdable; Destroyable_HeavyMetal; Latch_Portcullis_Pawl,Locksmithing,Blacksmithing,"Renaissance doors, locks and gates hardware catalogue; culture admission Mesoamerican; availability Renaissance. It does not imply a custom matched-key or hidden-lock system."
renaissance_door_mes_hasp_557,Renaissance,Renaissance,"Doors, locks & gates",lock and hardware,Mesoamerican,hasp,a flower-head bronze iron hasp,bronze,Small,VeryGood,1180,47,Era / Renaissance Era; Functions / Household Items / Household Wares; Market / Household Goods / Standard Wares; Culture / Renaissance / Shared / Mesoamerican,Holdable; Destroyable_HeavyMetal; Latch_Container_Hasp,Locksmithing,Blacksmithing,"Renaissance doors, locks and gates hardware catalogue; culture admission Mesoamerican; availability Renaissance. It does not imply a custom matched-key or hidden-lock system."
renaissance_door_mes_hook_latch_558,Renaissance,Renaissance,"Doors, locks & gates",lock and hardware,Mesoamerican,hook latch,a star brass hook latch,brass,Small,Good,1265,55,Era / Renaissance Era; Functions / Household Items / Household Wares; Market / Household Goods / Standard Wares; Culture / Renaissance / Shared / Mesoamerican,Holdable; Destroyable_HeavyMetal; Latch_Container_Hook,Locksmithing,Blacksmithing,"Renaissance doors, locks and gates hardware catalogue; culture admission Mesoamerican; availability Renaissance. It does not imply a custom matched-key or hidden-lock system."
renaissance_door_mes_strike_plate_559,Renaissance,Renaissance,"Doors, locks & gates",lock and hardware,Mesoamerican,strike plate,a bird copper strike plate,copper,Small,Standard,1350,63,Era / Renaissance Era; Functions / Household Items / Household Wares; Market / Household Goods / Standard Wares; Culture / Renaissance / Shared / Mesoamerican,Holdable; Destroyable_HeavyMetal; Latch_Normal,Locksmithing,Blacksmithing,"Renaissance doors, locks and gates hardware catalogue; culture admission Mesoamerican; availability Renaissance. It does not imply a custom matched-key or hidden-lock system."
renaissance_door_mes_hinge_pair_560,Renaissance,Renaissance,"Doors, locks & gates",lock and hardware,Mesoamerican,hinges,a vine pewter hinge pair,pewter,Small,Poor,1435,71,Era / Renaissance Era; Functions / Household Items / Household Wares; Market / Household Goods / Standard Wares; Culture / Renaissance / Shared / Mesoamerican,Holdable; Destroyable_HeavyMetal; Latch_Normal,Locksmithing,Blacksmithing,"Renaissance doors, locks and gates hardware catalogue; culture admission Mesoamerican; availability Renaissance. It does not imply a custom matched-key or hidden-lock system."
renaissance_door_and_panel_door_561,Renaissance,Renaissance,"Doors, locks & gates",door or gate,Andean,door,a bird pine door leaf,pine,Large,Standard,40200,133,Era / Renaissance Era; Functions / Household Items / Household Construction Materials; Market / Construction Materials / Worked Timber; Culture / Renaissance / Shared / Andean,Holdable; Destroyable_Door; Door_Normal_Large,Carpentry and joinery,Carpentry,"Renaissance doors, locks and gates catalogue; culture admission Andean; availability Renaissance. Door behaviour is limited to the attached supported component profile."
renaissance_door_and_braced_door_562,Renaissance,Renaissance,"Doors, locks & gates",door or gate,Andean,door,a geometric cedar braced door,cedar,Large,Good,42000,144,Era / Renaissance Era; Functions / Household Items / Household Construction Materials; Market / Construction Materials / Worked Timber; Culture / Renaissance / Shared / Andean,Holdable; Destroyable_Door; Door_Tough_Large,Carpentry and joinery,Carpentry,"Renaissance doors, locks and gates catalogue; culture admission Andean; availability Renaissance. Door behaviour is limited to the attached supported component profile."
renaissance_door_and_lockable_door_563,Renaissance,Renaissance,"Doors, locks & gates",door or gate,Andean,door,a shell teak lockable door,teak,Large,Good,43800,155,Era / Renaissance Era; Functions / Household Items / Household Construction Materials; Market / Construction Materials / Worked Timber; Culture / Renaissance / Shared / Andean,Holdable; Destroyable_Door; Door_Lockable_Normal_Large,Carpentry and joinery,Carpentry,"Renaissance doors, locks and gates catalogue; culture admission Andean; availability Renaissance. Door behaviour is limited to the attached supported component profile."
renaissance_door_and_secure_door_564,Renaissance,Renaissance,"Doors, locks & gates",door or gate,Andean,door,a rosette wood secure door,wood,Large,Standard,45600,166,Era / Renaissance Era; Functions / Household Items / Household Construction Materials; Market / Construction Materials / Worked Timber; Culture / Renaissance / Shared / Andean,Holdable; Destroyable_Door; Door_Lockable_Secure_Large,Carpentry and joinery,Carpentry,"Renaissance doors, locks and gates catalogue; culture admission Andean; availability Renaissance. Door behaviour is limited to the attached supported component profile."
renaissance_door_and_shutter_565,Renaissance,Renaissance,"Doors, locks & gates",door or gate,Andean,shutter,a braided oak shuttered opening,oak,Large,VeryGood,47400,177,Era / Renaissance Era; Functions / Household Items / Household Construction Materials; Market / Construction Materials / Worked Timber; Culture / Renaissance / Shared / Andean,Holdable; Destroyable_Door; Door_Bad_Large,Carpentry and joinery,Carpentry,"Renaissance doors, locks and gates catalogue; culture admission Andean; availability Renaissance. Door behaviour is limited to the attached supported component profile."
renaissance_door_and_screen_566,Renaissance,Renaissance,"Doors, locks & gates",door or gate,Andean,screen,a leaf-scroll wood screen door,wood,Large,Good,49200,188,Era / Renaissance Era; Functions / Household Items / Household Construction Materials; Market / Construction Materials / Worked Timber; Culture / Renaissance / Shared / Andean,Holdable; Destroyable_Door; Door_Bad_Large,Carpentry and joinery,Carpentry,"Renaissance doors, locks and gates catalogue; culture admission Andean; availability Renaissance. Door behaviour is limited to the attached supported component profile."
renaissance_door_and_lattice_gate_567,Renaissance,Renaissance,"Doors, locks & gates",door or gate,Andean,gate,a water-wave teak lattice gate,teak,VeryLarge,Standard,51000,199,Era / Renaissance Era; Functions / Household Items / Household Construction Materials; Market / Construction Materials / Worked Timber; Culture / Renaissance / Shared / Andean,Holdable; Destroyable_Door; Door_Normal_Large,Carpentry and joinery,Carpentry,"Renaissance doors, locks and gates catalogue; culture admission Andean; availability Renaissance. Door behaviour is limited to the attached supported component profile."
renaissance_door_and_courtyard_gate_568,Renaissance,Renaissance,"Doors, locks & gates",door or gate,Andean,gate,a flower-head wrought iron courtyard gate,wrought iron,VeryLarge,Poor,52800,210,Era / Renaissance Era; Functions / Household Items / Household Construction Materials; Market / Household Goods / Standard Wares; Culture / Renaissance / Shared / Andean,Holdable; Destroyable_Door; Door_Lockable_Normal_Large,Carpentry and joinery,Carpentry,"Renaissance doors, locks and gates catalogue; culture admission Andean; availability Renaissance. Door behaviour is limited to the attached supported component profile."
renaissance_door_and_warehouse_gate_569,Renaissance,Renaissance,"Doors, locks & gates",door or gate,Andean,gate,a bird bronze warehouse gate,bronze,VeryLarge,Standard,54600,221,Era / Renaissance Era; Functions / Household Items / Household Construction Materials; Market / Household Goods / Standard Wares; Culture / Renaissance / Shared / Andean,Holdable; Destroyable_Door; Door_Lockable_Tough_Large,Carpentry and joinery,Carpentry,"Renaissance doors, locks and gates catalogue; culture admission Andean; availability Renaissance. Door behaviour is limited to the attached supported component profile."
renaissance_door_and_garden_gate_570,Renaissance,Renaissance,"Doors, locks & gates",door or gate,Andean,gate,a geometric oak garden gate,oak,VeryLarge,Good,56400,232,Era / Renaissance Era; Functions / Household Items / Household Construction Materials; Market / Construction Materials / Worked Timber; Culture / Renaissance / Shared / Andean,Holdable; Destroyable_Door; Door_Normal_Large,Carpentry and joinery,Carpentry,"Renaissance doors, locks and gates catalogue; culture admission Andean; availability Renaissance. Door behaviour is limited to the attached supported component profile."
renaissance_door_and_grille_571,Renaissance,Renaissance,"Doors, locks & gates",door or gate,Andean,grille,a shell wrought iron metal grille,wrought iron,Large,Good,24000,243,Era / Renaissance Era; Functions / Household Items / Household Construction Materials; Market / Household Goods / Standard Wares; Culture / Renaissance / Shared / Andean,Holdable; Destroyable_Door; Door_Secure_Large,Carpentry and joinery,Carpentry,"Renaissance doors, locks and gates catalogue; culture admission Andean; availability Renaissance. Door behaviour is limited to the attached supported component profile."
renaissance_door_and_barrier_572,Renaissance,Renaissance,"Doors, locks & gates",door or gate,Andean,barrier,a rosette bronze barred barrier,bronze,Large,Standard,25800,254,Era / Renaissance Era; Functions / Household Items / Household Construction Materials; Market / Household Goods / Standard Wares; Culture / Renaissance / Shared / Andean,Holdable; Destroyable_Door; Door_Tough_Large,Carpentry and joinery,Carpentry,"Renaissance doors, locks and gates catalogue; culture admission Andean; availability Renaissance. Door behaviour is limited to the attached supported component profile."
renaissance_door_and_hatch_573,Renaissance,Renaissance,"Doors, locks & gates",door or gate,Andean,hatch,a braided teak service hatch,teak,Large,VeryGood,27600,265,Era / Renaissance Era; Functions / Household Items / Household Construction Materials; Market / Construction Materials / Worked Timber; Culture / Renaissance / Shared / Andean,Holdable; Destroyable_Door; Door_Lockable_Normal_Large,Carpentry and joinery,Carpentry,"Renaissance doors, locks and gates catalogue; culture admission Andean; availability Renaissance. Door behaviour is limited to the attached supported component profile."
renaissance_door_and_wicket_574,Renaissance,Renaissance,"Doors, locks & gates",door or gate,Andean,wicket,a leaf-scroll bronze wicket gate,bronze,Large,Good,29400,276,Era / Renaissance Era; Functions / Household Items / Household Construction Materials; Market / Household Goods / Standard Wares; Culture / Renaissance / Shared / Andean,Holdable; Destroyable_Door; Door_Lockable_Normal_Large,Carpentry and joinery,Carpentry,"Renaissance doors, locks and gates catalogue; culture admission Andean; availability Renaissance. Door behaviour is limited to the attached supported component profile."
renaissance_door_and_panel_door_575,Renaissance,Renaissance,"Doors, locks & gates",door or gate,Andean,door,a water-wave oak door leaf,oak,Large,Standard,31200,287,Era / Renaissance Era; Functions / Household Items / Household Construction Materials; Market / Construction Materials / Worked Timber; Culture / Renaissance / Shared / Andean,Holdable; Destroyable_Door; Door_Normal_Large,Carpentry and joinery,Carpentry,"Renaissance doors, locks and gates catalogue; culture admission Andean; availability Renaissance. Door behaviour is limited to the attached supported component profile."
renaissance_door_and_braced_door_576,Renaissance,Renaissance,"Doors, locks & gates",door or gate,Andean,door,a flower-head pine braced door,pine,Large,Poor,33000,45,Era / Renaissance Era; Functions / Household Items / Household Construction Materials; Market / Construction Materials / Worked Timber; Culture / Renaissance / Shared / Andean,Holdable; Destroyable_Door; Door_Tough_Large,Carpentry and joinery,Carpentry,"Renaissance doors, locks and gates catalogue; culture admission Andean; availability Renaissance. Door behaviour is limited to the attached supported component profile."
renaissance_door_and_lockable_door_577,Renaissance,Renaissance,"Doors, locks & gates",door or gate,Andean,door,a bird cedar lockable door,cedar,Large,Standard,34800,56,Era / Renaissance Era; Functions / Household Items / Household Construction Materials; Market / Construction Materials / Worked Timber; Culture / Renaissance / Shared / Andean,Holdable; Destroyable_Door; Door_Lockable_Normal_Large,Carpentry and joinery,Carpentry,"Renaissance doors, locks and gates catalogue; culture admission Andean; availability Renaissance. Door behaviour is limited to the attached supported component profile."
renaissance_door_and_master_warded_lock_578,Renaissance,Renaissance,"Doors, locks & gates",lock and hardware,Andean,lock,a checker brass master warded lock,brass,Small,Good,1520,63,Era / Renaissance Era; Functions / Household Items / Household Wares; Market / Household Goods / Standard Wares; Culture / Renaissance / Shared / Andean,Holdable; Destroyable_HeavyMetal; Warded_Lock_Master,Locksmithing,Blacksmithing,"Renaissance doors, locks and gates hardware catalogue; culture admission Andean; availability Renaissance. It does not imply a custom matched-key or hidden-lock system."
renaissance_door_and_warded_key_579,Renaissance,Renaissance,"Doors, locks & gates",lock and hardware,Andean,key,a braided copper warded key,copper,Small,Good,160,71,Era / Renaissance Era; Functions / Household Items / Household Wares; Market / Household Goods / Standard Wares; Culture / Renaissance / Shared / Andean,Holdable; Destroyable_HeavyMetal; Warded_Key,Locksmithing,Blacksmithing,"Renaissance doors, locks and gates hardware catalogue; culture admission Andean; availability Renaissance. It does not imply a custom matched-key or hidden-lock system."
renaissance_door_and_ring_key_580,Renaissance,Renaissance,"Doors, locks & gates",lock and hardware,Andean,key,a radiating pewter ring bow key,pewter,Small,Standard,245,79,Era / Renaissance Era; Functions / Household Items / Household Wares; Market / Household Goods / Standard Wares; Culture / Renaissance / Shared / Andean,Holdable; Destroyable_HeavyMetal; Warded_Key,Locksmithing,Blacksmithing,"Renaissance doors, locks and gates hardware catalogue; culture admission Andean; availability Renaissance. It does not imply a custom matched-key or hidden-lock system."
renaissance_door_and_door_latch_581,Renaissance,Renaissance,"Doors, locks & gates",lock and hardware,Andean,latch,a leaf-scroll wrought iron door latch,wrought iron,Small,VeryGood,330,87,Era / Renaissance Era; Functions / Household Items / Household Wares; Market / Household Goods / Standard Wares; Culture / Renaissance / Shared / Andean,Holdable; Destroyable_HeavyMetal; Latch_Normal,Locksmithing,Blacksmithing,"Renaissance doors, locks and gates hardware catalogue; culture admission Andean; availability Renaissance. It does not imply a custom matched-key or hidden-lock system."
renaissance_door_and_gate_dropbar_582,Renaissance,Renaissance,"Doors, locks & gates",lock and hardware,Andean,drop bar,a sunburst bronze gate drop bar,bronze,Small,Good,415,95,Era / Renaissance Era; Functions / Household Items / Household Wares; Market / Household Goods / Standard Wares; Culture / Renaissance / Shared / Andean,Holdable; Destroyable_HeavyMetal; Latch_Gate_DropBar,Locksmithing,Blacksmithing,"Renaissance doors, locks and gates hardware catalogue; culture admission Andean; availability Renaissance. It does not imply a custom matched-key or hidden-lock system."
renaissance_door_and_door_bar_583,Renaissance,Renaissance,"Doors, locks & gates",lock and hardware,Andean,bar,a water-wave brass door bar,brass,Small,Standard,500,103,Era / Renaissance Era; Functions / Household Items / Household Wares; Market / Household Goods / Standard Wares; Culture / Renaissance / Shared / Andean,Holdable; Destroyable_HeavyMetal; Latch_Door_Bar,Locksmithing,Blacksmithing,"Renaissance doors, locks and gates hardware catalogue; culture admission Andean; availability Renaissance. It does not imply a custom matched-key or hidden-lock system."
renaissance_door_and_portcullis_pawl_584,Renaissance,Renaissance,"Doors, locks & gates",lock and hardware,Andean,pawl,a knotted copper winch pawl,copper,Small,Poor,585,111,Era / Renaissance Era; Functions / Household Items / Household Wares; Market / Household Goods / Standard Wares; Culture / Renaissance / Shared / Andean,Holdable; Destroyable_HeavyMetal; Latch_Portcullis_Pawl,Locksmithing,Blacksmithing,"Renaissance doors, locks and gates hardware catalogue; culture admission Andean; availability Renaissance. It does not imply a custom matched-key or hidden-lock system."
renaissance_door_and_hasp_585,Renaissance,Renaissance,"Doors, locks & gates",lock and hardware,Andean,hasp,a flower-head pewter iron hasp,pewter,Small,Standard,670,119,Era / Renaissance Era; Functions / Household Items / Household Wares; Market / Household Goods / Standard Wares; Culture / Renaissance / Shared / Andean,Holdable; Destroyable_HeavyMetal; Latch_Container_Hasp,Locksmithing,Blacksmithing,"Renaissance doors, locks and gates hardware catalogue; culture admission Andean; availability Renaissance. It does not imply a custom matched-key or hidden-lock system."
renaissance_door_and_hook_latch_586,Renaissance,Renaissance,"Doors, locks & gates",lock and hardware,Andean,hook latch,a star wrought iron hook latch,wrought iron,Small,Good,755,127,Era / Renaissance Era; Functions / Household Items / Household Wares; Market / Household Goods / Standard Wares; Culture / Renaissance / Shared / Andean,Holdable; Destroyable_HeavyMetal; Latch_Container_Hook,Locksmithing,Blacksmithing,"Renaissance doors, locks and gates hardware catalogue; culture admission Andean; availability Renaissance. It does not imply a custom matched-key or hidden-lock system."
renaissance_door_and_strike_plate_587,Renaissance,Renaissance,"Doors, locks & gates",lock and hardware,Andean,strike plate,a bird bronze strike plate,bronze,Small,Good,840,135,Era / Renaissance Era; Functions / Household Items / Household Wares; Market / Household Goods / Standard Wares; Culture / Renaissance / Shared / Andean,Holdable; Destroyable_HeavyMetal; Latch_Normal,Locksmithing,Blacksmithing,"Renaissance doors, locks and gates hardware catalogue; culture admission Andean; availability Renaissance. It does not imply a custom matched-key or hidden-lock system."
renaissance_door_and_hinge_pair_588,Renaissance,Renaissance,"Doors, locks & gates",lock and hardware,Andean,hinges,a vine brass hinge pair,brass,Small,Standard,925,143,Era / Renaissance Era; Functions / Household Items / Household Wares; Market / Household Goods / Standard Wares; Culture / Renaissance / Shared / Andean,Holdable; Destroyable_HeavyMetal; Latch_Normal,Locksmithing,Blacksmithing,"Renaissance doors, locks and gates hardware catalogue; culture admission Andean; availability Renaissance. It does not imply a custom matched-key or hidden-lock system."
renaissance_door_car_panel_door_589,Renaissance,Renaissance,"Doors, locks & gates",door or gate,Caribbean Contact,door,a cloud oak door leaf,oak,Large,VeryGood,56400,188,Era / Renaissance Era; Functions / Household Items / Household Construction Materials; Market / Construction Materials / Worked Timber; Culture / Renaissance / Shared / Caribbean Contact,Holdable; Destroyable_Door; Door_Normal_Large,Carpentry and joinery,Carpentry,"Renaissance doors, locks and gates catalogue; culture admission Caribbean Contact; availability Renaissance. Door behaviour is limited to the attached supported component profile."
renaissance_door_car_braced_door_590,Renaissance,Renaissance,"Doors, locks & gates",door or gate,Caribbean Contact,door,a reed pine braced door,pine,Large,Good,24000,199,Era / Renaissance Era; Functions / Household Items / Household Construction Materials; Market / Construction Materials / Worked Timber; Culture / Renaissance / Shared / Caribbean Contact,Holdable; Destroyable_Door; Door_Tough_Large,Carpentry and joinery,Carpentry,"Renaissance doors, locks and gates catalogue; culture admission Caribbean Contact; availability Renaissance. Door behaviour is limited to the attached supported component profile."
renaissance_door_car_lockable_door_591,Renaissance,Renaissance,"Doors, locks & gates",door or gate,Caribbean Contact,door,a checker cedar lockable door,cedar,Large,Standard,25800,210,Era / Renaissance Era; Functions / Household Items / Household Construction Materials; Market / Construction Materials / Worked Timber; Culture / Renaissance / Shared / Caribbean Contact,Holdable; Destroyable_Door; Door_Lockable_Normal_Large,Carpentry and joinery,Carpentry,"Renaissance doors, locks and gates catalogue; culture admission Caribbean Contact; availability Renaissance. Door behaviour is limited to the attached supported component profile."
renaissance_door_car_secure_door_592,Renaissance,Renaissance,"Doors, locks & gates",door or gate,Caribbean Contact,door,a radiating teak secure door,teak,Large,Poor,27600,221,Era / Renaissance Era; Functions / Household Items / Household Construction Materials; Market / Construction Materials / Worked Timber; Culture / Renaissance / Shared / Caribbean Contact,Holdable; Destroyable_Door; Door_Lockable_Secure_Large,Carpentry and joinery,Carpentry,"Renaissance doors, locks and gates catalogue; culture admission Caribbean Contact; availability Renaissance. Door behaviour is limited to the attached supported component profile."
renaissance_door_car_shutter_593,Renaissance,Renaissance,"Doors, locks & gates",door or gate,Caribbean Contact,shutter,a sunburst wood shuttered opening,wood,Large,Standard,29400,232,Era / Renaissance Era; Functions / Household Items / Household Construction Materials; Market / Construction Materials / Worked Timber; Culture / Renaissance / Shared / Caribbean Contact,Holdable; Destroyable_Door; Door_Bad_Large,Carpentry and joinery,Carpentry,"Renaissance doors, locks and gates catalogue; culture admission Caribbean Contact; availability Renaissance. Door behaviour is limited to the attached supported component profile."
renaissance_door_car_screen_594,Renaissance,Renaissance,"Doors, locks & gates",door or gate,Caribbean Contact,screen,a knotted cedar screen door,cedar,Large,Good,31200,243,Era / Renaissance Era; Functions / Household Items / Household Construction Materials; Market / Construction Materials / Worked Timber; Culture / Renaissance / Shared / Caribbean Contact,Holdable; Destroyable_Door; Door_Bad_Large,Carpentry and joinery,Carpentry,"Renaissance doors, locks and gates catalogue; culture admission Caribbean Contact; availability Renaissance. Door behaviour is limited to the attached supported component profile."
renaissance_door_car_lattice_gate_595,Renaissance,Renaissance,"Doors, locks & gates",door or gate,Caribbean Contact,gate,a star cedar lattice gate,cedar,VeryLarge,Good,33000,254,Era / Renaissance Era; Functions / Household Items / Household Construction Materials; Market / Construction Materials / Worked Timber; Culture / Renaissance / Shared / Caribbean Contact,Holdable; Destroyable_Door; Door_Normal_Large,Carpentry and joinery,Carpentry,"Renaissance doors, locks and gates catalogue; culture admission Caribbean Contact; availability Renaissance. Door behaviour is limited to the attached supported component profile."
renaissance_door_car_courtyard_gate_596,Renaissance,Renaissance,"Doors, locks & gates",door or gate,Caribbean Contact,gate,a vine teak courtyard gate,teak,VeryLarge,Standard,34800,265,Era / Renaissance Era; Functions / Household Items / Household Construction Materials; Market / Construction Materials / Worked Timber; Culture / Renaissance / Shared / Caribbean Contact,Holdable; Destroyable_Door; Door_Lockable_Normal_Large,Carpentry and joinery,Carpentry,"Renaissance doors, locks and gates catalogue; culture admission Caribbean Contact; availability Renaissance. Door behaviour is limited to the attached supported component profile."
renaissance_door_car_warehouse_gate_597,Renaissance,Renaissance,"Doors, locks & gates",door or gate,Caribbean Contact,gate,a cloud wrought iron warehouse gate,wrought iron,VeryLarge,VeryGood,36600,276,Era / Renaissance Era; Functions / Household Items / Household Construction Materials; Market / Household Goods / Standard Wares; Culture / Renaissance / Shared / Caribbean Contact,Holdable; Destroyable_Door; Door_Lockable_Tough_Large,Carpentry and joinery,Carpentry,"Renaissance doors, locks and gates catalogue; culture admission Caribbean Contact; availability Renaissance. Door behaviour is limited to the attached supported component profile."
renaissance_door_car_garden_gate_598,Renaissance,Renaissance,"Doors, locks & gates",door or gate,Caribbean Contact,gate,a reed bronze garden gate,bronze,VeryLarge,Good,38400,287,Era / Renaissance Era; Functions / Household Items / Household Construction Materials; Market / Household Goods / Standard Wares; Culture / Renaissance / Shared / Caribbean Contact,Holdable; Destroyable_Door; Door_Normal_Large,Carpentry and joinery,Carpentry,"Renaissance doors, locks and gates catalogue; culture admission Caribbean Contact; availability Renaissance. Door behaviour is limited to the attached supported component profile."
renaissance_door_car_grille_599,Renaissance,Renaissance,"Doors, locks & gates",door or gate,Caribbean Contact,grille,a checker wrought iron metal grille,wrought iron,Large,Standard,40200,45,Era / Renaissance Era; Functions / Household Items / Household Construction Materials; Market / Household Goods / Standard Wares; Culture / Renaissance / Shared / Caribbean Contact,Holdable; Destroyable_Door; Door_Secure_Large,Carpentry and joinery,Carpentry,"Renaissance doors, locks and gates catalogue; culture admission Caribbean Contact; availability Renaissance. Door behaviour is limited to the attached supported component profile."
renaissance_door_car_barrier_600,Renaissance,Renaissance,"Doors, locks & gates",door or gate,Caribbean Contact,barrier,a radiating bronze barred barrier,bronze,Large,Poor,42000,56,Era / Renaissance Era; Functions / Household Items / Household Construction Materials; Market / Household Goods / Standard Wares; Culture / Renaissance / Shared / Caribbean Contact,Holdable; Destroyable_Door; Door_Tough_Large,Carpentry and joinery,Carpentry,"Renaissance doors, locks and gates catalogue; culture admission Caribbean Contact; availability Renaissance. Door behaviour is limited to the attached supported component profile."
renaissance_door_car_hatch_601,Renaissance,Renaissance,"Doors, locks & gates",door or gate,Caribbean Contact,hatch,a sunburst cedar service hatch,cedar,Large,Standard,43800,67,Era / Renaissance Era; Functions / Household Items / Household Construction Materials; Market / Construction Materials / Worked Timber; Culture / Renaissance / Shared / Caribbean Contact,Holdable; Destroyable_Door; Door_Lockable_Normal_Large,Carpentry and joinery,Carpentry,"Renaissance doors, locks and gates catalogue; culture admission Caribbean Contact; availability Renaissance. Door behaviour is limited to the attached supported component profile."
renaissance_door_car_wicket_602,Renaissance,Renaissance,"Doors, locks & gates",door or gate,Caribbean Contact,wicket,a knotted wrought iron wicket gate,wrought iron,Large,Good,45600,78,Era / Renaissance Era; Functions / Household Items / Household Construction Materials; Market / Household Goods / Standard Wares; Culture / Renaissance / Shared / Caribbean Contact,Holdable; Destroyable_Door; Door_Lockable_Normal_Large,Carpentry and joinery,Carpentry,"Renaissance doors, locks and gates catalogue; culture admission Caribbean Contact; availability Renaissance. Door behaviour is limited to the attached supported component profile."
renaissance_door_car_panel_door_603,Renaissance,Renaissance,"Doors, locks & gates",door or gate,Caribbean Contact,door,a star wood door leaf,wood,Large,Good,47400,89,Era / Renaissance Era; Functions / Household Items / Household Construction Materials; Market / Construction Materials / Worked Timber; Culture / Renaissance / Shared / Caribbean Contact,Holdable; Destroyable_Door; Door_Normal_Large,Carpentry and joinery,Carpentry,"Renaissance doors, locks and gates catalogue; culture admission Caribbean Contact; availability Renaissance. Door behaviour is limited to the attached supported component profile."
renaissance_door_car_braced_door_604,Renaissance,Renaissance,"Doors, locks & gates",door or gate,Caribbean Contact,door,a vine oak braced door,oak,Large,Standard,49200,100,Era / Renaissance Era; Functions / Household Items / Household Construction Materials; Market / Construction Materials / Worked Timber; Culture / Renaissance / Shared / Caribbean Contact,Holdable; Destroyable_Door; Door_Tough_Large,Carpentry and joinery,Carpentry,"Renaissance doors, locks and gates catalogue; culture admission Caribbean Contact; availability Renaissance. Door behaviour is limited to the attached supported component profile."
renaissance_door_car_lockable_door_605,Renaissance,Renaissance,"Doors, locks & gates",door or gate,Caribbean Contact,door,a cloud pine lockable door,pine,Large,VeryGood,51000,111,Era / Renaissance Era; Functions / Household Items / Household Construction Materials; Market / Construction Materials / Worked Timber; Culture / Renaissance / Shared / Caribbean Contact,Holdable; Destroyable_Door; Door_Lockable_Normal_Large,Carpentry and joinery,Carpentry,"Renaissance doors, locks and gates catalogue; culture admission Caribbean Contact; availability Renaissance. Door behaviour is limited to the attached supported component profile."
renaissance_door_car_master_warded_lock_606,Renaissance,Renaissance,"Doors, locks & gates",lock and hardware,Caribbean Contact,lock,a radiating wrought iron master warded lock,wrought iron,Small,Good,1010,135,Era / Renaissance Era; Functions / Household Items / Household Wares; Market / Household Goods / Standard Wares; Culture / Renaissance / Shared / Caribbean Contact,Holdable; Destroyable_HeavyMetal; Warded_Lock_Master,Locksmithing,Blacksmithing,"Renaissance doors, locks and gates hardware catalogue; culture admission Caribbean Contact; availability Renaissance. It does not imply a custom matched-key or hidden-lock system."
renaissance_door_car_warded_key_607,Renaissance,Renaissance,"Doors, locks & gates",lock and hardware,Caribbean Contact,key,a leaf-scroll bronze warded key,bronze,Small,Standard,1095,143,Era / Renaissance Era; Functions / Household Items / Household Wares; Market / Household Goods / Standard Wares; Culture / Renaissance / Shared / Caribbean Contact,Holdable; Destroyable_HeavyMetal; Warded_Key,Locksmithing,Blacksmithing,"Renaissance doors, locks and gates hardware catalogue; culture admission Caribbean Contact; availability Renaissance. It does not imply a custom matched-key or hidden-lock system."
renaissance_door_car_ring_key_608,Renaissance,Renaissance,"Doors, locks & gates",lock and hardware,Caribbean Contact,key,a sunburst brass ring bow key,brass,Small,Poor,1180,151,Era / Renaissance Era; Functions / Household Items / Household Wares; Market / Household Goods / Standard Wares; Culture / Renaissance / Shared / Caribbean Contact,Holdable; Destroyable_HeavyMetal; Warded_Key,Locksmithing,Blacksmithing,"Renaissance doors, locks and gates hardware catalogue; culture admission Caribbean Contact; availability Renaissance. It does not imply a custom matched-key or hidden-lock system."
renaissance_door_car_door_latch_609,Renaissance,Renaissance,"Doors, locks & gates",lock and hardware,Caribbean Contact,latch,a water-wave copper door latch,copper,Small,Standard,1265,7,Era / Renaissance Era; Functions / Household Items / Household Wares; Market / Household Goods / Standard Wares; Culture / Renaissance / Shared / Caribbean Contact,Holdable; Destroyable_HeavyMetal; Latch_Normal,Locksmithing,Blacksmithing,"Renaissance doors, locks and gates hardware catalogue; culture admission Caribbean Contact; availability Renaissance. It does not imply a custom matched-key or hidden-lock system."
renaissance_door_car_gate_dropbar_610,Renaissance,Renaissance,"Doors, locks & gates",lock and hardware,Caribbean Contact,drop bar,a knotted pewter gate drop bar,pewter,Small,Good,1350,15,Era / Renaissance Era; Functions / Household Items / Household Wares; Market / Household Goods / Standard Wares; Culture / Renaissance / Shared / Caribbean Contact,Holdable; Destroyable_HeavyMetal; Latch_Gate_DropBar,Locksmithing,Blacksmithing,"Renaissance doors, locks and gates hardware catalogue; culture admission Caribbean Contact; availability Renaissance. It does not imply a custom matched-key or hidden-lock system."
renaissance_door_car_door_bar_611,Renaissance,Renaissance,"Doors, locks & gates",lock and hardware,Caribbean Contact,bar,a flower-head wrought iron door bar,wrought iron,Small,Good,1435,23,Era / Renaissance Era; Functions / Household Items / Household Wares; Market / Household Goods / Standard Wares; Culture / Renaissance / Shared / Caribbean Contact,Holdable; Destroyable_HeavyMetal; Latch_Door_Bar,Locksmithing,Blacksmithing,"Renaissance doors, locks and gates hardware catalogue; culture admission Caribbean Contact; availability Renaissance. It does not imply a custom matched-key or hidden-lock system."
renaissance_door_car_portcullis_pawl_612,Renaissance,Renaissance,"Doors, locks & gates",lock and hardware,Caribbean Contact,pawl,a star bronze winch pawl,bronze,Small,Standard,1520,31,Era / Renaissance Era; Functions / Household Items / Household Wares; Market / Household Goods / Standard Wares; Culture / Renaissance / Shared / Caribbean Contact,Holdable; Destroyable_HeavyMetal; Latch_Portcullis_Pawl,Locksmithing,Blacksmithing,"Renaissance doors, locks and gates hardware catalogue; culture admission Caribbean Contact; availability Renaissance. It does not imply a custom matched-key or hidden-lock system."
renaissance_door_car_hasp_613,Renaissance,Renaissance,"Doors, locks & gates",lock and hardware,Caribbean Contact,hasp,a bird brass iron hasp,brass,Small,VeryGood,160,39,Era / Renaissance Era; Functions / Household Items / Household Wares; Market / Household Goods / Standard Wares; Culture / Renaissance / Shared / Caribbean Contact,Holdable; Destroyable_HeavyMetal; Latch_Container_Hasp,Locksmithing,Blacksmithing,"Renaissance doors, locks and gates hardware catalogue; culture admission Caribbean Contact; availability Renaissance. It does not imply a custom matched-key or hidden-lock system."
renaissance_door_car_hook_latch_614,Renaissance,Renaissance,"Doors, locks & gates",lock and hardware,Caribbean Contact,hook latch,a vine copper hook latch,copper,Small,Good,245,47,Era / Renaissance Era; Functions / Household Items / Household Wares; Market / Household Goods / Standard Wares; Culture / Renaissance / Shared / Caribbean Contact,Holdable; Destroyable_HeavyMetal; Latch_Container_Hook,Locksmithing,Blacksmithing,"Renaissance doors, locks and gates hardware catalogue; culture admission Caribbean Contact; availability Renaissance. It does not imply a custom matched-key or hidden-lock system."
renaissance_door_car_strike_plate_615,Renaissance,Renaissance,"Doors, locks & gates",lock and hardware,Caribbean Contact,strike plate,a geometric pewter strike plate,pewter,Small,Standard,330,55,Era / Renaissance Era; Functions / Household Items / Household Wares; Market / Household Goods / Standard Wares; Culture / Renaissance / Shared / Caribbean Contact,Holdable; Destroyable_HeavyMetal; Latch_Normal,Locksmithing,Blacksmithing,"Renaissance doors, locks and gates hardware catalogue; culture admission Caribbean Contact; availability Renaissance. It does not imply a custom matched-key or hidden-lock system."
renaissance_door_car_hinge_pair_616,Renaissance,Renaissance,"Doors, locks & gates",lock and hardware,Caribbean Contact,hinges,a cloud wrought iron hinge pair,wrought iron,Small,Poor,415,63,Era / Renaissance Era; Functions / Household Items / Household Wares; Market / Household Goods / Standard Wares; Culture / Renaissance / Shared / Caribbean Contact,Holdable; Destroyable_HeavyMetal; Latch_Normal,Locksmithing,Blacksmithing,"Renaissance doors, locks and gates hardware catalogue; culture admission Caribbean Contact; availability Renaissance. It does not imply a custom matched-key or hidden-lock system."
renaissance_door_nac_panel_door_617,Renaissance,Renaissance,"Doors, locks & gates",door or gate,North American Contact,door,a bird teak door leaf,teak,Large,Standard,38400,243,Era / Renaissance Era; Functions / Household Items / Household Construction Materials; Market / Construction Materials / Worked Timber; Culture / Renaissance / Shared / North American Contact,Holdable; Destroyable_Door; Door_Normal_Large,Carpentry and joinery,Carpentry,"Renaissance doors, locks and gates catalogue; culture admission North American Contact; availability Renaissance. Door behaviour is limited to the attached supported component profile."
renaissance_door_nac_braced_door_618,Renaissance,Renaissance,"Doors, locks & gates",door or gate,North American Contact,door,a geometric wood braced door,wood,Large,Good,40200,254,Era / Renaissance Era; Functions / Household Items / Household Construction Materials; Market / Construction Materials / Worked Timber; Culture / Renaissance / Shared / North American Contact,Holdable; Destroyable_Door; Door_Tough_Large,Carpentry and joinery,Carpentry,"Renaissance doors, locks and gates catalogue; culture admission North American Contact; availability Renaissance. Door behaviour is limited to the attached supported component profile."
renaissance_door_nac_lockable_door_619,Renaissance,Renaissance,"Doors, locks & gates",door or gate,North American Contact,door,a shell oak lockable door,oak,Large,Good,42000,265,Era / Renaissance Era; Functions / Household Items / Household Construction Materials; Market / Construction Materials / Worked Timber; Culture / Renaissance / Shared / North American Contact,Holdable; Destroyable_Door; Door_Lockable_Normal_Large,Carpentry and joinery,Carpentry,"Renaissance doors, locks and gates catalogue; culture admission North American Contact; availability Renaissance. Door behaviour is limited to the attached supported component profile."
renaissance_door_nac_secure_door_620,Renaissance,Renaissance,"Doors, locks & gates",door or gate,North American Contact,door,a rosette pine secure door,pine,Large,Standard,43800,276,Era / Renaissance Era; Functions / Household Items / Household Construction Materials; Market / Construction Materials / Worked Timber; Culture / Renaissance / Shared / North American Contact,Holdable; Destroyable_Door; Door_Lockable_Secure_Large,Carpentry and joinery,Carpentry,"Renaissance doors, locks and gates catalogue; culture admission North American Contact; availability Renaissance. Door behaviour is limited to the attached supported component profile."
renaissance_door_nac_shutter_621,Renaissance,Renaissance,"Doors, locks & gates",door or gate,North American Contact,shutter,a braided cedar shuttered opening,cedar,Large,VeryGood,45600,287,Era / Renaissance Era; Functions / Household Items / Household Construction Materials; Market / Construction Materials / Worked Timber; Culture / Renaissance / Shared / North American Contact,Holdable; Destroyable_Door; Door_Bad_Large,Carpentry and joinery,Carpentry,"Renaissance doors, locks and gates catalogue; culture admission North American Contact; availability Renaissance. Door behaviour is limited to the attached supported component profile."
renaissance_door_nac_screen_622,Renaissance,Renaissance,"Doors, locks & gates",door or gate,North American Contact,screen,a leaf-scroll wood screen door,wood,Large,Good,47400,45,Era / Renaissance Era; Functions / Household Items / Household Construction Materials; Market / Construction Materials / Worked Timber; Culture / Renaissance / Shared / North American Contact,Holdable; Destroyable_Door; Door_Bad_Large,Carpentry and joinery,Carpentry,"Renaissance doors, locks and gates catalogue; culture admission North American Contact; availability Renaissance. Door behaviour is limited to the attached supported component profile."
renaissance_door_nac_lattice_gate_623,Renaissance,Renaissance,"Doors, locks & gates",door or gate,North American Contact,gate,a water-wave bronze lattice gate,bronze,VeryLarge,Standard,49200,56,Era / Renaissance Era; Functions / Household Items / Household Construction Materials; Market / Household Goods / Standard Wares; Culture / Renaissance / Shared / North American Contact,Holdable; Destroyable_Door; Door_Normal_Large,Carpentry and joinery,Carpentry,"Renaissance doors, locks and gates catalogue; culture admission North American Contact; availability Renaissance. Door behaviour is limited to the attached supported component profile."
renaissance_door_nac_courtyard_gate_624,Renaissance,Renaissance,"Doors, locks & gates",door or gate,North American Contact,gate,a flower-head oak courtyard gate,oak,VeryLarge,Poor,51000,67,Era / Renaissance Era; Functions / Household Items / Household Construction Materials; Market / Construction Materials / Worked Timber; Culture / Renaissance / Shared / North American Contact,Holdable; Destroyable_Door; Door_Lockable_Normal_Large,Carpentry and joinery,Carpentry,"Renaissance doors, locks and gates catalogue; culture admission North American Contact; availability Renaissance. Door behaviour is limited to the attached supported component profile."
renaissance_door_nac_warehouse_gate_625,Renaissance,Renaissance,"Doors, locks & gates",door or gate,North American Contact,gate,a bird cedar warehouse gate,cedar,VeryLarge,Standard,52800,78,Era / Renaissance Era; Functions / Household Items / Household Construction Materials; Market / Construction Materials / Worked Timber; Culture / Renaissance / Shared / North American Contact,Holdable; Destroyable_Door; Door_Lockable_Tough_Large,Carpentry and joinery,Carpentry,"Renaissance doors, locks and gates catalogue; culture admission North American Contact; availability Renaissance. Door behaviour is limited to the attached supported component profile."
renaissance_door_nac_garden_gate_626,Renaissance,Renaissance,"Doors, locks & gates",door or gate,North American Contact,gate,a geometric teak garden gate,teak,VeryLarge,Good,54600,89,Era / Renaissance Era; Functions / Household Items / Household Construction Materials; Market / Construction Materials / Worked Timber; Culture / Renaissance / Shared / North American Contact,Holdable; Destroyable_Door; Door_Normal_Large,Carpentry and joinery,Carpentry,"Renaissance doors, locks and gates catalogue; culture admission North American Contact; availability Renaissance. Door behaviour is limited to the attached supported component profile."
renaissance_door_nac_grille_627,Renaissance,Renaissance,"Doors, locks & gates",door or gate,North American Contact,grille,a shell wrought iron metal grille,wrought iron,Large,Good,56400,100,Era / Renaissance Era; Functions / Household Items / Household Construction Materials; Market / Household Goods / Standard Wares; Culture / Renaissance / Shared / North American Contact,Holdable; Destroyable_Door; Door_Secure_Large,Carpentry and joinery,Carpentry,"Renaissance doors, locks and gates catalogue; culture admission North American Contact; availability Renaissance. Door behaviour is limited to the attached supported component profile."
renaissance_door_nac_barrier_628,Renaissance,Renaissance,"Doors, locks & gates",door or gate,North American Contact,barrier,a rosette bronze barred barrier,bronze,Large,Standard,24000,111,Era / Renaissance Era; Functions / Household Items / Household Construction Materials; Market / Household Goods / Standard Wares; Culture / Renaissance / Shared / North American Contact,Holdable; Destroyable_Door; Door_Tough_Large,Carpentry and joinery,Carpentry,"Renaissance doors, locks and gates catalogue; culture admission North American Contact; availability Renaissance. Door behaviour is limited to the attached supported component profile."
renaissance_door_nac_hatch_629,Renaissance,Renaissance,"Doors, locks & gates",door or gate,North American Contact,hatch,a braided oak service hatch,oak,Large,VeryGood,25800,122,Era / Renaissance Era; Functions / Household Items / Household Construction Materials; Market / Construction Materials / Worked Timber; Culture / Renaissance / Shared / North American Contact,Holdable; Destroyable_Door; Door_Lockable_Normal_Large,Carpentry and joinery,Carpentry,"Renaissance doors, locks and gates catalogue; culture admission North American Contact; availability Renaissance. Door behaviour is limited to the attached supported component profile."
renaissance_door_nac_wicket_630,Renaissance,Renaissance,"Doors, locks & gates",door or gate,North American Contact,wicket,a leaf-scroll cedar wicket gate,cedar,Large,Good,27600,133,Era / Renaissance Era; Functions / Household Items / Household Construction Materials; Market / Construction Materials / Worked Timber; Culture / Renaissance / Shared / North American Contact,Holdable; Destroyable_Door; Door_Lockable_Normal_Large,Carpentry and joinery,Carpentry,"Renaissance doors, locks and gates catalogue; culture admission North American Contact; availability Renaissance. Door behaviour is limited to the attached supported component profile."
renaissance_door_nac_panel_door_631,Renaissance,Renaissance,"Doors, locks & gates",door or gate,North American Contact,door,a water-wave cedar door leaf,cedar,Large,Standard,29400,144,Era / Renaissance Era; Functions / Household Items / Household Construction Materials; Market / Construction Materials / Worked Timber; Culture / Renaissance / Shared / North American Contact,Holdable; Destroyable_Door; Door_Normal_Large,Carpentry and joinery,Carpentry,"Renaissance doors, locks and gates catalogue; culture admission North American Contact; availability Renaissance. Door behaviour is limited to the attached supported component profile."
renaissance_door_nac_braced_door_632,Renaissance,Renaissance,"Doors, locks & gates",door or gate,North American Contact,door,a flower-head teak braced door,teak,Large,Poor,31200,155,Era / Renaissance Era; Functions / Household Items / Household Construction Materials; Market / Construction Materials / Worked Timber; Culture / Renaissance / Shared / North American Contact,Holdable; Destroyable_Door; Door_Tough_Large,Carpentry and joinery,Carpentry,"Renaissance doors, locks and gates catalogue; culture admission North American Contact; availability Renaissance. Door behaviour is limited to the attached supported component profile."
renaissance_door_nac_lockable_door_633,Renaissance,Renaissance,"Doors, locks & gates",door or gate,North American Contact,door,a bird wood lockable door,wood,Large,Standard,33000,166,Era / Renaissance Era; Functions / Household Items / Household Construction Materials; Market / Construction Materials / Worked Timber; Culture / Renaissance / Shared / North American Contact,Holdable; Destroyable_Door; Door_Lockable_Normal_Large,Carpentry and joinery,Carpentry,"Renaissance doors, locks and gates catalogue; culture admission North American Contact; availability Renaissance. Door behaviour is limited to the attached supported component profile."
renaissance_door_nac_master_warded_lock_634,Renaissance,Renaissance,"Doors, locks & gates",lock and hardware,North American Contact,lock,a star copper master warded lock,copper,Small,Good,500,55,Era / Renaissance Era; Functions / Household Items / Household Wares; Market / Household Goods / Standard Wares; Culture / Renaissance / Shared / North American Contact,Holdable; Destroyable_HeavyMetal; Warded_Lock_Master,Locksmithing,Blacksmithing,"Renaissance doors, locks and gates hardware catalogue; culture admission North American Contact; availability Renaissance. It does not imply a custom matched-key or hidden-lock system."
renaissance_door_nac_warded_key_635,Renaissance,Renaissance,"Doors, locks & gates",lock and hardware,North American Contact,key,a bird pewter warded key,pewter,Small,Good,585,63,Era / Renaissance Era; Functions / Household Items / Household Wares; Market / Household Goods / Standard Wares; Culture / Renaissance / Shared / North American Contact,Holdable; Destroyable_HeavyMetal; Warded_Key,Locksmithing,Blacksmithing,"Renaissance doors, locks and gates hardware catalogue; culture admission North American Contact; availability Renaissance. It does not imply a custom matched-key or hidden-lock system."
renaissance_door_nac_ring_key_636,Renaissance,Renaissance,"Doors, locks & gates",lock and hardware,North American Contact,key,a vine wrought iron ring bow key,wrought iron,Small,Standard,670,71,Era / Renaissance Era; Functions / Household Items / Household Wares; Market / Household Goods / Standard Wares; Culture / Renaissance / Shared / North American Contact,Holdable; Destroyable_HeavyMetal; Warded_Key,Locksmithing,Blacksmithing,"Renaissance doors, locks and gates hardware catalogue; culture admission North American Contact; availability Renaissance. It does not imply a custom matched-key or hidden-lock system."
renaissance_door_nac_door_latch_637,Renaissance,Renaissance,"Doors, locks & gates",lock and hardware,North American Contact,latch,a geometric bronze door latch,bronze,Small,VeryGood,755,79,Era / Renaissance Era; Functions / Household Items / Household Wares; Market / Household Goods / Standard Wares; Culture / Renaissance / Shared / North American Contact,Holdable; Destroyable_HeavyMetal; Latch_Normal,Locksmithing,Blacksmithing,"Renaissance doors, locks and gates hardware catalogue; culture admission North American Contact; availability Renaissance. It does not imply a custom matched-key or hidden-lock system."
renaissance_door_nac_gate_dropbar_638,Renaissance,Renaissance,"Doors, locks & gates",lock and hardware,North American Contact,drop bar,a cloud brass gate drop bar,brass,Small,Good,840,87,Era / Renaissance Era; Functions / Household Items / Household Wares; Market / Household Goods / Standard Wares; Culture / Renaissance / Shared / North American Contact,Holdable; Destroyable_HeavyMetal; Latch_Gate_DropBar,Locksmithing,Blacksmithing,"Renaissance doors, locks and gates hardware catalogue; culture admission North American Contact; availability Renaissance. It does not imply a custom matched-key or hidden-lock system."
renaissance_door_nac_door_bar_639,Renaissance,Renaissance,"Doors, locks & gates",lock and hardware,North American Contact,bar,a shell copper door bar,copper,Small,Standard,925,95,Era / Renaissance Era; Functions / Household Items / Household Wares; Market / Household Goods / Standard Wares; Culture / Renaissance / Shared / North American Contact,Holdable; Destroyable_HeavyMetal; Latch_Door_Bar,Locksmithing,Blacksmithing,"Renaissance doors, locks and gates hardware catalogue; culture admission North American Contact; availability Renaissance. It does not imply a custom matched-key or hidden-lock system."
renaissance_door_nac_portcullis_pawl_640,Renaissance,Renaissance,"Doors, locks & gates",lock and hardware,North American Contact,pawl,a reed pewter winch pawl,pewter,Small,Poor,1010,103,Era / Renaissance Era; Functions / Household Items / Household Wares; Market / Household Goods / Standard Wares; Culture / Renaissance / Shared / North American Contact,Holdable; Destroyable_HeavyMetal; Latch_Portcullis_Pawl,Locksmithing,Blacksmithing,"Renaissance doors, locks and gates hardware catalogue; culture admission North American Contact; availability Renaissance. It does not imply a custom matched-key or hidden-lock system."
renaissance_door_nac_hasp_641,Renaissance,Renaissance,"Doors, locks & gates",lock and hardware,North American Contact,hasp,a rosette wrought iron iron hasp,wrought iron,Small,Standard,1095,111,Era / Renaissance Era; Functions / Household Items / Household Wares; Market / Household Goods / Standard Wares; Culture / Renaissance / Shared / North American Contact,Holdable; Destroyable_HeavyMetal; Latch_Container_Hasp,Locksmithing,Blacksmithing,"Renaissance doors, locks and gates hardware catalogue; culture admission North American Contact; availability Renaissance. It does not imply a custom matched-key or hidden-lock system."
renaissance_door_nac_hook_latch_642,Renaissance,Renaissance,"Doors, locks & gates",lock and hardware,North American Contact,hook latch,a checker bronze hook latch,bronze,Small,Good,1180,119,Era / Renaissance Era; Functions / Household Items / Household Wares; Market / Household Goods / Standard Wares; Culture / Renaissance / Shared / North American Contact,Holdable; Destroyable_HeavyMetal; Latch_Container_Hook,Locksmithing,Blacksmithing,"Renaissance doors, locks and gates hardware catalogue; culture admission North American Contact; availability Renaissance. It does not imply a custom matched-key or hidden-lock system."
renaissance_door_nac_strike_plate_643,Renaissance,Renaissance,"Doors, locks & gates",lock and hardware,North American Contact,strike plate,a braided brass strike plate,brass,Small,Good,1265,127,Era / Renaissance Era; Functions / Household Items / Household Wares; Market / Household Goods / Standard Wares; Culture / Renaissance / Shared / North American Contact,Holdable; Destroyable_HeavyMetal; Latch_Normal,Locksmithing,Blacksmithing,"Renaissance doors, locks and gates hardware catalogue; culture admission North American Contact; availability Renaissance. It does not imply a custom matched-key or hidden-lock system."
renaissance_door_nac_hinge_pair_644,Renaissance,Renaissance,"Doors, locks & gates",lock and hardware,North American Contact,hinges,a radiating copper hinge pair,copper,Small,Standard,1350,135,Era / Renaissance Era; Functions / Household Items / Household Wares; Market / Household Goods / Standard Wares; Culture / Renaissance / Shared / North American Contact,Holdable; Destroyable_HeavyMetal; Latch_Normal,Locksmithing,Blacksmithing,"Renaissance doors, locks and gates hardware catalogue; culture admission North American Contact; availability Renaissance. It does not imply a custom matched-key or hidden-lock system."
renaissance_door_col_panel_door_645,Renaissance,Renaissance,"Doors, locks & gates",door or gate,Colonial Atlantic,door,a cloud pine door leaf,pine,Large,VeryGood,54600,45,Era / Renaissance Era; Functions / Household Items / Household Construction Materials; Market / Construction Materials / Worked Timber; Culture / Renaissance / Shared / Colonial Atlantic,Holdable; Destroyable_Door; Door_Normal_Large,Carpentry and joinery,Carpentry,"Renaissance doors, locks and gates catalogue; culture admission Colonial Atlantic; availability Renaissance. Door behaviour is limited to the attached supported component profile."
renaissance_door_col_braced_door_646,Renaissance,Renaissance,"Doors, locks & gates",door or gate,Colonial Atlantic,door,a reed cedar braced door,cedar,Large,Good,56400,56,Era / Renaissance Era; Functions / Household Items / Household Construction Materials; Market / Construction Materials / Worked Timber; Culture / Renaissance / Shared / Colonial Atlantic,Holdable; Destroyable_Door; Door_Tough_Large,Carpentry and joinery,Carpentry,"Renaissance doors, locks and gates catalogue; culture admission Colonial Atlantic; availability Renaissance. Door behaviour is limited to the attached supported component profile."
renaissance_door_col_lockable_door_647,Renaissance,Renaissance,"Doors, locks & gates",door or gate,Colonial Atlantic,door,a checker teak lockable door,teak,Large,Standard,24000,67,Era / Renaissance Era; Functions / Household Items / Household Construction Materials; Market / Construction Materials / Worked Timber; Culture / Renaissance / Shared / Colonial Atlantic,Holdable; Destroyable_Door; Door_Lockable_Normal_Large,Carpentry and joinery,Carpentry,"Renaissance doors, locks and gates catalogue; culture admission Colonial Atlantic; availability Renaissance. Door behaviour is limited to the attached supported component profile."
renaissance_door_col_secure_door_648,Renaissance,Renaissance,"Doors, locks & gates",door or gate,Colonial Atlantic,door,a radiating wood secure door,wood,Large,Poor,25800,78,Era / Renaissance Era; Functions / Household Items / Household Construction Materials; Market / Construction Materials / Worked Timber; Culture / Renaissance / Shared / Colonial Atlantic,Holdable; Destroyable_Door; Door_Lockable_Secure_Large,Carpentry and joinery,Carpentry,"Renaissance doors, locks and gates catalogue; culture admission Colonial Atlantic; availability Renaissance. Door behaviour is limited to the attached supported component profile."
renaissance_door_col_shutter_649,Renaissance,Renaissance,"Doors, locks & gates",door or gate,Colonial Atlantic,shutter,a sunburst oak shuttered opening,oak,Large,Standard,27600,89,Era / Renaissance Era; Functions / Household Items / Household Construction Materials; Market / Construction Materials / Worked Timber; Culture / Renaissance / Shared / Colonial Atlantic,Holdable; Destroyable_Door; Door_Bad_Large,Carpentry and joinery,Carpentry,"Renaissance doors, locks and gates catalogue; culture admission Colonial Atlantic; availability Renaissance. Door behaviour is limited to the attached supported component profile."
renaissance_door_col_screen_650,Renaissance,Renaissance,"Doors, locks & gates",door or gate,Colonial Atlantic,screen,a knotted cedar screen door,cedar,Large,Good,29400,100,Era / Renaissance Era; Functions / Household Items / Household Construction Materials; Market / Construction Materials / Worked Timber; Culture / Renaissance / Shared / Colonial Atlantic,Holdable; Destroyable_Door; Door_Bad_Large,Carpentry and joinery,Carpentry,"Renaissance doors, locks and gates catalogue; culture admission Colonial Atlantic; availability Renaissance. Door behaviour is limited to the attached supported component profile."
renaissance_door_col_lattice_gate_651,Renaissance,Renaissance,"Doors, locks & gates",door or gate,Colonial Atlantic,gate,a star teak lattice gate,teak,VeryLarge,Good,31200,111,Era / Renaissance Era; Functions / Household Items / Household Construction Materials; Market / Construction Materials / Worked Timber; Culture / Renaissance / Shared / Colonial Atlantic,Holdable; Destroyable_Door; Door_Normal_Large,Carpentry and joinery,Carpentry,"Renaissance doors, locks and gates catalogue; culture admission Colonial Atlantic; availability Renaissance. Door behaviour is limited to the attached supported component profile."
renaissance_door_col_courtyard_gate_652,Renaissance,Renaissance,"Doors, locks & gates",door or gate,Colonial Atlantic,gate,a vine wrought iron courtyard gate,wrought iron,VeryLarge,Standard,33000,122,Era / Renaissance Era; Functions / Household Items / Household Construction Materials; Market / Household Goods / Standard Wares; Culture / Renaissance / Shared / Colonial Atlantic,Holdable; Destroyable_Door; Door_Lockable_Normal_Large,Carpentry and joinery,Carpentry,"Renaissance doors, locks and gates catalogue; culture admission Colonial Atlantic; availability Renaissance. Door behaviour is limited to the attached supported component profile."
renaissance_door_col_warehouse_gate_653,Renaissance,Renaissance,"Doors, locks & gates",door or gate,Colonial Atlantic,gate,a cloud bronze warehouse gate,bronze,VeryLarge,VeryGood,34800,133,Era / Renaissance Era; Functions / Household Items / Household Construction Materials; Market / Household Goods / Standard Wares; Culture / Renaissance / Shared / Colonial Atlantic,Holdable; Destroyable_Door; Door_Lockable_Tough_Large,Carpentry and joinery,Carpentry,"Renaissance doors, locks and gates catalogue; culture admission Colonial Atlantic; availability Renaissance. Door behaviour is limited to the attached supported component profile."
renaissance_door_col_garden_gate_654,Renaissance,Renaissance,"Doors, locks & gates",door or gate,Colonial Atlantic,gate,a reed oak garden gate,oak,VeryLarge,Good,36600,144,Era / Renaissance Era; Functions / Household Items / Household Construction Materials; Market / Construction Materials / Worked Timber; Culture / Renaissance / Shared / Colonial Atlantic,Holdable; Destroyable_Door; Door_Normal_Large,Carpentry and joinery,Carpentry,"Renaissance doors, locks and gates catalogue; culture admission Colonial Atlantic; availability Renaissance. Door behaviour is limited to the attached supported component profile."
renaissance_door_col_grille_655,Renaissance,Renaissance,"Doors, locks & gates",door or gate,Colonial Atlantic,grille,a checker brass metal grille,brass,Large,Standard,38400,155,Era / Renaissance Era; Functions / Household Items / Household Construction Materials; Market / Household Goods / Standard Wares; Culture / Renaissance / Shared / Colonial Atlantic,Holdable; Destroyable_Door; Door_Secure_Large,Carpentry and joinery,Carpentry,"Renaissance doors, locks and gates catalogue; culture admission Colonial Atlantic; availability Renaissance. Door behaviour is limited to the attached supported component profile."
renaissance_door_col_barrier_656,Renaissance,Renaissance,"Doors, locks & gates",door or gate,Colonial Atlantic,barrier,a radiating wrought iron barred barrier,wrought iron,Large,Poor,40200,166,Era / Renaissance Era; Functions / Household Items / Household Construction Materials; Market / Household Goods / Standard Wares; Culture / Renaissance / Shared / Colonial Atlantic,Holdable; Destroyable_Door; Door_Tough_Large,Carpentry and joinery,Carpentry,"Renaissance doors, locks and gates catalogue; culture admission Colonial Atlantic; availability Renaissance. Door behaviour is limited to the attached supported component profile."
renaissance_door_col_hatch_657,Renaissance,Renaissance,"Doors, locks & gates",door or gate,Colonial Atlantic,hatch,a sunburst teak service hatch,teak,Large,Standard,42000,177,Era / Renaissance Era; Functions / Household Items / Household Construction Materials; Market / Construction Materials / Worked Timber; Culture / Renaissance / Shared / Colonial Atlantic,Holdable; Destroyable_Door; Door_Lockable_Normal_Large,Carpentry and joinery,Carpentry,"Renaissance doors, locks and gates catalogue; culture admission Colonial Atlantic; availability Renaissance. Door behaviour is limited to the attached supported component profile."
renaissance_door_col_wicket_658,Renaissance,Renaissance,"Doors, locks & gates",door or gate,Colonial Atlantic,wicket,a knotted bronze wicket gate,bronze,Large,Good,43800,188,Era / Renaissance Era; Functions / Household Items / Household Construction Materials; Market / Household Goods / Standard Wares; Culture / Renaissance / Shared / Colonial Atlantic,Holdable; Destroyable_Door; Door_Lockable_Normal_Large,Carpentry and joinery,Carpentry,"Renaissance doors, locks and gates catalogue; culture admission Colonial Atlantic; availability Renaissance. Door behaviour is limited to the attached supported component profile."
renaissance_door_col_panel_door_659,Renaissance,Renaissance,"Doors, locks & gates",door or gate,Colonial Atlantic,door,a star oak door leaf,oak,Large,Good,45600,199,Era / Renaissance Era; Functions / Household Items / Household Construction Materials; Market / Construction Materials / Worked Timber; Culture / Renaissance / Shared / Colonial Atlantic,Holdable; Destroyable_Door; Door_Normal_Large,Carpentry and joinery,Carpentry,"Renaissance doors, locks and gates catalogue; culture admission Colonial Atlantic; availability Renaissance. Door behaviour is limited to the attached supported component profile."
renaissance_door_col_braced_door_660,Renaissance,Renaissance,"Doors, locks & gates",door or gate,Colonial Atlantic,door,a vine pine braced door,pine,Large,Standard,47400,210,Era / Renaissance Era; Functions / Household Items / Household Construction Materials; Market / Construction Materials / Worked Timber; Culture / Renaissance / Shared / Colonial Atlantic,Holdable; Destroyable_Door; Door_Tough_Large,Carpentry and joinery,Carpentry,"Renaissance doors, locks and gates catalogue; culture admission Colonial Atlantic; availability Renaissance. Door behaviour is limited to the attached supported component profile."
renaissance_door_col_lockable_door_661,Renaissance,Renaissance,"Doors, locks & gates",door or gate,Colonial Atlantic,door,a cloud cedar lockable door,cedar,Large,VeryGood,49200,221,Era / Renaissance Era; Functions / Household Items / Household Construction Materials; Market / Construction Materials / Worked Timber; Culture / Renaissance / Shared / Colonial Atlantic,Holdable; Destroyable_Door; Door_Lockable_Normal_Large,Carpentry and joinery,Carpentry,"Renaissance doors, locks and gates catalogue; culture admission Colonial Atlantic; availability Renaissance. Door behaviour is limited to the attached supported component profile."
renaissance_door_col_master_warded_lock_662,Renaissance,Renaissance,"Doors, locks & gates",lock and hardware,Colonial Atlantic,lock,a vine bronze master warded lock,bronze,Small,Good,1435,127,Era / Renaissance Era; Functions / Household Items / Household Wares; Market / Household Goods / Standard Wares; Culture / Renaissance / Shared / Colonial Atlantic,Holdable; Destroyable_HeavyMetal; Warded_Lock_Master,Locksmithing,Blacksmithing,"Renaissance doors, locks and gates hardware catalogue; culture admission Colonial Atlantic; availability Renaissance. It does not imply a custom matched-key or hidden-lock system."
renaissance_door_col_warded_key_663,Renaissance,Renaissance,"Doors, locks & gates",lock and hardware,Colonial Atlantic,key,a geometric brass warded key,brass,Small,Standard,1520,135,Era / Renaissance Era; Functions / Household Items / Household Wares; Market / Household Goods / Standard Wares; Culture / Renaissance / Shared / Colonial Atlantic,Holdable; Destroyable_HeavyMetal; Warded_Key,Locksmithing,Blacksmithing,"Renaissance doors, locks and gates hardware catalogue; culture admission Colonial Atlantic; availability Renaissance. It does not imply a custom matched-key or hidden-lock system."
renaissance_door_col_ring_key_664,Renaissance,Renaissance,"Doors, locks & gates",lock and hardware,Colonial Atlantic,key,a cloud copper ring bow key,copper,Small,Poor,160,143,Era / Renaissance Era; Functions / Household Items / Household Wares; Market / Household Goods / Standard Wares; Culture / Renaissance / Shared / Colonial Atlantic,Holdable; Destroyable_HeavyMetal; Warded_Key,Locksmithing,Blacksmithing,"Renaissance doors, locks and gates hardware catalogue; culture admission Colonial Atlantic; availability Renaissance. It does not imply a custom matched-key or hidden-lock system."
renaissance_door_col_door_latch_665,Renaissance,Renaissance,"Doors, locks & gates",lock and hardware,Colonial Atlantic,latch,a shell pewter door latch,pewter,Small,Standard,245,151,Era / Renaissance Era; Functions / Household Items / Household Wares; Market / Household Goods / Standard Wares; Culture / Renaissance / Shared / Colonial Atlantic,Holdable; Destroyable_HeavyMetal; Latch_Normal,Locksmithing,Blacksmithing,"Renaissance doors, locks and gates hardware catalogue; culture admission Colonial Atlantic; availability Renaissance. It does not imply a custom matched-key or hidden-lock system."
renaissance_door_col_gate_dropbar_666,Renaissance,Renaissance,"Doors, locks & gates",lock and hardware,Colonial Atlantic,drop bar,a reed wrought iron gate drop bar,wrought iron,Small,Good,330,7,Era / Renaissance Era; Functions / Household Items / Household Wares; Market / Household Goods / Standard Wares; Culture / Renaissance / Shared / Colonial Atlantic,Holdable; Destroyable_HeavyMetal; Latch_Gate_DropBar,Locksmithing,Blacksmithing,"Renaissance doors, locks and gates hardware catalogue; culture admission Colonial Atlantic; availability Renaissance. It does not imply a custom matched-key or hidden-lock system."
renaissance_door_col_door_bar_667,Renaissance,Renaissance,"Doors, locks & gates",lock and hardware,Colonial Atlantic,bar,a rosette bronze door bar,bronze,Small,Good,415,15,Era / Renaissance Era; Functions / Household Items / Household Wares; Market / Household Goods / Standard Wares; Culture / Renaissance / Shared / Colonial Atlantic,Holdable; Destroyable_HeavyMetal; Latch_Door_Bar,Locksmithing,Blacksmithing,"Renaissance doors, locks and gates hardware catalogue; culture admission Colonial Atlantic; availability Renaissance. It does not imply a custom matched-key or hidden-lock system."
renaissance_door_col_portcullis_pawl_668,Renaissance,Renaissance,"Doors, locks & gates",lock and hardware,Colonial Atlantic,pawl,a checker brass winch pawl,brass,Small,Standard,500,23,Era / Renaissance Era; Functions / Household Items / Household Wares; Market / Household Goods / Standard Wares; Culture / Renaissance / Shared / Colonial Atlantic,Holdable; Destroyable_HeavyMetal; Latch_Portcullis_Pawl,Locksmithing,Blacksmithing,"Renaissance doors, locks and gates hardware catalogue; culture admission Colonial Atlantic; availability Renaissance. It does not imply a custom matched-key or hidden-lock system."
renaissance_door_col_hasp_669,Renaissance,Renaissance,"Doors, locks & gates",lock and hardware,Colonial Atlantic,hasp,a braided copper iron hasp,copper,Small,VeryGood,585,31,Era / Renaissance Era; Functions / Household Items / Household Wares; Market / Household Goods / Standard Wares; Culture / Renaissance / Shared / Colonial Atlantic,Holdable; Destroyable_HeavyMetal; Latch_Container_Hasp,Locksmithing,Blacksmithing,"Renaissance doors, locks and gates hardware catalogue; culture admission Colonial Atlantic; availability Renaissance. It does not imply a custom matched-key or hidden-lock system."
renaissance_door_col_hook_latch_670,Renaissance,Renaissance,"Doors, locks & gates",lock and hardware,Colonial Atlantic,hook latch,a radiating pewter hook latch,pewter,Small,Good,670,39,Era / Renaissance Era; Functions / Household Items / Household Wares; Market / Household Goods / Standard Wares; Culture / Renaissance / Shared / Colonial Atlantic,Holdable; Destroyable_HeavyMetal; Latch_Container_Hook,Locksmithing,Blacksmithing,"Renaissance doors, locks and gates hardware catalogue; culture admission Colonial Atlantic; availability Renaissance. It does not imply a custom matched-key or hidden-lock system."
