StableReference	LongDescription	FullDescription
renaissance_trade_western_counting_house_merchant_till_chest		The walnut merchant's till chest is built chiefly from walnut, with a deliberate silhouette and carefully fitted edges. The walnut grain is visible along its boards and braces, with the exposed edges burnished smooth. A close-fitting top or flap sits over the compact compartment, while the corners are reinforced for regular handling. Subtle changes in sheen around the joins make the separate pieces and their careful fitting visible, in keeping with the western counting house setting.
renaissance_trade_western_counting_house_exchange_bill_coffer		The wax-sealable exchange-bill coffer is built chiefly from oak, with a deliberate silhouette and carefully fitted edges. The oak grain is visible along its boards and braces, with the exposed edges burnished smooth. A close-fitting top or flap sits over the compact compartment, while the corners are reinforced for regular handling. Its corners show small signs of fitting and repair, lending the surface a convincing history of use, in keeping with the western counting house setting.
renaissance_trade_western_counting_house_cloth_sample_case		The fitted cloth-sample case is built chiefly from walnut, with a deliberate silhouette and carefully fitted edges. The walnut grain is visible along its boards and braces, with the exposed edges burnished smooth. A close-fitting top or flap sits over the compact compartment, while the corners are reinforced for regular handling. Small tool marks remain at the less-visible edges, while the parts handled most often have been polished smooth, in keeping with the western counting house setting.
renaissance_trade_western_counting_house_coin_weight_casket		The brass-fitted coin-weight casket is built chiefly from boxwood, with a deliberate silhouette and carefully fitted edges. The boxwood grain is visible along its boards and braces, with the exposed edges burnished smooth. Its compartment is bordered by fitted panels, open shelving, or a lined interior, with the accessible edges worn smooth. Small tool marks remain at the less-visible edges, while the parts handled most often have been polished smooth, in keeping with the western counting house setting.
renaissance_trade_western_counting_house_correspondence_chest		The shallow correspondence chest is built chiefly from cedar, with a deliberate silhouette and carefully fitted edges. The cedar grain is visible along its boards and braces, with the exposed edges burnished smooth. A close-fitting top or flap sits over the compact compartment, while the corners are reinforced for regular handling. Subtle changes in sheen around the joins make the separate pieces and their careful fitting visible, in keeping with the western counting house setting.
renaissance_furniture_western_counting_house_counting_table	A broad walnut counting table is positioned here, its walnut surfaces contributing a practical presence to the room.	The broad walnut counting table is built chiefly from walnut, with a deliberate silhouette and carefully fitted edges. The walnut grain is visible along its boards and braces, with the exposed edges burnished smooth. The working surface is carried on a braced base, leaving a clear top above and sturdy supports below. Small tool marks remain at the less-visible edges, while the parts handled most often have been polished smooth, in keeping with the western counting house setting.
renaissance_furniture_western_counting_house_ledger_bookcase	A tall merchant's ledger bookcase is positioned here, its oak surfaces contributing a practical presence to the room.	The tall merchant's ledger bookcase is built chiefly from oak, with a deliberate silhouette and carefully fitted edges. The oak grain is visible along its boards and braces, with the exposed edges burnished smooth. The upright body is broken into doors, panels, or shelves, with a firm plinth keeping the stored contents above the floor. Its corners show small signs of fitting and repair, lending the surface a convincing history of use, in keeping with the western counting house setting.
renaissance_furniture_western_counting_house_account_cupboard	A panelled account cupboard is positioned here, its walnut surfaces contributing a practical presence to the room.	The panelled account cupboard is built chiefly from walnut, with a deliberate silhouette and carefully fitted edges. The walnut grain is visible along its boards and braces, with the exposed edges burnished smooth. The upright body is broken into doors, panels, or shelves, with a firm plinth keeping the stored contents above the floor. Subtle changes in sheen around the joins make the separate pieces and their careful fitting visible, in keeping with the western counting house setting.
renaissance_furniture_western_counting_house_sample_display_shelves	A tiered sample-display shelf is positioned here, its oak surfaces contributing a practical presence to the room.	The tiered sample-display shelf is built chiefly from oak, with a deliberate silhouette and carefully fitted edges. The oak grain is visible along its boards and braces, with the exposed edges burnished smooth. The raised supporting faces are kept level and open, allowing the displayed form to remain plainly visible. Subtle changes in sheen around the joins make the separate pieces and their careful fitting visible, in keeping with the western counting house setting.
renaissance_furniture_western_counting_house_strongbox_bench	A lockroom coffer bench is positioned here, its oak surfaces contributing a practical presence to the room.	The lockroom coffer bench is built chiefly from oak, with a deliberate silhouette and carefully fitted edges. The oak grain is visible along its boards and braces, with the exposed edges burnished smooth. A close-fitting top or flap sits over the compact compartment, while the corners are reinforced for regular handling. Its corners show small signs of fitting and repair, lending the surface a convincing history of use, in keeping with the western counting house setting.
renaissance_personal_western_counting_house_cashiers_purse		The divided cashier's waist purse is built chiefly from leather, with a deliberate silhouette and carefully fitted edges. The leather is cut neatly and secured wherever it meets the reinforced edges of the form. A close-fitting top or flap sits over the compact compartment, while the corners are reinforced for regular handling. Subtle changes in sheen around the joins make the separate pieces and their careful fitting visible, in keeping with the western counting house setting.
renaissance_personal_western_counting_house_seal_case		The fitted merchant-seal belt case is built chiefly from leather, with a deliberate silhouette and carefully fitted edges. The leather is cut neatly and secured wherever it meets the reinforced edges of the form. A close-fitting top or flap sits over the compact compartment, while the corners are reinforced for regular handling. Subtle changes in sheen around the joins make the separate pieces and their careful fitting visible, in keeping with the western counting house setting.
renaissance_personal_western_counting_house_account_satchel		The flap-front account satchel is built chiefly from leather, with a deliberate silhouette and carefully fitted edges. The leather is cut neatly and secured wherever it meets the reinforced edges of the form. A close-fitting top or flap sits over the compact compartment, while the corners are reinforced for regular handling. Subtle changes in sheen around the joins make the separate pieces and their careful fitting visible, in keeping with the western counting house setting.
renaissance_personal_western_counting_house_sample_wallet		The folding cloth-sample wallet is built chiefly from linen, with a deliberate silhouette and carefully fitted edges. The linen is cut neatly and secured wherever it meets the reinforced edges of the form. Its compartment is bordered by fitted panels, open shelving, or a lined interior, with the accessible edges worn smooth. Small tool marks remain at the less-visible edges, while the parts handled most often have been polished smooth, in keeping with the western counting house setting.
renaissance_domestic_western_counting_house_venetian_beaker		The clear ribbed glass beaker is built chiefly from soda-lime glass, with a deliberate silhouette and carefully fitted edges. The soda-lime glass is gathered more thickly at the rim and base, giving the form a deliberate hand-made weight. A smoothed rim and weighted base give the vessel a stable, practical form for repeated domestic service. The visible faces are finished with restraint, allowing the material and its construction to remain easy to read, in keeping with the western counting house setting.
renaissance_domestic_western_counting_house_pewter_plate		The broad pewter dining plate is built chiefly from pewter, with a deliberate silhouette and carefully fitted edges. The pewter is worked into shallow planes and firm edges that catch the light without appearing machine-finished. Its compartment is bordered by fitted panels, open shelving, or a lined interior, with the accessible edges worn smooth. Subtle changes in sheen around the joins make the separate pieces and their careful fitting visible, in keeping with the western counting house setting.
renaissance_domestic_western_counting_house_painted_bowl		The painted faience table bowl is built chiefly from faience, with a deliberate silhouette and carefully fitted edges. The faience surface is worked into clear planes and finished carefully around the principal edges. The working surface is carried on a braced base, leaving a clear top above and sturdy supports below. Subtle changes in sheen around the joins make the separate pieces and their careful fitting visible, in keeping with the western counting house setting.
renaissance_domestic_western_counting_house_brass_ewer		The slender hammered brass ewer is built chiefly from brass, with a deliberate silhouette and carefully fitted edges. The brass is worked into shallow planes and firm edges that catch the light without appearing machine-finished. A smoothed rim and weighted base give the vessel a stable, practical form for repeated domestic service. Its corners show small signs of fitting and repair, lending the surface a convincing history of use, in keeping with the western counting house setting.
renaissance_domestic_western_counting_house_counting_room_tray		The narrow walnut refreshment tray is built chiefly from walnut, with a deliberate silhouette and carefully fitted edges. The walnut grain is visible along its boards and braces, with the exposed edges burnished smooth. Its compartment is bordered by fitted panels, open shelving, or a lined interior, with the accessible edges worn smooth. Small tool marks remain at the less-visible edges, while the parts handled most often have been polished smooth, in keeping with the western counting house setting.
renaissance_domestic_western_counting_house_merchant_salt_box		The compartmented merchant's salt box is built chiefly from boxwood, with a deliberate silhouette and carefully fitted edges. The boxwood grain is visible along its boards and braces, with the exposed edges burnished smooth. A close-fitting top or flap sits over the compact compartment, while the corners are reinforced for regular handling. Its corners show small signs of fitting and repair, lending the surface a convincing history of use, in keeping with the western counting house setting.
renaissance_trade_civic_guild_civic_till_chest		The civic dues till chest is built chiefly from oak, with a deliberate silhouette and carefully fitted edges. The oak grain is visible along its boards and braces, with the exposed edges burnished smooth. A close-fitting top or flap sits over the compact compartment, while the corners are reinforced for regular handling. Its corners show small signs of fitting and repair, lending the surface a convincing history of use, in keeping with the civic guild civic setting.
renaissance_trade_civic_guild_seal_register_coffer		The wax-sealable seal-register coffer is built chiefly from oak, with a deliberate silhouette and carefully fitted edges. The oak grain is visible along its boards and braces, with the exposed edges burnished smooth. A close-fitting top or flap sits over the compact compartment, while the corners are reinforced for regular handling. Small tool marks remain at the less-visible edges, while the parts handled most often have been polished smooth, in keeping with the civic guild seal setting.
renaissance_trade_civic_guild_standard_weight_box		The fitted standard-weight box is built chiefly from brass, with a deliberate silhouette and carefully fitted edges. The brass is worked into shallow planes and firm edges that catch the light without appearing machine-finished. A close-fitting top or flap sits over the compact compartment, while the corners are reinforced for regular handling. Its corners show small signs of fitting and repair, lending the surface a convincing history of use, in keeping with the civic guild standard setting.
renaissance_trade_civic_guild_charter_packet_chest		The shallow charter-packet chest is built chiefly from walnut, with a deliberate silhouette and carefully fitted edges. The walnut grain is visible along its boards and braces, with the exposed edges burnished smooth. A close-fitting top or flap sits over the compact compartment, while the corners are reinforced for regular handling. The visible faces are finished with restraint, allowing the material and its construction to remain easy to read, in keeping with the civic guild charter setting.
renaissance_trade_civic_guild_customs_sample_case		The divided customs sample case is built chiefly from beech, with a deliberate silhouette and carefully fitted edges. The beech surface is worked into clear planes and finished carefully around the principal edges. A close-fitting top or flap sits over the compact compartment, while the corners are reinforced for regular handling. The visible faces are finished with restraint, allowing the material and its construction to remain easy to read, in keeping with the civic guild customs setting.
renaissance_furniture_civic_guild_charter_cupboard	A deep charter cupboard is positioned here, its oak surfaces contributing a practical presence to the room.	The deep charter cupboard is built chiefly from oak, with a deliberate silhouette and carefully fitted edges. The oak grain is visible along its boards and braces, with the exposed edges burnished smooth. The upright body is broken into doors, panels, or shelves, with a firm plinth keeping the stored contents above the floor. Its corners show small signs of fitting and repair, lending the surface a convincing history of use, in keeping with the civic guild charter setting.
renaissance_furniture_civic_guild_counting_table	A six-place guild counting table is positioned here, its oak surfaces contributing a practical presence to the room.	The six-place guild counting table is built chiefly from oak, with a deliberate silhouette and carefully fitted edges. The oak grain is visible along its boards and braces, with the exposed edges burnished smooth. The working surface is carried on a braced base, leaving a clear top above and sturdy supports below. The visible faces are finished with restraint, allowing the material and its construction to remain easy to read, in keeping with the civic guild counting setting.
renaissance_furniture_civic_guild_municipal_bookcase	A tall municipal record bookcase is positioned here, its oak surfaces contributing a practical presence to the room.	The tall municipal record bookcase is built chiefly from oak, with a deliberate silhouette and carefully fitted edges. The oak grain is visible along its boards and braces, with the exposed edges burnished smooth. The upright body is broken into doors, panels, or shelves, with a firm plinth keeping the stored contents above the floor. Its corners show small signs of fitting and repair, lending the surface a convincing history of use, in keeping with the civic guild municipal setting.
renaissance_furniture_civic_guild_standard_measure_shelves	A fitted standard-measure shelf is positioned here, its oak surfaces contributing a practical presence to the room.	The fitted standard-measure shelf is built chiefly from oak, with a deliberate silhouette and carefully fitted edges. The oak grain is visible along its boards and braces, with the exposed edges burnished smooth. The raised supporting faces are kept level and open, allowing the displayed form to remain plainly visible. Subtle changes in sheen around the joins make the separate pieces and their careful fitting visible, in keeping with the civic guild standard setting.
renaissance_furniture_civic_guild_seal_office_sideboard	A panelled seal-office sideboard is positioned here, its walnut surfaces contributing a practical presence to the room.	The panelled seal-office sideboard is built chiefly from walnut, with a deliberate silhouette and carefully fitted edges. The walnut grain is visible along its boards and braces, with the exposed edges burnished smooth. The broad face is bordered by a simple frame, leaving its marks and divisions clear from across a furnished room. Its corners show small signs of fitting and repair, lending the surface a convincing history of use, in keeping with the civic guild seal setting.
renaissance_personal_civic_guild_clerks_document_pouch		The clerk's beltable document pouch is built chiefly from leather, with a deliberate silhouette and carefully fitted edges. The leather is cut neatly and secured wherever it meets the reinforced edges of the form. The working surface is carried on a braced base, leaving a clear top above and sturdy supports below. Its corners show small signs of fitting and repair, lending the surface a convincing history of use, in keeping with the civic guild clerks setting.
renaissance_personal_civic_guild_seal_officers_case		The brass-mounted seal officer's case is built chiefly from leather, with a deliberate silhouette and carefully fitted edges. The leather is cut neatly and secured wherever it meets the reinforced edges of the form. A close-fitting top or flap sits over the compact compartment, while the corners are reinforced for regular handling. Its corners show small signs of fitting and repair, lending the surface a convincing history of use, in keeping with the civic guild seal setting.
renaissance_personal_civic_guild_tally_satchel		The stout civic tally satchel is built chiefly from canvas, with a deliberate silhouette and carefully fitted edges. The canvas surface is worked into clear planes and finished carefully around the principal edges. A close-fitting top or flap sits over the compact compartment, while the corners are reinforced for regular handling. Small tool marks remain at the less-visible edges, while the parts handled most often have been polished smooth, in keeping with the civic guild tally setting.
renaissance_personal_civic_guild_fee_purse		The reinforced fee-collector's purse is built chiefly from leather, with a deliberate silhouette and carefully fitted edges. The leather is cut neatly and secured wherever it meets the reinforced edges of the form. A close-fitting top or flap sits over the compact compartment, while the corners are reinforced for regular handling. The visible faces are finished with restraint, allowing the material and its construction to remain easy to read, in keeping with the civic guild fee setting.
renaissance_domestic_civic_guild_tankard		The broad pewter guild tankard is built chiefly from pewter, with a deliberate silhouette and carefully fitted edges. The pewter is worked into shallow planes and firm edges that catch the light without appearing machine-finished. A smoothed rim and weighted base give the vessel a stable, practical form for repeated domestic service. Small tool marks remain at the less-visible edges, while the parts handled most often have been polished smooth, in keeping with the civic guild tankard setting.
renaissance_domestic_civic_guild_service_pitcher		The hammered brass service pitcher is built chiefly from brass, with a deliberate silhouette and carefully fitted edges. The brass is worked into shallow planes and firm edges that catch the light without appearing machine-finished. A smoothed rim and weighted base keep the vessel stable during repeated service. Subtle changes in sheen around the joins make the separate pieces and their careful fitting visible, in keeping with the civic guild service setting.
renaissance_domestic_civic_guild_communal_bowl		The deep stoneware communal bowl is built chiefly from stoneware, with a deliberate silhouette and carefully fitted edges. Its fired stoneware body has a hard, even surface with a slightly thickened rim and foot. A smoothed rim and weighted base give the vessel a stable, practical form for repeated domestic service. Subtle changes in sheen around the joins make the separate pieces and their careful fitting visible, in keeping with the civic guild communal setting.
renaissance_domestic_civic_guild_serving_board		The long oak guildhall serving board is built chiefly from oak, with a deliberate silhouette and carefully fitted edges. The oak grain is visible along its boards and braces, with the exposed edges burnished smooth. The broad face is bordered by a simple frame, leaving its marks and divisions clear from across a furnished room. Small tool marks remain at the less-visible edges, while the parts handled most often have been polished smooth, in keeping with the civic guild serving setting.
renaissance_domestic_civic_guild_pewter_charger		The wide civic pewter charger is built chiefly from pewter, with a deliberate silhouette and carefully fitted edges. The pewter is worked into shallow planes and firm edges that catch the light without appearing machine-finished. Its compartment is bordered by fitted panels, open shelving, or a lined interior, with the accessible edges worn smooth. The visible faces are finished with restraint, allowing the material and its construction to remain easy to read, in keeping with the civic guild pewter setting.
renaissance_domestic_civic_guild_ceramic_salt_cellar		The lidded faience salt cellar is built chiefly from faience, with a deliberate silhouette and carefully fitted edges. The faience surface is worked into clear planes and finished carefully around the principal edges. Its compartment is bordered by fitted panels, open shelving, or a lined interior, with the accessible edges worn smooth. Small tool marks remain at the less-visible edges, while the parts handled most often have been polished smooth, in keeping with the civic guild ceramic setting.
renaissance_trade_warehouse_dock_tally_chest		The wax-sealable dock tally chest is built chiefly from oak, with a deliberate silhouette and carefully fitted edges. The oak grain is visible along its boards and braces, with the exposed edges burnished smooth. A close-fitting top or flap sits over the compact compartment, while the corners are reinforced for regular handling. Small tool marks remain at the less-visible edges, while the parts handled most often have been polished smooth, in keeping with the warehouse dock tally setting.
renaissance_trade_warehouse_dock_bonded_cargo_coffer		The heavily secured bonded cargo coffer is built chiefly from oak, with a deliberate silhouette and carefully fitted edges. The oak grain is visible along its boards and braces, with the exposed edges burnished smooth. A close-fitting top or flap sits over the compact compartment, while the corners are reinforced for regular handling. Its corners show small signs of fitting and repair, lending the surface a convincing history of use, in keeping with the warehouse dock bonded setting.
renaissance_trade_warehouse_dock_bottle_sample_chest		The padded bottle-sample chest is built chiefly from pine, with a deliberate silhouette and carefully fitted edges. The pine grain is visible along its boards and braces, with the exposed edges burnished smooth. A close-fitting top or flap sits over the compact compartment, while the corners are reinforced for regular handling. The visible faces are finished with restraint, allowing the material and its construction to remain easy to read, in keeping with the warehouse dock bottle setting.
renaissance_trade_warehouse_dock_cask_gauge_box		The divided cask-gauge box is built chiefly from ash, with a deliberate silhouette and carefully fitted edges. The ash grain is visible along its boards and braces, with the exposed edges burnished smooth. A close-fitting top or flap sits over the compact compartment, while the corners are reinforced for regular handling. Subtle changes in sheen around the joins make the separate pieces and their careful fitting visible, in keeping with the warehouse dock cask setting.
renaissance_trade_warehouse_dock_marked_export_rundlet		The cooper-marked export rundlet is built chiefly from oak, with a deliberate silhouette and carefully fitted edges. The oak grain is visible along its boards and braces, with the exposed edges burnished smooth. A smoothed rim and weighted base keep the vessel stable during repeated service. Subtle changes in sheen around the joins make the separate pieces and their careful fitting visible, in keeping with the warehouse dock marked setting.
renaissance_furniture_warehouse_dock_warehouse_bin_rack	A many-bayed warehouse bin rack is positioned here, its pine surfaces contributing a practical presence to the room.	The many-bayed warehouse bin rack is built chiefly from pine, with a deliberate silhouette and carefully fitted edges. The pine grain is visible along its boards and braces, with the exposed edges burnished smooth. The raised supporting faces are kept level and open, allowing the displayed form to remain plainly visible. Its corners show small signs of fitting and repair, lending the surface a convincing history of use, in keeping with the warehouse dock warehouse setting.
renaissance_furniture_warehouse_dock_bottle_rack	A slotted warehouse bottle rack is positioned here, its oak surfaces contributing a practical presence to the room.	The slotted warehouse bottle rack is built chiefly from oak, with a deliberate silhouette and carefully fitted edges. The oak grain is visible along its boards and braces, with the exposed edges burnished smooth. A smoothed rim and weighted base give the vessel a stable, practical form for repeated domestic service. Subtle changes in sheen around the joins make the separate pieces and their careful fitting visible, in keeping with the warehouse dock bottle setting.
renaissance_furniture_warehouse_dock_cask_cradle_rack	A heavy cask-cradle rack is positioned here, its oak surfaces contributing a practical presence to the room.	The heavy cask-cradle rack is built chiefly from oak, with a deliberate silhouette and carefully fitted edges. The oak grain is visible along its boards and braces, with the exposed edges burnished smooth. The raised supporting faces are kept level and open, allowing the displayed form to remain plainly visible. Small tool marks remain at the less-visible edges, while the parts handled most often have been polished smooth, in keeping with the warehouse dock cask setting.
renaissance_furniture_warehouse_dock_dockside_counter	A tar-darkened dockside counter is positioned here, its oak surfaces contributing a practical presence to the room.	The tar-darkened dockside counter is built chiefly from oak, with a deliberate silhouette and carefully fitted edges. The oak grain is visible along its boards and braces, with the exposed edges burnished smooth. The working surface is carried on a braced base, leaving a clear top above and sturdy supports below. The visible faces are finished with restraint, allowing the material and its construction to remain easy to read, in keeping with the warehouse dock dockside setting.
renaissance_furniture_warehouse_dock_cask_rinsing_vat	A fixed cask-rinsing vat is positioned here, its oak surfaces contributing a practical presence to the room.	The fixed cask-rinsing vat is built chiefly from oak, with a deliberate silhouette and carefully fitted edges. The oak grain is visible along its boards and braces, with the exposed edges burnished smooth. A smoothed rim and weighted base keep the vessel stable during repeated service. The visible faces are finished with restraint, allowing the material and its construction to remain easy to read, in keeping with the warehouse dock cask setting.
renaissance_personal_warehouse_dock_stevedore_belt_pouch		The stout stevedore's belt pouch is built chiefly from leather, with a deliberate silhouette and carefully fitted edges. The leather is cut neatly and secured wherever it meets the reinforced edges of the form. Its compartment is bordered by fitted panels, open shelving, or a lined interior, with the accessible edges worn smooth. The visible faces are finished with restraint, allowing the material and its construction to remain easy to read, in keeping with the warehouse dock stevedore setting.
renaissance_personal_warehouse_dock_warehouse_key_pouch		The reinforced warehouse key pouch is built chiefly from leather, with a deliberate silhouette and carefully fitted edges. The leather is cut neatly and secured wherever it meets the reinforced edges of the form. Its compartment is bordered by fitted panels, open shelving, or a lined interior, with the accessible edges worn smooth. The visible faces are finished with restraint, allowing the material and its construction to remain easy to read, in keeping with the warehouse dock warehouse setting.
renaissance_personal_warehouse_dock_tallyman_satchel		The waxed tallyman's shoulder satchel is built chiefly from canvas, with a deliberate silhouette and carefully fitted edges. The canvas surface is worked into clear planes and finished carefully around the principal edges. A close-fitting top or flap sits over the compact compartment, while the corners are reinforced for regular handling. The visible faces are finished with restraint, allowing the material and its construction to remain easy to read, in keeping with the warehouse dock tallyman setting.
renaissance_personal_warehouse_dock_porter_back_basket		The deep wicker porter's back basket is built chiefly from wicker, with a deliberate silhouette and carefully fitted edges. The wicker surface is worked into clear planes and finished carefully around the principal edges. Its compartment is bordered by fitted panels, open shelving, or a lined interior, with the accessible edges worn smooth. The visible faces are finished with restraint, allowing the material and its construction to remain easy to read, in keeping with the warehouse dock porter setting.
renaissance_domestic_warehouse_dock_dockside_mug		The thick stoneware dockside mug is built chiefly from stoneware, with a deliberate silhouette and carefully fitted edges. Its fired stoneware body has a hard, even surface with a slightly thickened rim and foot. A smoothed rim and weighted base keep the vessel stable during repeated service. Subtle changes in sheen around the joins make the separate pieces and their careful fitting visible, in keeping with the warehouse dock dockside setting.
renaissance_domestic_warehouse_dock_communal_water_pitcher		The large earthenware dock pitcher is built chiefly from earthenware, with a deliberate silhouette and carefully fitted edges. Its fired earthenware body has a hard, even surface with a slightly thickened rim and foot. A smoothed rim and weighted base keep the vessel stable during repeated service. Small tool marks remain at the less-visible edges, while the parts handled most often have been polished smooth, in keeping with the warehouse dock communal setting.
renaissance_domestic_warehouse_dock_mess_trencher		The rough oak warehouse trencher is built chiefly from oak, with a deliberate silhouette and carefully fitted edges. The oak grain is visible along its boards and braces, with the exposed edges burnished smooth. Its compartment is bordered by fitted panels, open shelving, or a lined interior, with the accessible edges worn smooth. Subtle changes in sheen around the joins make the separate pieces and their careful fitting visible, in keeping with the warehouse dock mess setting.
renaissance_domestic_warehouse_dock_salt_box		The small lidded dockside salt box is built chiefly from oak, with a deliberate silhouette and carefully fitted edges. The oak grain is visible along its boards and braces, with the exposed edges burnished smooth. A close-fitting top or flap sits over the compact compartment, while the corners are reinforced for regular handling. Small tool marks remain at the less-visible edges, while the parts handled most often have been polished smooth, in keeping with the warehouse dock salt setting.
renaissance_domestic_warehouse_dock_ration_tray		The broad pine ration tray is built chiefly from pine, with a deliberate silhouette and carefully fitted edges. The pine grain is visible along its boards and braces, with the exposed edges burnished smooth. Its compartment is bordered by fitted panels, open shelving, or a lined interior, with the accessible edges worn smooth. Small tool marks remain at the less-visible edges, while the parts handled most often have been polished smooth, in keeping with the warehouse dock ration setting.
renaissance_domestic_warehouse_dock_vinegar_flask		The squat stoneware vinegar flask is built chiefly from stoneware, with a deliberate silhouette and carefully fitted edges. Its fired stoneware body has a hard, even surface with a slightly thickened rim and foot. A smoothed rim and weighted base give the vessel a stable, practical form for repeated domestic service. Small tool marks remain at the less-visible edges, while the parts handled most often have been polished smooth, in keeping with the warehouse dock vinegar setting.
renaissance_trade_shipboard_purser_pursers_till_chest		The sea-braced purser's till chest is built chiefly from oak, with a deliberate silhouette and carefully fitted edges. The oak grain is visible along its boards and braces, with the exposed edges burnished smooth. A close-fitting top or flap sits over the compact compartment, while the corners are reinforced for regular handling. Its corners show small signs of fitting and repair, lending the surface a convincing history of use, in keeping with the shipboard purser pursers setting.
renaissance_trade_shipboard_purser_captains_chart_chest		The shallow captain's chart chest is built chiefly from oak, with a deliberate silhouette and carefully fitted edges. The oak grain is visible along its boards and braces, with the exposed edges burnished smooth. A close-fitting top or flap sits over the compact compartment, while the corners are reinforced for regular handling. Its corners show small signs of fitting and repair, lending the surface a convincing history of use, in keeping with the shipboard purser captains setting.
renaissance_trade_shipboard_purser_bottle_tally_case		The fitted ship's bottle-tally case is built chiefly from beech, with a deliberate silhouette and carefully fitted edges. The beech surface is worked into clear planes and finished carefully around the principal edges. A close-fitting top or flap sits over the compact compartment, while the corners are reinforced for regular handling. Its corners show small signs of fitting and repair, lending the surface a convincing history of use, in keeping with the shipboard purser bottle setting.
renaissance_trade_shipboard_purser_medicine_store_chest		The partitioned shipboard medicine chest is built chiefly from cedar, with a deliberate silhouette and carefully fitted edges. The cedar grain is visible along its boards and braces, with the exposed edges burnished smooth. A close-fitting top or flap sits over the compact compartment, while the corners are reinforced for regular handling. The visible faces are finished with restraint, allowing the material and its construction to remain easy to read, in keeping with the shipboard purser medicine setting.
renaissance_trade_shipboard_purser_provision_rundlet		The tarred shipboard provision rundlet is built chiefly from oak, with a deliberate silhouette and carefully fitted edges. The oak grain is visible along its boards and braces, with the exposed edges burnished smooth. The broad face is bordered by a simple frame, leaving its marks and divisions clear from across a furnished room. Its corners show small signs of fitting and repair, lending the surface a convincing history of use, in keeping with the shipboard purser provision setting.
renaissance_furniture_shipboard_purser_locker_wall	A bank of shipboard purser lockers is positioned here, its oak surfaces contributing a practical presence to the room.	The bank of shipboard purser lockers is built chiefly from oak, with a deliberate silhouette and carefully fitted edges. The oak grain is visible along its boards and braces, with the exposed edges burnished smooth. A close-fitting top or flap sits over the compact compartment, while the corners are reinforced for regular handling. Small tool marks remain at the less-visible edges, while the parts handled most often have been polished smooth, in keeping with the shipboard purser locker setting.
renaissance_furniture_shipboard_purser_chart_cupboard	A narrow bulkhead chart cupboard is positioned here, its oak surfaces contributing a practical presence to the room.	The narrow bulkhead chart cupboard is built chiefly from oak, with a deliberate silhouette and carefully fitted edges. The oak grain is visible along its boards and braces, with the exposed edges burnished smooth. The upright body is broken into doors, panels, or shelves, with a firm plinth keeping the stored contents above the floor. Subtle changes in sheen around the joins make the separate pieces and their careful fitting visible, in keeping with the shipboard purser chart setting.
renaissance_furniture_shipboard_purser_bottle_cradle_shelves	A braced shipboard bottle shelf is positioned here, its oak surfaces contributing a practical presence to the room.	The braced shipboard bottle shelf is built chiefly from oak, with a deliberate silhouette and carefully fitted edges. The oak grain is visible along its boards and braces, with the exposed edges burnished smooth. A smoothed rim and weighted base give the vessel a stable, practical form for repeated domestic service. Subtle changes in sheen around the joins make the separate pieces and their careful fitting visible, in keeping with the shipboard purser bottle setting.
renaissance_furniture_shipboard_purser_mess_table	A bolted ship's mess table is positioned here, its oak surfaces contributing a practical presence to the room.	The bolted ship's mess table is built chiefly from oak, with a deliberate silhouette and carefully fitted edges. The oak grain is visible along its boards and braces, with the exposed edges burnished smooth. The working surface is carried on a braced base, leaving a clear top above and sturdy supports below. Small tool marks remain at the less-visible edges, while the parts handled most often have been polished smooth, in keeping with the shipboard purser mess setting.
renaissance_furniture_shipboard_purser_water_butt	A fixed shipboard water butt is positioned here, its oak surfaces contributing a practical presence to the room.	The fixed shipboard water butt is built chiefly from oak, with a deliberate silhouette and carefully fitted edges. The oak grain is visible along its boards and braces, with the exposed edges burnished smooth. The broad face is bordered by a simple frame, leaving its marks and divisions clear from across a furnished room. Subtle changes in sheen around the joins make the separate pieces and their careful fitting visible, in keeping with the shipboard purser water setting.
renaissance_personal_shipboard_purser_pursers_coin_purse		The close-fastened purser's coin purse is built chiefly from leather, with a deliberate silhouette and carefully fitted edges. The leather is cut neatly and secured wherever it meets the reinforced edges of the form. A close-fitting top or flap sits over the compact compartment, while the corners are reinforced for regular handling. Its corners show small signs of fitting and repair, lending the surface a convincing history of use, in keeping with the shipboard purser pursers setting.
renaissance_personal_shipboard_purser_boatswains_key_pouch		The broad boatswain's key pouch is built chiefly from leather, with a deliberate silhouette and carefully fitted edges. The leather is cut neatly and secured wherever it meets the reinforced edges of the form. Its compartment is bordered by fitted panels, open shelving, or a lined interior, with the accessible edges worn smooth. Subtle changes in sheen around the joins make the separate pieces and their careful fitting visible, in keeping with the shipboard purser boatswains setting.
renaissance_personal_shipboard_purser_chart_case		The shoulder-slung leather chart case is built chiefly from leather, with a deliberate silhouette and carefully fitted edges. The leather is cut neatly and secured wherever it meets the reinforced edges of the form. A close-fitting top or flap sits over the compact compartment, while the corners are reinforced for regular handling. Subtle changes in sheen around the joins make the separate pieces and their careful fitting visible, in keeping with the shipboard purser chart setting.
renaissance_personal_shipboard_purser_stewards_provision_bag		The waxed steward's provision bag is built chiefly from canvas, with a deliberate silhouette and carefully fitted edges. The canvas surface is worked into clear planes and finished carefully around the principal edges. Its compartment is bordered by fitted panels, open shelving, or a lined interior, with the accessible edges worn smooth. Its corners show small signs of fitting and repair, lending the surface a convincing history of use, in keeping with the shipboard purser stewards setting.
renaissance_domestic_shipboard_purser_mess_bowl		The deep pewter shipboard bowl is built chiefly from pewter, with a deliberate silhouette and carefully fitted edges. The pewter is worked into shallow planes and firm edges that catch the light without appearing machine-finished. A smoothed rim and weighted base give the vessel a stable, practical form for repeated domestic service. Small tool marks remain at the less-visible edges, while the parts handled most often have been polished smooth, in keeping with the shipboard purser mess setting.
renaissance_domestic_shipboard_purser_sailors_tankard		The heavy-lipped pewter sea tankard is built chiefly from pewter, with a deliberate silhouette and carefully fitted edges. The pewter is worked into shallow planes and firm edges that catch the light without appearing machine-finished. A smoothed rim and weighted base give the vessel a stable, practical form for repeated domestic service. Subtle changes in sheen around the joins make the separate pieces and their careful fitting visible, in keeping with the shipboard purser sailors setting.
renaissance_domestic_shipboard_purser_shipboard_pitcher		The squat stoneware shipboard pitcher is built chiefly from stoneware, with a deliberate silhouette and carefully fitted edges. Its fired stoneware body has a hard, even surface with a slightly thickened rim and foot. The broad face is bordered by a simple frame, leaving its marks and divisions clear from across a furnished room. Its corners show small signs of fitting and repair, lending the surface a convincing history of use, in keeping with the shipboard purser shipboard setting.
renaissance_domestic_shipboard_purser_galley_platter		The broad wooden galley platter is built chiefly from oak, with a deliberate silhouette and carefully fitted edges. The oak grain is visible along its boards and braces, with the exposed edges burnished smooth. Its compartment is bordered by fitted panels, open shelving, or a lined interior, with the accessible edges worn smooth. Subtle changes in sheen around the joins make the separate pieces and their careful fitting visible, in keeping with the shipboard purser galley setting.
renaissance_domestic_shipboard_purser_cabin_salt_casket		The brass-bound cabin salt casket is built chiefly from boxwood, with a deliberate silhouette and carefully fitted edges. The boxwood grain is visible along its boards and braces, with the exposed edges burnished smooth. Its compartment is bordered by fitted panels, open shelving, or a lined interior, with the accessible edges worn smooth. Its corners show small signs of fitting and repair, lending the surface a convincing history of use, in keeping with the shipboard purser cabin setting.
renaissance_domestic_shipboard_purser_oil_flask		The stoppered glazed oil flask is built chiefly from stoneware, with a deliberate silhouette and carefully fitted edges. Its fired stoneware body has a hard, even surface with a slightly thickened rim and foot. A smoothed rim and weighted base give the vessel a stable, practical form for repeated domestic service. The visible faces are finished with restraint, allowing the material and its construction to remain easy to read, in keeping with the shipboard purser oil setting.
renaissance_trade_tavern_inn_tavern_till_chest		The brass-bound tavern till chest is built chiefly from oak, with a deliberate silhouette and carefully fitted edges. The oak grain is visible along its boards and braces, with the exposed edges burnished smooth. A close-fitting top or flap sits over the compact compartment, while the corners are reinforced for regular handling. Its corners show small signs of fitting and repair, lending the surface a convincing history of use, in keeping with the tavern inn tavern setting.
renaissance_trade_tavern_inn_gaming_stakes_box		The divided gaming-stakes box is built chiefly from walnut, with a deliberate silhouette and carefully fitted edges. The walnut grain is visible along its boards and braces, with the exposed edges burnished smooth. A close-fitting top or flap sits over the compact compartment, while the corners are reinforced for regular handling. Subtle changes in sheen around the joins make the separate pieces and their careful fitting visible, in keeping with the tavern inn gaming setting.
renaissance_trade_tavern_inn_cask_sample_case		The fitted taproom cask-sample case is built chiefly from oak, with a deliberate silhouette and carefully fitted edges. The oak grain is visible along its boards and braces, with the exposed edges burnished smooth. A close-fitting top or flap sits over the compact compartment, while the corners are reinforced for regular handling. Its corners show small signs of fitting and repair, lending the surface a convincing history of use, in keeping with the tavern inn cask setting.
renaissance_trade_tavern_inn_wine_account_chest		The wax-sealable wine-account chest is built chiefly from oak, with a deliberate silhouette and carefully fitted edges. The oak grain is visible along its boards and braces, with the exposed edges burnished smooth. A close-fitting top or flap sits over the compact compartment, while the corners are reinforced for regular handling. Subtle changes in sheen around the joins make the separate pieces and their careful fitting visible, in keeping with the tavern inn wine setting.
renaissance_trade_tavern_inn_cellar_rundlet		The marked cellar wine rundlet is built chiefly from oak, with a deliberate silhouette and carefully fitted edges. The oak grain is visible along its boards and braces, with the exposed edges burnished smooth. A smoothed rim and weighted base keep the vessel stable during repeated service. The visible faces are finished with restraint, allowing the material and its construction to remain easy to read, in keeping with the tavern inn cellar setting.
renaissance_furniture_tavern_inn_bar_counter	A broad oak serving counter is positioned here, its oak surfaces contributing a practical presence to the room.	The broad oak serving counter is built chiefly from oak, with a deliberate silhouette and carefully fitted edges. The oak grain is visible along its boards and braces, with the exposed edges burnished smooth. The working surface is carried on a braced base, leaving a clear top above and sturdy supports below. The visible faces are finished with restraint, allowing the material and its construction to remain easy to read, in keeping with the tavern inn bar setting.
renaissance_furniture_tavern_inn_bottle_shelves	A tall set of tavern bottle shelves is positioned here, its oak surfaces contributing a practical presence to the room.	The tall set of tavern bottle shelves is built chiefly from oak, with a deliberate silhouette and carefully fitted edges. The oak grain is visible along its boards and braces, with the exposed edges burnished smooth. A smoothed rim and weighted base give the vessel a stable, practical form for repeated domestic service. Small tool marks remain at the less-visible edges, while the parts handled most often have been polished smooth, in keeping with the tavern inn bottle setting.
renaissance_furniture_tavern_inn_service_cupboard	A deep inn service cupboard is positioned here, its oak surfaces contributing a practical presence to the room.	The deep inn service cupboard is built chiefly from oak, with a deliberate silhouette and carefully fitted edges. The oak grain is visible along its boards and braces, with the exposed edges burnished smooth. The upright body is broken into doors, panels, or shelves, with a firm plinth keeping the stored contents above the floor. The visible faces are finished with restraint, allowing the material and its construction to remain easy to read, in keeping with the tavern inn service setting.
renaissance_furniture_tavern_inn_settle_chest	A high-backed settle chest is positioned here, its oak surfaces contributing a practical presence to the room.	The high-backed settle chest is built chiefly from oak, with a deliberate silhouette and carefully fitted edges. The oak grain is visible along its boards and braces, with the exposed edges burnished smooth. A close-fitting top or flap sits over the compact compartment, while the corners are reinforced for regular handling. Small tool marks remain at the less-visible edges, while the parts handled most often have been polished smooth, in keeping with the tavern inn settle setting.
renaissance_furniture_tavern_inn_tankard_washing_vat	A fixed tankard-washing vat is positioned here, its oak surfaces contributing a practical presence to the room.	The fixed tankard-washing vat is built chiefly from oak, with a deliberate silhouette and carefully fitted edges. The oak grain is visible along its boards and braces, with the exposed edges burnished smooth. A smoothed rim and weighted base give the vessel a stable, practical form for repeated domestic service. Small tool marks remain at the less-visible edges, while the parts handled most often have been polished smooth, in keeping with the tavern inn tankard setting.
renaissance_personal_tavern_inn_tapsters_purse		The greasy tapster's waist purse is built chiefly from leather, with a deliberate silhouette and carefully fitted edges. The leather is cut neatly and secured wherever it meets the reinforced edges of the form. A close-fitting top or flap sits over the compact compartment, while the corners are reinforced for regular handling. The visible faces are finished with restraint, allowing the material and its construction to remain easy to read, in keeping with the tavern inn tapsters setting.
renaissance_personal_tavern_inn_servers_tote		The broad server's shoulder tote is built chiefly from canvas, with a deliberate silhouette and carefully fitted edges. The canvas surface is worked into clear planes and finished carefully around the principal edges. Its compartment is bordered by fitted panels, open shelving, or a lined interior, with the accessible edges worn smooth. Subtle changes in sheen around the joins make the separate pieces and their careful fitting visible, in keeping with the tavern inn servers setting.
renaissance_personal_tavern_inn_cellar_key_pouch		The ring-stained cellar key pouch is built chiefly from leather, with a deliberate silhouette and carefully fitted edges. The leather is cut neatly and secured wherever it meets the reinforced edges of the form. Its compartment is bordered by fitted panels, open shelving, or a lined interior, with the accessible edges worn smooth. Subtle changes in sheen around the joins make the separate pieces and their careful fitting visible, in keeping with the tavern inn cellar setting.
renaissance_personal_tavern_inn_score_wallet		The folding tavern score wallet is built chiefly from leather, with a deliberate silhouette and carefully fitted edges. The leather is cut neatly and secured wherever it meets the reinforced edges of the form. Its compartment is bordered by fitted panels, open shelving, or a lined interior, with the accessible edges worn smooth. The visible faces are finished with restraint, allowing the material and its construction to remain easy to read, in keeping with the tavern inn score setting.
renaissance_domestic_tavern_inn_pewter_tankard		The straight-sided pewter tankard is built chiefly from pewter, with a deliberate silhouette and carefully fitted edges. The pewter is worked into shallow planes and firm edges that catch the light without appearing machine-finished. A smoothed rim and weighted base give the vessel a stable, practical form for repeated domestic service. Small tool marks remain at the less-visible edges, while the parts handled most often have been polished smooth, in keeping with the tavern inn pewter setting.
renaissance_domestic_tavern_inn_stoneware_mug		The salt-glazed stoneware mug is built chiefly from stoneware, with a deliberate silhouette and carefully fitted edges. Its fired stoneware body has a hard, even surface with a slightly thickened rim and foot. A smoothed rim and weighted base keep the vessel stable during repeated service. The visible faces are finished with restraint, allowing the material and its construction to remain easy to read, in keeping with the tavern inn stoneware setting.
renaissance_domestic_tavern_inn_wine_glass		The green-tinted stemmed wine glass is built chiefly from glass, with a deliberate silhouette and carefully fitted edges. The glass is gathered more thickly at the rim and base, giving the form a deliberate hand-made weight. A smoothed rim and weighted base give the vessel a stable, practical form for repeated domestic service. The visible faces are finished with restraint, allowing the material and its construction to remain easy to read, in keeping with the tavern inn wine setting.
renaissance_domestic_tavern_inn_ale_pitcher		The broad-bellied earthenware ale pitcher is built chiefly from earthenware, with a deliberate silhouette and carefully fitted edges. Its fired earthenware body has a hard, even surface with a slightly thickened rim and foot. A smoothed rim and weighted base keep the vessel stable during repeated service. The visible faces are finished with restraint, allowing the material and its construction to remain easy to read, in keeping with the tavern inn ale setting.
renaissance_domestic_tavern_inn_service_tray		The round oak tavern service tray is built chiefly from oak, with a deliberate silhouette and carefully fitted edges. The oak grain is visible along its boards and braces, with the exposed edges burnished smooth. Its compartment is bordered by fitted panels, open shelving, or a lined interior, with the accessible edges worn smooth. The visible faces are finished with restraint, allowing the material and its construction to remain easy to read, in keeping with the tavern inn service setting.
renaissance_domestic_tavern_inn_plate		The shallow pewter inn plate is built chiefly from pewter, with a deliberate silhouette and carefully fitted edges. The pewter is worked into shallow planes and firm edges that catch the light without appearing machine-finished. Its compartment is bordered by fitted panels, open shelving, or a lined interior, with the accessible edges worn smooth. Its corners show small signs of fitting and repair, lending the surface a convincing history of use, in keeping with the tavern inn plate setting.
renaissance_trade_urban_kitchen_grocers_till_chest		The grocer's divided till chest is built chiefly from oak, with a deliberate silhouette and carefully fitted edges. The oak grain is visible along its boards and braces, with the exposed edges burnished smooth. A close-fitting top or flap sits over the compact compartment, while the corners are reinforced for regular handling. The visible faces are finished with restraint, allowing the material and its construction to remain easy to read, in keeping with the urban kitchen grocers setting.
renaissance_trade_urban_kitchen_pastry_delivery_box		The slatted pastry delivery box is built chiefly from pine, with a deliberate silhouette and carefully fitted edges. The pine grain is visible along its boards and braces, with the exposed edges burnished smooth. A close-fitting top or flap sits over the compact compartment, while the corners are reinforced for regular handling. Small tool marks remain at the less-visible edges, while the parts handled most often have been polished smooth, in keeping with the urban kitchen pastry setting.
renaissance_trade_urban_kitchen_spice_measure_box		The fitted kitchen spice-measure box is built chiefly from boxwood, with a deliberate silhouette and carefully fitted edges. The boxwood grain is visible along its boards and braces, with the exposed edges burnished smooth. A close-fitting top or flap sits over the compact compartment, while the corners are reinforced for regular handling. Its corners show small signs of fitting and repair, lending the surface a convincing history of use, in keeping with the urban kitchen spice setting.
renaissance_trade_urban_kitchen_oil_transport_jar		The stoppered oil transport jar is built chiefly from stoneware, with a deliberate silhouette and carefully fitted edges. Its fired stoneware body has a hard, even surface with a slightly thickened rim and foot. A smoothed rim and weighted base give the vessel a stable, practical form for repeated domestic service. Subtle changes in sheen around the joins make the separate pieces and their careful fitting visible, in keeping with the urban kitchen oil setting.
renaissance_trade_urban_kitchen_dairy_pail		The handled dairy seller's pail is built chiefly from oak, with a deliberate silhouette and carefully fitted edges. The oak grain is visible along its boards and braces, with the exposed edges burnished smooth. A smoothed rim and weighted base keep the vessel stable during repeated service. Small tool marks remain at the less-visible edges, while the parts handled most often have been polished smooth, in keeping with the urban kitchen dairy setting.
renaissance_furniture_urban_kitchen_pantry_cupboard	A deep panelled pantry cupboard is positioned here, its oak surfaces contributing a practical presence to the room.	The deep panelled pantry cupboard is built chiefly from oak, with a deliberate silhouette and carefully fitted edges. The oak grain is visible along its boards and braces, with the exposed edges burnished smooth. The upright body is broken into doors, panels, or shelves, with a firm plinth keeping the stored contents above the floor. Its corners show small signs of fitting and repair, lending the surface a convincing history of use, in keeping with the urban kitchen pantry setting.
renaissance_furniture_urban_kitchen_flour_meal_bin	A fixed flour-and-meal bin is positioned here, its pine surfaces contributing a practical presence to the room.	The fixed flour-and-meal bin is built chiefly from pine, with a deliberate silhouette and carefully fitted edges. The pine grain is visible along its boards and braces, with the exposed edges burnished smooth. Its compartment is bordered by fitted panels, open shelving, or a lined interior, with the accessible edges worn smooth. Small tool marks remain at the less-visible edges, while the parts handled most often have been polished smooth, in keeping with the urban kitchen flour setting.
renaissance_furniture_urban_kitchen_dresser	A broad open-shelved kitchen dresser is positioned here, its oak surfaces contributing a practical presence to the room.	The broad open-shelved kitchen dresser is built chiefly from oak, with a deliberate silhouette and carefully fitted edges. The oak grain is visible along its boards and braces, with the exposed edges burnished smooth. Its compartment is bordered by fitted panels, open shelving, or a lined interior, with the accessible edges worn smooth. Subtle changes in sheen around the joins make the separate pieces and their careful fitting visible, in keeping with the urban kitchen dresser setting.
renaissance_furniture_urban_kitchen_preparation_table	A scarred kitchen preparation table is positioned here, its oak surfaces contributing a practical presence to the room.	The scarred kitchen preparation table is built chiefly from oak, with a deliberate silhouette and carefully fitted edges. The oak grain is visible along its boards and braces, with the exposed edges burnished smooth. The working surface is carried on a braced base, leaving a clear top above and sturdy supports below. Subtle changes in sheen around the joins make the separate pieces and their careful fitting visible, in keeping with the urban kitchen preparation setting.
renaissance_furniture_urban_kitchen_scullery_vat	A fixed wooden scullery vat is positioned here, its oak surfaces contributing a practical presence to the room.	The fixed wooden scullery vat is built chiefly from oak, with a deliberate silhouette and carefully fitted edges. The oak grain is visible along its boards and braces, with the exposed edges burnished smooth. A smoothed rim and weighted base keep the vessel stable during repeated service. Its corners show small signs of fitting and repair, lending the surface a convincing history of use, in keeping with the urban kitchen scullery setting.
renaissance_personal_urban_kitchen_market_purse		The drawstring household market purse is built chiefly from leather, with a deliberate silhouette and carefully fitted edges. The leather is cut neatly and secured wherever it meets the reinforced edges of the form. A close-fitting top or flap sits over the compact compartment, while the corners are reinforced for regular handling. Small tool marks remain at the less-visible edges, while the parts handled most often have been polished smooth, in keeping with the urban kitchen market setting.
renaissance_personal_urban_kitchen_recipe_wallet		The grease-spotted recipe wallet is built chiefly from parchment, with a deliberate silhouette and carefully fitted edges. The parchment surface is worked into clear planes and finished carefully around the principal edges. A smoothed rim and weighted base give the vessel a stable, practical form for repeated domestic service. Subtle changes in sheen around the joins make the separate pieces and their careful fitting visible, in keeping with the urban kitchen recipe setting.
renaissance_personal_urban_kitchen_shopping_tote		The broad linen shopping tote is built chiefly from linen, with a deliberate silhouette and carefully fitted edges. The linen is cut neatly and secured wherever it meets the reinforced edges of the form. Its compartment is bordered by fitted panels, open shelving, or a lined interior, with the accessible edges worn smooth. The visible faces are finished with restraint, allowing the material and its construction to remain easy to read, in keeping with the urban kitchen shopping setting.
renaissance_personal_urban_kitchen_waterskin		The small kitchen water sling is built chiefly from leather, with a deliberate silhouette and carefully fitted edges. The leather is cut neatly and secured wherever it meets the reinforced edges of the form. A smoothed rim and weighted base keep the vessel stable during repeated service. Subtle changes in sheen around the joins make the separate pieces and their careful fitting visible, in keeping with the urban kitchen waterskin setting.
renaissance_domestic_urban_kitchen_pot		The broad earthenware kitchen pot is built chiefly from earthenware, with a deliberate silhouette and carefully fitted edges. Its fired earthenware body has a hard, even surface with a slightly thickened rim and foot. A smoothed rim and weighted base give the vessel a stable, practical form for repeated domestic service. The visible faces are finished with restraint, allowing the material and its construction to remain easy to read, in keeping with the urban kitchen pot setting.
renaissance_domestic_urban_kitchen_mixing_bowl		The deep glazed mixing bowl is built chiefly from faience, with a deliberate silhouette and carefully fitted edges. The faience surface is worked into clear planes and finished carefully around the principal edges. A smoothed rim and weighted base give the vessel a stable, practical form for repeated domestic service. The visible faces are finished with restraint, allowing the material and its construction to remain easy to read, in keeping with the urban kitchen mixing setting.
renaissance_domestic_urban_kitchen_pitcher		The handled stoneware kitchen pitcher is built chiefly from stoneware, with a deliberate silhouette and carefully fitted edges. Its fired stoneware body has a hard, even surface with a slightly thickened rim and foot. A smoothed rim and weighted base keep the vessel stable during repeated service. The visible faces are finished with restraint, allowing the material and its construction to remain easy to read, in keeping with the urban kitchen pitcher setting.
renaissance_domestic_urban_kitchen_wash_basin		The broad copper kitchen basin is built chiefly from copper, with a deliberate silhouette and carefully fitted edges. The copper is worked into shallow planes and firm edges that catch the light without appearing machine-finished. A smoothed rim and weighted base keep the vessel stable during repeated service. The visible faces are finished with restraint, allowing the material and its construction to remain easy to read, in keeping with the urban kitchen wash setting.
renaissance_domestic_urban_kitchen_wooden_plate		The round beech household plate is built chiefly from beech, with a deliberate silhouette and carefully fitted edges. The beech surface is worked into clear planes and finished carefully around the principal edges. Its compartment is bordered by fitted panels, open shelving, or a lined interior, with the accessible edges worn smooth. Its corners show small signs of fitting and repair, lending the surface a convincing history of use, in keeping with the urban kitchen wooden setting.
renaissance_domestic_urban_kitchen_serving_board		The long carved kitchen serving board is built chiefly from beech, with a deliberate silhouette and carefully fitted edges. The beech surface is worked into clear planes and finished carefully around the principal edges. The broad face is bordered by a simple frame, leaving its marks and divisions clear from across a furnished room. Its corners show small signs of fitting and repair, lending the surface a convincing history of use, in keeping with the urban kitchen serving setting.
renaissance_trade_elite_household_silver_service_coffer		The fitted silver-service coffer is built chiefly from walnut, with a deliberate silhouette and carefully fitted edges. The walnut grain is visible along its boards and braces, with the exposed edges burnished smooth. A close-fitting top or flap sits over the compact compartment, while the corners are reinforced for regular handling. Its corners show small signs of fitting and repair, lending the surface a convincing history of use, in keeping with the elite household silver setting.
renaissance_trade_elite_household_linen_travel_chest		The panelled household linen chest is built chiefly from cedar, with a deliberate silhouette and carefully fitted edges. The cedar grain is visible along its boards and braces, with the exposed edges burnished smooth. A close-fitting top or flap sits over the compact compartment, while the corners are reinforced for regular handling. Its corners show small signs of fitting and repair, lending the surface a convincing history of use, in keeping with the elite household linen setting.
renaissance_trade_elite_household_scent_bottle_case		The padded scent-bottle case is built chiefly from walnut, with a deliberate silhouette and carefully fitted edges. The walnut grain is visible along its boards and braces, with the exposed edges burnished smooth. A close-fitting top or flap sits over the compact compartment, while the corners are reinforced for regular handling. Its corners show small signs of fitting and repair, lending the surface a convincing history of use, in keeping with the elite household scent setting.
renaissance_trade_elite_household_portrait_casket		The miniature portrait casket is built chiefly from ivory, with a deliberate silhouette and carefully fitted edges. The ivory surface is worked into clear planes and finished carefully around the principal edges. Its compartment is bordered by fitted panels, open shelving, or a lined interior, with the accessible edges worn smooth. The visible faces are finished with restraint, allowing the material and its construction to remain easy to read, in keeping with the elite household portrait setting.
renaissance_trade_elite_household_plate_transport_chest		The felt-lined plate transport chest is built chiefly from oak, with a deliberate silhouette and carefully fitted edges. The oak grain is visible along its boards and braces, with the exposed edges burnished smooth. A close-fitting top or flap sits over the compact compartment, while the corners are reinforced for regular handling. Subtle changes in sheen around the joins make the separate pieces and their careful fitting visible, in keeping with the elite household plate setting.
renaissance_furniture_elite_household_bridal_cassone	A painted walnut bridal cassone is positioned here, its walnut surfaces contributing a practical presence to the room.	The painted walnut bridal cassone is built chiefly from walnut, with a deliberate silhouette and carefully fitted edges. The walnut grain is visible along its boards and braces, with the exposed edges burnished smooth. Its compartment is bordered by fitted panels, open shelving, or a lined interior, with the accessible edges worn smooth. Its corners show small signs of fitting and repair, lending the surface a convincing history of use, in keeping with the elite household bridal setting.
renaissance_furniture_elite_household_display_credenza	A carved two-tier display credenza is positioned here, its walnut surfaces contributing a practical presence to the room.	The carved two-tier display credenza is built chiefly from walnut, with a deliberate silhouette and carefully fitted edges. The walnut grain is visible along its boards and braces, with the exposed edges burnished smooth. The raised supporting faces are kept level and open, allowing the displayed form to remain plainly visible. Its corners show small signs of fitting and repair, lending the surface a convincing history of use, in keeping with the elite household display setting.
renaissance_furniture_elite_household_chamber_armoire	A tall panelled chamber armoire is positioned here, its walnut surfaces contributing a practical presence to the room.	The tall panelled chamber armoire is built chiefly from walnut, with a deliberate silhouette and carefully fitted edges. The walnut grain is visible along its boards and braces, with the exposed edges burnished smooth. The upright body is broken into doors, panels, or shelves, with a firm plinth keeping the stored contents above the floor. Subtle changes in sheen around the joins make the separate pieces and their careful fitting visible, in keeping with the elite household chamber setting.
renaissance_furniture_elite_household_glass_display_cabinet	An early glazed display cabinet is positioned here, its walnut surfaces contributing a practical presence to the room.	The early glazed display cabinet is built chiefly from walnut, with a deliberate silhouette and carefully fitted edges. The walnut grain is visible along its boards and braces, with the exposed edges burnished smooth. The upright body is broken into doors, panels, or shelves, with a firm plinth keeping the stored contents above the floor. Subtle changes in sheen around the joins make the separate pieces and their careful fitting visible, in keeping with the elite household glass setting.
renaissance_furniture_elite_household_banquet_table	A long walnut banquet table is positioned here, its walnut surfaces contributing a practical presence to the room.	The long walnut banquet table is built chiefly from walnut, with a deliberate silhouette and carefully fitted edges. The walnut grain is visible along its boards and braces, with the exposed edges burnished smooth. The working surface is carried on a braced base, leaving a clear top above and sturdy supports below. The visible faces are finished with restraint, allowing the material and its construction to remain easy to read, in keeping with the elite household banquet setting.
renaissance_personal_elite_household_jewel_purse		The velvet-lined jewel purse is built chiefly from silk, with a deliberate silhouette and carefully fitted edges. The silk is cut neatly and secured wherever it meets the reinforced edges of the form. A close-fitting top or flap sits over the compact compartment, while the corners are reinforced for regular handling. Its corners show small signs of fitting and repair, lending the surface a convincing history of use, in keeping with the elite household jewel setting.
renaissance_personal_elite_household_fan_case		The slim embroidered fan case is built chiefly from silk, with a deliberate silhouette and carefully fitted edges. The silk is cut neatly and secured wherever it meets the reinforced edges of the form. A close-fitting top or flap sits over the compact compartment, while the corners are reinforced for regular handling. Subtle changes in sheen around the joins make the separate pieces and their careful fitting visible, in keeping with the elite household fan setting.
renaissance_personal_elite_household_scent_case		The fitted leather scent case is built chiefly from leather, with a deliberate silhouette and carefully fitted edges. The leather is cut neatly and secured wherever it meets the reinforced edges of the form. A close-fitting top or flap sits over the compact compartment, while the corners are reinforced for regular handling. Subtle changes in sheen around the joins make the separate pieces and their careful fitting visible, in keeping with the elite household scent setting.
renaissance_personal_elite_household_portable_writing_case		The shoulder-slung portable writing case is built chiefly from walnut, with a deliberate silhouette and carefully fitted edges. The walnut grain is visible along its boards and braces, with the exposed edges burnished smooth. A close-fitting top or flap sits over the compact compartment, while the corners are reinforced for regular handling. The visible faces are finished with restraint, allowing the material and its construction to remain easy to read, in keeping with the elite household portable setting.
renaissance_domestic_elite_household_painted_ewer		The painted faience banquet ewer is built chiefly from faience, with a deliberate silhouette and carefully fitted edges. The faience surface is worked into clear planes and finished carefully around the principal edges. A smoothed rim and weighted base give the vessel a stable, practical form for repeated domestic service. The visible faces are finished with restraint, allowing the material and its construction to remain easy to read, in keeping with the elite household painted setting.
renaissance_domestic_elite_household_matching_basin		The broad painted faience basin is built chiefly from faience, with a deliberate silhouette and carefully fitted edges. The faience surface is worked into clear planes and finished carefully around the principal edges. A smoothed rim and weighted base keep the vessel stable during repeated service. The visible faces are finished with restraint, allowing the material and its construction to remain easy to read, in keeping with the elite household matching setting.
renaissance_domestic_elite_household_crystal_goblet		The clear lead-glass goblet is built chiefly from lead glass, with a deliberate silhouette and carefully fitted edges. The lead glass is gathered more thickly at the rim and base, giving the form a deliberate hand-made weight. A smoothed rim and weighted base give the vessel a stable, practical form for repeated domestic service. Small tool marks remain at the less-visible edges, while the parts handled most often have been polished smooth, in keeping with the elite household crystal setting.
renaissance_domestic_elite_household_export_bowl		The fine blue-and-white porcelain bowl is built chiefly from porcelain, with a deliberate silhouette and carefully fitted edges. Its fired porcelain body has a hard, even surface with a slightly thickened rim and foot. A smoothed rim and weighted base give the vessel a stable, practical form for repeated domestic service. Its corners show small signs of fitting and repair, lending the surface a convincing history of use, in keeping with the elite household export setting.
renaissance_domestic_elite_household_silver_charger		The broad chased silver charger is built chiefly from silver, with a deliberate silhouette and carefully fitted edges. The silver is worked into shallow planes and firm edges that catch the light without appearing machine-finished. Its compartment is bordered by fitted panels, open shelving, or a lined interior, with the accessible edges worn smooth. Subtle changes in sheen around the joins make the separate pieces and their careful fitting visible, in keeping with the elite household silver setting.
renaissance_domestic_elite_household_inlaid_tray		The mother-of-pearl inlaid serving tray is built chiefly from mother of pearl, with a deliberate silhouette and carefully fitted edges. The mother of pearl surface is worked into clear planes and finished carefully around the principal edges. Its compartment is bordered by fitted panels, open shelving, or a lined interior, with the accessible edges worn smooth. Subtle changes in sheen around the joins make the separate pieces and their careful fitting visible, in keeping with the elite household inlaid setting.
renaissance_trade_apothecary_perfumer_herb_sample_chest		The shallow herb-sample chest is built chiefly from cedar, with a deliberate silhouette and carefully fitted edges. The cedar grain is visible along its boards and braces, with the exposed edges burnished smooth. A close-fitting top or flap sits over the compact compartment, while the corners are reinforced for regular handling. Subtle changes in sheen around the joins make the separate pieces and their careful fitting visible, in keeping with the apothecary perfumer herb setting.
renaissance_trade_apothecary_perfumer_vial_transport_case		The padded glass-vial transport case is built chiefly from walnut, with a deliberate silhouette and carefully fitted edges. The walnut grain is visible along its boards and braces, with the exposed edges burnished smooth. A close-fitting top or flap sits over the compact compartment, while the corners are reinforced for regular handling. The visible faces are finished with restraint, allowing the material and its construction to remain easy to read, in keeping with the apothecary perfumer vial setting.
renaissance_trade_apothecary_perfumer_dispensary_till_chest		The compact dispensary till chest is built chiefly from walnut, with a deliberate silhouette and carefully fitted edges. The walnut grain is visible along its boards and braces, with the exposed edges burnished smooth. A close-fitting top or flap sits over the compact compartment, while the corners are reinforced for regular handling. Subtle changes in sheen around the joins make the separate pieces and their careful fitting visible, in keeping with the apothecary perfumer dispensary setting.
renaissance_trade_apothecary_perfumer_prescription_archive		The wax-sealable prescription archive chest is built chiefly from cedar, with a deliberate silhouette and carefully fitted edges. The cedar grain is visible along its boards and braces, with the exposed edges burnished smooth. A close-fitting top or flap sits over the compact compartment, while the corners are reinforced for regular handling. The visible faces are finished with restraint, allowing the material and its construction to remain easy to read, in keeping with the apothecary perfumer prescription setting.
renaissance_trade_apothecary_perfumer_scent_oil_flask		The narrow stoppered scent-oil flask is built chiefly from glass, with a deliberate silhouette and carefully fitted edges. The glass is gathered more thickly at the rim and base, giving the form a deliberate hand-made weight. A smoothed rim and weighted base give the vessel a stable, practical form for repeated domestic service. Subtle changes in sheen around the joins make the separate pieces and their careful fitting visible, in keeping with the apothecary perfumer scent setting.
renaissance_furniture_apothecary_perfumer_poison_cupboard	A small poison cupboard is positioned here, its walnut surfaces contributing a practical presence to the room.	The small poison cupboard is built chiefly from walnut, with a deliberate silhouette and carefully fitted edges. The walnut grain is visible along its boards and braces, with the exposed edges burnished smooth. The upright body is broken into doors, panels, or shelves, with a firm plinth keeping the stored contents above the floor. The visible faces are finished with restraint, allowing the material and its construction to remain easy to read, in keeping with the apothecary perfumer poison setting.
renaissance_furniture_apothecary_perfumer_apothecary_drawers	A many-drawered apothecary cabinet is positioned here, its walnut surfaces contributing a practical presence to the room.	The many-drawered apothecary cabinet is built chiefly from walnut, with a deliberate silhouette and carefully fitted edges. The walnut grain is visible along its boards and braces, with the exposed edges burnished smooth. The upright body is broken into doors, panels, or shelves, with a firm plinth keeping the stored contents above the floor. The visible faces are finished with restraint, allowing the material and its construction to remain easy to read, in keeping with the apothecary perfumer apothecary setting.
renaissance_furniture_apothecary_perfumer_bottle_display_shelves	A tiered apothecary bottle shelf is positioned here, its walnut surfaces contributing a practical presence to the room.	The tiered apothecary bottle shelf is built chiefly from walnut, with a deliberate silhouette and carefully fitted edges. The walnut grain is visible along its boards and braces, with the exposed edges burnished smooth. A smoothed rim and weighted base give the vessel a stable, practical form for repeated domestic service. Subtle changes in sheen around the joins make the separate pieces and their careful fitting visible, in keeping with the apothecary perfumer bottle setting.
renaissance_furniture_apothecary_perfumer_dispensary_counter	A polished dispensary counter is positioned here, its walnut surfaces contributing a practical presence to the room.	The polished dispensary counter is built chiefly from walnut, with a deliberate silhouette and carefully fitted edges. The walnut grain is visible along its boards and braces, with the exposed edges burnished smooth. The working surface is carried on a braced base, leaving a clear top above and sturdy supports below. Its corners show small signs of fitting and repair, lending the surface a convincing history of use, in keeping with the apothecary perfumer dispensary setting.
renaissance_furniture_apothecary_perfumer_maceration_vat	A fixed copper maceration vat is positioned here, its copper surfaces contributing a practical presence to the room.	The fixed copper maceration vat is built chiefly from copper, with a deliberate silhouette and carefully fitted edges. The copper is worked into shallow planes and firm edges that catch the light without appearing machine-finished. A smoothed rim and weighted base keep the vessel stable during repeated service. Its corners show small signs of fitting and repair, lending the surface a convincing history of use, in keeping with the apothecary perfumer maceration setting.
renaissance_personal_apothecary_perfumer_physicians_satchel		The compartmented physician's satchel is built chiefly from leather, with a deliberate silhouette and carefully fitted edges. The leather is cut neatly and secured wherever it meets the reinforced edges of the form. A close-fitting top or flap sits over the compact compartment, while the corners are reinforced for regular handling. Small tool marks remain at the less-visible edges, while the parts handled most often have been polished smooth, in keeping with the apothecary perfumer physicians setting.
renaissance_personal_apothecary_perfumer_scent_vial_case		The small fitted scent-vial belt case is built chiefly from leather, with a deliberate silhouette and carefully fitted edges. The leather is cut neatly and secured wherever it meets the reinforced edges of the form. A close-fitting top or flap sits over the compact compartment, while the corners are reinforced for regular handling. The visible faces are finished with restraint, allowing the material and its construction to remain easy to read, in keeping with the apothecary perfumer scent setting.
renaissance_personal_apothecary_perfumer_herb_pouch		The waxed linen herb pouch is built chiefly from linen, with a deliberate silhouette and carefully fitted edges. The linen is cut neatly and secured wherever it meets the reinforced edges of the form. Its compartment is bordered by fitted panels, open shelving, or a lined interior, with the accessible edges worn smooth. The visible faces are finished with restraint, allowing the material and its construction to remain easy to read, in keeping with the apothecary perfumer herb setting.
renaissance_personal_apothecary_perfumer_formula_wallet		The folding apothecary formula wallet is built chiefly from parchment, with a deliberate silhouette and carefully fitted edges. The parchment surface is worked into clear planes and finished carefully around the principal edges. A smoothed rim and weighted base give the vessel a stable, practical form for repeated domestic service. Small tool marks remain at the less-visible edges, while the parts handled most often have been polished smooth, in keeping with the apothecary perfumer formula setting.
renaissance_domestic_apothecary_perfumer_albarello		The tall painted faience drug jar is built chiefly from faience, with a deliberate silhouette and carefully fitted edges. The faience surface is worked into clear planes and finished carefully around the principal edges. A smoothed rim and weighted base give the vessel a stable, practical form for repeated domestic service. Small tool marks remain at the less-visible edges, while the parts handled most often have been polished smooth, in keeping with the apothecary perfumer albarello setting.
renaissance_domestic_apothecary_perfumer_ointment_pot		The squat stoneware ointment pot is built chiefly from stoneware, with a deliberate silhouette and carefully fitted edges. Its fired stoneware body has a hard, even surface with a slightly thickened rim and foot. A smoothed rim and weighted base give the vessel a stable, practical form for repeated domestic service. Subtle changes in sheen around the joins make the separate pieces and their careful fitting visible, in keeping with the apothecary perfumer ointment setting.
renaissance_domestic_apothecary_perfumer_syrup_bottle		The dark green glass syrup bottle is built chiefly from glass, with a deliberate silhouette and carefully fitted edges. The glass is gathered more thickly at the rim and base, giving the form a deliberate hand-made weight. A smoothed rim and weighted base give the vessel a stable, practical form for repeated domestic service. Subtle changes in sheen around the joins make the separate pieces and their careful fitting visible, in keeping with the apothecary perfumer syrup setting.
renaissance_domestic_apothecary_perfumer_mixing_basin		The shallow glazed dispensary basin is built chiefly from faience, with a deliberate silhouette and carefully fitted edges. The faience surface is worked into clear planes and finished carefully around the principal edges. A smoothed rim and weighted base keep the vessel stable during repeated service. Subtle changes in sheen around the joins make the separate pieces and their careful fitting visible, in keeping with the apothecary perfumer mixing setting.
renaissance_domestic_apothecary_perfumer_medicine_cup		The tiny pewter medicine cup is built chiefly from pewter, with a deliberate silhouette and carefully fitted edges. The pewter is worked into shallow planes and firm edges that catch the light without appearing machine-finished. A smoothed rim and weighted base give the vessel a stable, practical form for repeated domestic service. Its corners show small signs of fitting and repair, lending the surface a convincing history of use, in keeping with the apothecary perfumer medicine setting.
renaissance_domestic_apothecary_perfumer_instrument_tray		The narrow brass instrument tray is built chiefly from brass, with a deliberate silhouette and carefully fitted edges. The brass is worked into shallow planes and firm edges that catch the light without appearing machine-finished. Its compartment is bordered by fitted panels, open shelving, or a lined interior, with the accessible edges worn smooth. Subtle changes in sheen around the joins make the separate pieces and their careful fitting visible, in keeping with the apothecary perfumer instrument setting.
renaissance_trade_ottoman_bazaar_till_chest		The brass-faced bazaar till chest is built chiefly from cedar, with a deliberate silhouette and carefully fitted edges. The cedar grain is visible along its boards and braces, with the exposed edges burnished smooth. A close-fitting top or flap sits over the compact compartment, while the corners are reinforced for regular handling. Subtle changes in sheen around the joins make the separate pieces and their careful fitting visible, in keeping with the ottoman bazaar till setting.
renaissance_trade_ottoman_bazaar_spice_sample_chest		The many-celled cedar spice chest is built chiefly from cedar, with a deliberate silhouette and carefully fitted edges. The cedar grain is visible along its boards and braces, with the exposed edges burnished smooth. A close-fitting top or flap sits over the compact compartment, while the corners are reinforced for regular handling. Subtle changes in sheen around the joins make the separate pieces and their careful fitting visible, in keeping with the ottoman bazaar spice setting.
renaissance_trade_ottoman_bazaar_textile_sample_coffer		The shallow textile-sample coffer is built chiefly from walnut, with a deliberate silhouette and carefully fitted edges. The walnut grain is visible along its boards and braces, with the exposed edges burnished smooth. A close-fitting top or flap sits over the compact compartment, while the corners are reinforced for regular handling. Its corners show small signs of fitting and repair, lending the surface a convincing history of use, in keeping with the ottoman bazaar textile setting.
renaissance_trade_ottoman_bazaar_perfume_casket		The pierced brass perfume casket is built chiefly from brass, with a deliberate silhouette and carefully fitted edges. The brass is worked into shallow planes and firm edges that catch the light without appearing machine-finished. Its compartment is bordered by fitted panels, open shelving, or a lined interior, with the accessible edges worn smooth. The visible faces are finished with restraint, allowing the material and its construction to remain easy to read, in keeping with the ottoman bazaar perfume setting.
renaissance_trade_ottoman_bazaar_oil_merchants_jar		The glazed oil merchant's jar is built chiefly from stoneware, with a deliberate silhouette and carefully fitted edges. Its fired stoneware body has a hard, even surface with a slightly thickened rim and foot. A smoothed rim and weighted base give the vessel a stable, practical form for repeated domestic service. Its corners show small signs of fitting and repair, lending the surface a convincing history of use, in keeping with the ottoman bazaar oil setting.
renaissance_furniture_ottoman_bazaar_wall_cupboard	A carved cedar wall cupboard is positioned here, its cedar surfaces contributing a practical presence to the room.	The carved cedar wall cupboard is built chiefly from cedar, with a deliberate silhouette and carefully fitted edges. The cedar grain is visible along its boards and braces, with the exposed edges burnished smooth. The upright body is broken into doors, panels, or shelves, with a firm plinth keeping the stored contents above the floor. Subtle changes in sheen around the joins make the separate pieces and their careful fitting visible, in keeping with the ottoman bazaar wall setting.
renaissance_furniture_ottoman_bazaar_brassware_shelves	A tiered brassware display shelf is positioned here, its cedar surfaces contributing a practical presence to the room.	The tiered brassware display shelf is built chiefly from cedar, with a deliberate silhouette and carefully fitted edges. The cedar grain is visible along its boards and braces, with the exposed edges burnished smooth. The raised supporting faces are kept level and open, allowing the displayed form to remain plainly visible. Subtle changes in sheen around the joins make the separate pieces and their careful fitting visible, in keeping with the ottoman bazaar brassware setting.
renaissance_furniture_ottoman_bazaar_low_service_table	A low inlaid service table is positioned here, its walnut surfaces contributing a practical presence to the room.	The low inlaid service table is built chiefly from walnut, with a deliberate silhouette and carefully fitted edges. The walnut grain is visible along its boards and braces, with the exposed edges burnished smooth. The working surface is carried on a braced base, leaving a clear top above and sturdy supports below. Small tool marks remain at the less-visible edges, while the parts handled most often have been polished smooth, in keeping with the ottoman bazaar low setting.
renaissance_furniture_ottoman_bazaar_counter	A narrow cedar bazaar counter is positioned here, its cedar surfaces contributing a practical presence to the room.	The narrow cedar bazaar counter is built chiefly from cedar, with a deliberate silhouette and carefully fitted edges. The cedar grain is visible along its boards and braces, with the exposed edges burnished smooth. The working surface is carried on a braced base, leaving a clear top above and sturdy supports below. Its corners show small signs of fitting and repair, lending the surface a convincing history of use, in keeping with the ottoman bazaar counter setting.
renaissance_furniture_ottoman_bazaar_dye_mixing_vat	A fixed copper dye-mixing vat is positioned here, its copper surfaces contributing a practical presence to the room.	The fixed copper dye-mixing vat is built chiefly from copper, with a deliberate silhouette and carefully fitted edges. The copper is worked into shallow planes and firm edges that catch the light without appearing machine-finished. A smoothed rim and weighted base keep the vessel stable during repeated service. Subtle changes in sheen around the joins make the separate pieces and their careful fitting visible, in keeping with the ottoman bazaar dye setting.
renaissance_personal_ottoman_bazaar_coin_purse		The tasseled leather bazaar purse is built chiefly from leather, with a deliberate silhouette and carefully fitted edges. The leather is cut neatly and secured wherever it meets the reinforced edges of the form. A close-fitting top or flap sits over the compact compartment, while the corners are reinforced for regular handling. Subtle changes in sheen around the joins make the separate pieces and their careful fitting visible, in keeping with the ottoman bazaar coin setting.
renaissance_personal_ottoman_bazaar_document_satchel		The tooled leather document satchel is built chiefly from leather, with a deliberate silhouette and carefully fitted edges. The leather is cut neatly and secured wherever it meets the reinforced edges of the form. A close-fitting top or flap sits over the compact compartment, while the corners are reinforced for regular handling. The visible faces are finished with restraint, allowing the material and its construction to remain easy to read, in keeping with the ottoman bazaar document setting.
renaissance_personal_ottoman_bazaar_scent_flask_case		The fitted brass scent-flask case is built chiefly from brass, with a deliberate silhouette and carefully fitted edges. The brass is worked into shallow planes and firm edges that catch the light without appearing machine-finished. A close-fitting top or flap sits over the compact compartment, while the corners are reinforced for regular handling. Its corners show small signs of fitting and repair, lending the surface a convincing history of use, in keeping with the ottoman bazaar scent setting.
renaissance_personal_ottoman_bazaar_urban_waterskin		The shoulder-slung urban waterskin is built chiefly from leather, with a deliberate silhouette and carefully fitted edges. The leather is cut neatly and secured wherever it meets the reinforced edges of the form. A smoothed rim and weighted base keep the vessel stable during repeated service. Subtle changes in sheen around the joins make the separate pieces and their careful fitting visible, in keeping with the ottoman bazaar urban setting.
renaissance_domestic_ottoman_bazaar_iznik_tankard		The painted faience handled tankard is built chiefly from faience, with a deliberate silhouette and carefully fitted edges. The faience surface is worked into clear planes and finished carefully around the principal edges. A smoothed rim and weighted base give the vessel a stable, practical form for repeated domestic service. Small tool marks remain at the less-visible edges, while the parts handled most often have been polished smooth, in keeping with the ottoman bazaar iznik setting.
renaissance_domestic_ottoman_bazaar_long_spouted_ewer		The long-spouted hammered copper ewer is built chiefly from copper, with a deliberate silhouette and carefully fitted edges. The copper is worked into shallow planes and firm edges that catch the light without appearing machine-finished. A smoothed rim and weighted base give the vessel a stable, practical form for repeated domestic service. Small tool marks remain at the less-visible edges, while the parts handled most often have been polished smooth, in keeping with the ottoman bazaar long setting.
renaissance_domestic_ottoman_bazaar_painted_bowl		The deep painted faience bazaar bowl is built chiefly from faience, with a deliberate silhouette and carefully fitted edges. The faience surface is worked into clear planes and finished carefully around the principal edges. A smoothed rim and weighted base give the vessel a stable, practical form for repeated domestic service. Its corners show small signs of fitting and repair, lending the surface a convincing history of use, in keeping with the ottoman bazaar painted setting.
renaissance_domestic_ottoman_bazaar_brass_tray		The broad engraved brass serving tray is built chiefly from brass, with a deliberate silhouette and carefully fitted edges. The brass is worked into shallow planes and firm edges that catch the light without appearing machine-finished. Its compartment is bordered by fitted panels, open shelving, or a lined interior, with the accessible edges worn smooth. The visible faces are finished with restraint, allowing the material and its construction to remain easy to read, in keeping with the ottoman bazaar brass setting.
renaissance_domestic_ottoman_bazaar_storage_jar		The tall glazed pantry storage jar is built chiefly from stoneware, with a deliberate silhouette and carefully fitted edges. Its fired stoneware body has a hard, even surface with a slightly thickened rim and foot. A smoothed rim and weighted base give the vessel a stable, practical form for repeated domestic service. Small tool marks remain at the less-visible edges, while the parts handled most often have been polished smooth, in keeping with the ottoman bazaar storage setting.
renaissance_domestic_ottoman_bazaar_coffee_cup		The tiny late-century faience coffee cup is built chiefly from faience, with a deliberate silhouette and carefully fitted edges. The faience surface is worked into clear planes and finished carefully around the principal edges. A smoothed rim and weighted base give the vessel a stable, practical form for repeated domestic service. Subtle changes in sheen around the joins make the separate pieces and their careful fitting visible, in keeping with the ottoman bazaar coffee setting.
renaissance_trade_persianate_court_jewel_coffer		The lacquered jewel merchant's coffer is built chiefly from walnut, with a deliberate silhouette and carefully fitted edges. The walnut grain is visible along its boards and braces, with the exposed edges burnished smooth. A close-fitting top or flap sits over the compact compartment, while the corners are reinforced for regular handling. Small tool marks remain at the less-visible edges, while the parts handled most often have been polished smooth, in keeping with the persianate court jewel setting.
renaissance_trade_persianate_court_manuscript_chest		The wax-sealable manuscript chest is built chiefly from cedar, with a deliberate silhouette and carefully fitted edges. The cedar grain is visible along its boards and braces, with the exposed edges burnished smooth. A close-fitting top or flap sits over the compact compartment, while the corners are reinforced for regular handling. The visible faces are finished with restraint, allowing the material and its construction to remain easy to read, in keeping with the persianate court manuscript setting.
renaissance_trade_persianate_court_textile_sample_trunk		The fitted brocade-sample trunk is built chiefly from teak, with a deliberate silhouette and carefully fitted edges. The teak grain is visible along its boards and braces, with the exposed edges burnished smooth. Its compartment is bordered by fitted panels, open shelving, or a lined interior, with the accessible edges worn smooth. Small tool marks remain at the less-visible edges, while the parts handled most often have been polished smooth, in keeping with the persianate court textile setting.
renaissance_trade_persianate_court_scent_sample_box		The divided sandalwood scent box is built chiefly from sandalwood, with a deliberate silhouette and carefully fitted edges. The sandalwood surface is worked into clear planes and finished carefully around the principal edges. A close-fitting top or flap sits over the compact compartment, while the corners are reinforced for regular handling. Its corners show small signs of fitting and repair, lending the surface a convincing history of use, in keeping with the persianate court scent setting.
renaissance_trade_persianate_court_rosewater_transport_jar		The sealed rosewater transport jar is built chiefly from stoneware, with a deliberate silhouette and carefully fitted edges. Its fired stoneware body has a hard, even surface with a slightly thickened rim and foot. A smoothed rim and weighted base give the vessel a stable, practical form for repeated domestic service. The visible faces are finished with restraint, allowing the material and its construction to remain easy to read, in keeping with the persianate court rosewater setting.
renaissance_furniture_persianate_court_carpet_chest	A broad cedar carpet chest is positioned here, its cedar surfaces contributing a practical presence to the room.	The broad cedar carpet chest is built chiefly from cedar, with a deliberate silhouette and carefully fitted edges. The cedar grain is visible along its boards and braces, with the exposed edges burnished smooth. A close-fitting top or flap sits over the compact compartment, while the corners are reinforced for regular handling. Subtle changes in sheen around the joins make the separate pieces and their careful fitting visible, in keeping with the persianate court carpet setting.
renaissance_furniture_persianate_court_manuscript_cupboard	A painted manuscript cupboard is positioned here, its walnut surfaces contributing a practical presence to the room.	The painted manuscript cupboard is built chiefly from walnut, with a deliberate silhouette and carefully fitted edges. The walnut grain is visible along its boards and braces, with the exposed edges burnished smooth. The upright body is broken into doors, panels, or shelves, with a firm plinth keeping the stored contents above the floor. Subtle changes in sheen around the joins make the separate pieces and their careful fitting visible, in keeping with the persianate court manuscript setting.
renaissance_furniture_persianate_court_niche_display_cabinet	A pierced niche-display cabinet is positioned here, its walnut surfaces contributing a practical presence to the room.	The pierced niche-display cabinet is built chiefly from walnut, with a deliberate silhouette and carefully fitted edges. The walnut grain is visible along its boards and braces, with the exposed edges burnished smooth. The upright body is broken into doors, panels, or shelves, with a firm plinth keeping the stored contents above the floor. Subtle changes in sheen around the joins make the separate pieces and their careful fitting visible, in keeping with the persianate court niche setting.
renaissance_furniture_persianate_court_garden_service_table	An inlaid low garden table is positioned here, its walnut surfaces contributing a practical presence to the room.	The inlaid low garden table is built chiefly from walnut, with a deliberate silhouette and carefully fitted edges. The walnut grain is visible along its boards and braces, with the exposed edges burnished smooth. The working surface is carried on a braced base, leaving a clear top above and sturdy supports below. The visible faces are finished with restraint, allowing the material and its construction to remain easy to read, in keeping with the persianate court garden setting.
renaissance_furniture_persianate_court_perfume_preparation_vat	A fixed copper perfume vat is positioned here, its copper surfaces contributing a practical presence to the room.	The fixed copper perfume vat is built chiefly from copper, with a deliberate silhouette and carefully fitted edges. The copper is worked into shallow planes and firm edges that catch the light without appearing machine-finished. A smoothed rim and weighted base keep the vessel stable during repeated service. Its corners show small signs of fitting and repair, lending the surface a convincing history of use, in keeping with the persianate court perfume setting.
renaissance_personal_persianate_court_signet_pouch		The silk-lined signet pouch is built chiefly from silk, with a deliberate silhouette and carefully fitted edges. The silk is cut neatly and secured wherever it meets the reinforced edges of the form. Its compartment is bordered by fitted panels, open shelving, or a lined interior, with the accessible edges worn smooth. The visible faces are finished with restraint, allowing the material and its construction to remain easy to read, in keeping with the persianate court signet setting.
renaissance_personal_persianate_court_manuscript_case		The shoulder-slung lacquer manuscript case is built chiefly from lacquer, with a deliberate silhouette and carefully fitted edges. The lacquer surface is worked into clear planes and finished carefully around the principal edges. A close-fitting top or flap sits over the compact compartment, while the corners are reinforced for regular handling. Subtle changes in sheen around the joins make the separate pieces and their careful fitting visible, in keeping with the persianate court manuscript setting.
renaissance_personal_persianate_court_perfume_case		The fitted sandalwood perfume case is built chiefly from sandalwood, with a deliberate silhouette and carefully fitted edges. The sandalwood surface is worked into clear planes and finished carefully around the principal edges. A close-fitting top or flap sits over the compact compartment, while the corners are reinforced for regular handling. Small tool marks remain at the less-visible edges, while the parts handled most often have been polished smooth, in keeping with the persianate court perfume setting.
renaissance_personal_persianate_court_shoulder_bag		The embroidered court shoulder bag is built chiefly from silk, with a deliberate silhouette and carefully fitted edges. The silk is cut neatly and secured wherever it meets the reinforced edges of the form. Its compartment is bordered by fitted panels, open shelving, or a lined interior, with the accessible edges worn smooth. Small tool marks remain at the less-visible edges, while the parts handled most often have been polished smooth, in keeping with the persianate court shoulder setting.
renaissance_domestic_persianate_court_engraved_ewer		The engraved brass rosewater ewer is built chiefly from brass, with a deliberate silhouette and carefully fitted edges. The brass is worked into shallow planes and firm edges that catch the light without appearing machine-finished. A smoothed rim and weighted base give the vessel a stable, practical form for repeated domestic service. Its corners show small signs of fitting and repair, lending the surface a convincing history of use, in keeping with the persianate court engraved setting.
renaissance_domestic_persianate_court_washing_basin		The broad chased copper washing basin is built chiefly from copper, with a deliberate silhouette and carefully fitted edges. The copper is worked into shallow planes and firm edges that catch the light without appearing machine-finished. A smoothed rim and weighted base keep the vessel stable during repeated service. Subtle changes in sheen around the joins make the separate pieces and their careful fitting visible, in keeping with the persianate court washing setting.
renaissance_domestic_persianate_court_lustre_bowl		The lustre-painted faience serving bowl is built chiefly from faience, with a deliberate silhouette and carefully fitted edges. The faience surface is worked into clear planes and finished carefully around the principal edges. A smoothed rim and weighted base give the vessel a stable, practical form for repeated domestic service. Its corners show small signs of fitting and repair, lending the surface a convincing history of use, in keeping with the persianate court lustre setting.
renaissance_domestic_persianate_court_rosewater_flask		The long-necked glass rosewater flask is built chiefly from glass, with a deliberate silhouette and carefully fitted edges. The glass is gathered more thickly at the rim and base, giving the form a deliberate hand-made weight. A smoothed rim and weighted base give the vessel a stable, practical form for repeated domestic service. The visible faces are finished with restraint, allowing the material and its construction to remain easy to read, in keeping with the persianate court rosewater setting.
renaissance_domestic_persianate_court_inlaid_serving_tray		The inlaid papier-mache serving tray is built chiefly from papier-mache, with a deliberate silhouette and carefully fitted edges. The papier-mache surface is worked into clear planes and finished carefully around the principal edges. Its compartment is bordered by fitted panels, open shelving, or a lined interior, with the accessible edges worn smooth. Subtle changes in sheen around the joins make the separate pieces and their careful fitting visible, in keeping with the persianate court inlaid setting.
renaissance_domestic_persianate_court_cup		The small silver court drinking cup is built chiefly from silver, with a deliberate silhouette and carefully fitted edges. The silver is worked into shallow planes and firm edges that catch the light without appearing machine-finished. A smoothed rim and weighted base give the vessel a stable, practical form for repeated domestic service. The visible faces are finished with restraint, allowing the material and its construction to remain easy to read, in keeping with the persianate court cup setting.
renaissance_trade_south_asian_merchant_cash_chest		The compact teak merchant cash chest is built chiefly from teak, with a deliberate silhouette and carefully fitted edges. The teak grain is visible along its boards and braces, with the exposed edges burnished smooth. A close-fitting top or flap sits over the compact compartment, while the corners are reinforced for regular handling. The visible faces are finished with restraint, allowing the material and its construction to remain easy to read, in keeping with the south asian merchant setting.
renaissance_trade_south_asian_merchant_textile_sample_trunk		The partitioned textile-sample trunk is built chiefly from teak, with a deliberate silhouette and carefully fitted edges. The teak grain is visible along its boards and braces, with the exposed edges burnished smooth. Its compartment is bordered by fitted panels, open shelving, or a lined interior, with the accessible edges worn smooth. Its corners show small signs of fitting and repair, lending the surface a convincing history of use, in keeping with the south asian merchant setting.
renaissance_trade_south_asian_merchant_pepper_sample_box		The many-celled pepper sample box is built chiefly from teak, with a deliberate silhouette and carefully fitted edges. The teak grain is visible along its boards and braces, with the exposed edges burnished smooth. A close-fitting top or flap sits over the compact compartment, while the corners are reinforced for regular handling. The visible faces are finished with restraint, allowing the material and its construction to remain easy to read, in keeping with the south asian merchant setting.
renaissance_trade_south_asian_merchant_balance_weight_box		The fitted brass balance-weight box is built chiefly from brass, with a deliberate silhouette and carefully fitted edges. The brass is worked into shallow planes and firm edges that catch the light without appearing machine-finished. A close-fitting top or flap sits over the compact compartment, while the corners are reinforced for regular handling. The visible faces are finished with restraint, allowing the material and its construction to remain easy to read, in keeping with the south asian merchant setting.
renaissance_trade_south_asian_merchant_coastal_account_chest		The wax-sealable coastal account chest is built chiefly from teak, with a deliberate silhouette and carefully fitted edges. The teak grain is visible along its boards and braces, with the exposed edges burnished smooth. A close-fitting top or flap sits over the compact compartment, while the corners are reinforced for regular handling. The visible faces are finished with restraint, allowing the material and its construction to remain easy to read, in keeping with the south asian merchant setting.
renaissance_furniture_south_asian_merchant_dowry_chest	A broad carved teak dowry chest is positioned here, its teak surfaces contributing a practical presence to the room.	The broad carved teak dowry chest is built chiefly from teak, with a deliberate silhouette and carefully fitted edges. The teak grain is visible along its boards and braces, with the exposed edges burnished smooth. A close-fitting top or flap sits over the compact compartment, while the corners are reinforced for regular handling. Its corners show small signs of fitting and repair, lending the surface a convincing history of use, in keeping with the south asian merchant setting.
renaissance_furniture_south_asian_merchant_vessel_shelf	A deep brass-vessel shelf stand is positioned here, its teak surfaces contributing a practical presence to the room.	The deep brass-vessel shelf stand is built chiefly from teak, with a deliberate silhouette and carefully fitted edges. The teak grain is visible along its boards and braces, with the exposed edges burnished smooth. The raised supporting faces are kept level and open, allowing the displayed form to remain plainly visible. Its corners show small signs of fitting and repair, lending the surface a convincing history of use, in keeping with the south asian merchant setting.
renaissance_furniture_south_asian_merchant_palm_leaf_cupboard	A low palm-leaf manuscript cupboard is positioned here, its teak surfaces contributing a practical presence to the room.	The low palm-leaf manuscript cupboard is built chiefly from teak, with a deliberate silhouette and carefully fitted edges. The teak grain is visible along its boards and braces, with the exposed edges burnished smooth. The upright body is broken into doors, panels, or shelves, with a firm plinth keeping the stored contents above the floor. Small tool marks remain at the less-visible edges, while the parts handled most often have been polished smooth, in keeping with the south asian merchant setting.
renaissance_furniture_south_asian_merchant_cloth_bolt_rack	A long cloth-bolt storage rack is positioned here, its teak surfaces contributing a practical presence to the room.	The long cloth-bolt storage rack is built chiefly from teak, with a deliberate silhouette and carefully fitted edges. The teak grain is visible along its boards and braces, with the exposed edges burnished smooth. The raised supporting faces are kept level and open, allowing the displayed form to remain plainly visible. Subtle changes in sheen around the joins make the separate pieces and their careful fitting visible, in keeping with the south asian merchant setting.
renaissance_furniture_south_asian_merchant_dining_table	A low teak household dining table is positioned here, its teak surfaces contributing a practical presence to the room.	The low teak household dining table is built chiefly from teak, with a deliberate silhouette and carefully fitted edges. The teak grain is visible along its boards and braces, with the exposed edges burnished smooth. The working surface is carried on a braced base, leaving a clear top above and sturdy supports below. Small tool marks remain at the less-visible edges, while the parts handled most often have been polished smooth, in keeping with the south asian merchant setting.
renaissance_personal_south_asian_merchant_betel_box		The small fitted brass betel box is built chiefly from brass, with a deliberate silhouette and carefully fitted edges. The brass is worked into shallow planes and firm edges that catch the light without appearing machine-finished. A close-fitting top or flap sits over the compact compartment, while the corners are reinforced for regular handling. Small tool marks remain at the less-visible edges, while the parts handled most often have been polished smooth, in keeping with the south asian merchant setting.
renaissance_personal_south_asian_merchant_pilgrim_bag		The broad cotton pilgrim's shoulder bag is built chiefly from cotton, with a deliberate silhouette and carefully fitted edges. The cotton surface is worked into clear planes and finished carefully around the principal edges. Its compartment is bordered by fitted panels, open shelving, or a lined interior, with the accessible edges worn smooth. The visible faces are finished with restraint, allowing the material and its construction to remain easy to read, in keeping with the south asian merchant setting.
renaissance_personal_south_asian_merchant_manuscript_wrap		The tied cotton manuscript wrap is built chiefly from cotton, with a deliberate silhouette and carefully fitted edges. The cotton surface is worked into clear planes and finished carefully around the principal edges. Its compartment is bordered by fitted panels, open shelving, or a lined interior, with the accessible edges worn smooth. Its corners show small signs of fitting and repair, lending the surface a convincing history of use, in keeping with the south asian merchant setting.
renaissance_personal_south_asian_merchant_spice_pouch		The small tooled leather spice pouch is built chiefly from leather, with a deliberate silhouette and carefully fitted edges. The leather is cut neatly and secured wherever it meets the reinforced edges of the form. Its compartment is bordered by fitted panels, open shelving, or a lined interior, with the accessible edges worn smooth. Subtle changes in sheen around the joins make the separate pieces and their careful fitting visible, in keeping with the south asian merchant setting.
renaissance_domestic_south_asian_merchant_water_pot		The rounded brass household water pot is built chiefly from brass, with a deliberate silhouette and carefully fitted edges. The brass is worked into shallow planes and firm edges that catch the light without appearing machine-finished. A smoothed rim and weighted base give the vessel a stable, practical form for repeated domestic service. The visible faces are finished with restraint, allowing the material and its construction to remain easy to read, in keeping with the south asian merchant setting.
renaissance_domestic_south_asian_merchant_dining_tray		The broad brass dining tray is built chiefly from brass, with a deliberate silhouette and carefully fitted edges. The brass is worked into shallow planes and firm edges that catch the light without appearing machine-finished. Its compartment is bordered by fitted panels, open shelving, or a lined interior, with the accessible edges worn smooth. Small tool marks remain at the less-visible edges, while the parts handled most often have been polished smooth, in keeping with the south asian merchant setting.
renaissance_domestic_south_asian_merchant_rice_bowl		The deep brass rice bowl is built chiefly from brass, with a deliberate silhouette and carefully fitted edges. The brass is worked into shallow planes and firm edges that catch the light without appearing machine-finished. A smoothed rim and weighted base give the vessel a stable, practical form for repeated domestic service. Subtle changes in sheen around the joins make the separate pieces and their careful fitting visible, in keeping with the south asian merchant setting.
renaissance_domestic_south_asian_merchant_water_jar		The tall earthenware courtyard water jar is built chiefly from earthenware, with a deliberate silhouette and carefully fitted edges. Its fired earthenware body has a hard, even surface with a slightly thickened rim and foot. A smoothed rim and weighted base give the vessel a stable, practical form for repeated domestic service. Its corners show small signs of fitting and repair, lending the surface a convincing history of use, in keeping with the south asian merchant setting.
renaissance_domestic_south_asian_merchant_spice_box		The round compartmented spice box is built chiefly from brass, with a deliberate silhouette and carefully fitted edges. The brass is worked into shallow planes and firm edges that catch the light without appearing machine-finished. A close-fitting top or flap sits over the compact compartment, while the corners are reinforced for regular handling. Small tool marks remain at the less-visible edges, while the parts handled most often have been polished smooth, in keeping with the south asian merchant setting.
renaissance_domestic_south_asian_merchant_ghee_jar		The narrow stoneware ghee jar is built chiefly from stoneware, with a deliberate silhouette and carefully fitted edges. Its fired stoneware body has a hard, even surface with a slightly thickened rim and foot. A smoothed rim and weighted base give the vessel a stable, practical form for repeated domestic service. The visible faces are finished with restraint, allowing the material and its construction to remain easy to read, in keeping with the south asian merchant setting.
renaissance_trade_east_asian_literati_cash_chest		The lacquered scholar-merchant cash chest is built chiefly from walnut, with a deliberate silhouette and carefully fitted edges. The walnut grain is visible along its boards and braces, with the exposed edges burnished smooth. A close-fitting top or flap sits over the compact compartment, while the corners are reinforced for regular handling. Its corners show small signs of fitting and repair, lending the surface a convincing history of use, in keeping with the east asian literati setting.
renaissance_trade_east_asian_literati_silk_bolt_chest		The long fitted silk-bolt chest is built chiefly from cedar, with a deliberate silhouette and carefully fitted edges. The cedar grain is visible along its boards and braces, with the exposed edges burnished smooth. A close-fitting top or flap sits over the compact compartment, while the corners are reinforced for regular handling. Its corners show small signs of fitting and repair, lending the surface a convincing history of use, in keeping with the east asian literati setting.
renaissance_trade_east_asian_literati_seal_chop_box		The divided seal-and-chop box is built chiefly from boxwood, with a deliberate silhouette and carefully fitted edges. The boxwood grain is visible along its boards and braces, with the exposed edges burnished smooth. A close-fitting top or flap sits over the compact compartment, while the corners are reinforced for regular handling. Small tool marks remain at the less-visible edges, while the parts handled most often have been polished smooth, in keeping with the east asian literati setting.
renaissance_trade_east_asian_literati_porcelain_sample_chest		The padded porcelain-sample chest is built chiefly from pine, with a deliberate silhouette and carefully fitted edges. The pine grain is visible along its boards and braces, with the exposed edges burnished smooth. A close-fitting top or flap sits over the compact compartment, while the corners are reinforced for regular handling. Subtle changes in sheen around the joins make the separate pieces and their careful fitting visible, in keeping with the east asian literati setting.
renaissance_trade_east_asian_literati_invoice_scroll_case		The bamboo invoice scroll case is built chiefly from bamboo, with a deliberate silhouette and carefully fitted edges. The bamboo grain is visible along its boards and braces, with the exposed edges burnished smooth. A close-fitting top or flap sits over the compact compartment, while the corners are reinforced for regular handling. Small tool marks remain at the less-visible edges, while the parts handled most often have been polished smooth, in keeping with the east asian literati setting.
renaissance_furniture_east_asian_literati_garment_cabinet	A tall compound garment cabinet is positioned here, its walnut surfaces contributing a practical presence to the room.	The tall compound garment cabinet is built chiefly from walnut, with a deliberate silhouette and carefully fitted edges. The walnut grain is visible along its boards and braces, with the exposed edges burnished smooth. The upright body is broken into doors, panels, or shelves, with a firm plinth keeping the stored contents above the floor. The visible faces are finished with restraint, allowing the material and its construction to remain easy to read, in keeping with the east asian literati setting.
renaissance_furniture_east_asian_literati_scholar_book_chest	A low scholar's book chest is positioned here, its cedar surfaces contributing a practical presence to the room.	The low scholar's book chest is built chiefly from cedar, with a deliberate silhouette and carefully fitted edges. The cedar grain is visible along its boards and braces, with the exposed edges burnished smooth. A close-fitting top or flap sits over the compact compartment, while the corners are reinforced for regular handling. Subtle changes in sheen around the joins make the separate pieces and their careful fitting visible, in keeping with the east asian literati setting.
renaissance_furniture_east_asian_literati_medicine_cabinet	A many-drawered medicine cabinet is positioned here, its walnut surfaces contributing a practical presence to the room.	The many-drawered medicine cabinet is built chiefly from walnut, with a deliberate silhouette and carefully fitted edges. The walnut grain is visible along its boards and braces, with the exposed edges burnished smooth. The upright body is broken into doors, panels, or shelves, with a firm plinth keeping the stored contents above the floor. The visible faces are finished with restraint, allowing the material and its construction to remain easy to read, in keeping with the east asian literati setting.
renaissance_furniture_east_asian_literati_display_shelf_stand	An open literati display shelf stand is positioned here, its walnut surfaces contributing a practical presence to the room.	The open literati display shelf stand is built chiefly from walnut, with a deliberate silhouette and carefully fitted edges. The walnut grain is visible along its boards and braces, with the exposed edges burnished smooth. The raised supporting faces are kept level and open, allowing the displayed form to remain plainly visible. Subtle changes in sheen around the joins make the separate pieces and their careful fitting visible, in keeping with the east asian literati setting.
renaissance_furniture_east_asian_literati_writing_table	A low east asian writing table is positioned here, its walnut surfaces contributing a practical presence to the room.	The low East Asian writing table is built chiefly from walnut, with a deliberate silhouette and carefully fitted edges. The walnut grain is visible along its boards and braces, with the exposed edges burnished smooth. The working surface is carried on a braced base, leaving a clear top above and sturdy supports below. The visible faces are finished with restraint, allowing the material and its construction to remain easy to read, in keeping with the east asian literati setting.
renaissance_personal_east_asian_literati_brush_roll		The tied silk calligrapher's brush roll is built chiefly from silk, with a deliberate silhouette and carefully fitted edges. The silk is cut neatly and secured wherever it meets the reinforced edges of the form. Its compartment is bordered by fitted panels, open shelving, or a lined interior, with the accessible edges worn smooth. Subtle changes in sheen around the joins make the separate pieces and their careful fitting visible, in keeping with the east asian literati setting.
renaissance_personal_east_asian_literati_seal_pouch		The padded silk chop-seal pouch is built chiefly from silk, with a deliberate silhouette and carefully fitted edges. The silk is cut neatly and secured wherever it meets the reinforced edges of the form. Its compartment is bordered by fitted panels, open shelving, or a lined interior, with the accessible edges worn smooth. The visible faces are finished with restraint, allowing the material and its construction to remain easy to read, in keeping with the east asian literati setting.
renaissance_personal_east_asian_literati_document_wallet		The folding paper document wallet is built chiefly from paper, with a deliberate silhouette and carefully fitted edges. The paper is cut neatly and secured wherever it meets the reinforced edges of the form. Its compartment is bordered by fitted panels, open shelving, or a lined interior, with the accessible edges worn smooth. The visible faces are finished with restraint, allowing the material and its construction to remain easy to read, in keeping with the east asian literati setting.
renaissance_personal_east_asian_literati_scroll_tube		The shoulder-slung bamboo scroll tube is built chiefly from bamboo, with a deliberate silhouette and carefully fitted edges. The bamboo grain is visible along its boards and braces, with the exposed edges burnished smooth. Its compartment is bordered by fitted panels, open shelving, or a lined interior, with the accessible edges worn smooth. Small tool marks remain at the less-visible edges, while the parts handled most often have been polished smooth, in keeping with the east asian literati setting.
renaissance_domestic_east_asian_literati_stem_cup		The small blue-and-white porcelain stem cup is built chiefly from porcelain, with a deliberate silhouette and carefully fitted edges. Its fired porcelain body has a hard, even surface with a slightly thickened rim and foot. A smoothed rim and weighted base give the vessel a stable, practical form for repeated domestic service. Subtle changes in sheen around the joins make the separate pieces and their careful fitting visible, in keeping with the east asian literati setting.
renaissance_domestic_east_asian_literati_porcelain_ewer		The pear-shaped blue-and-white porcelain ewer is built chiefly from porcelain, with a deliberate silhouette and carefully fitted edges. Its fired porcelain body has a hard, even surface with a slightly thickened rim and foot. A smoothed rim and weighted base give the vessel a stable, practical form for repeated domestic service. The visible faces are finished with restraint, allowing the material and its construction to remain easy to read, in keeping with the east asian literati setting.
renaissance_domestic_east_asian_literati_covered_box		The small covered porcelain box is built chiefly from porcelain, with a deliberate silhouette and carefully fitted edges. Its fired porcelain body has a hard, even surface with a slightly thickened rim and foot. A close-fitting top or flap sits over the compact compartment, while the corners are reinforced for regular handling. Subtle changes in sheen around the joins make the separate pieces and their careful fitting visible, in keeping with the east asian literati setting.
renaissance_domestic_east_asian_literati_storage_jar		The broad glazed stoneware scholar's jar is built chiefly from stoneware, with a deliberate silhouette and carefully fitted edges. Its fired stoneware body has a hard, even surface with a slightly thickened rim and foot. A smoothed rim and weighted base give the vessel a stable, practical form for repeated domestic service. Its corners show small signs of fitting and repair, lending the surface a convincing history of use, in keeping with the east asian literati setting.
renaissance_domestic_east_asian_literati_serving_tray		The black-lacquer scholar's serving tray is built chiefly from lacquer, with a deliberate silhouette and carefully fitted edges. The lacquer surface is worked into clear planes and finished carefully around the principal edges. Its compartment is bordered by fitted panels, open shelving, or a lined interior, with the accessible edges worn smooth. Its corners show small signs of fitting and repair, lending the surface a convincing history of use, in keeping with the east asian literati setting.
renaissance_domestic_east_asian_literati_white_bowl		The deep white porcelain service bowl is built chiefly from porcelain, with a deliberate silhouette and carefully fitted edges. Its fired porcelain body has a hard, even surface with a slightly thickened rim and foot. A smoothed rim and weighted base give the vessel a stable, practical form for repeated domestic service. Subtle changes in sheen around the joins make the separate pieces and their careful fitting visible, in keeping with the east asian literati setting.
renaissance_trade_japanese_ryukyuan_merchant_cash_chest		The low lacquered Japanese merchant chest is built chiefly from cedar, with a deliberate silhouette and carefully fitted edges. The cedar grain is visible along its boards and braces, with the exposed edges burnished smooth. A close-fitting top or flap sits over the compact compartment, while the corners are reinforced for regular handling. The visible faces are finished with restraint, allowing the material and its construction to remain easy to read, in keeping with the japanese ryukyuan merchant setting.
renaissance_trade_japanese_ryukyuan_tribute_document_box		The wax-sealable Ryukyuan tribute box is built chiefly from lacquer, with a deliberate silhouette and carefully fitted edges. The lacquer surface is worked into clear planes and finished carefully around the principal edges. A close-fitting top or flap sits over the compact compartment, while the corners are reinforced for regular handling. Small tool marks remain at the less-visible edges, while the parts handled most often have been polished smooth, in keeping with the japanese ryukyuan tribute setting.
renaissance_trade_japanese_ryukyuan_tea_utensil_chest		The partitioned tea-utensil transport chest is built chiefly from cedar, with a deliberate silhouette and carefully fitted edges. The cedar grain is visible along its boards and braces, with the exposed edges burnished smooth. A close-fitting top or flap sits over the compact compartment, while the corners are reinforced for regular handling. Subtle changes in sheen around the joins make the separate pieces and their careful fitting visible, in keeping with the japanese ryukyuan tea setting.
renaissance_trade_japanese_ryukyuan_lacquerware_shipping_nest		The nested lacquerware shipping set is built chiefly from lacquer, with a deliberate silhouette and carefully fitted edges. The lacquer surface is worked into clear planes and finished carefully around the principal edges. Its compartment is bordered by fitted panels, open shelving, or a lined interior, with the accessible edges worn smooth. The visible faces are finished with restraint, allowing the material and its construction to remain easy to read, in keeping with the japanese ryukyuan lacquerware setting.
renaissance_trade_japanese_ryukyuan_shell_faced_export_casket		The shell-faced Ryukyuan export casket is built chiefly from mother of pearl, with a deliberate silhouette and carefully fitted edges. The mother of pearl surface is worked into clear planes and finished carefully around the principal edges. A close-fitting lid or door meets a plainly mounted lock plate, with tight joins around the compartment. Small tool marks remain at the less-visible edges, while the parts handled most often have been polished smooth, in keeping with the japanese ryukyuan shell setting.
renaissance_furniture_japanese_ryukyuan_stacked_clothing_chest	A stacked cedar clothing chest is positioned here, its cedar surfaces contributing a practical presence to the room.	The stacked cedar clothing chest is built chiefly from cedar, with a deliberate silhouette and carefully fitted edges. The cedar grain is visible along its boards and braces, with the exposed edges burnished smooth. A close-fitting top or flap sits over the compact compartment, while the corners are reinforced for regular handling. Its corners show small signs of fitting and repair, lending the surface a convincing history of use, in keeping with the japanese ryukyuan stacked setting.
renaissance_furniture_japanese_ryukyuan_tea_utensil_cupboard	A low tea-utensil cupboard is positioned here, its cedar surfaces contributing a practical presence to the room.	The low tea-utensil cupboard is built chiefly from cedar, with a deliberate silhouette and carefully fitted edges. The cedar grain is visible along its boards and braces, with the exposed edges burnished smooth. The upright body is broken into doors, panels, or shelves, with a firm plinth keeping the stored contents above the floor. Its corners show small signs of fitting and repair, lending the surface a convincing history of use, in keeping with the japanese ryukyuan tea setting.
renaissance_furniture_japanese_ryukyuan_display_shelf	An asymmetrical alcove display shelf is positioned here, its cedar surfaces contributing a practical presence to the room.	The asymmetrical alcove display shelf is built chiefly from cedar, with a deliberate silhouette and carefully fitted edges. The cedar grain is visible along its boards and braces, with the exposed edges burnished smooth. The raised supporting faces are kept level and open, allowing the displayed form to remain plainly visible. Subtle changes in sheen around the joins make the separate pieces and their careful fitting visible, in keeping with the japanese ryukyuan display setting.
renaissance_furniture_japanese_ryukyuan_document_chest	A broad lacquered household document chest is positioned here, its cedar surfaces contributing a practical presence to the room.	The broad lacquered household document chest is built chiefly from cedar, with a deliberate silhouette and carefully fitted edges. The cedar grain is visible along its boards and braces, with the exposed edges burnished smooth. A close-fitting top or flap sits over the compact compartment, while the corners are reinforced for regular handling. Small tool marks remain at the less-visible edges, while the parts handled most often have been polished smooth, in keeping with the japanese ryukyuan document setting.
renaissance_furniture_japanese_ryukyuan_folding_serving_table	A low folding japanese serving table is positioned here, its cedar surfaces contributing a practical presence to the room.	The low folding Japanese serving table is built chiefly from cedar, with a deliberate silhouette and carefully fitted edges. The cedar grain is visible along its boards and braces, with the exposed edges burnished smooth. The working surface is carried on a braced base, leaving a clear top above and sturdy supports below. Subtle changes in sheen around the joins make the separate pieces and their careful fitting visible, in keeping with the japanese ryukyuan folding setting.
renaissance_personal_japanese_ryukyuan_tiered_medicine_case		The small tiered lacquer medicine case is built chiefly from lacquer, with a deliberate silhouette and carefully fitted edges. The lacquer surface is worked into clear planes and finished carefully around the principal edges. A close-fitting top or flap sits over the compact compartment, while the corners are reinforced for regular handling. Small tool marks remain at the less-visible edges, while the parts handled most often have been polished smooth, in keeping with the japanese ryukyuan tiered setting.
renaissance_personal_japanese_ryukyuan_fan_case		The slim silk folding-fan case is built chiefly from silk, with a deliberate silhouette and carefully fitted edges. The silk is cut neatly and secured wherever it meets the reinforced edges of the form. A close-fitting top or flap sits over the compact compartment, while the corners are reinforced for regular handling. Its corners show small signs of fitting and repair, lending the surface a convincing history of use, in keeping with the japanese ryukyuan fan setting.
renaissance_personal_japanese_ryukyuan_brush_case		The narrow lacquered brush case is built chiefly from lacquer, with a deliberate silhouette and carefully fitted edges. The lacquer surface is worked into clear planes and finished carefully around the principal edges. A close-fitting top or flap sits over the compact compartment, while the corners are reinforced for regular handling. Subtle changes in sheen around the joins make the separate pieces and their careful fitting visible, in keeping with the japanese ryukyuan brush setting.
renaissance_personal_japanese_ryukyuan_cloth_bundle_bag		The tied cotton traveller's bundle bag is built chiefly from cotton, with a deliberate silhouette and carefully fitted edges. The cotton surface is worked into clear planes and finished carefully around the principal edges. Its compartment is bordered by fitted panels, open shelving, or a lined interior, with the accessible edges worn smooth. Its corners show small signs of fitting and repair, lending the surface a convincing history of use, in keeping with the japanese ryukyuan cloth setting.
renaissance_domestic_japanese_ryukyuan_tea_bowl		The deep stoneware tea bowl is built chiefly from stoneware, with a deliberate silhouette and carefully fitted edges. Its fired stoneware body has a hard, even surface with a slightly thickened rim and foot. A smoothed rim and weighted base give the vessel a stable, practical form for repeated domestic service. Small tool marks remain at the less-visible edges, while the parts handled most often have been polished smooth, in keeping with the japanese ryukyuan tea setting.
renaissance_domestic_japanese_ryukyuan_freshwater_jar		The broad glazed freshwater jar is built chiefly from stoneware, with a deliberate silhouette and carefully fitted edges. Its fired stoneware body has a hard, even surface with a slightly thickened rim and foot. A smoothed rim and weighted base give the vessel a stable, practical form for repeated domestic service. Subtle changes in sheen around the joins make the separate pieces and their careful fitting visible, in keeping with the japanese ryukyuan freshwater setting.
renaissance_domestic_japanese_ryukyuan_sake_flask		The narrow ceramic sake flask is built chiefly from stoneware, with a deliberate silhouette and carefully fitted edges. Its fired stoneware body has a hard, even surface with a slightly thickened rim and foot. A smoothed rim and weighted base give the vessel a stable, practical form for repeated domestic service. Its corners show small signs of fitting and repair, lending the surface a convincing history of use, in keeping with the japanese ryukyuan sake setting.
renaissance_domestic_japanese_ryukyuan_lacquer_bowl		The deep red-lacquer serving bowl is built chiefly from lacquer, with a deliberate silhouette and carefully fitted edges. The lacquer surface is worked into clear planes and finished carefully around the principal edges. A smoothed rim and weighted base give the vessel a stable, practical form for repeated domestic service. Its corners show small signs of fitting and repair, lending the surface a convincing history of use, in keeping with the japanese ryukyuan lacquer setting.
renaissance_domestic_japanese_ryukyuan_lacquer_tray		The rectangular Japanese lacquer tray is built chiefly from lacquer, with a deliberate silhouette and carefully fitted edges. The lacquer surface is worked into clear planes and finished carefully around the principal edges. Its compartment is bordered by fitted panels, open shelving, or a lined interior, with the accessible edges worn smooth. Its corners show small signs of fitting and repair, lending the surface a convincing history of use, in keeping with the japanese ryukyuan lacquer setting.
renaissance_domestic_japanese_ryukyuan_serving_dish		The shallow porcelain serving dish is built chiefly from porcelain, with a deliberate silhouette and carefully fitted edges. Its fired porcelain body has a hard, even surface with a slightly thickened rim and foot. Its compartment is bordered by fitted panels, open shelving, or a lined interior, with the accessible edges worn smooth. Small tool marks remain at the less-visible edges, while the parts handled most often have been polished smooth, in keeping with the japanese ryukyuan serving setting.
renaissance_trade_southeast_asian_port_spice_pannier		The lidded rattan spice pannier is built chiefly from rattan, with a deliberate silhouette and carefully fitted edges. The rattan grain is visible along its boards and braces, with the exposed edges burnished smooth. Its compartment is bordered by fitted panels, open shelving, or a lined interior, with the accessible edges worn smooth. Small tool marks remain at the less-visible edges, while the parts handled most often have been polished smooth, in keeping with the southeast asian port setting.
renaissance_trade_southeast_asian_port_tribute_chest		The lacquered mainland tribute chest is built chiefly from teak, with a deliberate silhouette and carefully fitted edges. The teak grain is visible along its boards and braces, with the exposed edges burnished smooth. A close-fitting top or flap sits over the compact compartment, while the corners are reinforced for regular handling. The visible faces are finished with restraint, allowing the material and its construction to remain easy to read, in keeping with the southeast asian port setting.
renaissance_trade_southeast_asian_port_maritime_storage_jar		The massive glazed maritime storage jar is built chiefly from stoneware, with a deliberate silhouette and carefully fitted edges. Its fired stoneware body has a hard, even surface with a slightly thickened rim and foot. A smoothed rim and weighted base give the vessel a stable, practical form for repeated domestic service. Small tool marks remain at the less-visible edges, while the parts handled most often have been polished smooth, in keeping with the southeast asian port setting.
renaissance_trade_southeast_asian_port_betel_merchants_box		The divided betel merchant's box is built chiefly from teak, with a deliberate silhouette and carefully fitted edges. The teak grain is visible along its boards and braces, with the exposed edges burnished smooth. A close-fitting top or flap sits over the compact compartment, while the corners are reinforced for regular handling. Small tool marks remain at the less-visible edges, while the parts handled most often have been polished smooth, in keeping with the southeast asian port setting.
renaissance_trade_southeast_asian_port_palm_leaf_document_chest		The fitted palm-leaf document chest is built chiefly from teak, with a deliberate silhouette and carefully fitted edges. The teak grain is visible along its boards and braces, with the exposed edges burnished smooth. A close-fitting top or flap sits over the compact compartment, while the corners are reinforced for regular handling. The visible faces are finished with restraint, allowing the material and its construction to remain easy to read, in keeping with the southeast asian port setting.
renaissance_furniture_southeast_asian_port_temple_chest	A painted lacquer temple chest is positioned here, its teak surfaces contributing a practical presence to the room.	The painted lacquer temple chest is built chiefly from teak, with a deliberate silhouette and carefully fitted edges. The teak grain is visible along its boards and braces, with the exposed edges burnished smooth. A close-fitting top or flap sits over the compact compartment, while the corners are reinforced for regular handling. The visible faces are finished with restraint, allowing the material and its construction to remain easy to read, in keeping with the southeast asian port setting.
renaissance_furniture_southeast_asian_port_rattan_shelves	A broad rattan storage shelf is positioned here, its rattan surfaces contributing a practical presence to the room.	The broad rattan storage shelf is built chiefly from rattan, with a deliberate silhouette and carefully fitted edges. The rattan grain is visible along its boards and braces, with the exposed edges burnished smooth. Its compartment is bordered by fitted panels, open shelving, or a lined interior, with the accessible edges worn smooth. Its corners show small signs of fitting and repair, lending the surface a convincing history of use, in keeping with the southeast asian port setting.
renaissance_furniture_southeast_asian_port_bronze_vessel_rack	A tiered bronze-vessel rack is positioned here, its teak surfaces contributing a practical presence to the room.	The tiered bronze-vessel rack is built chiefly from teak, with a deliberate silhouette and carefully fitted edges. The teak grain is visible along its boards and braces, with the exposed edges burnished smooth. The raised supporting faces are kept level and open, allowing the displayed form to remain plainly visible. The visible faces are finished with restraint, allowing the material and its construction to remain easy to read, in keeping with the southeast asian port setting.
renaissance_furniture_southeast_asian_port_market_counter	A low coastal market counter is positioned here, its teak surfaces contributing a practical presence to the room.	The low coastal market counter is built chiefly from teak, with a deliberate silhouette and carefully fitted edges. The teak grain is visible along its boards and braces, with the exposed edges burnished smooth. The working surface is carried on a braced base, leaving a clear top above and sturdy supports below. Its corners show small signs of fitting and repair, lending the surface a convincing history of use, in keeping with the southeast asian port setting.
renaissance_furniture_southeast_asian_port_fermentation_vat	A vast earthenware fermentation vat is positioned here, its earthenware surfaces contributing a practical presence to the room.	The vast earthenware fermentation vat is built chiefly from earthenware, with a deliberate silhouette and carefully fitted edges. Its fired earthenware body has a hard, even surface with a slightly thickened rim and foot. A smoothed rim and weighted base keep the vessel stable during repeated service. Subtle changes in sheen around the joins make the separate pieces and their careful fitting visible, in keeping with the southeast asian port setting.
renaissance_personal_southeast_asian_port_shoulder_basket		The lidded rattan shoulder basket is built chiefly from rattan, with a deliberate silhouette and carefully fitted edges. The rattan grain is visible along its boards and braces, with the exposed edges burnished smooth. Its compartment is bordered by fitted panels, open shelving, or a lined interior, with the accessible edges worn smooth. Its corners show small signs of fitting and repair, lending the surface a convincing history of use, in keeping with the southeast asian port setting.
renaissance_personal_southeast_asian_port_betel_pouch		The small embroidered betel pouch is built chiefly from cotton, with a deliberate silhouette and carefully fitted edges. The cotton surface is worked into clear planes and finished carefully around the principal edges. Its compartment is bordered by fitted panels, open shelving, or a lined interior, with the accessible edges worn smooth. Subtle changes in sheen around the joins make the separate pieces and their careful fitting visible, in keeping with the southeast asian port setting.
renaissance_personal_southeast_asian_port_document_satchel		The woven palm-fibre document satchel is built chiefly from raffia cloth, with a deliberate silhouette and carefully fitted edges. The raffia cloth surface is worked into clear planes and finished carefully around the principal edges. A close-fitting top or flap sits over the compact compartment, while the corners are reinforced for regular handling. Subtle changes in sheen around the joins make the separate pieces and their careful fitting visible, in keeping with the southeast asian port setting.
renaissance_personal_southeast_asian_port_gourd_bottle_sling		The netted gourd bottle sling is built chiefly from gourd shell, with a deliberate silhouette and carefully fitted edges. The gourd shell surface is worked into clear planes and finished carefully around the principal edges. A smoothed rim and weighted base give the vessel a stable, practical form for repeated domestic service. Subtle changes in sheen around the joins make the separate pieces and their careful fitting visible, in keeping with the southeast asian port setting.
renaissance_domestic_southeast_asian_port_kendi		The long-spouted earthenware kendi is built chiefly from earthenware, with a deliberate silhouette and carefully fitted edges. Its fired earthenware body has a hard, even surface with a slightly thickened rim and foot. A smoothed rim and weighted base keep the vessel stable during repeated service. Its corners show small signs of fitting and repair, lending the surface a convincing history of use, in keeping with the southeast asian port setting.
renaissance_domestic_southeast_asian_port_bronze_tray		The shallow coastal bronze serving tray is built chiefly from bronze, with a deliberate silhouette and carefully fitted edges. The bronze surface is worked into clear planes and finished carefully around the principal edges. Its compartment is bordered by fitted panels, open shelving, or a lined interior, with the accessible edges worn smooth. Its corners show small signs of fitting and repair, lending the surface a convincing history of use, in keeping with the southeast asian port setting.
renaissance_domestic_southeast_asian_port_lacquer_bowl		The deep red-lacquer port bowl is built chiefly from lacquer, with a deliberate silhouette and carefully fitted edges. The lacquer surface is worked into clear planes and finished carefully around the principal edges. A smoothed rim and weighted base give the vessel a stable, practical form for repeated domestic service. Small tool marks remain at the less-visible edges, while the parts handled most often have been polished smooth, in keeping with the southeast asian port setting.
renaissance_domestic_southeast_asian_port_rice_basket		The lidded rattan rice basket is built chiefly from rattan, with a deliberate silhouette and carefully fitted edges. The rattan grain is visible along its boards and braces, with the exposed edges burnished smooth. Its compartment is bordered by fitted panels, open shelving, or a lined interior, with the accessible edges worn smooth. Small tool marks remain at the less-visible edges, while the parts handled most often have been polished smooth, in keeping with the southeast asian port setting.
renaissance_domestic_southeast_asian_port_water_jar		The tall earthenware port water jar is built chiefly from earthenware, with a deliberate silhouette and carefully fitted edges. Its fired earthenware body has a hard, even surface with a slightly thickened rim and foot. A smoothed rim and weighted base give the vessel a stable, practical form for repeated domestic service. Its corners show small signs of fitting and repair, lending the surface a convincing history of use, in keeping with the southeast asian port setting.
renaissance_domestic_southeast_asian_port_gourd_cup		The polished South-east Asian gourd cup is built chiefly from gourd shell, with a deliberate silhouette and carefully fitted edges. The gourd shell surface is worked into clear planes and finished carefully around the principal edges. A smoothed rim and weighted base give the vessel a stable, practical form for repeated domestic service. Small tool marks remain at the less-visible edges, while the parts handled most often have been polished smooth, in keeping with the southeast asian port setting.
renaissance_trade_steppe_caravan_saddle_caravan_coffer		The narrow saddle-borne caravan coffer is built chiefly from leather, with a deliberate silhouette and carefully fitted edges. The leather is cut neatly and secured wherever it meets the reinforced edges of the form. A close-fitting top or flap sits over the compact compartment, while the corners are reinforced for regular handling. The visible faces are finished with restraint, allowing the material and its construction to remain easy to read, in keeping with the steppe caravan saddle setting.
renaissance_trade_steppe_caravan_felt_lined_food_chest		The felt-lined dried-goods chest is built chiefly from cedar, with a deliberate silhouette and carefully fitted edges. The cedar grain is visible along its boards and braces, with the exposed edges burnished smooth. A close-fitting top or flap sits over the compact compartment, while the corners are reinforced for regular handling. Small tool marks remain at the less-visible edges, while the parts handled most often have been polished smooth, in keeping with the steppe caravan felt setting.
renaissance_trade_steppe_caravan_coin_weight_casket		The fitted steppe coin-and-weight casket is built chiefly from bronze, with a deliberate silhouette and carefully fitted edges. The bronze surface is worked into clear planes and finished carefully around the principal edges. Its compartment is bordered by fitted panels, open shelving, or a lined interior, with the accessible edges worn smooth. Its corners show small signs of fitting and repair, lending the surface a convincing history of use, in keeping with the steppe caravan coin setting.
renaissance_trade_steppe_caravan_courier_dispatch_tube		The hide-covered courier dispatch tube is built chiefly from leather, with a deliberate silhouette and carefully fitted edges. The leather is cut neatly and secured wherever it meets the reinforced edges of the form. Its compartment is bordered by fitted panels, open shelving, or a lined interior, with the accessible edges worn smooth. Small tool marks remain at the less-visible edges, while the parts handled most often have been polished smooth, in keeping with the steppe caravan courier setting.
renaissance_trade_steppe_caravan_double_pannier		The matched pair of leather cargo panniers is built chiefly from leather, with a deliberate silhouette and carefully fitted edges. The leather is cut neatly and secured wherever it meets the reinforced edges of the form. Its compartment is bordered by fitted panels, open shelving, or a lined interior, with the accessible edges worn smooth. Small tool marks remain at the less-visible edges, while the parts handled most often have been polished smooth, in keeping with the steppe caravan double setting.
renaissance_furniture_steppe_caravan_campaign_chest_table	A folding campaign chest-table is positioned here, its cedar surfaces contributing a practical presence to the room.	The folding campaign chest-table is built chiefly from cedar, with a deliberate silhouette and carefully fitted edges. The cedar grain is visible along its boards and braces, with the exposed edges burnished smooth. A close-fitting top or flap sits over the compact compartment, while the corners are reinforced for regular handling. Subtle changes in sheen around the joins make the separate pieces and their careful fitting visible, in keeping with the steppe caravan campaign setting.
renaissance_furniture_steppe_caravan_felt_storage_chest	A felt-lined mobile storage chest is positioned here, its cedar surfaces contributing a practical presence to the room.	The felt-lined mobile storage chest is built chiefly from cedar, with a deliberate silhouette and carefully fitted edges. The cedar grain is visible along its boards and braces, with the exposed edges burnished smooth. A close-fitting top or flap sits over the compact compartment, while the corners are reinforced for regular handling. Subtle changes in sheen around the joins make the separate pieces and their careful fitting visible, in keeping with the steppe caravan felt setting.
renaissance_furniture_steppe_caravan_low_folding_table	A low folding birch service table is positioned here, its birch surfaces contributing a practical presence to the room.	The low folding birch service table is built chiefly from birch, with a deliberate silhouette and carefully fitted edges. The birch surface is worked into clear planes and finished carefully around the principal edges. The working surface is carried on a braced base, leaving a clear top above and sturdy supports below. Small tool marks remain at the less-visible edges, while the parts handled most often have been polished smooth, in keeping with the steppe caravan low setting.
renaissance_furniture_steppe_caravan_supply_cupboard	A compact travelling supply cupboard is positioned here, its cedar surfaces contributing a practical presence to the room.	The compact travelling supply cupboard is built chiefly from cedar, with a deliberate silhouette and carefully fitted edges. The cedar grain is visible along its boards and braces, with the exposed edges burnished smooth. The upright body is broken into doors, panels, or shelves, with a firm plinth keeping the stored contents above the floor. The visible faces are finished with restraint, allowing the material and its construction to remain easy to read, in keeping with the steppe caravan supply setting.
renaissance_furniture_steppe_caravan_bedding_chest	A stackable caravan bedding chest is positioned here, its cedar surfaces contributing a practical presence to the room.	The stackable caravan bedding chest is built chiefly from cedar, with a deliberate silhouette and carefully fitted edges. The cedar grain is visible along its boards and braces, with the exposed edges burnished smooth. A close-fitting top or flap sits over the compact compartment, while the corners are reinforced for regular handling. Small tool marks remain at the less-visible edges, while the parts handled most often have been polished smooth, in keeping with the steppe caravan bedding setting.
renaissance_personal_steppe_caravan_felt_shoulder_bag		The soft felt caravan shoulder bag is built chiefly from felt, with a deliberate silhouette and carefully fitted edges. The felt surface is worked into clear planes and finished carefully around the principal edges. Its compartment is bordered by fitted panels, open shelving, or a lined interior, with the accessible edges worn smooth. Subtle changes in sheen around the joins make the separate pieces and their careful fitting visible, in keeping with the steppe caravan felt setting.
renaissance_personal_steppe_caravan_document_pouch		The hard leather courier document pouch is built chiefly from leather, with a deliberate silhouette and carefully fitted edges. The leather is cut neatly and secured wherever it meets the reinforced edges of the form. Its compartment is bordered by fitted panels, open shelving, or a lined interior, with the accessible edges worn smooth. Subtle changes in sheen around the joins make the separate pieces and their careful fitting visible, in keeping with the steppe caravan document setting.
renaissance_personal_steppe_caravan_coin_purse		The reinforced steppe belt purse is built chiefly from leather, with a deliberate silhouette and carefully fitted edges. The leather is cut neatly and secured wherever it meets the reinforced edges of the form. A close-fitting top or flap sits over the compact compartment, while the corners are reinforced for regular handling. Small tool marks remain at the less-visible edges, while the parts handled most often have been polished smooth, in keeping with the steppe caravan coin setting.
renaissance_personal_steppe_caravan_medicine_gourd_sling		The small medicine-gourd sling is built chiefly from gourd shell, with a deliberate silhouette and carefully fitted edges. The gourd shell surface is worked into clear planes and finished carefully around the principal edges. A smoothed rim and weighted base keep the vessel stable during repeated service. Its corners show small signs of fitting and repair, lending the surface a convincing history of use, in keeping with the steppe caravan medicine setting.
renaissance_domestic_steppe_caravan_wooden_bowl		The shallow birch drinking bowl is built chiefly from birch, with a deliberate silhouette and carefully fitted edges. The birch surface is worked into clear planes and finished carefully around the principal edges. A smoothed rim and weighted base give the vessel a stable, practical form for repeated domestic service. Small tool marks remain at the less-visible edges, while the parts handled most often have been polished smooth, in keeping with the steppe caravan wooden setting.
renaissance_domestic_steppe_caravan_water_bottle		The stitched leather caravan water bottle is built chiefly from leather, with a deliberate silhouette and carefully fitted edges. The leather is cut neatly and secured wherever it meets the reinforced edges of the form. A smoothed rim and weighted base give the vessel a stable, practical form for repeated domestic service. The visible faces are finished with restraint, allowing the material and its construction to remain easy to read, in keeping with the steppe caravan water setting.
renaissance_domestic_steppe_caravan_copper_cauldron		The small hammered copper cauldron is built chiefly from copper, with a deliberate silhouette and carefully fitted edges. The copper is worked into shallow planes and firm edges that catch the light without appearing machine-finished. A smoothed rim and weighted base keep the vessel stable during repeated service. The visible faces are finished with restraint, allowing the material and its construction to remain easy to read, in keeping with the steppe caravan copper setting.
renaissance_domestic_steppe_caravan_serving_tray		The low birch caravan serving tray is built chiefly from birch, with a deliberate silhouette and carefully fitted edges. The birch surface is worked into clear planes and finished carefully around the principal edges. Its compartment is bordered by fitted panels, open shelving, or a lined interior, with the accessible edges worn smooth. Subtle changes in sheen around the joins make the separate pieces and their careful fitting visible, in keeping with the steppe caravan serving setting.
renaissance_domestic_steppe_caravan_horn_cup		The polished steppe horn cup is built chiefly from horn, with a deliberate silhouette and carefully fitted edges. The horn surface is worked into clear planes and finished carefully around the principal edges. A smoothed rim and weighted base give the vessel a stable, practical form for repeated domestic service. Its corners show small signs of fitting and repair, lending the surface a convincing history of use, in keeping with the steppe caravan horn setting.
renaissance_domestic_steppe_caravan_food_basket		The lidded felt food basket is built chiefly from felt, with a deliberate silhouette and carefully fitted edges. The felt surface is worked into clear planes and finished carefully around the principal edges. Its compartment is bordered by fitted panels, open shelving, or a lined interior, with the accessible edges worn smooth. Subtle changes in sheen around the joins make the separate pieces and their careful fitting visible, in keeping with the steppe caravan food setting.
renaissance_trade_west_african_court_brassweight_box		The fitted brassweight trader's box is built chiefly from wood, with a deliberate silhouette and carefully fitted edges. The wood surface is worked into clear planes and finished carefully around the principal edges. A close-fitting top or flap sits over the compact compartment, while the corners are reinforced for regular handling. Subtle changes in sheen around the joins make the separate pieces and their careful fitting visible, in keeping with the west african court setting.
renaissance_trade_west_african_court_cowrie_currency_chest		The divided cowrie-currency chest is built chiefly from wood, with a deliberate silhouette and carefully fitted edges. The wood surface is worked into clear planes and finished carefully around the principal edges. A close-fitting top or flap sits over the compact compartment, while the corners are reinforced for regular handling. Small tool marks remain at the less-visible edges, while the parts handled most often have been polished smooth, in keeping with the west african court setting.
renaissance_trade_west_african_court_ivory_trade_casket		The small carved ivory trade casket is built chiefly from ivory, with a deliberate silhouette and carefully fitted edges. The ivory surface is worked into clear planes and finished carefully around the principal edges. A close-fitting lid or door meets a plainly mounted lock plate, with tight joins around the compartment. The visible faces are finished with restraint, allowing the material and its construction to remain easy to read, in keeping with the west african court setting.
renaissance_trade_west_african_court_textile_sample_chest		The broad Atlantic textile-sample chest is built chiefly from wood, with a deliberate silhouette and carefully fitted edges. The wood surface is worked into clear planes and finished carefully around the principal edges. A close-fitting top or flap sits over the compact compartment, while the corners are reinforced for regular handling. The visible faces are finished with restraint, allowing the material and its construction to remain easy to read, in keeping with the west african court setting.
renaissance_trade_west_african_court_coastal_document_chest		The wax-sealable coastal document chest is built chiefly from wood, with a deliberate silhouette and carefully fitted edges. The wood surface is worked into clear planes and finished carefully around the principal edges. A close-fitting top or flap sits over the compact compartment, while the corners are reinforced for regular handling. Subtle changes in sheen around the joins make the separate pieces and their careful fitting visible, in keeping with the west african court setting.
renaissance_furniture_west_african_court_regalia_chest	A carved court regalia chest is positioned here, its wood surfaces contributing a practical presence to the room.	The carved court regalia chest is built chiefly from wood, with a deliberate silhouette and carefully fitted edges. The wood surface is worked into clear planes and finished carefully around the principal edges. A close-fitting top or flap sits over the compact compartment, while the corners are reinforced for regular handling. Subtle changes in sheen around the joins make the separate pieces and their careful fitting visible, in keeping with the west african court setting.
renaissance_furniture_west_african_court_brassware_shelf	A broad brassware display shelf is positioned here, its wood surfaces contributing a practical presence to the room.	The broad brassware display shelf is built chiefly from wood, with a deliberate silhouette and carefully fitted edges. The wood surface is worked into clear planes and finished carefully around the principal edges. The raised supporting faces are kept level and open, allowing the displayed form to remain plainly visible. Subtle changes in sheen around the joins make the separate pieces and their careful fitting visible, in keeping with the west african court setting.
renaissance_furniture_west_african_court_storage_hamper	A great lidded woven storage hamper is positioned here, its wicker surfaces contributing a practical presence to the room.	The great lidded woven storage hamper is built chiefly from wicker, with a deliberate silhouette and carefully fitted edges. The wicker surface is worked into clear planes and finished carefully around the principal edges. Its compartment is bordered by fitted panels, open shelving, or a lined interior, with the accessible edges worn smooth. Small tool marks remain at the less-visible edges, while the parts handled most often have been polished smooth, in keeping with the west african court setting.
renaissance_furniture_west_african_court_serving_table	A carved ceremonial serving table is positioned here, its wood surfaces contributing a practical presence to the room.	The carved ceremonial serving table is built chiefly from wood, with a deliberate silhouette and carefully fitted edges. The wood surface is worked into clear planes and finished carefully around the principal edges. The working surface is carried on a braced base, leaving a clear top above and sturdy supports below. Small tool marks remain at the less-visible edges, while the parts handled most often have been polished smooth, in keeping with the west african court setting.
renaissance_furniture_west_african_court_palace_store_cupboard	A deep palace store cupboard is positioned here, its wood surfaces contributing a practical presence to the room.	The deep palace store cupboard is built chiefly from wood, with a deliberate silhouette and carefully fitted edges. The wood surface is worked into clear planes and finished carefully around the principal edges. The upright body is broken into doors, panels, or shelves, with a firm plinth keeping the stored contents above the floor. Small tool marks remain at the less-visible edges, while the parts handled most often have been polished smooth, in keeping with the west african court setting.
renaissance_personal_west_african_court_cowrie_purse		The netted cowrie waist purse is built chiefly from leather, with a deliberate silhouette and carefully fitted edges. The leather is cut neatly and secured wherever it meets the reinforced edges of the form. A close-fitting top or flap sits over the compact compartment, while the corners are reinforced for regular handling. Subtle changes in sheen around the joins make the separate pieces and their careful fitting visible, in keeping with the west african court setting.
renaissance_personal_west_african_court_amulet_pouch		The small tooled leather amulet pouch is built chiefly from leather, with a deliberate silhouette and carefully fitted edges. The leather is cut neatly and secured wherever it meets the reinforced edges of the form. Its compartment is bordered by fitted panels, open shelving, or a lined interior, with the accessible edges worn smooth. The visible faces are finished with restraint, allowing the material and its construction to remain easy to read, in keeping with the west african court setting.
renaissance_personal_west_african_court_bead_merchants_bag		The broad bead merchant's shoulder bag is built chiefly from cotton, with a deliberate silhouette and carefully fitted edges. The cotton surface is worked into clear planes and finished carefully around the principal edges. Its compartment is bordered by fitted panels, open shelving, or a lined interior, with the accessible edges worn smooth. Small tool marks remain at the less-visible edges, while the parts handled most often have been polished smooth, in keeping with the west african court setting.
renaissance_personal_west_african_court_calabash_sling		The netted calabash bottle sling is built chiefly from gourd shell, with a deliberate silhouette and carefully fitted edges. The gourd shell surface is worked into clear planes and finished carefully around the principal edges. A smoothed rim and weighted base give the vessel a stable, practical form for repeated domestic service. Subtle changes in sheen around the joins make the separate pieces and their careful fitting visible, in keeping with the west african court setting.
renaissance_domestic_west_african_court_brass_bowl		The cast brass court serving bowl is built chiefly from brass, with a deliberate silhouette and carefully fitted edges. The brass is worked into shallow planes and firm edges that catch the light without appearing machine-finished. A smoothed rim and weighted base give the vessel a stable, practical form for repeated domestic service. The visible faces are finished with restraint, allowing the material and its construction to remain easy to read, in keeping with the west african court setting.
renaissance_domestic_west_african_court_wooden_cup		The carved West African wooden cup is built chiefly from wood, with a deliberate silhouette and carefully fitted edges. The wood surface is worked into clear planes and finished carefully around the principal edges. A smoothed rim and weighted base give the vessel a stable, practical form for repeated domestic service. Subtle changes in sheen around the joins make the separate pieces and their careful fitting visible, in keeping with the west african court setting.
renaissance_domestic_west_african_court_gourd_bowl		The polished court gourd bowl is built chiefly from gourd shell, with a deliberate silhouette and carefully fitted edges. The gourd shell surface is worked into clear planes and finished carefully around the principal edges. A smoothed rim and weighted base give the vessel a stable, practical form for repeated domestic service. Its corners show small signs of fitting and repair, lending the surface a convincing history of use, in keeping with the west african court setting.
renaissance_domestic_west_african_court_woven_basket		The close-lidded woven food basket is built chiefly from wicker, with a deliberate silhouette and carefully fitted edges. The wicker surface is worked into clear planes and finished carefully around the principal edges. Its compartment is bordered by fitted panels, open shelving, or a lined interior, with the accessible edges worn smooth. Its corners show small signs of fitting and repair, lending the surface a convincing history of use, in keeping with the west african court setting.
renaissance_domestic_west_african_court_copper_ewer		The hammered Atlantic copper ewer is built chiefly from copper, with a deliberate silhouette and carefully fitted edges. The copper is worked into shallow planes and firm edges that catch the light without appearing machine-finished. A smoothed rim and weighted base give the vessel a stable, practical form for repeated domestic service. Subtle changes in sheen around the joins make the separate pieces and their careful fitting visible, in keeping with the west african court setting.
renaissance_domestic_west_african_court_wooden_platter		The broad carved court platter is built chiefly from wood, with a deliberate silhouette and carefully fitted edges. The wood surface is worked into clear planes and finished carefully around the principal edges. Its compartment is bordered by fitted panels, open shelving, or a lined interior, with the accessible edges worn smooth. Subtle changes in sheen around the joins make the separate pieces and their careful fitting visible, in keeping with the west african court setting.
renaissance_trade_sahel_redsea_indianocean_caravan_chest		The leather-covered Sahel caravan chest is built chiefly from cedar, with a deliberate silhouette and carefully fitted edges. The cedar grain is visible along its boards and braces, with the exposed edges burnished smooth. A close-fitting top or flap sits over the compact compartment, while the corners are reinforced for regular handling. Its corners show small signs of fitting and repair, lending the surface a convincing history of use, in keeping with the sahel redsea indianocean setting.
renaissance_trade_sahel_redsea_indianocean_manuscript_trade_coffer		The wax-sealable manuscript trade coffer is built chiefly from cedar, with a deliberate silhouette and carefully fitted edges. The cedar grain is visible along its boards and braces, with the exposed edges burnished smooth. A close-fitting top or flap sits over the compact compartment, while the corners are reinforced for regular handling. Subtle changes in sheen around the joins make the separate pieces and their careful fitting visible, in keeping with the sahel redsea indianocean setting.
renaissance_trade_sahel_redsea_indianocean_ivory_parcel_lockbox		The fitted ivory-parcel lockbox is built chiefly from wood, with a deliberate silhouette and carefully fitted edges. The wood surface is worked into clear planes and finished carefully around the principal edges. A close-fitting top or flap sits over the compact compartment, while the corners are reinforced for regular handling. The visible faces are finished with restraint, allowing the material and its construction to remain easy to read, in keeping with the sahel redsea indianocean setting.
renaissance_trade_sahel_redsea_indianocean_spice_measure_box		The divided Indian Ocean spice box is built chiefly from wood, with a deliberate silhouette and carefully fitted edges. The wood surface is worked into clear planes and finished carefully around the principal edges. A close-fitting top or flap sits over the compact compartment, while the corners are reinforced for regular handling. Subtle changes in sheen around the joins make the separate pieces and their careful fitting visible, in keeping with the sahel redsea indianocean setting.
renaissance_trade_sahel_redsea_indianocean_customs_seal_chest		The Red Sea customs seal chest is built chiefly from cedar, with a deliberate silhouette and carefully fitted edges. The cedar grain is visible along its boards and braces, with the exposed edges burnished smooth. A close-fitting top or flap sits over the compact compartment, while the corners are reinforced for regular handling. The visible faces are finished with restraint, allowing the material and its construction to remain easy to read, in keeping with the sahel redsea indianocean setting.
renaissance_furniture_sahel_redsea_indianocean_manuscript_cupboard	A tall sahelian manuscript cupboard is positioned here, its cedar surfaces contributing a practical presence to the room.	The tall Sahelian manuscript cupboard is built chiefly from cedar, with a deliberate silhouette and carefully fitted edges. The cedar grain is visible along its boards and braces, with the exposed edges burnished smooth. The upright body is broken into doors, panels, or shelves, with a firm plinth keeping the stored contents above the floor. Subtle changes in sheen around the joins make the separate pieces and their careful fitting visible, in keeping with the sahel redsea indianocean setting.
renaissance_furniture_sahel_redsea_indianocean_covered_storage_chest	A leather-covered merchant storage chest is positioned here, its cedar surfaces contributing a practical presence to the room.	The leather-covered merchant storage chest is built chiefly from cedar, with a deliberate silhouette and carefully fitted edges. The cedar grain is visible along its boards and braces, with the exposed edges burnished smooth. A close-fitting top or flap sits over the compact compartment, while the corners are reinforced for regular handling. Its corners show small signs of fitting and repair, lending the surface a convincing history of use, in keeping with the sahel redsea indianocean setting.
renaissance_furniture_sahel_redsea_indianocean_ceramic_display_shelf	An imported-ceramic display shelf is positioned here, its wood surfaces contributing a practical presence to the room.	The imported-ceramic display shelf is built chiefly from wood, with a deliberate silhouette and carefully fitted edges. The wood surface is worked into clear planes and finished carefully around the principal edges. The raised supporting faces are kept level and open, allowing the displayed form to remain plainly visible. Its corners show small signs of fitting and repair, lending the surface a convincing history of use, in keeping with the sahel redsea indianocean setting.
renaissance_furniture_sahel_redsea_indianocean_merchant_counter	A low swahili merchant counter is positioned here, its wood surfaces contributing a practical presence to the room.	The low Swahili merchant counter is built chiefly from wood, with a deliberate silhouette and carefully fitted edges. The wood surface is worked into clear planes and finished carefully around the principal edges. The working surface is carried on a braced base, leaving a clear top above and sturdy supports below. Subtle changes in sheen around the joins make the separate pieces and their careful fitting visible, in keeping with the sahel redsea indianocean setting.
renaissance_furniture_sahel_redsea_indianocean_water_storage_vat	A fixed plaster-lined water vat is positioned here, its plaster surfaces contributing a practical presence to the room.	The fixed plaster-lined water vat is built chiefly from plaster, with a deliberate silhouette and carefully fitted edges. The plaster surface is worked into clear planes and finished carefully around the principal edges. A smoothed rim and weighted base keep the vessel stable during repeated service. Subtle changes in sheen around the joins make the separate pieces and their careful fitting visible, in keeping with the sahel redsea indianocean setting.
renaissance_personal_sahel_redsea_indianocean_manuscript_satchel		The flap-front Sahel manuscript satchel is built chiefly from leather, with a deliberate silhouette and carefully fitted edges. The leather is cut neatly and secured wherever it meets the reinforced edges of the form. A close-fitting top or flap sits over the compact compartment, while the corners are reinforced for regular handling. Subtle changes in sheen around the joins make the separate pieces and their careful fitting visible, in keeping with the sahel redsea indianocean setting.
renaissance_personal_sahel_redsea_indianocean_cowrie_coin_pouch		The small Indian Ocean cowrie pouch is built chiefly from leather, with a deliberate silhouette and carefully fitted edges. The leather is cut neatly and secured wherever it meets the reinforced edges of the form. Its compartment is bordered by fitted panels, open shelving, or a lined interior, with the accessible edges worn smooth. Small tool marks remain at the less-visible edges, while the parts handled most often have been polished smooth, in keeping with the sahel redsea indianocean setting.
renaissance_personal_sahel_redsea_indianocean_rolled_document_case		The shoulder-slung Red Sea document case is built chiefly from leather, with a deliberate silhouette and carefully fitted edges. The leather is cut neatly and secured wherever it meets the reinforced edges of the form. A close-fitting top or flap sits over the compact compartment, while the corners are reinforced for regular handling. Small tool marks remain at the less-visible edges, while the parts handled most often have been polished smooth, in keeping with the sahel redsea indianocean setting.
renaissance_personal_sahel_redsea_indianocean_water_gourd_sling		The woven Swahili water-gourd sling is built chiefly from gourd shell, with a deliberate silhouette and carefully fitted edges. The gourd shell surface is worked into clear planes and finished carefully around the principal edges. A smoothed rim and weighted base keep the vessel stable during repeated service. Small tool marks remain at the less-visible edges, while the parts handled most often have been polished smooth, in keeping with the sahel redsea indianocean setting.
renaissance_domestic_sahel_redsea_indianocean_imported_bowl		The glazed imported coastal ceramic bowl is built chiefly from faience, with a deliberate silhouette and carefully fitted edges. The faience surface is worked into clear planes and finished carefully around the principal edges. A smoothed rim and weighted base give the vessel a stable, practical form for repeated domestic service. Small tool marks remain at the less-visible edges, while the parts handled most often have been polished smooth, in keeping with the sahel redsea indianocean setting.
renaissance_domestic_sahel_redsea_indianocean_brass_ewer		The narrow engraved Red Sea brass ewer is built chiefly from brass, with a deliberate silhouette and carefully fitted edges. The brass is worked into shallow planes and firm edges that catch the light without appearing machine-finished. A smoothed rim and weighted base give the vessel a stable, practical form for repeated domestic service. Subtle changes in sheen around the joins make the separate pieces and their careful fitting visible, in keeping with the sahel redsea indianocean setting.
renaissance_domestic_sahel_redsea_indianocean_water_jar		The broad Swahili earthenware water jar is built chiefly from earthenware, with a deliberate silhouette and carefully fitted edges. Its fired earthenware body has a hard, even surface with a slightly thickened rim and foot. A smoothed rim and weighted base give the vessel a stable, practical form for repeated domestic service. Small tool marks remain at the less-visible edges, while the parts handled most often have been polished smooth, in keeping with the sahel redsea indianocean setting.
renaissance_domestic_sahel_redsea_indianocean_serving_tray		The flat carved coastal serving tray is built chiefly from wood, with a deliberate silhouette and carefully fitted edges. The wood surface is worked into clear planes and finished carefully around the principal edges. Its compartment is bordered by fitted panels, open shelving, or a lined interior, with the accessible edges worn smooth. Subtle changes in sheen around the joins make the separate pieces and their careful fitting visible, in keeping with the sahel redsea indianocean setting.
renaissance_domestic_sahel_redsea_indianocean_horn_cup		The polished Sahelian carved horn cup is built chiefly from horn, with a deliberate silhouette and carefully fitted edges. The horn surface is worked into clear planes and finished carefully around the principal edges. A smoothed rim and weighted base give the vessel a stable, practical form for repeated domestic service. Its corners show small signs of fitting and repair, lending the surface a convincing history of use, in keeping with the sahel redsea indianocean setting.
renaissance_domestic_sahel_redsea_indianocean_palm_fibre_basket		The lidded palm-fibre food basket is built chiefly from raffia cloth, with a deliberate silhouette and carefully fitted edges. The raffia cloth surface is worked into clear planes and finished carefully around the principal edges. Its compartment is bordered by fitted panels, open shelving, or a lined interior, with the accessible edges worn smooth. Its corners show small signs of fitting and repair, lending the surface a convincing history of use, in keeping with the sahel redsea indianocean setting.
renaissance_trade_mesoamerican_market_cacao_market_basket		The close-lidded cacao market basket is built chiefly from wicker, with a deliberate silhouette and carefully fitted edges. The wicker surface is worked into clear planes and finished carefully around the principal edges. Its compartment is bordered by fitted panels, open shelving, or a lined interior, with the accessible edges worn smooth. Its corners show small signs of fitting and repair, lending the surface a convincing history of use, in keeping with the mesoamerican market cacao setting.
renaissance_trade_mesoamerican_market_feather_merchants_basket		The tall feather merchant's basket is built chiefly from reed, with a deliberate silhouette and carefully fitted edges. The reed surface is worked into clear planes and finished carefully around the principal edges. Its compartment is bordered by fitted panels, open shelving, or a lined interior, with the accessible edges worn smooth. Small tool marks remain at the less-visible edges, while the parts handled most often have been polished smooth, in keeping with the mesoamerican market feather setting.
renaissance_trade_mesoamerican_market_shell_ornament_box		The divided shell-ornament trade box is built chiefly from wood, with a deliberate silhouette and carefully fitted edges. The wood surface is worked into clear planes and finished carefully around the principal edges. A close-fitting top or flap sits over the compact compartment, while the corners are reinforced for regular handling. Its corners show small signs of fitting and repair, lending the surface a convincing history of use, in keeping with the mesoamerican market shell setting.
renaissance_trade_mesoamerican_market_codex_transport_chest		The fitted codex transport chest is built chiefly from wood, with a deliberate silhouette and carefully fitted edges. The wood surface is worked into clear planes and finished carefully around the principal edges. A close-fitting top or flap sits over the compact compartment, while the corners are reinforced for regular handling. The visible faces are finished with restraint, allowing the material and its construction to remain easy to read, in keeping with the mesoamerican market codex setting.
renaissance_trade_mesoamerican_market_tribute_textile_chest		The broad tribute-textile chest is built chiefly from wood, with a deliberate silhouette and carefully fitted edges. The wood surface is worked into clear planes and finished carefully around the principal edges. A close-fitting top or flap sits over the compact compartment, while the corners are reinforced for regular handling. Its corners show small signs of fitting and repair, lending the surface a convincing history of use, in keeping with the mesoamerican market tribute setting.
renaissance_furniture_mesoamerican_market_platform	A raised market display platform is positioned here, its wood surfaces contributing a practical presence to the room.	The raised market display platform is built chiefly from wood, with a deliberate silhouette and carefully fitted edges. The wood surface is worked into clear planes and finished carefully around the principal edges. The raised supporting faces are kept level and open, allowing the displayed form to remain plainly visible. The visible faces are finished with restraint, allowing the material and its construction to remain easy to read, in keeping with the mesoamerican market platform setting.
renaissance_furniture_mesoamerican_market_basket_rack	A tall woven-basket storage rack is positioned here, its wood surfaces contributing a practical presence to the room.	The tall woven-basket storage rack is built chiefly from wood, with a deliberate silhouette and carefully fitted edges. The wood surface is worked into clear planes and finished carefully around the principal edges. The raised supporting faces are kept level and open, allowing the displayed form to remain plainly visible. Subtle changes in sheen around the joins make the separate pieces and their careful fitting visible, in keeping with the mesoamerican market basket setting.
renaissance_furniture_mesoamerican_market_codex_shelf_chest	A low bark-paper codex chest is positioned here, its wood surfaces contributing a practical presence to the room.	The low bark-paper codex chest is built chiefly from wood, with a deliberate silhouette and carefully fitted edges. The wood surface is worked into clear planes and finished carefully around the principal edges. A close-fitting top or flap sits over the compact compartment, while the corners are reinforced for regular handling. Subtle changes in sheen around the joins make the separate pieces and their careful fitting visible, in keeping with the mesoamerican market codex setting.
renaissance_furniture_mesoamerican_market_jar_storage_platform	A raised pottery-jar platform is positioned here, its wood surfaces contributing a practical presence to the room.	The raised pottery-jar platform is built chiefly from wood, with a deliberate silhouette and carefully fitted edges. The wood surface is worked into clear planes and finished carefully around the principal edges. A smoothed rim and weighted base give the vessel a stable, practical form for repeated domestic service. The visible faces are finished with restraint, allowing the material and its construction to remain easy to read, in keeping with the mesoamerican market jar setting.
renaissance_furniture_mesoamerican_market_tribute_bin_wall	A many-bayed tribute-store bin wall is positioned here, its wood surfaces contributing a practical presence to the room.	The many-bayed tribute-store bin wall is built chiefly from wood, with a deliberate silhouette and carefully fitted edges. The wood surface is worked into clear planes and finished carefully around the principal edges. Its compartment is bordered by fitted panels, open shelving, or a lined interior, with the accessible edges worn smooth. Subtle changes in sheen around the joins make the separate pieces and their careful fitting visible, in keeping with the mesoamerican market tribute setting.
renaissance_personal_mesoamerican_market_bag		The woven cotton market shoulder bag is built chiefly from cotton, with a deliberate silhouette and carefully fitted edges. The cotton surface is worked into clear planes and finished carefully around the principal edges. Its compartment is bordered by fitted panels, open shelving, or a lined interior, with the accessible edges worn smooth. Subtle changes in sheen around the joins make the separate pieces and their careful fitting visible, in keeping with the mesoamerican market bag setting.
renaissance_personal_mesoamerican_market_net_carrying_bag		The knotted net burden bag is built chiefly from cotton, with a deliberate silhouette and carefully fitted edges. The cotton surface is worked into clear planes and finished carefully around the principal edges. Its compartment is bordered by fitted panels, open shelving, or a lined interior, with the accessible edges worn smooth. Subtle changes in sheen around the joins make the separate pieces and their careful fitting visible, in keeping with the mesoamerican market net setting.
renaissance_personal_mesoamerican_market_codex_satchel		The stiff bark-paper codex satchel is built chiefly from paper, with a deliberate silhouette and carefully fitted edges. The paper is cut neatly and secured wherever it meets the reinforced edges of the form. A close-fitting top or flap sits over the compact compartment, while the corners are reinforced for regular handling. Subtle changes in sheen around the joins make the separate pieces and their careful fitting visible, in keeping with the mesoamerican market codex setting.
renaissance_personal_mesoamerican_market_cacao_purse		The small woven cacao-bean pouch is built chiefly from cotton, with a deliberate silhouette and carefully fitted edges. The cotton surface is worked into clear planes and finished carefully around the principal edges. Its compartment is bordered by fitted panels, open shelving, or a lined interior, with the accessible edges worn smooth. The visible faces are finished with restraint, allowing the material and its construction to remain easy to read, in keeping with the mesoamerican market cacao setting.
renaissance_domestic_mesoamerican_market_cacao_cup		The painted cylindrical cacao cup is built chiefly from earthenware, with a deliberate silhouette and carefully fitted edges. Its fired earthenware body has a hard, even surface with a slightly thickened rim and foot. A smoothed rim and weighted base give the vessel a stable, practical form for repeated domestic service. Subtle changes in sheen around the joins make the separate pieces and their careful fitting visible, in keeping with the mesoamerican market cacao setting.
renaissance_domestic_mesoamerican_market_tripod_bowl		The painted tripod serving bowl is built chiefly from earthenware, with a deliberate silhouette and carefully fitted edges. Its fired earthenware body has a hard, even surface with a slightly thickened rim and foot. A smoothed rim and weighted base give the vessel a stable, practical form for repeated domestic service. The visible faces are finished with restraint, allowing the material and its construction to remain easy to read, in keeping with the mesoamerican market tripod setting.
renaissance_domestic_mesoamerican_market_gourd_cup		The polished Mesoamerican gourd cup is built chiefly from gourd shell, with a deliberate silhouette and carefully fitted edges. The gourd shell surface is worked into clear planes and finished carefully around the principal edges. A smoothed rim and weighted base give the vessel a stable, practical form for repeated domestic service. Small tool marks remain at the less-visible edges, while the parts handled most often have been polished smooth, in keeping with the mesoamerican market gourd setting.
renaissance_domestic_mesoamerican_market_storage_jar		The tall painted tribute storage jar is built chiefly from earthenware, with a deliberate silhouette and carefully fitted edges. Its fired earthenware body has a hard, even surface with a slightly thickened rim and foot. A smoothed rim and weighted base give the vessel a stable, practical form for repeated domestic service. The visible faces are finished with restraint, allowing the material and its construction to remain easy to read, in keeping with the mesoamerican market storage setting.
renaissance_domestic_mesoamerican_market_food_basket		The close-woven lidded market basket is built chiefly from wicker, with a deliberate silhouette and carefully fitted edges. The wicker surface is worked into clear planes and finished carefully around the principal edges. Its compartment is bordered by fitted panels, open shelving, or a lined interior, with the accessible edges worn smooth. The visible faces are finished with restraint, allowing the material and its construction to remain easy to read, in keeping with the mesoamerican market food setting.
renaissance_domestic_mesoamerican_market_wooden_platter		The broad carved market platter is built chiefly from wood, with a deliberate silhouette and carefully fitted edges. The wood surface is worked into clear planes and finished carefully around the principal edges. Its compartment is bordered by fitted panels, open shelving, or a lined interior, with the accessible edges worn smooth. Its corners show small signs of fitting and repair, lending the surface a convincing history of use, in keeping with the mesoamerican market wooden setting.
renaissance_trade_andean_storehouse_quipu_record_chest		The fitted quipu record chest is built chiefly from wood, with a deliberate silhouette and carefully fitted edges. The wood surface is worked into clear planes and finished carefully around the principal edges. A close-fitting top or flap sits over the compact compartment, while the corners are reinforced for regular handling. Small tool marks remain at the less-visible edges, while the parts handled most often have been polished smooth, in keeping with the andean storehouse quipu setting.
renaissance_trade_andean_storehouse_textile_bale_chest		The broad camelid-textile bale chest is built chiefly from wood, with a deliberate silhouette and carefully fitted edges. The wood surface is worked into clear planes and finished carefully around the principal edges. A close-fitting top or flap sits over the compact compartment, while the corners are reinforced for regular handling. Small tool marks remain at the less-visible edges, while the parts handled most often have been polished smooth, in keeping with the andean storehouse textile setting.
renaissance_trade_andean_storehouse_maize_store_basket		The deep lidded maize-store basket is built chiefly from wicker, with a deliberate silhouette and carefully fitted edges. The wicker surface is worked into clear planes and finished carefully around the principal edges. Its compartment is bordered by fitted panels, open shelving, or a lined interior, with the accessible edges worn smooth. Its corners show small signs of fitting and repair, lending the surface a convincing history of use, in keeping with the andean storehouse maize setting.
renaissance_trade_andean_storehouse_metal_ornament_casket		The divided metal-ornament casket is built chiefly from wood, with a deliberate silhouette and carefully fitted edges. The wood surface is worked into clear planes and finished carefully around the principal edges. Its compartment is bordered by fitted panels, open shelving, or a lined interior, with the accessible edges worn smooth. Small tool marks remain at the less-visible edges, while the parts handled most often have been polished smooth, in keeping with the andean storehouse metal setting.
renaissance_trade_andean_storehouse_chicha_vessel_cradle		The padded chicha-vessel cradle is built chiefly from wicker, with a deliberate silhouette and carefully fitted edges. The wicker surface is worked into clear planes and finished carefully around the principal edges. Its compartment is bordered by fitted panels, open shelving, or a lined interior, with the accessible edges worn smooth. Its corners show small signs of fitting and repair, lending the surface a convincing history of use, in keeping with the andean storehouse chicha setting.
renaissance_furniture_andean_storehouse_quipu_cord_rack	A many-pegged quipu cord rack is positioned here, its wood surfaces contributing a practical presence to the room.	The many-pegged quipu cord rack is built chiefly from wood, with a deliberate silhouette and carefully fitted edges. The wood surface is worked into clear planes and finished carefully around the principal edges. The raised supporting faces are kept level and open, allowing the displayed form to remain plainly visible. Its corners show small signs of fitting and repair, lending the surface a convincing history of use, in keeping with the andean storehouse quipu setting.
renaissance_furniture_andean_storehouse_raised_storage_shelf	A raised andean household shelf is positioned here, its wood surfaces contributing a practical presence to the room.	The raised Andean household shelf is built chiefly from wood, with a deliberate silhouette and carefully fitted edges. The wood surface is worked into clear planes and finished carefully around the principal edges. Its compartment is bordered by fitted panels, open shelving, or a lined interior, with the accessible edges worn smooth. The visible faces are finished with restraint, allowing the material and its construction to remain easy to read, in keeping with the andean storehouse raised setting.
renaissance_furniture_andean_storehouse_textile_chest	A lidded camelid-textile chest is positioned here, its wood surfaces contributing a practical presence to the room.	The lidded camelid-textile chest is built chiefly from wood, with a deliberate silhouette and carefully fitted edges. The wood surface is worked into clear planes and finished carefully around the principal edges. A close-fitting top or flap sits over the compact compartment, while the corners are reinforced for regular handling. The visible faces are finished with restraint, allowing the material and its construction to remain easy to read, in keeping with the andean storehouse textile setting.
renaissance_furniture_andean_storehouse_jar_stand	A braced andean ceramic-jar stand is positioned here, its wood surfaces contributing a practical presence to the room.	The braced Andean ceramic-jar stand is built chiefly from wood, with a deliberate silhouette and carefully fitted edges. The wood surface is worked into clear planes and finished carefully around the principal edges. A smoothed rim and weighted base give the vessel a stable, practical form for repeated domestic service. Subtle changes in sheen around the joins make the separate pieces and their careful fitting visible, in keeping with the andean storehouse jar setting.
renaissance_furniture_andean_storehouse_measuring_bin	A fixed storehouse measuring bin is positioned here, its wood surfaces contributing a practical presence to the room.	The fixed storehouse measuring bin is built chiefly from wood, with a deliberate silhouette and carefully fitted edges. The wood surface is worked into clear planes and finished carefully around the principal edges. Its compartment is bordered by fitted panels, open shelving, or a lined interior, with the accessible edges worn smooth. Its corners show small signs of fitting and repair, lending the surface a convincing history of use, in keeping with the andean storehouse measuring setting.
renaissance_personal_andean_storehouse_coca_pouch		The patterned camelid-wool coca pouch is built chiefly from camelid wool, with a deliberate silhouette and carefully fitted edges. The camelid wool surface is worked into clear planes and finished carefully around the principal edges. Its compartment is bordered by fitted panels, open shelving, or a lined interior, with the accessible edges worn smooth. Small tool marks remain at the less-visible edges, while the parts handled most often have been polished smooth, in keeping with the andean storehouse coca setting.
renaissance_personal_andean_storehouse_quipu_satchel		The fitted quipu-keeper's satchel is built chiefly from camelid wool, with a deliberate silhouette and carefully fitted edges. The camelid wool surface is worked into clear planes and finished carefully around the principal edges. A close-fitting top or flap sits over the compact compartment, while the corners are reinforced for regular handling. Its corners show small signs of fitting and repair, lending the surface a convincing history of use, in keeping with the andean storehouse quipu setting.
renaissance_personal_andean_storehouse_carrying_bag		The broad Andean woven carrying bag is built chiefly from camelid wool, with a deliberate silhouette and carefully fitted edges. The camelid wool surface is worked into clear planes and finished carefully around the principal edges. Its compartment is bordered by fitted panels, open shelving, or a lined interior, with the accessible edges worn smooth. Small tool marks remain at the less-visible edges, while the parts handled most often have been polished smooth, in keeping with the andean storehouse carrying setting.
renaissance_personal_andean_storehouse_gourd_bottle_sling		The woven Andean gourd-bottle sling is built chiefly from gourd shell, with a deliberate silhouette and carefully fitted edges. The gourd shell surface is worked into clear planes and finished carefully around the principal edges. A smoothed rim and weighted base give the vessel a stable, practical form for repeated domestic service. Subtle changes in sheen around the joins make the separate pieces and their careful fitting visible, in keeping with the andean storehouse gourd setting.
renaissance_domestic_andean_storehouse_pointed_storage_jar		The pointed-base ceramic storage jar is built chiefly from earthenware, with a deliberate silhouette and carefully fitted edges. Its fired earthenware body has a hard, even surface with a slightly thickened rim and foot. A smoothed rim and weighted base give the vessel a stable, practical form for repeated domestic service. Its corners show small signs of fitting and repair, lending the surface a convincing history of use, in keeping with the andean storehouse pointed setting.
renaissance_domestic_andean_storehouse_flared_drinking_cup		The flared carved wooden drinking cup is built chiefly from wood, with a deliberate silhouette and carefully fitted edges. The wood surface is worked into clear planes and finished carefully around the principal edges. A smoothed rim and weighted base give the vessel a stable, practical form for repeated domestic service. Subtle changes in sheen around the joins make the separate pieces and their careful fitting visible, in keeping with the andean storehouse flared setting.
renaissance_domestic_andean_storehouse_double_serving_bowl		The joined double ceramic serving bowl is built chiefly from earthenware, with a deliberate silhouette and carefully fitted edges. Its fired earthenware body has a hard, even surface with a slightly thickened rim and foot. A smoothed rim and weighted base give the vessel a stable, practical form for repeated domestic service. Its corners show small signs of fitting and repair, lending the surface a convincing history of use, in keeping with the andean storehouse double setting.
renaissance_domestic_andean_storehouse_woven_basket		The close-lidded Andean household basket is built chiefly from wicker, with a deliberate silhouette and carefully fitted edges. The wicker surface is worked into clear planes and finished carefully around the principal edges. Its compartment is bordered by fitted panels, open shelving, or a lined interior, with the accessible edges worn smooth. Small tool marks remain at the less-visible edges, while the parts handled most often have been polished smooth, in keeping with the andean storehouse woven setting.
renaissance_domestic_andean_storehouse_cooking_pot		The round-bellied Andean clay pot is built chiefly from clay, with a deliberate silhouette and carefully fitted edges. The clay surface is worked into clear planes and finished carefully around the principal edges. A smoothed rim and weighted base give the vessel a stable, practical form for repeated domestic service. Small tool marks remain at the less-visible edges, while the parts handled most often have been polished smooth, in keeping with the andean storehouse cooking setting.
renaissance_domestic_andean_storehouse_wooden_platter		The shallow carved Andean platter is built chiefly from wood, with a deliberate silhouette and carefully fitted edges. The wood surface is worked into clear planes and finished carefully around the principal edges. Its compartment is bordered by fitted panels, open shelving, or a lined interior, with the accessible edges worn smooth. Its corners show small signs of fitting and repair, lending the surface a convincing history of use, in keeping with the andean storehouse wooden setting.
renaissance_trade_atlantic_contact_mission_supply_chest		The compartmented mission supply chest is built chiefly from oak, with a deliberate silhouette and carefully fitted edges. The oak grain is visible along its boards and braces, with the exposed edges burnished smooth. A close-fitting top or flap sits over the compact compartment, while the corners are reinforced for regular handling. Small tool marks remain at the less-visible edges, while the parts handled most often have been polished smooth, in keeping with the atlantic contact mission setting.
renaissance_trade_atlantic_contact_iron_tool_exchange_chest		The fitted iron-tool exchange chest is built chiefly from oak, with a deliberate silhouette and carefully fitted edges. The oak grain is visible along its boards and braces, with the exposed edges burnished smooth. A close-fitting top or flap sits over the compact compartment, while the corners are reinforced for regular handling. The visible faces are finished with restraint, allowing the material and its construction to remain easy to read, in keeping with the atlantic contact iron setting.
renaissance_trade_atlantic_contact_shell_bead_trade_coffer		The divided shell-bead trade coffer is built chiefly from wood, with a deliberate silhouette and carefully fitted edges. The wood surface is worked into clear planes and finished carefully around the principal edges. A close-fitting top or flap sits over the compact compartment, while the corners are reinforced for regular handling. Subtle changes in sheen around the joins make the separate pieces and their careful fitting visible, in keeping with the atlantic contact shell setting.
renaissance_trade_atlantic_contact_glass_bead_casket		The padded contact glass-bead casket is built chiefly from cedar, with a deliberate silhouette and carefully fitted edges. The cedar grain is visible along its boards and braces, with the exposed edges burnished smooth. A smoothed rim and weighted base give the vessel a stable, practical form for repeated domestic service. Its corners show small signs of fitting and repair, lending the surface a convincing history of use, in keeping with the atlantic contact glass setting.
renaissance_trade_atlantic_contact_assay_strongbox		The heavy colonial assay strongbox is built chiefly from wrought iron, with a deliberate silhouette and carefully fitted edges. The wrought iron is worked into shallow planes and firm edges that catch the light without appearing machine-finished. A close-fitting top or flap sits over the compact compartment, while the corners are reinforced for regular handling. Subtle changes in sheen around the joins make the separate pieces and their careful fitting visible, in keeping with the atlantic contact assay setting.
renaissance_furniture_atlantic_contact_mission_cupboard	A deep mission-house cupboard is positioned here, its oak surfaces contributing a practical presence to the room.	The deep mission-house cupboard is built chiefly from oak, with a deliberate silhouette and carefully fitted edges. The oak grain is visible along its boards and braces, with the exposed edges burnished smooth. The upright body is broken into doors, panels, or shelves, with a firm plinth keeping the stored contents above the floor. The visible faces are finished with restraint, allowing the material and its construction to remain easy to read, in keeping with the atlantic contact mission setting.
renaissance_furniture_atlantic_contact_trade_counter	A broad contact-post trade counter is positioned here, its oak surfaces contributing a practical presence to the room.	The broad contact-post trade counter is built chiefly from oak, with a deliberate silhouette and carefully fitted edges. The oak grain is visible along its boards and braces, with the exposed edges burnished smooth. The working surface is carried on a braced base, leaving a clear top above and sturdy supports below. Its corners show small signs of fitting and repair, lending the surface a convincing history of use, in keeping with the atlantic contact trade setting.
renaissance_furniture_atlantic_contact_burden_basket_rack	A tall burden-basket rack is positioned here, its wood surfaces contributing a practical presence to the room.	The tall burden-basket rack is built chiefly from wood, with a deliberate silhouette and carefully fitted edges. The wood surface is worked into clear planes and finished carefully around the principal edges. The raised supporting faces are kept level and open, allowing the displayed form to remain plainly visible. The visible faces are finished with restraint, allowing the material and its construction to remain easy to read, in keeping with the atlantic contact burden setting.
renaissance_furniture_atlantic_contact_refectory_table	A long colonial refectory table is positioned here, its oak surfaces contributing a practical presence to the room.	The long colonial refectory table is built chiefly from oak, with a deliberate silhouette and carefully fitted edges. The oak grain is visible along its boards and braces, with the exposed edges burnished smooth. The working surface is carried on a braced base, leaving a clear top above and sturdy supports below. Subtle changes in sheen around the joins make the separate pieces and their careful fitting visible, in keeping with the atlantic contact refectory setting.
renaissance_furniture_atlantic_contact_archive_chest	A fixed port-and-mission archive chest is positioned here, its oak surfaces contributing a practical presence to the room.	The fixed port-and-mission archive chest is built chiefly from oak, with a deliberate silhouette and carefully fitted edges. The oak grain is visible along its boards and braces, with the exposed edges burnished smooth. A close-fitting top or flap sits over the compact compartment, while the corners are reinforced for regular handling. Small tool marks remain at the less-visible edges, while the parts handled most often have been polished smooth, in keeping with the atlantic contact archive setting.
renaissance_personal_atlantic_contact_cotton_shoulder_bag		The woven Caribbean cotton shoulder bag is built chiefly from cotton, with a deliberate silhouette and carefully fitted edges. The cotton surface is worked into clear planes and finished carefully around the principal edges. Its compartment is bordered by fitted panels, open shelving, or a lined interior, with the accessible edges worn smooth. The visible faces are finished with restraint, allowing the material and its construction to remain easy to read, in keeping with the atlantic contact cotton setting.
renaissance_personal_atlantic_contact_hide_trade_pouch		The soft contact-zone hide pouch is built chiefly from leather, with a deliberate silhouette and carefully fitted edges. The leather is cut neatly and secured wherever it meets the reinforced edges of the form. Its compartment is bordered by fitted panels, open shelving, or a lined interior, with the accessible edges worn smooth. Its corners show small signs of fitting and repair, lending the surface a convincing history of use, in keeping with the atlantic contact hide setting.
renaissance_personal_atlantic_contact_shell_bead_pouch		The narrow shell-bead belt pouch is built chiefly from leather, with a deliberate silhouette and carefully fitted edges. The leather is cut neatly and secured wherever it meets the reinforced edges of the form. Its compartment is bordered by fitted panels, open shelving, or a lined interior, with the accessible edges worn smooth. The visible faces are finished with restraint, allowing the material and its construction to remain easy to read, in keeping with the atlantic contact shell setting.
renaissance_personal_atlantic_contact_birchbark_document_box		The folded birch-bark document box is built chiefly from birch bark, with a deliberate silhouette and carefully fitted edges. The birch bark surface is worked into clear planes and finished carefully around the principal edges. A close-fitting top or flap sits over the compact compartment, while the corners are reinforced for regular handling. Subtle changes in sheen around the joins make the separate pieces and their careful fitting visible, in keeping with the atlantic contact birchbark setting.
renaissance_domestic_atlantic_contact_caribbean_gourd_cup		The polished Caribbean gourd cup is built chiefly from gourd shell, with a deliberate silhouette and carefully fitted edges. The gourd shell surface is worked into clear planes and finished carefully around the principal edges. A smoothed rim and weighted base give the vessel a stable, practical form for repeated domestic service. Subtle changes in sheen around the joins make the separate pieces and their careful fitting visible, in keeping with the atlantic contact caribbean setting.
renaissance_domestic_atlantic_contact_carved_wooden_bowl		The deep Caribbean carved bowl is built chiefly from wood, with a deliberate silhouette and carefully fitted edges. The wood surface is worked into clear planes and finished carefully around the principal edges. A smoothed rim and weighted base give the vessel a stable, practical form for repeated domestic service. Its corners show small signs of fitting and repair, lending the surface a convincing history of use, in keeping with the atlantic contact carved setting.
renaissance_domestic_atlantic_contact_cassava_tray		The broad woven cassava-serving tray is built chiefly from wicker, with a deliberate silhouette and carefully fitted edges. The wicker surface is worked into clear planes and finished carefully around the principal edges. Its compartment is bordered by fitted panels, open shelving, or a lined interior, with the accessible edges worn smooth. The visible faces are finished with restraint, allowing the material and its construction to remain easy to read, in keeping with the atlantic contact cassava setting.
renaissance_domestic_atlantic_contact_colonial_pitcher		The green-glazed colonial pitcher is built chiefly from earthenware, with a deliberate silhouette and carefully fitted edges. Its fired earthenware body has a hard, even surface with a slightly thickened rim and foot. A smoothed rim and weighted base keep the vessel stable during repeated service. Its corners show small signs of fitting and repair, lending the surface a convincing history of use, in keeping with the atlantic contact colonial setting.
renaissance_domestic_atlantic_contact_mission_plate		The plain pewter mission plate is built chiefly from pewter, with a deliberate silhouette and carefully fitted edges. The pewter is worked into shallow planes and firm edges that catch the light without appearing machine-finished. Its compartment is bordered by fitted panels, open shelving, or a lined interior, with the accessible edges worn smooth. Its corners show small signs of fitting and repair, lending the surface a convincing history of use, in keeping with the atlantic contact mission setting.
renaissance_domestic_atlantic_contact_storage_jar		The broad glazed contact-zone jar is built chiefly from earthenware, with a deliberate silhouette and carefully fitted edges. Its fired earthenware body has a hard, even surface with a slightly thickened rim and foot. A smoothed rim and weighted base give the vessel a stable, practical form for repeated domestic service. The visible faces are finished with restraint, allowing the material and its construction to remain easy to read, in keeping with the atlantic contact storage setting.
renaissance_furniture_wer_campaign_armour_tree_03		The arcaded walnut campaign armour tree is built chiefly from walnut, with a deliberate silhouette and carefully fitted edges. The walnut grain is visible along its boards and braces, with the exposed edges burnished smooth. Its compartment is bordered by fitted panels, open shelving, or a lined interior, with the accessible edges worn smooth. The visible faces are finished with restraint, allowing the material and its construction to remain easy to read, in keeping with the wer campaign armour setting.
renaissance_furniture_wer_harness_stand_01	A carved cedar harness stand is positioned here, its cedar surfaces contributing a practical presence to the room.	The carved cedar harness stand is built chiefly from cedar, with a deliberate silhouette and carefully fitted edges. The cedar grain is visible along its boards and braces, with the exposed edges burnished smooth. The raised supporting faces are kept level and open, allowing the displayed form to remain plainly visible. Small tool marks remain at the less-visible edges, while the parts handled most often have been polished smooth, in keeping with the wer harness stand setting.
renaissance_furniture_wer_metal_armour_display_02	A high iron-bound walnut metal armour display is positioned here, its walnut surfaces contributing a practical presence to the room.	The high iron-bound walnut metal armour display is built chiefly from walnut, with a deliberate silhouette and carefully fitted edges. The walnut grain is visible along its boards and braces, with the exposed edges burnished smooth. The raised supporting faces are kept level and open, allowing the displayed form to remain plainly visible. The visible faces are finished with restraint, allowing the material and its construction to remain easy to read, in keeping with the wer metal armour setting.
renaissance_furniture_iba_campaign_armour_tree_02		The round-fronted plain-joined oak campaign armour tree is built chiefly from oak, with a deliberate silhouette and carefully fitted edges. The oak grain is visible along its boards and braces, with the exposed edges burnished smooth. Its compartment is bordered by fitted panels, open shelving, or a lined interior, with the accessible edges worn smooth. Subtle changes in sheen around the joins make the separate pieces and their careful fitting visible, in keeping with the iba campaign armour setting.
renaissance_furniture_iba_harness_stand_01	An octagonal plain-joined boxwood harness stand is positioned here, its boxwood surfaces contributing a practical presence to the room.	The octagonal plain-joined boxwood harness stand is built chiefly from boxwood, with a deliberate silhouette and carefully fitted edges. The boxwood grain is visible along its boards and braces, with the exposed edges burnished smooth. A close-fitting top or flap sits over the compact compartment, while the corners are reinforced for regular handling. Subtle changes in sheen around the joins make the separate pieces and their careful fitting visible, in keeping with the iba harness stand setting.
renaissance_furniture_iba_helmet_cuirass_stand_03	A small star-pierced boxwood helmet-and-cuirass stand is positioned here, its boxwood surfaces contributing a practical presence to the room.	The small star-pierced boxwood helmet-and-cuirass stand is built chiefly from boxwood, with a deliberate silhouette and carefully fitted edges. The boxwood grain is visible along its boards and braces, with the exposed edges burnished smooth. A close-fitting top or flap sits over the compact compartment, while the corners are reinforced for regular handling. Small tool marks remain at the less-visible edges, while the parts handled most often have been polished smooth, in keeping with the iba helmet cuirass setting.
renaissance_furniture_cen_helmet_cuirass_stand_01	A low painted pine helmet-and-cuirass stand is positioned here, its pine surfaces contributing a practical presence to the room.	The low painted pine helmet-and-cuirass stand is built chiefly from pine, with a deliberate silhouette and carefully fitted edges. The pine grain is visible along its boards and braces, with the exposed edges burnished smooth. The raised supporting faces are kept level and open, allowing the displayed form to remain plainly visible. Small tool marks remain at the less-visible edges, while the parts handled most often have been polished smooth, in keeping with the cen helmet cuirass setting.
renaissance_furniture_nba_harness_stand_01	A pale-boarded ash harness stand is positioned here, its ash surfaces contributing a practical presence to the room.	The pale-boarded ash harness stand is built chiefly from ash, with a deliberate silhouette and carefully fitted edges. The ash grain is visible along its boards and braces, with the exposed edges burnished smooth. The raised supporting faces are kept level and open, allowing the displayed form to remain plainly visible. Its corners show small signs of fitting and repair, lending the surface a convincing history of use, in keeping with the nba harness stand setting.
renaissance_furniture_cef_saddle_harness_stand_01	A wide leather-faced pine saddle-harness stand is positioned here, its pine surfaces contributing a practical presence to the room.	The wide leather-faced pine saddle-harness stand is built chiefly from pine, with a deliberate silhouette and carefully fitted edges. The pine grain is visible along its boards and braces, with the exposed edges burnished smooth. The raised supporting faces are kept level and open, allowing the displayed form to remain plainly visible. Small tool marks remain at the less-visible edges, while the parts handled most often have been polished smooth, in keeping with the cef saddle harness setting.
renaissance_furniture_eon_lamellar_armour_stand_02	A wide slatted wrought-iron lamellar armour stand is positioned here, its wrought iron surfaces contributing a practical presence to the room.	The wide slatted wrought-iron lamellar armour stand is built chiefly from wrought iron, with a deliberate silhouette and carefully fitted edges. The wrought iron is worked into shallow planes and firm edges that catch the light without appearing machine-finished. The raised supporting faces are kept level and open, allowing the displayed form to remain plainly visible. Small tool marks remain at the less-visible edges, while the parts handled most often have been polished smooth, in keeping with the eon lamellar armour setting.
renaissance_furniture_eon_metal_armour_display_01	An arched-top slatted wrought-iron metal armour display is positioned here, its wrought iron surfaces contributing a practical presence to the room.	The arched-top slatted wrought-iron metal armour display is built chiefly from wrought iron, with a deliberate silhouette and carefully fitted edges. The wrought iron is worked into shallow planes and firm edges that catch the light without appearing machine-finished. The raised supporting faces are kept level and open, allowing the displayed form to remain plainly visible. Small tool marks remain at the less-visible edges, while the parts handled most often have been polished smooth, in keeping with the eon metal armour setting.
renaissance_furniture_ott_harness_stand_02	A painted boxwood harness stand is positioned here, its boxwood surfaces contributing a practical presence to the room.	The painted boxwood harness stand is built chiefly from boxwood, with a deliberate silhouette and carefully fitted edges. The boxwood grain is visible along its boards and braces, with the exposed edges burnished smooth. A close-fitting top or flap sits over the compact compartment, while the corners are reinforced for regular handling. Subtle changes in sheen around the joins make the separate pieces and their careful fitting visible, in keeping with the ott harness stand setting.
renaissance_furniture_ott_helmet_cuirass_stand_01	A broad lattice-fronted boxwood helmet-and-cuirass stand is positioned here, its boxwood surfaces contributing a practical presence to the room.	The broad lattice-fronted boxwood helmet-and-cuirass stand is built chiefly from boxwood, with a deliberate silhouette and carefully fitted edges. The boxwood grain is visible along its boards and braces, with the exposed edges burnished smooth. A close-fitting top or flap sits over the compact compartment, while the corners are reinforced for regular handling. The visible faces are finished with restraint, allowing the material and its construction to remain easy to read, in keeping with the ott helmet cuirass setting.
renaissance_furniture_pip_campaign_armour_tree_03		The tall mirror-inlaid cedar campaign armour tree is built chiefly from cedar, with a deliberate silhouette and carefully fitted edges. The cedar grain is visible along its boards and braces, with the exposed edges burnished smooth. The reflective pane is held within a narrow protective frame, with the joint kept even around the visible face. Small tool marks remain at the less-visible edges, while the parts handled most often have been polished smooth, in keeping with the pip campaign armour setting.
renaissance_furniture_pip_lamellar_armour_stand_02	A square low cedar lamellar armour stand is positioned here, its cedar surfaces contributing a practical presence to the room.	The square low cedar lamellar armour stand is built chiefly from cedar, with a deliberate silhouette and carefully fitted edges. The cedar grain is visible along its boards and braces, with the exposed edges burnished smooth. The raised supporting faces are kept level and open, allowing the displayed form to remain plainly visible. Its corners show small signs of fitting and repair, lending the surface a convincing history of use, in keeping with the pip lamellar armour setting.
renaissance_furniture_pip_metal_armour_display_01	A mirror-inlaid silver metal armour display is positioned here, its silver surfaces contributing a practical presence to the room.	The mirror-inlaid silver metal armour display is built chiefly from silver, with a deliberate silhouette and carefully fitted edges. The silver is worked into shallow planes and firm edges that catch the light without appearing machine-finished. The raised supporting faces are kept level and open, allowing the displayed form to remain plainly visible. Its corners show small signs of fitting and repair, lending the surface a convincing history of use, in keeping with the pip metal armour setting.
renaissance_furniture_sas_harness_stand_01	A small deep-carved bamboo harness stand is positioned here, its bamboo surfaces contributing a practical presence to the room.	The small deep-carved bamboo harness stand is built chiefly from bamboo, with a deliberate silhouette and carefully fitted edges. The bamboo grain is visible along its boards and braces, with the exposed edges burnished smooth. The raised supporting faces are kept level and open, allowing the displayed form to remain plainly visible. The visible faces are finished with restraint, allowing the material and its construction to remain easy to read, in keeping with the sas harness stand setting.
renaissance_furniture_jpn_armour_tree_01	A recessed-panel wrought-iron armour tree is positioned here, its wrought iron surfaces contributing a practical presence to the room.	The recessed-panel wrought-iron armour tree is built chiefly from wrought iron, with a deliberate silhouette and carefully fitted edges. The wrought iron is worked into shallow planes and firm edges that catch the light without appearing machine-finished. Its compartment is bordered by fitted panels, open shelving, or a lined interior, with the accessible edges worn smooth. Subtle changes in sheen around the joins make the separate pieces and their careful fitting visible, in keeping with the jpn armour tree setting.
renaissance_furniture_jpn_armour_tree_02	A massive slatted cedar armour tree is positioned here, its cedar surfaces contributing a practical presence to the room.	The massive slatted cedar armour tree is built chiefly from cedar, with a deliberate silhouette and carefully fitted edges. The cedar grain is visible along its boards and braces, with the exposed edges burnished smooth. Its compartment is bordered by fitted panels, open shelving, or a lined interior, with the accessible edges worn smooth. Its corners show small signs of fitting and repair, lending the surface a convincing history of use, in keeping with the jpn armour tree setting.
renaissance_furniture_jpn_helmet_cuirass_stand_03	A high slatted bamboo helmet-and-cuirass stand is positioned here, its bamboo surfaces contributing a practical presence to the room.	The high slatted bamboo helmet-and-cuirass stand is built chiefly from bamboo, with a deliberate silhouette and carefully fitted edges. The bamboo grain is visible along its boards and braces, with the exposed edges burnished smooth. The raised supporting faces are kept level and open, allowing the displayed form to remain plainly visible. Small tool marks remain at the less-visible edges, while the parts handled most often have been polished smooth, in keeping with the jpn helmet cuirass setting.
renaissance_furniture_jpn_mail_stand_04	An octagonal plain-joined lacquer mail stand is positioned here, its lacquer surfaces contributing a practical presence to the room.	The octagonal plain-joined lacquer mail stand is built chiefly from lacquer, with a deliberate silhouette and carefully fitted edges. The lacquer surface is worked into clear planes and finished carefully around the principal edges. The raised supporting faces are kept level and open, allowing the displayed form to remain plainly visible. Small tool marks remain at the less-visible edges, while the parts handled most often have been polished smooth, in keeping with the jpn mail stand setting.
renaissance_furniture_mea_campaign_armour_tree_01		The long shell-faced cypress campaign armour tree is built chiefly from cypress, with a deliberate silhouette and carefully fitted edges. The cypress grain is visible along its boards and braces, with the exposed edges burnished smooth. The upright body is broken into doors, panels, or shelves, with a firm plinth keeping the stored contents above the floor. Small tool marks remain at the less-visible edges, while the parts handled most often have been polished smooth, in keeping with the mea campaign armour setting.
renaissance_furniture_sem_armour_tree_01	A gilded rattan armour tree is positioned here, its rattan surfaces contributing a practical presence to the room.	The gilded rattan armour tree is built chiefly from rattan, with a deliberate silhouette and carefully fitted edges. The rattan grain is visible along its boards and braces, with the exposed edges burnished smooth. Its compartment is bordered by fitted panels, open shelving, or a lined interior, with the accessible edges worn smooth. Its corners show small signs of fitting and repair, lending the surface a convincing history of use, in keeping with the sem armour tree setting.
renaissance_furniture_msea_armour_tree_01	A painted brass armour tree is positioned here, its brass surfaces contributing a practical presence to the room.	The painted brass armour tree is built chiefly from brass, with a deliberate silhouette and carefully fitted edges. The brass is worked into shallow planes and firm edges that catch the light without appearing machine-finished. Its compartment is bordered by fitted panels, open shelving, or a lined interior, with the accessible edges worn smooth. Small tool marks remain at the less-visible edges, while the parts handled most often have been polished smooth, in keeping with the msea armour tree setting.
renaissance_furniture_msea_harness_stand_02	A shell-inlaid bronze harness stand is positioned here, its bronze surfaces contributing a practical presence to the room.	The shell-inlaid bronze harness stand is built chiefly from bronze, with a deliberate silhouette and carefully fitted edges. The bronze surface is worked into clear planes and finished carefully around the principal edges. The raised supporting faces are kept level and open, allowing the displayed form to remain plainly visible. The visible faces are finished with restraint, allowing the material and its construction to remain easy to read, in keeping with the msea harness stand setting.
renaissance_furniture_stp_armour_tree_04	A tiered felt-lined birch armour tree is positioned here, its birch surfaces contributing a practical presence to the room.	The tiered felt-lined birch armour tree is built chiefly from birch, with a deliberate silhouette and carefully fitted edges. The birch surface is worked into clear planes and finished carefully around the principal edges. Its compartment is bordered by fitted panels, open shelving, or a lined interior, with the accessible edges worn smooth. Small tool marks remain at the less-visible edges, while the parts handled most often have been polished smooth, in keeping with the stp armour tree setting.
renaissance_furniture_stp_campaign_armour_tree_02		The leather-covered cedar campaign armour tree is built chiefly from cedar, with a deliberate silhouette and carefully fitted edges. The cedar grain is visible along its boards and braces, with the exposed edges burnished smooth. Its compartment is bordered by fitted panels, open shelving, or a lined interior, with the accessible edges worn smooth. The visible faces are finished with restraint, allowing the material and its construction to remain easy to read, in keeping with the stp campaign armour setting.
renaissance_furniture_stp_mail_stand_01	A high saddle-narrow cedar mail stand is positioned here, its cedar surfaces contributing a practical presence to the room.	The high saddle-narrow cedar mail stand is built chiefly from cedar, with a deliberate silhouette and carefully fitted edges. The cedar grain is visible along its boards and braces, with the exposed edges burnished smooth. The raised supporting faces are kept level and open, allowing the displayed form to remain plainly visible. Small tool marks remain at the less-visible edges, while the parts handled most often have been polished smooth, in keeping with the stp mail stand setting.
renaissance_furniture_stp_mail_stand_03	A leather-covered pine mail stand is positioned here, its pine surfaces contributing a practical presence to the room.	The leather-covered pine mail stand is built chiefly from pine, with a deliberate silhouette and carefully fitted edges. The pine grain is visible along its boards and braces, with the exposed edges burnished smooth. The raised supporting faces are kept level and open, allowing the displayed form to remain plainly visible. Subtle changes in sheen around the joins make the separate pieces and their careful fitting visible, in keeping with the stp mail stand setting.
renaissance_furniture_sai_campaign_armour_tree_02		The painted brass campaign armour tree is built chiefly from brass, with a deliberate silhouette and carefully fitted edges. The brass is worked into shallow planes and firm edges that catch the light without appearing machine-finished. Its compartment is bordered by fitted panels, open shelving, or a lined interior, with the accessible edges worn smooth. Its corners show small signs of fitting and repair, lending the surface a convincing history of use, in keeping with the sai campaign armour setting.
renaissance_furniture_sai_helmet_cuirass_stand_01	A deep-carved wood helmet-and-cuirass stand is positioned here, its wood surfaces contributing a practical presence to the room.	The deep-carved wood helmet-and-cuirass stand is built chiefly from wood, with a deliberate silhouette and carefully fitted edges. The wood surface is worked into clear planes and finished carefully around the principal edges. The raised supporting faces are kept level and open, allowing the displayed form to remain plainly visible. Its corners show small signs of fitting and repair, lending the surface a convincing history of use, in keeping with the sai helmet cuirass setting.
renaissance_furniture_ind_harness_stand_01	A slender teak-framed rattan harness stand is positioned here, its rattan surfaces contributing a practical presence to the room.	The slender teak-framed rattan harness stand is built chiefly from rattan, with a deliberate silhouette and carefully fitted edges. The rattan grain is visible along its boards and braces, with the exposed edges burnished smooth. The raised supporting faces are kept level and open, allowing the displayed form to remain plainly visible. The visible faces are finished with restraint, allowing the material and its construction to remain easy to read, in keeping with the ind harness stand setting.
renaissance_furniture_ind_harness_stand_03	A massive low bamboo harness stand is positioned here, its bamboo surfaces contributing a practical presence to the room.	The massive low bamboo harness stand is built chiefly from bamboo, with a deliberate silhouette and carefully fitted edges. The bamboo grain is visible along its boards and braces, with the exposed edges burnished smooth. The raised supporting faces are kept level and open, allowing the displayed form to remain plainly visible. Its corners show small signs of fitting and repair, lending the surface a convincing history of use, in keeping with the ind harness stand setting.
renaissance_furniture_ind_mail_stand_02	A compact slatted rattan mail stand is positioned here, its rattan surfaces contributing a practical presence to the room.	The compact slatted rattan mail stand is built chiefly from rattan, with a deliberate silhouette and carefully fitted edges. The rattan grain is visible along its boards and braces, with the exposed edges burnished smooth. The raised supporting faces are kept level and open, allowing the displayed form to remain plainly visible. The visible faces are finished with restraint, allowing the material and its construction to remain easy to read, in keeping with the ind mail stand setting.
renaissance_furniture_mes_armour_tree_01	A low openwork wood armour tree is positioned here, its wood surfaces contributing a practical presence to the room.	The low openwork wood armour tree is built chiefly from wood, with a deliberate silhouette and carefully fitted edges. The wood surface is worked into clear planes and finished carefully around the principal edges. Its compartment is bordered by fitted panels, open shelving, or a lined interior, with the accessible edges worn smooth. Its corners show small signs of fitting and repair, lending the surface a convincing history of use, in keeping with the mes armour tree setting.
renaissance_furniture_mes_helmet_cuirass_stand_02	A deep reed-bound wicker helmet-and-cuirass stand is positioned here, its wicker surfaces contributing a practical presence to the room.	The deep reed-bound wicker helmet-and-cuirass stand is built chiefly from wicker, with a deliberate silhouette and carefully fitted edges. The wicker surface is worked into clear planes and finished carefully around the principal edges. The raised supporting faces are kept level and open, allowing the displayed form to remain plainly visible. Small tool marks remain at the less-visible edges, while the parts handled most often have been polished smooth, in keeping with the mes helmet cuirass setting.
renaissance_furniture_and_campaign_armour_tree_01		The lashed reed campaign armour tree is built chiefly from reed, with a deliberate silhouette and carefully fitted edges. The reed surface is worked into clear planes and finished carefully around the principal edges. Its compartment is bordered by fitted panels, open shelving, or a lined interior, with the accessible edges worn smooth. Small tool marks remain at the less-visible edges, while the parts handled most often have been polished smooth, in keeping with the and campaign armour setting.
renaissance_furniture_and_harness_stand_02	An arched-top plain-framed reed harness stand is positioned here, its reed surfaces contributing a practical presence to the room.	The arched-top plain-framed reed harness stand is built chiefly from reed, with a deliberate silhouette and carefully fitted edges. The reed surface is worked into clear planes and finished carefully around the principal edges. The raised supporting faces are kept level and open, allowing the displayed form to remain plainly visible. Subtle changes in sheen around the joins make the separate pieces and their careful fitting visible, in keeping with the and harness stand setting.
renaissance_furniture_and_harness_stand_03	A square low reed harness stand is positioned here, its reed surfaces contributing a practical presence to the room.	The square low reed harness stand is built chiefly from reed, with a deliberate silhouette and carefully fitted edges. The reed surface is worked into clear planes and finished carefully around the principal edges. The raised supporting faces are kept level and open, allowing the displayed form to remain plainly visible. Its corners show small signs of fitting and repair, lending the surface a convincing history of use, in keeping with the and harness stand setting.
renaissance_furniture_car_harness_stand_01	A narrow deep-carved reed harness stand is positioned here, its reed surfaces contributing a practical presence to the room.	The narrow deep-carved reed harness stand is built chiefly from reed, with a deliberate silhouette and carefully fitted edges. The reed surface is worked into clear planes and finished carefully around the principal edges. The raised supporting faces are kept level and open, allowing the displayed form to remain plainly visible. Small tool marks remain at the less-visible edges, while the parts handled most often have been polished smooth, in keeping with the car harness stand setting.
renaissance_furniture_car_helmet_cuirass_stand_02	A long cane-framed reed helmet-and-cuirass stand is positioned here, its reed surfaces contributing a practical presence to the room.	The long cane-framed reed helmet-and-cuirass stand is built chiefly from reed, with a deliberate silhouette and carefully fitted edges. The reed surface is worked into clear planes and finished carefully around the principal edges. The raised supporting faces are kept level and open, allowing the displayed form to remain plainly visible. The visible faces are finished with restraint, allowing the material and its construction to remain easy to read, in keeping with the car helmet cuirass setting.
renaissance_furniture_nac_helmet_cuirass_stand_01	A hide-covered wicker helmet-and-cuirass stand is positioned here, its wicker surfaces contributing a practical presence to the room.	The hide-covered wicker helmet-and-cuirass stand is built chiefly from wicker, with a deliberate silhouette and carefully fitted edges. The wicker surface is worked into clear planes and finished carefully around the principal edges. The raised supporting faces are kept level and open, allowing the displayed form to remain plainly visible. Small tool marks remain at the less-visible edges, while the parts handled most often have been polished smooth, in keeping with the nac helmet cuirass setting.
renaissance_furniture_col_lamellar_armour_stand_01	A slatted brass lamellar armour stand is positioned here, its brass surfaces contributing a practical presence to the room.	The slatted brass lamellar armour stand is built chiefly from brass, with a deliberate silhouette and carefully fitted edges. The brass is worked into shallow planes and firm edges that catch the light without appearing machine-finished. The raised supporting faces are kept level and open, allowing the displayed form to remain plainly visible. Its corners show small signs of fitting and repair, lending the surface a convincing history of use, in keeping with the col lamellar armour setting.
renaissance_furniture_mar_helmet_cuirass_stand_02	An iron-bound cedar helmet-and-cuirass stand is positioned here, its cedar surfaces contributing a practical presence to the room.	The iron-bound cedar helmet-and-cuirass stand is built chiefly from cedar, with a deliberate silhouette and carefully fitted edges. The cedar grain is visible along its boards and braces, with the exposed edges burnished smooth. The raised supporting faces are kept level and open, allowing the displayed form to remain plainly visible. Its corners show small signs of fitting and repair, lending the surface a convincing history of use, in keeping with the mar helmet cuirass setting.
renaissance_furniture_mar_lamellar_armour_stand_01	A bolted wrought-iron lamellar armour stand is positioned here, its wrought iron surfaces contributing a practical presence to the room.	The bolted wrought-iron lamellar armour stand is built chiefly from wrought iron, with a deliberate silhouette and carefully fitted edges. The wrought iron is worked into shallow planes and firm edges that catch the light without appearing machine-finished. The raised supporting faces are kept level and open, allowing the displayed form to remain plainly visible. The visible faces are finished with restraint, allowing the material and its construction to remain easy to read, in keeping with the mar lamellar armour setting.
renaissance_furniture_wer_lock_fitted_display_cabinet_02	A slender panelled oak lock-fitted display cabinet is positioned here, its oak surfaces contributing a practical presence to the room.	The slender panelled oak lock-fitted display cabinet is built chiefly from oak, with a deliberate silhouette and carefully fitted edges. The oak grain is visible along its boards and braces, with the exposed edges burnished smooth. The upright body is broken into doors, panels, or shelves, with a firm plinth keeping the stored contents above the floor. Subtle changes in sheen around the joins make the separate pieces and their careful fitting visible, in keeping with the wer lock fitted setting.
renaissance_furniture_wer_plate_display_cabinet_01	A tall pilastered cedar plate display cabinet is positioned here, its cedar surfaces contributing a practical presence to the room.	The tall pilastered cedar plate display cabinet is built chiefly from cedar, with a deliberate silhouette and carefully fitted edges. The cedar grain is visible along its boards and braces, with the exposed edges burnished smooth. The upright body is broken into doors, panels, or shelves, with a firm plinth keeping the stored contents above the floor. Its corners show small signs of fitting and repair, lending the surface a convincing history of use, in keeping with the wer plate display setting.
renaissance_furniture_wer_specimen_cabinet_03_lockable	A lock-fitted coffered oak specimen cabinet is positioned here, its oak surfaces contributing a practical presence to the room.	The lock-fitted coffered oak specimen cabinet is built chiefly from oak, with a deliberate silhouette and carefully fitted edges. The oak grain is visible along its boards and braces, with the exposed edges burnished smooth. The upright body is broken into doors, panels, or shelves, with a firm plinth keeping the stored contents above the floor. Subtle changes in sheen around the joins make the separate pieces and their careful fitting visible, in keeping with the wer specimen cabinet setting.
renaissance_furniture_iba_specimen_cabinet_01	A coffered boxwood specimen cabinet is positioned here, its boxwood surfaces contributing a practical presence to the room.	The coffered boxwood specimen cabinet is built chiefly from boxwood, with a deliberate silhouette and carefully fitted edges. The boxwood grain is visible along its boards and braces, with the exposed edges burnished smooth. The upright body is broken into doors, panels, or shelves, with a firm plinth keeping the stored contents above the floor. Subtle changes in sheen around the joins make the separate pieces and their careful fitting visible, in keeping with the iba specimen cabinet setting.
renaissance_furniture_cen_porcelain_display_cabinet_01	A small heavy-framed linden porcelain display cabinet is positioned here, its linden surfaces contributing a practical presence to the room.	The small heavy-framed linden porcelain display cabinet is built chiefly from linden, with a deliberate silhouette and carefully fitted edges. The linden surface is worked into clear planes and finished carefully around the principal edges. The upright body is broken into doors, panels, or shelves, with a firm plinth keeping the stored contents above the floor. Subtle changes in sheen around the joins make the separate pieces and their careful fitting visible, in keeping with the cen porcelain display setting.
renaissance_furniture_cen_specimen_cabinet_02	A joined ash specimen cabinet is positioned here, its ash surfaces contributing a practical presence to the room.	The joined ash specimen cabinet is built chiefly from ash, with a deliberate silhouette and carefully fitted edges. The ash grain is visible along its boards and braces, with the exposed edges burnished smooth. The upright body is broken into doors, panels, or shelves, with a firm plinth keeping the stored contents above the floor. The visible faces are finished with restraint, allowing the material and its construction to remain easy to read, in keeping with the cen specimen cabinet setting.
renaissance_furniture_cef_glazed_display_case_02	A low painted oak glazed display case is positioned here, its oak surfaces contributing a practical presence to the room.	The low painted oak glazed display case is built chiefly from oak, with a deliberate silhouette and carefully fitted edges. The oak grain is visible along its boards and braces, with the exposed edges burnished smooth. A close-fitting top or flap sits over the compact compartment, while the corners are reinforced for regular handling. Its corners show small signs of fitting and repair, lending the surface a convincing history of use, in keeping with the cef glazed display setting.
renaissance_furniture_cef_specimen_cabinet_01	A wide carved beech specimen cabinet is positioned here, its beech surfaces contributing a practical presence to the room.	The wide carved beech specimen cabinet is built chiefly from beech, with a deliberate silhouette and carefully fitted edges. The beech surface is worked into clear planes and finished carefully around the principal edges. The upright body is broken into doors, panels, or shelves, with a firm plinth keeping the stored contents above the floor. Small tool marks remain at the less-visible edges, while the parts handled most often have been polished smooth, in keeping with the cef specimen cabinet setting.
renaissance_furniture_eon_open_display_shelves_01	A high slatted pine open display shelves is positioned here, its pine surfaces contributing a practical presence to the room.	The high slatted pine open display shelves is built chiefly from pine, with a deliberate silhouette and carefully fitted edges. The pine grain is visible along its boards and braces, with the exposed edges burnished smooth. The raised supporting faces are kept level and open, allowing the displayed form to remain plainly visible. Its corners show small signs of fitting and repair, lending the surface a convincing history of use, in keeping with the eon open display setting.
renaissance_furniture_ott_glazed_display_case_04	A narrow recessed-panel boxwood glazed display case is positioned here, its boxwood surfaces contributing a practical presence to the room.	The narrow recessed-panel boxwood glazed display case is built chiefly from boxwood, with a deliberate silhouette and carefully fitted edges. The boxwood grain is visible along its boards and braces, with the exposed edges burnished smooth. A close-fitting top or flap sits over the compact compartment, while the corners are reinforced for regular handling. Subtle changes in sheen around the joins make the separate pieces and their careful fitting visible, in keeping with the ott glazed display setting.
renaissance_furniture_ott_lock_fitted_display_cabinet_05	An arcaded cypress lock-fitted display cabinet is positioned here, its cypress surfaces contributing a practical presence to the room.	The arcaded cypress lock-fitted display cabinet is built chiefly from cypress, with a deliberate silhouette and carefully fitted edges. The cypress grain is visible along its boards and braces, with the exposed edges burnished smooth. The upright body is broken into doors, panels, or shelves, with a firm plinth keeping the stored contents above the floor. Subtle changes in sheen around the joins make the separate pieces and their careful fitting visible, in keeping with the ott lock fitted setting.
renaissance_furniture_ott_open_display_shelves_01	A painted walnut open display shelves is positioned here, its walnut surfaces contributing a practical presence to the room.	The painted walnut open display shelves is built chiefly from walnut, with a deliberate silhouette and carefully fitted edges. The walnut grain is visible along its boards and braces, with the exposed edges burnished smooth. The raised supporting faces are kept level and open, allowing the displayed form to remain plainly visible. Small tool marks remain at the less-visible edges, while the parts handled most often have been polished smooth, in keeping with the ott open display setting.
renaissance_furniture_ott_plate_display_cabinet_03	A deep geometric-inlaid cedar plate display cabinet is positioned here, its cedar surfaces contributing a practical presence to the room.	The deep geometric-inlaid cedar plate display cabinet is built chiefly from cedar, with a deliberate silhouette and carefully fitted edges. The cedar grain is visible along its boards and braces, with the exposed edges burnished smooth. The upright body is broken into doors, panels, or shelves, with a firm plinth keeping the stored contents above the floor. Subtle changes in sheen around the joins make the separate pieces and their careful fitting visible, in keeping with the ott plate display setting.
renaissance_furniture_ott_porcelain_display_cabinet_06	A high brass-mounted lacquer porcelain display cabinet is positioned here, its lacquer surfaces contributing a practical presence to the room.	The high brass-mounted lacquer porcelain display cabinet is built chiefly from lacquer, with a deliberate silhouette and carefully fitted edges. The lacquer surface is worked into clear planes and finished carefully around the principal edges. The upright body is broken into doors, panels, or shelves, with a firm plinth keeping the stored contents above the floor. Small tool marks remain at the less-visible edges, while the parts handled most often have been polished smooth, in keeping with the ott porcelain display setting.
renaissance_furniture_ott_scroll_display_cabinet_07	A slender lattice-fronted walnut scroll display cabinet is positioned here, its walnut surfaces contributing a practical presence to the room.	The slender lattice-fronted walnut scroll display cabinet is built chiefly from walnut, with a deliberate silhouette and carefully fitted edges. The walnut grain is visible along its boards and braces, with the exposed edges burnished smooth. The upright body is broken into doors, panels, or shelves, with a firm plinth keeping the stored contents above the floor. Its corners show small signs of fitting and repair, lending the surface a convincing history of use, in keeping with the ott scroll display setting.
renaissance_furniture_ott_vessel_display_stand_02	A painted boxwood vessel display stand is positioned here, its boxwood surfaces contributing a practical presence to the room.	The painted boxwood vessel display stand is built chiefly from boxwood, with a deliberate silhouette and carefully fitted edges. The boxwood grain is visible along its boards and braces, with the exposed edges burnished smooth. A close-fitting top or flap sits over the compact compartment, while the corners are reinforced for regular handling. The visible faces are finished with restraint, allowing the material and its construction to remain easy to read, in keeping with the ott vessel display setting.
renaissance_furniture_pip_curiosity_case_02	A brass-mounted lacquer curiosity case is positioned here, its lacquer surfaces contributing a practical presence to the room.	The brass-mounted lacquer curiosity case is built chiefly from lacquer, with a deliberate silhouette and carefully fitted edges. The lacquer surface is worked into clear planes and finished carefully around the principal edges. A close-fitting top or flap sits over the compact compartment, while the corners are reinforced for regular handling. The visible faces are finished with restraint, allowing the material and its construction to remain easy to read, in keeping with the pip curiosity case setting.
renaissance_furniture_pip_glazed_display_case_01	A small pierced lacquer glazed display case is positioned here, its lacquer surfaces contributing a practical presence to the room.	The small pierced lacquer glazed display case is built chiefly from lacquer, with a deliberate silhouette and carefully fitted edges. The lacquer surface is worked into clear planes and finished carefully around the principal edges. A close-fitting top or flap sits over the compact compartment, while the corners are reinforced for regular handling. The visible faces are finished with restraint, allowing the material and its construction to remain easy to read, in keeping with the pip glazed display setting.
renaissance_furniture_pip_open_display_cabinet_05	A pierced cedar open display cabinet is positioned here, its cedar surfaces contributing a practical presence to the room.	The pierced cedar open display cabinet is built chiefly from cedar, with a deliberate silhouette and carefully fitted edges. The cedar grain is visible along its boards and braces, with the exposed edges burnished smooth. The upright body is broken into doors, panels, or shelves, with a firm plinth keeping the stored contents above the floor. Subtle changes in sheen around the joins make the separate pieces and their careful fitting visible, in keeping with the pip open display setting.
renaissance_furniture_pip_scroll_display_cabinet_03	A deep painted cedar scroll display cabinet is positioned here, its cedar surfaces contributing a practical presence to the room.	The deep painted cedar scroll display cabinet is built chiefly from cedar, with a deliberate silhouette and carefully fitted edges. The cedar grain is visible along its boards and braces, with the exposed edges burnished smooth. The upright body is broken into doors, panels, or shelves, with a firm plinth keeping the stored contents above the floor. The visible faces are finished with restraint, allowing the material and its construction to remain easy to read, in keeping with the pip scroll display setting.
renaissance_furniture_pip_stepped_display_shelves_04	A slender arched teak stepped display shelves is positioned here, its teak surfaces contributing a practical presence to the room.	The slender arched teak stepped display shelves is built chiefly from teak, with a deliberate silhouette and carefully fitted edges. The teak grain is visible along its boards and braces, with the exposed edges burnished smooth. The raised supporting faces are kept level and open, allowing the displayed form to remain plainly visible. Small tool marks remain at the less-visible edges, while the parts handled most often have been polished smooth, in keeping with the pip stepped display setting.
renaissance_furniture_sas_scroll_display_cabinet_02_lockable	A lock-fitted pierced lacquer scroll display cabinet is positioned here, its lacquer surfaces contributing a practical presence to the room.	The lock-fitted pierced lacquer scroll display cabinet is built chiefly from lacquer, with a deliberate silhouette and carefully fitted edges. The lacquer surface is worked into clear planes and finished carefully around the principal edges. The upright body is broken into doors, panels, or shelves, with a firm plinth keeping the stored contents above the floor. Subtle changes in sheen around the joins make the separate pieces and their careful fitting visible, in keeping with the sas scroll display setting.
renaissance_furniture_sas_stepped_display_shelves_03	A square deep-carved teak stepped display shelves is positioned here, its teak surfaces contributing a practical presence to the room.	The square deep-carved teak stepped display shelves is built chiefly from teak, with a deliberate silhouette and carefully fitted edges. The teak grain is visible along its boards and braces, with the exposed edges burnished smooth. The raised supporting faces are kept level and open, allowing the displayed form to remain plainly visible. The visible faces are finished with restraint, allowing the material and its construction to remain easy to read, in keeping with the sas stepped display setting.
renaissance_furniture_sas_textile_display_case_01	A low bamboo textile display case is positioned here, its bamboo surfaces contributing a practical presence to the room.	The low bamboo textile display case is built chiefly from bamboo, with a deliberate silhouette and carefully fitted edges. The bamboo grain is visible along its boards and braces, with the exposed edges burnished smooth. A close-fitting top or flap sits over the compact compartment, while the corners are reinforced for regular handling. Its corners show small signs of fitting and repair, lending the surface a convincing history of use, in keeping with the sas textile display setting.
renaissance_furniture_eal_lattice_display_cabinet_01	A narrow lacquered bamboo lattice display cabinet is positioned here, its bamboo surfaces contributing a practical presence to the room.	The narrow lacquered bamboo lattice display cabinet is built chiefly from bamboo, with a deliberate silhouette and carefully fitted edges. The bamboo grain is visible along its boards and braces, with the exposed edges burnished smooth. The upright body is broken into doors, panels, or shelves, with a firm plinth keeping the stored contents above the floor. Its corners show small signs of fitting and repair, lending the surface a convincing history of use, in keeping with the eal lattice display setting.
renaissance_furniture_eal_open_display_cabinet_02	An octagonal painted bamboo open display cabinet is positioned here, its bamboo surfaces contributing a practical presence to the room.	The octagonal painted bamboo open display cabinet is built chiefly from bamboo, with a deliberate silhouette and carefully fitted edges. The bamboo grain is visible along its boards and braces, with the exposed edges burnished smooth. The upright body is broken into doors, panels, or shelves, with a firm plinth keeping the stored contents above the floor. Small tool marks remain at the less-visible edges, while the parts handled most often have been polished smooth, in keeping with the eal open display setting.
renaissance_furniture_eal_plate_display_cabinet_04	A massive plain-joined cypress plate display cabinet is positioned here, its cypress surfaces contributing a practical presence to the room.	The massive plain-joined cypress plate display cabinet is built chiefly from cypress, with a deliberate silhouette and carefully fitted edges. The cypress grain is visible along its boards and braces, with the exposed edges burnished smooth. The upright body is broken into doors, panels, or shelves, with a firm plinth keeping the stored contents above the floor. Subtle changes in sheen around the joins make the separate pieces and their careful fitting visible, in keeping with the eal plate display setting.
renaissance_furniture_eal_porcelain_display_cabinet_03	A lacquered walnut porcelain display cabinet is positioned here, its walnut surfaces contributing a practical presence to the room.	The lacquered walnut porcelain display cabinet is built chiefly from walnut, with a deliberate silhouette and carefully fitted edges. The walnut grain is visible along its boards and braces, with the exposed edges burnished smooth. The upright body is broken into doors, panels, or shelves, with a firm plinth keeping the stored contents above the floor. Small tool marks remain at the less-visible edges, while the parts handled most often have been polished smooth, in keeping with the eal porcelain display setting.
renaissance_furniture_jpn_glass_front_cabinet_02	A slatted lacquer glass-front cabinet is positioned here, its lacquer surfaces contributing a practical presence to the room.	The slatted lacquer glass-front cabinet is built chiefly from lacquer, with a deliberate silhouette and carefully fitted edges. The lacquer surface is worked into clear planes and finished carefully around the principal edges. The upright body is broken into doors, panels, or shelves, with a firm plinth keeping the stored contents above the floor. The visible faces are finished with restraint, allowing the material and its construction to remain easy to read, in keeping with the jpn glass front setting.
renaissance_furniture_jpn_glass_front_cabinet_04	A small asymmetrical cypress glass-front cabinet is positioned here, its cypress surfaces contributing a practical presence to the room.	The small asymmetrical cypress glass-front cabinet is built chiefly from cypress, with a deliberate silhouette and carefully fitted edges. The cypress grain is visible along its boards and braces, with the exposed edges burnished smooth. The upright body is broken into doors, panels, or shelves, with a firm plinth keeping the stored contents above the floor. Its corners show small signs of fitting and repair, lending the surface a convincing history of use, in keeping with the jpn glass front setting.
renaissance_furniture_jpn_open_display_cabinet_03	A wide red-lacquered pine open display cabinet is positioned here, its pine surfaces contributing a practical presence to the room.	The wide red-lacquered pine open display cabinet is built chiefly from pine, with a deliberate silhouette and carefully fitted edges. The pine grain is visible along its boards and braces, with the exposed edges burnished smooth. The upright body is broken into doors, panels, or shelves, with a firm plinth keeping the stored contents above the floor. Its corners show small signs of fitting and repair, lending the surface a convincing history of use, in keeping with the jpn open display setting.
renaissance_furniture_jpn_open_display_shelves_01	A tall low bamboo open display shelves is positioned here, its bamboo surfaces contributing a practical presence to the room.	The tall low bamboo open display shelves is built chiefly from bamboo, with a deliberate silhouette and carefully fitted edges. The bamboo grain is visible along its boards and braces, with the exposed edges burnished smooth. The raised supporting faces are kept level and open, allowing the displayed form to remain plainly visible. The visible faces are finished with restraint, allowing the material and its construction to remain easy to read, in keeping with the jpn open display setting.
renaissance_furniture_mea_scroll_display_cabinet_01	A low cedar scroll display cabinet is positioned here, its cedar surfaces contributing a practical presence to the room.	The low cedar scroll display cabinet is built chiefly from cedar, with a deliberate silhouette and carefully fitted edges. The cedar grain is visible along its boards and braces, with the exposed edges burnished smooth. The upright body is broken into doors, panels, or shelves, with a firm plinth keeping the stored contents above the floor. The visible faces are finished with restraint, allowing the material and its construction to remain easy to read, in keeping with the mea scroll display setting.
renaissance_furniture_mea_scroll_display_cabinet_02	A long shell-faced lacquer scroll display cabinet is positioned here, its lacquer surfaces contributing a practical presence to the room.	The long shell-faced lacquer scroll display cabinet is built chiefly from lacquer, with a deliberate silhouette and carefully fitted edges. The lacquer surface is worked into clear planes and finished carefully around the principal edges. The upright body is broken into doors, panels, or shelves, with a firm plinth keeping the stored contents above the floor. Subtle changes in sheen around the joins make the separate pieces and their careful fitting visible, in keeping with the mea scroll display setting.
renaissance_furniture_sem_glass_front_cabinet_01	An openwork rattan glass-front cabinet is positioned here, its rattan surfaces contributing a practical presence to the room.	The openwork rattan glass-front cabinet is built chiefly from rattan, with a deliberate silhouette and carefully fitted edges. The rattan grain is visible along its boards and braces, with the exposed edges burnished smooth. The upright body is broken into doors, panels, or shelves, with a firm plinth keeping the stored contents above the floor. The visible faces are finished with restraint, allowing the material and its construction to remain easy to read, in keeping with the sem glass front setting.
renaissance_furniture_sem_lattice_display_cabinet_02	A massive openwork lacquer lattice display cabinet is positioned here, its lacquer surfaces contributing a practical presence to the room.	The massive openwork lacquer lattice display cabinet is built chiefly from lacquer, with a deliberate silhouette and carefully fitted edges. The lacquer surface is worked into clear planes and finished carefully around the principal edges. The upright body is broken into doors, panels, or shelves, with a firm plinth keeping the stored contents above the floor. Its corners show small signs of fitting and repair, lending the surface a convincing history of use, in keeping with the sem lattice display setting.
renaissance_furniture_msea_stepped_display_shelves_01	A round-fronted low bamboo stepped display shelves is positioned here, its bamboo surfaces contributing a practical presence to the room.	The round-fronted low bamboo stepped display shelves is built chiefly from bamboo, with a deliberate silhouette and carefully fitted edges. The bamboo grain is visible along its boards and braces, with the exposed edges burnished smooth. The raised supporting faces are kept level and open, allowing the displayed form to remain plainly visible. Subtle changes in sheen around the joins make the separate pieces and their careful fitting visible, in keeping with the msea stepped display setting.
renaissance_furniture_aca_glass_front_cabinet_01	A painted wicker glass-front cabinet is positioned here, its wicker surfaces contributing a practical presence to the room.	The painted wicker glass-front cabinet is built chiefly from wicker, with a deliberate silhouette and carefully fitted edges. The wicker surface is worked into clear planes and finished carefully around the principal edges. The upright body is broken into doors, panels, or shelves, with a firm plinth keeping the stored contents above the floor. The visible faces are finished with restraint, allowing the material and its construction to remain easy to read, in keeping with the aca glass front setting.
renaissance_furniture_sai_vessel_display_stand_01	A plain-joined wicker vessel display stand is positioned here, its wicker surfaces contributing a practical presence to the room.	The plain-joined wicker vessel display stand is built chiefly from wicker, with a deliberate silhouette and carefully fitted edges. The wicker surface is worked into clear planes and finished carefully around the principal edges. The raised supporting faces are kept level and open, allowing the displayed form to remain plainly visible. Subtle changes in sheen around the joins make the separate pieces and their careful fitting visible, in keeping with the sai vessel display setting.
renaissance_furniture_rse_glass_front_cabinet_01	A square plain-joined cedar glass-front cabinet is positioned here, its cedar surfaces contributing a practical presence to the room.	The square plain-joined cedar glass-front cabinet is built chiefly from cedar, with a deliberate silhouette and carefully fitted edges. The cedar grain is visible along its boards and braces, with the exposed edges burnished smooth. The upright body is broken into doors, panels, or shelves, with a firm plinth keeping the stored contents above the floor. Subtle changes in sheen around the joins make the separate pieces and their careful fitting visible, in keeping with the rse glass front setting.
renaissance_furniture_rse_textile_display_case_02	A compact brass-bound wood textile display case is positioned here, its wood surfaces contributing a practical presence to the room.	The compact brass-bound wood textile display case is built chiefly from wood, with a deliberate silhouette and carefully fitted edges. The wood surface is worked into clear planes and finished carefully around the principal edges. A close-fitting top or flap sits over the compact compartment, while the corners are reinforced for regular handling. Its corners show small signs of fitting and repair, lending the surface a convincing history of use, in keeping with the rse textile display setting.
renaissance_furniture_and_lattice_display_cabinet_01	A stepped wicker lattice display cabinet is positioned here, its wicker surfaces contributing a practical presence to the room.	The stepped wicker lattice display cabinet is built chiefly from wicker, with a deliberate silhouette and carefully fitted edges. The wicker surface is worked into clear planes and finished carefully around the principal edges. The upright body is broken into doors, panels, or shelves, with a firm plinth keeping the stored contents above the floor. Small tool marks remain at the less-visible edges, while the parts handled most often have been polished smooth, in keeping with the and lattice display setting.
renaissance_furniture_and_lattice_display_cabinet_02	A deep-carved wicker lattice display cabinet is positioned here, its wicker surfaces contributing a practical presence to the room.	The deep-carved wicker lattice display cabinet is built chiefly from wicker, with a deliberate silhouette and carefully fitted edges. The wicker surface is worked into clear planes and finished carefully around the principal edges. The upright body is broken into doors, panels, or shelves, with a firm plinth keeping the stored contents above the floor. The visible faces are finished with restraint, allowing the material and its construction to remain easy to read, in keeping with the and lattice display setting.
renaissance_furniture_car_stepped_display_shelves_01	A square deep-carved reed stepped display shelves is positioned here, its reed surfaces contributing a practical presence to the room.	The square deep-carved reed stepped display shelves is built chiefly from reed, with a deliberate silhouette and carefully fitted edges. The reed surface is worked into clear planes and finished carefully around the principal edges. The raised supporting faces are kept level and open, allowing the displayed form to remain plainly visible. Subtle changes in sheen around the joins make the separate pieces and their careful fitting visible, in keeping with the car stepped display setting.
renaissance_furniture_car_stepped_display_shelves_02	A low wood stepped display shelves is positioned here, its wood surfaces contributing a practical presence to the room.	The low wood stepped display shelves is built chiefly from wood, with a deliberate silhouette and carefully fitted edges. The wood surface is worked into clear planes and finished carefully around the principal edges. The raised supporting faces are kept level and open, allowing the displayed form to remain plainly visible. Its corners show small signs of fitting and repair, lending the surface a convincing history of use, in keeping with the car stepped display setting.
renaissance_furniture_car_vessel_display_stand_03	A deep plain-framed cane vessel display stand is positioned here, its cane surfaces contributing a practical presence to the room.	The deep plain-framed cane vessel display stand is built chiefly from cane, with a deliberate silhouette and carefully fitted edges. The cane surface is worked into clear planes and finished carefully around the principal edges. The raised supporting faces are kept level and open, allowing the displayed form to remain plainly visible. The visible faces are finished with restraint, allowing the material and its construction to remain easy to read, in keeping with the car vessel display setting.
renaissance_furniture_nac_open_display_cabinet_01	A lashed wicker open display cabinet is positioned here, its wicker surfaces contributing a practical presence to the room.	The lashed wicker open display cabinet is built chiefly from wicker, with a deliberate silhouette and carefully fitted edges. The wicker surface is worked into clear planes and finished carefully around the principal edges. The upright body is broken into doors, panels, or shelves, with a firm plinth keeping the stored contents above the floor. Its corners show small signs of fitting and repair, lending the surface a convincing history of use, in keeping with the nac open display setting.
renaissance_furniture_nac_open_display_shelves_02	A tall deep-carved birch open display shelves is positioned here, its birch surfaces contributing a practical presence to the room.	The tall deep-carved birch open display shelves is built chiefly from birch, with a deliberate silhouette and carefully fitted edges. The birch surface is worked into clear planes and finished carefully around the principal edges. The raised supporting faces are kept level and open, allowing the displayed form to remain plainly visible. Small tool marks remain at the less-visible edges, while the parts handled most often have been polished smooth, in keeping with the nac open display setting.
renaissance_furniture_col_glazed_display_case_01_lockable	A lock-fitted heavy-framed walnut glazed display case is positioned here, its walnut surfaces contributing a practical presence to the room.	The lock-fitted heavy-framed walnut glazed display case is built chiefly from walnut, with a deliberate silhouette and carefully fitted edges. The walnut grain is visible along its boards and braces, with the exposed edges burnished smooth. A close-fitting top or flap sits over the compact compartment, while the corners are reinforced for regular handling. Subtle changes in sheen around the joins make the separate pieces and their careful fitting visible, in keeping with the col glazed display setting.
renaissance_furniture_col_textile_display_case_02	A wide slatted cedar textile display case is positioned here, its cedar surfaces contributing a practical presence to the room.	The wide slatted cedar textile display case is built chiefly from cedar, with a deliberate silhouette and carefully fitted edges. The cedar grain is visible along its boards and braces, with the exposed edges burnished smooth. A close-fitting top or flap sits over the compact compartment, while the corners are reinforced for regular handling. Its corners show small signs of fitting and repair, lending the surface a convincing history of use, in keeping with the col textile display setting.
renaissance_furniture_col_vessel_display_stand_03	An arched-top iron-bound pine vessel display stand is positioned here, its pine surfaces contributing a practical presence to the room.	The arched-top iron-bound pine vessel display stand is built chiefly from pine, with a deliberate silhouette and carefully fitted edges. The pine grain is visible along its boards and braces, with the exposed edges burnished smooth. The raised supporting faces are kept level and open, allowing the displayed form to remain plainly visible. The visible faces are finished with restraint, allowing the material and its construction to remain easy to read, in keeping with the col vessel display setting.
renaissance_furniture_mar_lock_fitted_display_cabinet_02	A plain-framed teak lock-fitted display cabinet is positioned here, its teak surfaces contributing a practical presence to the room.	The plain-framed teak lock-fitted display cabinet is built chiefly from teak, with a deliberate silhouette and carefully fitted edges. The teak grain is visible along its boards and braces, with the exposed edges burnished smooth. The upright body is broken into doors, panels, or shelves, with a firm plinth keeping the stored contents above the floor. Small tool marks remain at the less-visible edges, while the parts handled most often have been polished smooth, in keeping with the mar lock fitted setting.
renaissance_furniture_mar_open_display_cabinet_03	A slotted oak open display cabinet is positioned here, its oak surfaces contributing a practical presence to the room.	The slotted oak open display cabinet is built chiefly from oak, with a deliberate silhouette and carefully fitted edges. The oak grain is visible along its boards and braces, with the exposed edges burnished smooth. The upright body is broken into doors, panels, or shelves, with a firm plinth keeping the stored contents above the floor. Its corners show small signs of fitting and repair, lending the surface a convincing history of use, in keeping with the mar open display setting.
renaissance_furniture_mar_open_display_shelves_01	A wide bolted cedar open display shelves is positioned here, its cedar surfaces contributing a practical presence to the room.	The wide bolted cedar open display shelves is built chiefly from cedar, with a deliberate silhouette and carefully fitted edges. The cedar grain is visible along its boards and braces, with the exposed edges burnished smooth. The raised supporting faces are kept level and open, allowing the displayed form to remain plainly visible. The visible faces are finished with restraint, allowing the material and its construction to remain easy to read, in keeping with the mar open display setting.
renaissance_furniture_mar_vessel_display_stand_04	A narrow plain-framed teak vessel display stand is positioned here, its teak surfaces contributing a practical presence to the room.	The narrow plain-framed teak vessel display stand is built chiefly from teak, with a deliberate silhouette and carefully fitted edges. The teak grain is visible along its boards and braces, with the exposed edges burnished smooth. The raised supporting faces are kept level and open, allowing the displayed form to remain plainly visible. Small tool marks remain at the less-visible edges, while the parts handled most often have been polished smooth, in keeping with the mar vessel display setting.
renaissance_furniture_wer_lock_fitted_armoire_02	A carved beech lock-fitted armoire is positioned here, its beech surfaces contributing a practical presence to the room.	The carved beech lock-fitted armoire is built chiefly from beech, with a deliberate silhouette and carefully fitted edges. The beech surface is worked into clear planes and finished carefully around the principal edges. The upright body is broken into doors, panels, or shelves, with a firm plinth keeping the stored contents above the floor. Subtle changes in sheen around the joins make the separate pieces and their careful fitting visible, in keeping with the wer lock fitted setting.
renaissance_furniture_wer_lock_fitted_wardrobe_03	A carved walnut lock-fitted wardrobe is positioned here, its walnut surfaces contributing a practical presence to the room.	The carved walnut lock-fitted wardrobe is built chiefly from walnut, with a deliberate silhouette and carefully fitted edges. The walnut grain is visible along its boards and braces, with the exposed edges burnished smooth. The upright body is broken into doors, panels, or shelves, with a firm plinth keeping the stored contents above the floor. Subtle changes in sheen around the joins make the separate pieces and their careful fitting visible, in keeping with the wer lock fitted setting.
renaissance_furniture_wer_robe_cabinet_01	A deep panelled oak robe cabinet is positioned here, its oak surfaces contributing a practical presence to the room.	The deep panelled oak robe cabinet is built chiefly from oak, with a deliberate silhouette and carefully fitted edges. The oak grain is visible along its boards and braces, with the exposed edges burnished smooth. The upright body is broken into doors, panels, or shelves, with a firm plinth keeping the stored contents above the floor. Small tool marks remain at the less-visible edges, while the parts handled most often have been polished smooth, in keeping with the wer robe cabinet setting.
renaissance_furniture_wer_tall_wardrobe_04	A round-fronted pilastered walnut tall wardrobe is positioned here, its walnut surfaces contributing a practical presence to the room.	The round-fronted pilastered walnut tall wardrobe is built chiefly from walnut, with a deliberate silhouette and carefully fitted edges. The walnut grain is visible along its boards and braces, with the exposed edges burnished smooth. The upright body is broken into doors, panels, or shelves, with a firm plinth keeping the stored contents above the floor. Small tool marks remain at the less-visible edges, while the parts handled most often have been polished smooth, in keeping with the wer tall wardrobe setting.
renaissance_furniture_wer_two_door_wardrobe_05	A low plain-joined chestnut two-door wardrobe is positioned here, its chestnut surfaces contributing a practical presence to the room.	The low plain-joined chestnut two-door wardrobe is built chiefly from chestnut, with a deliberate silhouette and carefully fitted edges. The chestnut surface is worked into clear planes and finished carefully around the principal edges. The upright body is broken into doors, panels, or shelves, with a firm plinth keeping the stored contents above the floor. The visible faces are finished with restraint, allowing the material and its construction to remain easy to read, in keeping with the wer two door setting.
renaissance_furniture_iba_cloak_cupboard_04	An iron-bound olivewood cloak cupboard is positioned here, its olive wood surfaces contributing a practical presence to the room.	The iron-bound olivewood cloak cupboard is built chiefly from olive wood, with a deliberate silhouette and carefully fitted edges. The olive wood surface is worked into clear planes and finished carefully around the principal edges. The upright body is broken into doors, panels, or shelves, with a firm plinth keeping the stored contents above the floor. The visible faces are finished with restraint, allowing the material and its construction to remain easy to read, in keeping with the iba cloak cupboard setting.
renaissance_furniture_iba_compact_garment_cabinet_05	A panelled olivewood compact garment cabinet is positioned here, its olive wood surfaces contributing a practical presence to the room.	The panelled olivewood compact garment cabinet is built chiefly from olive wood, with a deliberate silhouette and carefully fitted edges. The olive wood surface is worked into clear planes and finished carefully around the principal edges. The upright body is broken into doors, panels, or shelves, with a firm plinth keeping the stored contents above the floor. Subtle changes in sheen around the joins make the separate pieces and their careful fitting visible, in keeping with the iba compact garment setting.
renaissance_furniture_iba_lock_fitted_armoire_02	An octagonal painted-panel oak lock-fitted armoire is positioned here, its oak surfaces contributing a practical presence to the room.	The octagonal painted-panel oak lock-fitted armoire is built chiefly from oak, with a deliberate silhouette and carefully fitted edges. The oak grain is visible along its boards and braces, with the exposed edges burnished smooth. The upright body is broken into doors, panels, or shelves, with a firm plinth keeping the stored contents above the floor. Small tool marks remain at the less-visible edges, while the parts handled most often have been polished smooth, in keeping with the iba lock fitted setting.
renaissance_furniture_iba_tall_wardrobe_01	A compact iron-bound boxwood tall wardrobe is positioned here, its boxwood surfaces contributing a practical presence to the room.	The compact iron-bound boxwood tall wardrobe is built chiefly from boxwood, with a deliberate silhouette and carefully fitted edges. The boxwood grain is visible along its boards and braces, with the exposed edges burnished smooth. The upright body is broken into doors, panels, or shelves, with a firm plinth keeping the stored contents above the floor. Its corners show small signs of fitting and repair, lending the surface a convincing history of use, in keeping with the iba tall wardrobe setting.
renaissance_furniture_iba_travelling_wardrobe_03		The arched-top arcaded oak travelling wardrobe is built chiefly from oak, with a deliberate silhouette and carefully fitted edges. The oak grain is visible along its boards and braces, with the exposed edges burnished smooth. The upright body is broken into doors, panels, or shelves, with a firm plinth keeping the stored contents above the floor. Small tool marks remain at the less-visible edges, while the parts handled most often have been polished smooth, in keeping with the iba travelling wardrobe setting.
renaissance_furniture_cen_cloak_cupboard_02	A small joined beech cloak cupboard is positioned here, its beech surfaces contributing a practical presence to the room.	The small joined beech cloak cupboard is built chiefly from beech, with a deliberate silhouette and carefully fitted edges. The beech surface is worked into clear planes and finished carefully around the principal edges. The upright body is broken into doors, panels, or shelves, with a firm plinth keeping the stored contents above the floor. The visible faces are finished with restraint, allowing the material and its construction to remain easy to read, in keeping with the cen cloak cupboard setting.
renaissance_furniture_cen_lock_fitted_armoire_03	A gabled walnut lock-fitted armoire is positioned here, its walnut surfaces contributing a practical presence to the room.	The gabled walnut lock-fitted armoire is built chiefly from walnut, with a deliberate silhouette and carefully fitted edges. The walnut grain is visible along its boards and braces, with the exposed edges burnished smooth. The upright body is broken into doors, panels, or shelves, with a firm plinth keeping the stored contents above the floor. Its corners show small signs of fitting and repair, lending the surface a convincing history of use, in keeping with the cen lock fitted setting.
renaissance_furniture_cen_lock_fitted_armoire_05	A deep joined oak lock-fitted armoire is positioned here, its oak surfaces contributing a practical presence to the room.	The deep joined oak lock-fitted armoire is built chiefly from oak, with a deliberate silhouette and carefully fitted edges. The oak grain is visible along its boards and braces, with the exposed edges burnished smooth. The upright body is broken into doors, panels, or shelves, with a firm plinth keeping the stored contents above the floor. The visible faces are finished with restraint, allowing the material and its construction to remain easy to read, in keeping with the cen lock fitted setting.
renaissance_furniture_cen_lock_fitted_wardrobe_01	A moulded walnut lock-fitted wardrobe is positioned here, its walnut surfaces contributing a practical presence to the room.	The moulded walnut lock-fitted wardrobe is built chiefly from walnut, with a deliberate silhouette and carefully fitted edges. The walnut grain is visible along its boards and braces, with the exposed edges burnished smooth. The upright body is broken into doors, panels, or shelves, with a firm plinth keeping the stored contents above the floor. Small tool marks remain at the less-visible edges, while the parts handled most often have been polished smooth, in keeping with the cen lock fitted setting.
renaissance_furniture_cen_two_door_wardrobe_04	An arched-top carved ash two-door wardrobe is positioned here, its ash surfaces contributing a practical presence to the room.	The arched-top carved ash two-door wardrobe is built chiefly from ash, with a deliberate silhouette and carefully fitted edges. The ash grain is visible along its boards and braces, with the exposed edges burnished smooth. The upright body is broken into doors, panels, or shelves, with a firm plinth keeping the stored contents above the floor. Small tool marks remain at the less-visible edges, while the parts handled most often have been polished smooth, in keeping with the cen two door setting.
renaissance_furniture_nba_linen_press_01	A pale-boarded ash linen press is positioned here, its ash surfaces contributing a practical presence to the room.	The pale-boarded ash linen press is built chiefly from ash, with a deliberate silhouette and carefully fitted edges. The ash grain is visible along its boards and braces, with the exposed edges burnished smooth. The upright body is broken into doors, panels, or shelves, with a firm plinth keeping the stored contents above the floor. Small tool marks remain at the less-visible edges, while the parts handled most often have been polished smooth, in keeping with the nba linen press setting.
renaissance_furniture_cef_lock_fitted_armoire_02	A square lattice-fronted pine lock-fitted armoire is positioned here, its pine surfaces contributing a practical presence to the room.	The square lattice-fronted pine lock-fitted armoire is built chiefly from pine, with a deliberate silhouette and carefully fitted edges. The pine grain is visible along its boards and braces, with the exposed edges burnished smooth. The upright body is broken into doors, panels, or shelves, with a firm plinth keeping the stored contents above the floor. Subtle changes in sheen around the joins make the separate pieces and their careful fitting visible, in keeping with the cef lock fitted setting.
renaissance_furniture_cef_lock_fitted_armoire_04	A slender painted beech lock-fitted armoire is positioned here, its beech surfaces contributing a practical presence to the room.	The slender painted beech lock-fitted armoire is built chiefly from beech, with a deliberate silhouette and carefully fitted edges. The beech surface is worked into clear planes and finished carefully around the principal edges. The upright body is broken into doors, panels, or shelves, with a firm plinth keeping the stored contents above the floor. Small tool marks remain at the less-visible edges, while the parts handled most often have been polished smooth, in keeping with the cef lock fitted setting.
renaissance_furniture_cef_lock_fitted_wardrobe_01	A broad carved ash lock-fitted wardrobe is positioned here, its ash surfaces contributing a practical presence to the room.	The broad carved ash lock-fitted wardrobe is built chiefly from ash, with a deliberate silhouette and carefully fitted edges. The ash grain is visible along its boards and braces, with the exposed edges burnished smooth. The upright body is broken into doors, panels, or shelves, with a firm plinth keeping the stored contents above the floor. Small tool marks remain at the less-visible edges, while the parts handled most often have been polished smooth, in keeping with the cef lock fitted setting.
renaissance_furniture_cef_tall_wardrobe_03	A deep painted pine tall wardrobe is positioned here, its pine surfaces contributing a practical presence to the room.	The deep painted pine tall wardrobe is built chiefly from pine, with a deliberate silhouette and carefully fitted edges. The pine grain is visible along its boards and braces, with the exposed edges burnished smooth. The upright body is broken into doors, panels, or shelves, with a firm plinth keeping the stored contents above the floor. Its corners show small signs of fitting and repair, lending the surface a convincing history of use, in keeping with the cef tall wardrobe setting.
renaissance_furniture_eon_cloak_cupboard_01	A tall painted-panel ash cloak cupboard is positioned here, its ash surfaces contributing a practical presence to the room.	The tall painted-panel ash cloak cupboard is built chiefly from ash, with a deliberate silhouette and carefully fitted edges. The ash grain is visible along its boards and braces, with the exposed edges burnished smooth. The upright body is broken into doors, panels, or shelves, with a firm plinth keeping the stored contents above the floor. Small tool marks remain at the less-visible edges, while the parts handled most often have been polished smooth, in keeping with the eon cloak cupboard setting.
renaissance_furniture_eon_garment_armoire_03	A recessed-panel walnut garment armoire is positioned here, its walnut surfaces contributing a practical presence to the room.	The recessed-panel walnut garment armoire is built chiefly from walnut, with a deliberate silhouette and carefully fitted edges. The walnut grain is visible along its boards and braces, with the exposed edges burnished smooth. The upright body is broken into doors, panels, or shelves, with a firm plinth keeping the stored contents above the floor. The visible faces are finished with restraint, allowing the material and its construction to remain easy to read, in keeping with the eon garment armoire setting.
renaissance_furniture_eon_lock_fitted_wardrobe_02	A carved birch lock-fitted wardrobe is positioned here, its birch surfaces contributing a practical presence to the room.	The carved birch lock-fitted wardrobe is built chiefly from birch, with a deliberate silhouette and carefully fitted edges. The birch surface is worked into clear planes and finished carefully around the principal edges. The upright body is broken into doors, panels, or shelves, with a firm plinth keeping the stored contents above the floor. The visible faces are finished with restraint, allowing the material and its construction to remain easy to read, in keeping with the eon lock fitted setting.
renaissance_furniture_ott_garment_armoire_01	A lattice-fronted cedar garment armoire is positioned here, its cedar surfaces contributing a practical presence to the room.	The lattice-fronted cedar garment armoire is built chiefly from cedar, with a deliberate silhouette and carefully fitted edges. The cedar grain is visible along its boards and braces, with the exposed edges burnished smooth. The upright body is broken into doors, panels, or shelves, with a firm plinth keeping the stored contents above the floor. Small tool marks remain at the less-visible edges, while the parts handled most often have been polished smooth, in keeping with the ott garment armoire setting.
renaissance_furniture_ott_robe_cabinet_02	A compact recessed-panel lacquer robe cabinet is positioned here, its lacquer surfaces contributing a practical presence to the room.	The compact recessed-panel lacquer robe cabinet is built chiefly from lacquer, with a deliberate silhouette and carefully fitted edges. The lacquer surface is worked into clear planes and finished carefully around the principal edges. The upright body is broken into doors, panels, or shelves, with a firm plinth keeping the stored contents above the floor. Subtle changes in sheen around the joins make the separate pieces and their careful fitting visible, in keeping with the ott robe cabinet setting.
renaissance_furniture_ott_travelling_wardrobe_03		The painted boxwood travelling wardrobe is built chiefly from boxwood, with a deliberate silhouette and carefully fitted edges. The boxwood grain is visible along its boards and braces, with the exposed edges burnished smooth. The upright body is broken into doors, panels, or shelves, with a firm plinth keeping the stored contents above the floor. Its corners show small signs of fitting and repair, lending the surface a convincing history of use, in keeping with the ott travelling wardrobe setting.
renaissance_furniture_pip_cloak_cupboard_01	A slender arched walnut cloak cupboard is positioned here, its walnut surfaces contributing a practical presence to the room.	The slender arched walnut cloak cupboard is built chiefly from walnut, with a deliberate silhouette and carefully fitted edges. The walnut grain is visible along its boards and braces, with the exposed edges burnished smooth. The upright body is broken into doors, panels, or shelves, with a firm plinth keeping the stored contents above the floor. Its corners show small signs of fitting and repair, lending the surface a convincing history of use, in keeping with the pip cloak cupboard setting.
renaissance_furniture_sas_compact_garment_cabinet_04	A tall openwork sandalwood compact garment cabinet is positioned here, its sandalwood surfaces contributing a practical presence to the room.	The tall openwork sandalwood compact garment cabinet is built chiefly from sandalwood, with a deliberate silhouette and carefully fitted edges. The sandalwood surface is worked into clear planes and finished carefully around the principal edges. The upright body is broken into doors, panels, or shelves, with a firm plinth keeping the stored contents above the floor. Small tool marks remain at the less-visible edges, while the parts handled most often have been polished smooth, in keeping with the sas compact garment setting.
renaissance_furniture_sas_linen_press_01	A narrow teak-framed teak linen press is positioned here, its teak surfaces contributing a practical presence to the room.	The narrow teak-framed teak linen press is built chiefly from teak, with a deliberate silhouette and carefully fitted edges. The teak grain is visible along its boards and braces, with the exposed edges burnished smooth. The upright body is broken into doors, panels, or shelves, with a firm plinth keeping the stored contents above the floor. Subtle changes in sheen around the joins make the separate pieces and their careful fitting visible, in keeping with the sas linen press setting.
renaissance_furniture_sas_tall_wardrobe_02	A low brass-studded lacquer tall wardrobe is positioned here, its lacquer surfaces contributing a practical presence to the room.	The low brass-studded lacquer tall wardrobe is built chiefly from lacquer, with a deliberate silhouette and carefully fitted edges. The lacquer surface is worked into clear planes and finished carefully around the principal edges. The upright body is broken into doors, panels, or shelves, with a firm plinth keeping the stored contents above the floor. Its corners show small signs of fitting and repair, lending the surface a convincing history of use, in keeping with the sas tall wardrobe setting.
renaissance_furniture_sas_travelling_wardrobe_03		The compact deep-carved lacquer travelling wardrobe is built chiefly from lacquer, with a deliberate silhouette and carefully fitted edges. The lacquer surface is worked into clear planes and finished carefully around the principal edges. The upright body is broken into doors, panels, or shelves, with a firm plinth keeping the stored contents above the floor. Its corners show small signs of fitting and repair, lending the surface a convincing history of use, in keeping with the sas travelling wardrobe setting.
renaissance_furniture_eal_linen_press_01	A massive lattice-fronted cypress linen press is positioned here, its cypress surfaces contributing a practical presence to the room.	The massive lattice-fronted cypress linen press is built chiefly from cypress, with a deliberate silhouette and carefully fitted edges. The cypress grain is visible along its boards and braces, with the exposed edges burnished smooth. The upright body is broken into doors, panels, or shelves, with a firm plinth keeping the stored contents above the floor. The visible faces are finished with restraint, allowing the material and its construction to remain easy to read, in keeping with the eal linen press setting.
renaissance_furniture_eal_two_door_wardrobe_02	A narrow asymmetrical cypress two-door wardrobe is positioned here, its cypress surfaces contributing a practical presence to the room.	The narrow asymmetrical cypress two-door wardrobe is built chiefly from cypress, with a deliberate silhouette and carefully fitted edges. The cypress grain is visible along its boards and braces, with the exposed edges burnished smooth. The upright body is broken into doors, panels, or shelves, with a firm plinth keeping the stored contents above the floor. Subtle changes in sheen around the joins make the separate pieces and their careful fitting visible, in keeping with the eal two door setting.
renaissance_furniture_jpn_linen_press_01	A long recessed-panel cypress linen press is positioned here, its cypress surfaces contributing a practical presence to the room.	The long recessed-panel cypress linen press is built chiefly from cypress, with a deliberate silhouette and carefully fitted edges. The cypress grain is visible along its boards and braces, with the exposed edges burnished smooth. The upright body is broken into doors, panels, or shelves, with a firm plinth keeping the stored contents above the floor. Its corners show small signs of fitting and repair, lending the surface a convincing history of use, in keeping with the jpn linen press setting.
renaissance_furniture_mea_lock_fitted_armoire_01	A painted cypress lock-fitted armoire is positioned here, its cypress surfaces contributing a practical presence to the room.	The painted cypress lock-fitted armoire is built chiefly from cypress, with a deliberate silhouette and carefully fitted edges. The cypress grain is visible along its boards and braces, with the exposed edges burnished smooth. The upright body is broken into doors, panels, or shelves, with a firm plinth keeping the stored contents above the floor. Subtle changes in sheen around the joins make the separate pieces and their careful fitting visible, in keeping with the mea lock fitted setting.
renaissance_furniture_mea_lock_fitted_wardrobe_02	A lacquered bamboo lock-fitted wardrobe is positioned here, its bamboo surfaces contributing a practical presence to the room.	The lacquered bamboo lock-fitted wardrobe is built chiefly from bamboo, with a deliberate silhouette and carefully fitted edges. The bamboo grain is visible along its boards and braces, with the exposed edges burnished smooth. The upright body is broken into doors, panels, or shelves, with a firm plinth keeping the stored contents above the floor. Subtle changes in sheen around the joins make the separate pieces and their careful fitting visible, in keeping with the mea lock fitted setting.
renaissance_furniture_sem_garment_armoire_01	A pierced bamboo garment armoire is positioned here, its bamboo surfaces contributing a practical presence to the room.	The pierced bamboo garment armoire is built chiefly from bamboo, with a deliberate silhouette and carefully fitted edges. The bamboo grain is visible along its boards and braces, with the exposed edges burnished smooth. The upright body is broken into doors, panels, or shelves, with a firm plinth keeping the stored contents above the floor. Subtle changes in sheen around the joins make the separate pieces and their careful fitting visible, in keeping with the sem garment armoire setting.
renaissance_furniture_msea_cloak_cupboard_02	A painted lacquer cloak cupboard is positioned here, its lacquer surfaces contributing a practical presence to the room.	The painted lacquer cloak cupboard is built chiefly from lacquer, with a deliberate silhouette and carefully fitted edges. The lacquer surface is worked into clear planes and finished carefully around the principal edges. The upright body is broken into doors, panels, or shelves, with a firm plinth keeping the stored contents above the floor. The visible faces are finished with restraint, allowing the material and its construction to remain easy to read, in keeping with the msea cloak cupboard setting.
renaissance_furniture_msea_tall_wardrobe_03	A slender rattan-framed lacquer tall wardrobe is positioned here, its lacquer surfaces contributing a practical presence to the room.	The slender rattan-framed lacquer tall wardrobe is built chiefly from lacquer, with a deliberate silhouette and carefully fitted edges. The lacquer surface is worked into clear planes and finished carefully around the principal edges. The upright body is broken into doors, panels, or shelves, with a firm plinth keeping the stored contents above the floor. Its corners show small signs of fitting and repair, lending the surface a convincing history of use, in keeping with the msea tall wardrobe setting.
renaissance_furniture_msea_two_door_wardrobe_01	A shell-inlaid bamboo two-door wardrobe is positioned here, its bamboo surfaces contributing a practical presence to the room.	The shell-inlaid bamboo two-door wardrobe is built chiefly from bamboo, with a deliberate silhouette and carefully fitted edges. The bamboo grain is visible along its boards and braces, with the exposed edges burnished smooth. The upright body is broken into doors, panels, or shelves, with a firm plinth keeping the stored contents above the floor. The visible faces are finished with restraint, allowing the material and its construction to remain easy to read, in keeping with the msea two door setting.
renaissance_furniture_aca_compact_garment_cabinet_01	A studded mahogany compact garment cabinet is positioned here, its mahogany surfaces contributing a practical presence to the room.	The studded mahogany compact garment cabinet is built chiefly from mahogany, with a deliberate silhouette and carefully fitted edges. The mahogany grain is visible along its boards and braces, with the exposed edges burnished smooth. The upright body is broken into doors, panels, or shelves, with a firm plinth keeping the stored contents above the floor. Its corners show small signs of fitting and repair, lending the surface a convincing history of use, in keeping with the aca compact garment setting.
renaissance_furniture_aca_linen_press_02	A low brass-faced wood linen press is positioned here, its wood surfaces contributing a practical presence to the room.	The low brass-faced wood linen press is built chiefly from wood, with a deliberate silhouette and carefully fitted edges. The wood surface is worked into clear planes and finished carefully around the principal edges. The upright body is broken into doors, panels, or shelves, with a firm plinth keeping the stored contents above the floor. The visible faces are finished with restraint, allowing the material and its construction to remain easy to read, in keeping with the aca linen press setting.
renaissance_furniture_sai_lock_fitted_wardrobe_01	A deep brass-bound cedar lock-fitted wardrobe is positioned here, its cedar surfaces contributing a practical presence to the room.	The deep brass-bound cedar lock-fitted wardrobe is built chiefly from cedar, with a deliberate silhouette and carefully fitted edges. The cedar grain is visible along its boards and braces, with the exposed edges burnished smooth. The upright body is broken into doors, panels, or shelves, with a firm plinth keeping the stored contents above the floor. Its corners show small signs of fitting and repair, lending the surface a convincing history of use, in keeping with the sai lock fitted setting.
renaissance_furniture_rse_lock_fitted_wardrobe_01	A slender carved cedar lock-fitted wardrobe is positioned here, its cedar surfaces contributing a practical presence to the room.	The slender carved cedar lock-fitted wardrobe is built chiefly from cedar, with a deliberate silhouette and carefully fitted edges. The cedar grain is visible along its boards and braces, with the exposed edges burnished smooth. The upright body is broken into doors, panels, or shelves, with a firm plinth keeping the stored contents above the floor. Small tool marks remain at the less-visible edges, while the parts handled most often have been polished smooth, in keeping with the rse lock fitted setting.
renaissance_furniture_rse_travelling_wardrobe_02		The compact cedar-framed olivewood travelling wardrobe is built chiefly from olive wood, with a deliberate silhouette and carefully fitted edges. The olive wood surface is worked into clear planes and finished carefully around the principal edges. The upright body is broken into doors, panels, or shelves, with a firm plinth keeping the stored contents above the floor. The visible faces are finished with restraint, allowing the material and its construction to remain easy to read, in keeping with the rse travelling wardrobe setting.
renaissance_furniture_ind_compact_garment_cabinet_02	A massive teak-framed bamboo compact garment cabinet is positioned here, its bamboo surfaces contributing a practical presence to the room.	The massive teak-framed bamboo compact garment cabinet is built chiefly from bamboo, with a deliberate silhouette and carefully fitted edges. The bamboo grain is visible along its boards and braces, with the exposed edges burnished smooth. The upright body is broken into doors, panels, or shelves, with a firm plinth keeping the stored contents above the floor. Subtle changes in sheen around the joins make the separate pieces and their careful fitting visible, in keeping with the ind compact garment setting.
renaissance_furniture_ind_tall_wardrobe_03	A low shell-inlaid wood tall wardrobe is positioned here, its wood surfaces contributing a practical presence to the room.	The low shell-inlaid wood tall wardrobe is built chiefly from wood, with a deliberate silhouette and carefully fitted edges. The wood surface is worked into clear planes and finished carefully around the principal edges. The upright body is broken into doors, panels, or shelves, with a firm plinth keeping the stored contents above the floor. Small tool marks remain at the less-visible edges, while the parts handled most often have been polished smooth, in keeping with the ind tall wardrobe setting.
renaissance_furniture_ind_travelling_wardrobe_01		The shell-inlaid wood travelling wardrobe is built chiefly from wood, with a deliberate silhouette and carefully fitted edges. The wood surface is worked into clear planes and finished carefully around the principal edges. The upright body is broken into doors, panels, or shelves, with a firm plinth keeping the stored contents above the floor. The visible faces are finished with restraint, allowing the material and its construction to remain easy to read, in keeping with the ind travelling wardrobe setting.
renaissance_furniture_col_garment_armoire_02	A high mission-made cedar garment armoire is positioned here, its cedar surfaces contributing a practical presence to the room.	The high mission-made cedar garment armoire is built chiefly from cedar, with a deliberate silhouette and carefully fitted edges. The cedar grain is visible along its boards and braces, with the exposed edges burnished smooth. The upright body is broken into doors, panels, or shelves, with a firm plinth keeping the stored contents above the floor. Small tool marks remain at the less-visible edges, while the parts handled most often have been polished smooth, in keeping with the col garment armoire setting.
renaissance_furniture_col_lock_fitted_wardrobe_03	A slender carved walnut lock-fitted wardrobe is positioned here, its walnut surfaces contributing a practical presence to the room.	The slender carved walnut lock-fitted wardrobe is built chiefly from walnut, with a deliberate silhouette and carefully fitted edges. The walnut grain is visible along its boards and braces, with the exposed edges burnished smooth. The upright body is broken into doors, panels, or shelves, with a firm plinth keeping the stored contents above the floor. Subtle changes in sheen around the joins make the separate pieces and their careful fitting visible, in keeping with the col lock fitted setting.
renaissance_furniture_col_robe_cabinet_01	A panelled pine robe cabinet is positioned here, its pine surfaces contributing a practical presence to the room.	The panelled pine robe cabinet is built chiefly from pine, with a deliberate silhouette and carefully fitted edges. The pine grain is visible along its boards and braces, with the exposed edges burnished smooth. The upright body is broken into doors, panels, or shelves, with a firm plinth keeping the stored contents above the floor. Small tool marks remain at the less-visible edges, while the parts handled most often have been polished smooth, in keeping with the col robe cabinet setting.
renaissance_furniture_mar_cloak_cupboard_01	An arched-top slotted pine cloak cupboard is positioned here, its pine surfaces contributing a practical presence to the room.	The arched-top slotted pine cloak cupboard is built chiefly from pine, with a deliberate silhouette and carefully fitted edges. The pine grain is visible along its boards and braces, with the exposed edges burnished smooth. The upright body is broken into doors, panels, or shelves, with a firm plinth keeping the stored contents above the floor. Subtle changes in sheen around the joins make the separate pieces and their careful fitting visible, in keeping with the mar cloak cupboard setting.
renaissance_furniture_mar_lock_fitted_wardrobe_02	A long slotted teak lock-fitted wardrobe is positioned here, its teak surfaces contributing a practical presence to the room.	The long slotted teak lock-fitted wardrobe is built chiefly from teak, with a deliberate silhouette and carefully fitted edges. The teak grain is visible along its boards and braces, with the exposed edges burnished smooth. The upright body is broken into doors, panels, or shelves, with a firm plinth keeping the stored contents above the floor. Its corners show small signs of fitting and repair, lending the surface a convincing history of use, in keeping with the mar lock fitted setting.
renaissance_furniture_mar_lock_fitted_wardrobe_03	A tall bolted pine lock-fitted wardrobe is positioned here, its pine surfaces contributing a practical presence to the room.	The tall bolted pine lock-fitted wardrobe is built chiefly from pine, with a deliberate silhouette and carefully fitted edges. The pine grain is visible along its boards and braces, with the exposed edges burnished smooth. The upright body is broken into doors, panels, or shelves, with a firm plinth keeping the stored contents above the floor. Small tool marks remain at the less-visible edges, while the parts handled most often have been polished smooth, in keeping with the mar lock fitted setting.
renaissance_furniture_mar_robe_cabinet_04	A bolted oak robe cabinet is positioned here, its oak surfaces contributing a practical presence to the room.	The bolted oak robe cabinet is built chiefly from oak, with a deliberate silhouette and carefully fitted edges. The oak grain is visible along its boards and braces, with the exposed edges burnished smooth. The upright body is broken into doors, panels, or shelves, with a firm plinth keeping the stored contents above the floor. The visible faces are finished with restraint, allowing the material and its construction to remain easy to read, in keeping with the mar robe cabinet setting.
renaissance_furniture_wer_campaign_weapon_rack_01		The square plain-joined wrought-iron campaign weapon rack is built chiefly from wrought iron, with a deliberate silhouette and carefully fitted edges. The wrought iron is worked into shallow planes and firm edges that catch the light without appearing machine-finished. The raised supporting faces are kept level and open, allowing the displayed form to remain plainly visible. Small tool marks remain at the less-visible edges, while the parts handled most often have been polished smooth, in keeping with the wer campaign weapon setting.
renaissance_furniture_wer_lock_fitted_weapon_cabinet_02	A square plain-joined beech lock-fitted weapon cabinet is positioned here, its beech surfaces contributing a practical presence to the room.	The square plain-joined beech lock-fitted weapon cabinet is built chiefly from beech, with a deliberate silhouette and carefully fitted edges. The beech surface is worked into clear planes and finished carefully around the principal edges. The upright body is broken into doors, panels, or shelves, with a firm plinth keeping the stored contents above the floor. Subtle changes in sheen around the joins make the separate pieces and their careful fitting visible, in keeping with the wer lock fitted setting.
renaissance_furniture_iba_campaign_weapon_rack_01		The star-pierced chestnut campaign weapon rack is built chiefly from chestnut, with a deliberate silhouette and carefully fitted edges. The chestnut surface is worked into clear planes and finished carefully around the principal edges. A close-fitting top or flap sits over the compact compartment, while the corners are reinforced for regular handling. Subtle changes in sheen around the joins make the separate pieces and their careful fitting visible, in keeping with the iba campaign weapon setting.
renaissance_furniture_cen_shield_rack_01	A gabled ash shield rack is positioned here, its ash surfaces contributing a practical presence to the room.	The gabled ash shield rack is built chiefly from ash, with a deliberate silhouette and carefully fitted edges. The ash grain is visible along its boards and braces, with the exposed edges burnished smooth. The raised supporting faces are kept level and open, allowing the displayed form to remain plainly visible. Small tool marks remain at the less-visible edges, while the parts handled most often have been polished smooth, in keeping with the cen shield rack setting.
renaissance_furniture_nba_bow_rack_04	An arched-top slatted birch bow rack is positioned here, its birch surfaces contributing a practical presence to the room.	The arched-top slatted birch bow rack is built chiefly from birch, with a deliberate silhouette and carefully fitted edges. The birch surface is worked into clear planes and finished carefully around the principal edges. The raised supporting faces are kept level and open, allowing the displayed form to remain plainly visible. The visible faces are finished with restraint, allowing the material and its construction to remain easy to read, in keeping with the nba bow rack setting.
renaissance_furniture_nba_freestanding_weapon_rack_01	A deep pale-boarded oak freestanding weapon rack is positioned here, its oak surfaces contributing a practical presence to the room.	The deep pale-boarded oak freestanding weapon rack is built chiefly from oak, with a deliberate silhouette and carefully fitted edges. The oak grain is visible along its boards and braces, with the exposed edges burnished smooth. The raised supporting faces are kept level and open, allowing the displayed form to remain plainly visible. The visible faces are finished with restraint, allowing the material and its construction to remain easy to read, in keeping with the nba freestanding weapon setting.
renaissance_furniture_nba_lock_fitted_weapon_cabinet_02	A compact plain-joined wrought-iron lock-fitted weapon cabinet is positioned here, its wrought iron surfaces contributing a practical presence to the room.	The compact plain-joined wrought-iron lock-fitted weapon cabinet is built chiefly from wrought iron, with a deliberate silhouette and carefully fitted edges. The wrought iron is worked into shallow planes and firm edges that catch the light without appearing machine-finished. The upright body is broken into doors, panels, or shelves, with a firm plinth keeping the stored contents above the floor. The visible faces are finished with restraint, allowing the material and its construction to remain easy to read, in keeping with the nba lock fitted setting.
renaissance_furniture_nba_matchlock_rack_03	A slender plain-joined birch matchlock rack is positioned here, its birch surfaces contributing a practical presence to the room.	The slender plain-joined birch matchlock rack is built chiefly from birch, with a deliberate silhouette and carefully fitted edges. The birch surface is worked into clear planes and finished carefully around the principal edges. The raised supporting faces are kept level and open, allowing the displayed form to remain plainly visible. Subtle changes in sheen around the joins make the separate pieces and their careful fitting visible, in keeping with the nba matchlock rack setting.
renaissance_furniture_cef_crossbow_rack_01	A small studded brass crossbow rack is positioned here, its brass surfaces contributing a practical presence to the room.	The small studded brass crossbow rack is built chiefly from brass, with a deliberate silhouette and carefully fitted edges. The brass is worked into shallow planes and firm edges that catch the light without appearing machine-finished. The raised supporting faces are kept level and open, allowing the displayed form to remain plainly visible. The visible faces are finished with restraint, allowing the material and its construction to remain easy to read, in keeping with the cef crossbow rack setting.
renaissance_furniture_cef_lock_fitted_weapon_cabinet_03	A studded walnut lock-fitted weapon cabinet is positioned here, its walnut surfaces contributing a practical presence to the room.	The studded walnut lock-fitted weapon cabinet is built chiefly from walnut, with a deliberate silhouette and carefully fitted edges. The walnut grain is visible along its boards and braces, with the exposed edges burnished smooth. The upright body is broken into doors, panels, or shelves, with a firm plinth keeping the stored contents above the floor. Its corners show small signs of fitting and repair, lending the surface a convincing history of use, in keeping with the cef lock fitted setting.
renaissance_furniture_cef_spear_rack_02	A broad-framed beech spear rack is positioned here, its beech surfaces contributing a practical presence to the room.	The broad-framed beech spear rack is built chiefly from beech, with a deliberate silhouette and carefully fitted edges. The beech surface is worked into clear planes and finished carefully around the principal edges. The raised supporting faces are kept level and open, allowing the displayed form to remain plainly visible. Its corners show small signs of fitting and repair, lending the surface a convincing history of use, in keeping with the cef spear rack setting.
renaissance_furniture_ott_crossbow_rack_02	A compact painted walnut crossbow rack is positioned here, its walnut surfaces contributing a practical presence to the room.	The compact painted walnut crossbow rack is built chiefly from walnut, with a deliberate silhouette and carefully fitted edges. The walnut grain is visible along its boards and braces, with the exposed edges burnished smooth. The raised supporting faces are kept level and open, allowing the displayed form to remain plainly visible. Its corners show small signs of fitting and repair, lending the surface a convincing history of use, in keeping with the ott crossbow rack setting.
renaissance_furniture_ott_lock_fitted_weapon_cabinet_01	A compact recessed-panel brass lock-fitted weapon cabinet is positioned here, its brass surfaces contributing a practical presence to the room.	The compact recessed-panel brass lock-fitted weapon cabinet is built chiefly from brass, with a deliberate silhouette and carefully fitted edges. The brass is worked into shallow planes and firm edges that catch the light without appearing machine-finished. The upright body is broken into doors, panels, or shelves, with a firm plinth keeping the stored contents above the floor. Subtle changes in sheen around the joins make the separate pieces and their careful fitting visible, in keeping with the ott lock fitted setting.
renaissance_furniture_pip_freestanding_weapon_rack_02	A square arched sandalwood freestanding weapon rack is positioned here, its sandalwood surfaces contributing a practical presence to the room.	The square arched sandalwood freestanding weapon rack is built chiefly from sandalwood, with a deliberate silhouette and carefully fitted edges. The sandalwood surface is worked into clear planes and finished carefully around the principal edges. The raised supporting faces are kept level and open, allowing the displayed form to remain plainly visible. Subtle changes in sheen around the joins make the separate pieces and their careful fitting visible, in keeping with the pip freestanding weapon setting.
renaissance_furniture_pip_matchlock_rack_01	A pierced walnut matchlock rack is positioned here, its walnut surfaces contributing a practical presence to the room.	The pierced walnut matchlock rack is built chiefly from walnut, with a deliberate silhouette and carefully fitted edges. The walnut grain is visible along its boards and braces, with the exposed edges burnished smooth. The raised supporting faces are kept level and open, allowing the displayed form to remain plainly visible. Small tool marks remain at the less-visible edges, while the parts handled most often have been polished smooth, in keeping with the pip matchlock rack setting.
renaissance_furniture_sas_campaign_weapon_rack_01		The arched-top lattice-fronted brass campaign weapon rack is built chiefly from brass, with a deliberate silhouette and carefully fitted edges. The brass is worked into shallow planes and firm edges that catch the light without appearing machine-finished. The raised supporting faces are kept level and open, allowing the displayed form to remain plainly visible. The visible faces are finished with restraint, allowing the material and its construction to remain easy to read, in keeping with the sas campaign weapon setting.
renaissance_furniture_sas_matchlock_rack_02	A pierced bronze matchlock rack is positioned here, its bronze surfaces contributing a practical presence to the room.	The pierced bronze matchlock rack is built chiefly from bronze, with a deliberate silhouette and carefully fitted edges. The bronze surface is worked into clear planes and finished carefully around the principal edges. The raised supporting faces are kept level and open, allowing the displayed form to remain plainly visible. Its corners show small signs of fitting and repair, lending the surface a convincing history of use, in keeping with the sas matchlock rack setting.
renaissance_furniture_eal_freestanding_weapon_rack_01	A wide asymmetrical bamboo freestanding weapon rack is positioned here, its bamboo surfaces contributing a practical presence to the room.	The wide asymmetrical bamboo freestanding weapon rack is built chiefly from bamboo, with a deliberate silhouette and carefully fitted edges. The bamboo grain is visible along its boards and braces, with the exposed edges burnished smooth. The raised supporting faces are kept level and open, allowing the displayed form to remain plainly visible. Subtle changes in sheen around the joins make the separate pieces and their careful fitting visible, in keeping with the eal freestanding weapon setting.
renaissance_furniture_eal_sword_rack_02	A tall tiered cypress sword rack is positioned here, its cypress surfaces contributing a practical presence to the room.	The tall tiered cypress sword rack is built chiefly from cypress, with a deliberate silhouette and carefully fitted edges. The cypress grain is visible along its boards and braces, with the exposed edges burnished smooth. The upright body is broken into doors, panels, or shelves, with a firm plinth keeping the stored contents above the floor. Its corners show small signs of fitting and repair, lending the surface a convincing history of use, in keeping with the eal sword rack setting.
renaissance_furniture_jpn_campaign_weapon_rack_02		The plain-joined cypress campaign weapon rack is built chiefly from cypress, with a deliberate silhouette and carefully fitted edges. The cypress grain is visible along its boards and braces, with the exposed edges burnished smooth. The upright body is broken into doors, panels, or shelves, with a firm plinth keeping the stored contents above the floor. Its corners show small signs of fitting and repair, lending the surface a convincing history of use, in keeping with the jpn campaign weapon setting.
renaissance_furniture_jpn_lock_fitted_weapon_cabinet_01	A high stackable lacquer lock-fitted weapon cabinet is positioned here, its lacquer surfaces contributing a practical presence to the room.	The high stackable lacquer lock-fitted weapon cabinet is built chiefly from lacquer, with a deliberate silhouette and carefully fitted edges. The lacquer surface is worked into clear planes and finished carefully around the principal edges. The upright body is broken into doors, panels, or shelves, with a firm plinth keeping the stored contents above the floor. Its corners show small signs of fitting and repair, lending the surface a convincing history of use, in keeping with the jpn lock fitted setting.
renaissance_furniture_sem_campaign_weapon_rack_01		The lacquered teak campaign weapon rack is built chiefly from teak, with a deliberate silhouette and carefully fitted edges. The teak grain is visible along its boards and braces, with the exposed edges burnished smooth. The raised supporting faces are kept level and open, allowing the displayed form to remain plainly visible. Its corners show small signs of fitting and repair, lending the surface a convincing history of use, in keeping with the sem campaign weapon setting.
renaissance_furniture_msea_spear_rack_01	A tall lacquered teak spear rack is positioned here, its teak surfaces contributing a practical presence to the room.	The tall lacquered teak spear rack is built chiefly from teak, with a deliberate silhouette and carefully fitted edges. The teak grain is visible along its boards and braces, with the exposed edges burnished smooth. The raised supporting faces are kept level and open, allowing the displayed form to remain plainly visible. Subtle changes in sheen around the joins make the separate pieces and their careful fitting visible, in keeping with the msea spear rack setting.
renaissance_furniture_stp_freestanding_weapon_rack_03	A long plain-framed pine freestanding weapon rack is positioned here, its pine surfaces contributing a practical presence to the room.	The long plain-framed pine freestanding weapon rack is built chiefly from pine, with a deliberate silhouette and carefully fitted edges. The pine grain is visible along its boards and braces, with the exposed edges burnished smooth. The raised supporting faces are kept level and open, allowing the displayed form to remain plainly visible. The visible faces are finished with restraint, allowing the material and its construction to remain easy to read, in keeping with the stp freestanding weapon setting.
renaissance_furniture_stp_lock_fitted_weapon_cabinet_02	An arched-top low brass lock-fitted weapon cabinet is positioned here, its brass surfaces contributing a practical presence to the room.	The arched-top low brass lock-fitted weapon cabinet is built chiefly from brass, with a deliberate silhouette and carefully fitted edges. The brass is worked into shallow planes and firm edges that catch the light without appearing machine-finished. The upright body is broken into doors, panels, or shelves, with a firm plinth keeping the stored contents above the floor. Its corners show small signs of fitting and repair, lending the surface a convincing history of use, in keeping with the stp lock fitted setting.
renaissance_furniture_stp_wall_weapon_rack_01	An iron-bound birch wall weapon rack is positioned here, its birch surfaces contributing a practical presence to the room.	The iron-bound birch wall weapon rack is built chiefly from birch, with a deliberate silhouette and carefully fitted edges. The birch surface is worked into clear planes and finished carefully around the principal edges. The raised supporting faces are kept level and open, allowing the displayed form to remain plainly visible. The visible faces are finished with restraint, allowing the material and its construction to remain easy to read, in keeping with the stp wall weapon setting.
renaissance_furniture_aca_sword_rack_01	A pedestal mahogany sword rack is positioned here, its mahogany surfaces contributing a practical presence to the room.	The pedestal mahogany sword rack is built chiefly from mahogany, with a deliberate silhouette and carefully fitted edges. The mahogany grain is visible along its boards and braces, with the exposed edges burnished smooth. The raised supporting faces are kept level and open, allowing the displayed form to remain plainly visible. The visible faces are finished with restraint, allowing the material and its construction to remain easy to read, in keeping with the aca sword rack setting.
renaissance_furniture_sai_campaign_weapon_rack_01		The slender brass-bound reed campaign weapon rack is built chiefly from reed, with a deliberate silhouette and carefully fitted edges. The reed surface is worked into clear planes and finished carefully around the principal edges. The raised supporting faces are kept level and open, allowing the displayed form to remain plainly visible. Its corners show small signs of fitting and repair, lending the surface a convincing history of use, in keeping with the sai campaign weapon setting.
renaissance_furniture_rse_matchlock_rack_01	A slender low wood matchlock rack is positioned here, its wood surfaces contributing a practical presence to the room.	The slender low wood matchlock rack is built chiefly from wood, with a deliberate silhouette and carefully fitted edges. The wood surface is worked into clear planes and finished carefully around the principal edges. The raised supporting faces are kept level and open, allowing the displayed form to remain plainly visible. The visible faces are finished with restraint, allowing the material and its construction to remain easy to read, in keeping with the rse matchlock rack setting.
renaissance_furniture_ind_crossbow_rack_01	An arched-top plain-joined teak crossbow rack is positioned here, its teak surfaces contributing a practical presence to the room.	The arched-top plain-joined teak crossbow rack is built chiefly from teak, with a deliberate silhouette and carefully fitted edges. The teak grain is visible along its boards and braces, with the exposed edges burnished smooth. The raised supporting faces are kept level and open, allowing the displayed form to remain plainly visible. Subtle changes in sheen around the joins make the separate pieces and their careful fitting visible, in keeping with the ind crossbow rack setting.
renaissance_furniture_mes_campaign_weapon_rack_01		The low painted cedar campaign weapon rack is built chiefly from cedar, with a deliberate silhouette and carefully fitted edges. The cedar grain is visible along its boards and braces, with the exposed edges burnished smooth. The raised supporting faces are kept level and open, allowing the displayed form to remain plainly visible. Its corners show small signs of fitting and repair, lending the surface a convincing history of use, in keeping with the mes campaign weapon setting.
renaissance_furniture_mes_sword_rack_03	A painted cedar sword rack is positioned here, its cedar surfaces contributing a practical presence to the room.	The painted cedar sword rack is built chiefly from cedar, with a deliberate silhouette and carefully fitted edges. The cedar grain is visible along its boards and braces, with the exposed edges burnished smooth. The raised supporting faces are kept level and open, allowing the displayed form to remain plainly visible. Its corners show small signs of fitting and repair, lending the surface a convincing history of use, in keeping with the mes sword rack setting.
renaissance_furniture_mes_wall_weapon_rack_02	An arched-top stepped reed wall weapon rack is positioned here, its reed surfaces contributing a practical presence to the room.	The arched-top stepped reed wall weapon rack is built chiefly from reed, with a deliberate silhouette and carefully fitted edges. The reed surface is worked into clear planes and finished carefully around the principal edges. The raised supporting faces are kept level and open, allowing the displayed form to remain plainly visible. Small tool marks remain at the less-visible edges, while the parts handled most often have been polished smooth, in keeping with the mes wall weapon setting.
renaissance_furniture_and_freestanding_weapon_rack_03	A plain-framed wicker freestanding weapon rack is positioned here, its wicker surfaces contributing a practical presence to the room.	The plain-framed wicker freestanding weapon rack is built chiefly from wicker, with a deliberate silhouette and carefully fitted edges. The wicker surface is worked into clear planes and finished carefully around the principal edges. The raised supporting faces are kept level and open, allowing the displayed form to remain plainly visible. The visible faces are finished with restraint, allowing the material and its construction to remain easy to read, in keeping with the and freestanding weapon setting.
renaissance_furniture_and_shield_rack_01	A woven-panel reed shield rack is positioned here, its reed surfaces contributing a practical presence to the room.	The woven-panel reed shield rack is built chiefly from reed, with a deliberate silhouette and carefully fitted edges. The reed surface is worked into clear planes and finished carefully around the principal edges. The raised supporting faces are kept level and open, allowing the displayed form to remain plainly visible. The visible faces are finished with restraint, allowing the material and its construction to remain easy to read, in keeping with the and shield rack setting.
renaissance_furniture_and_shield_rack_02	A lashed wood shield rack is positioned here, its wood surfaces contributing a practical presence to the room.	The lashed wood shield rack is built chiefly from wood, with a deliberate silhouette and carefully fitted edges. The wood surface is worked into clear planes and finished carefully around the principal edges. The raised supporting faces are kept level and open, allowing the displayed form to remain plainly visible. Subtle changes in sheen around the joins make the separate pieces and their careful fitting visible, in keeping with the and shield rack setting.
renaissance_furniture_car_spear_rack_01	A narrow lashed wood spear rack is positioned here, its wood surfaces contributing a practical presence to the room.	The narrow lashed wood spear rack is built chiefly from wood, with a deliberate silhouette and carefully fitted edges. The wood surface is worked into clear planes and finished carefully around the principal edges. The raised supporting faces are kept level and open, allowing the displayed form to remain plainly visible. Subtle changes in sheen around the joins make the separate pieces and their careful fitting visible, in keeping with the car spear rack setting.
renaissance_furniture_nac_bow_rack_01	A woven-panel reed bow rack is positioned here, its reed surfaces contributing a practical presence to the room.	The woven-panel reed bow rack is built chiefly from reed, with a deliberate silhouette and carefully fitted edges. The reed surface is worked into clear planes and finished carefully around the principal edges. The raised supporting faces are kept level and open, allowing the displayed form to remain plainly visible. Its corners show small signs of fitting and repair, lending the surface a convincing history of use, in keeping with the nac bow rack setting.
renaissance_furniture_nac_sword_rack_02	A lashed wood sword rack is positioned here, its wood surfaces contributing a practical presence to the room.	The lashed wood sword rack is built chiefly from wood, with a deliberate silhouette and carefully fitted edges. The wood surface is worked into clear planes and finished carefully around the principal edges. The raised supporting faces are kept level and open, allowing the displayed form to remain plainly visible. Its corners show small signs of fitting and repair, lending the surface a convincing history of use, in keeping with the nac sword rack setting.
renaissance_furniture_col_bow_rack_03	An iron-bound brass bow rack is positioned here, its brass surfaces contributing a practical presence to the room.	The iron-bound brass bow rack is built chiefly from brass, with a deliberate silhouette and carefully fitted edges. The brass is worked into shallow planes and firm edges that catch the light without appearing machine-finished. The raised supporting faces are kept level and open, allowing the displayed form to remain plainly visible. The visible faces are finished with restraint, allowing the material and its construction to remain easy to read, in keeping with the col bow rack setting.
renaissance_furniture_col_freestanding_weapon_rack_02	A plain-joined oak freestanding weapon rack is positioned here, its oak surfaces contributing a practical presence to the room.	The plain-joined oak freestanding weapon rack is built chiefly from oak, with a deliberate silhouette and carefully fitted edges. The oak grain is visible along its boards and braces, with the exposed edges burnished smooth. The raised supporting faces are kept level and open, allowing the displayed form to remain plainly visible. Its corners show small signs of fitting and repair, lending the surface a convincing history of use, in keeping with the col freestanding weapon setting.
renaissance_furniture_col_sword_rack_01	A round-fronted heavy-framed oak sword rack is positioned here, its oak surfaces contributing a practical presence to the room.	The round-fronted heavy-framed oak sword rack is built chiefly from oak, with a deliberate silhouette and carefully fitted edges. The oak grain is visible along its boards and braces, with the exposed edges burnished smooth. The raised supporting faces are kept level and open, allowing the displayed form to remain plainly visible. Subtle changes in sheen around the joins make the separate pieces and their careful fitting visible, in keeping with the col sword rack setting.
renaissance_furniture_mar_bow_rack_02	A tall slotted wrought-iron bow rack is positioned here, its wrought iron surfaces contributing a practical presence to the room.	The tall slotted wrought-iron bow rack is built chiefly from wrought iron, with a deliberate silhouette and carefully fitted edges. The wrought iron is worked into shallow planes and firm edges that catch the light without appearing machine-finished. The raised supporting faces are kept level and open, allowing the displayed form to remain plainly visible. Subtle changes in sheen around the joins make the separate pieces and their careful fitting visible, in keeping with the mar bow rack setting.
renaissance_furniture_mar_freestanding_weapon_rack_01	A low plain-framed teak freestanding weapon rack is positioned here, its teak surfaces contributing a practical presence to the room.	The low plain-framed teak freestanding weapon rack is built chiefly from teak, with a deliberate silhouette and carefully fitted edges. The teak grain is visible along its boards and braces, with the exposed edges burnished smooth. The raised supporting faces are kept level and open, allowing the displayed form to remain plainly visible. Small tool marks remain at the less-visible edges, while the parts handled most often have been polished smooth, in keeping with the mar freestanding weapon setting.
renaissance_furniture_mar_matchlock_rack_03	An iron-bound cedar matchlock rack is positioned here, its cedar surfaces contributing a practical presence to the room.	The iron-bound cedar matchlock rack is built chiefly from cedar, with a deliberate silhouette and carefully fitted edges. The cedar grain is visible along its boards and braces, with the exposed edges burnished smooth. The raised supporting faces are kept level and open, allowing the displayed form to remain plainly visible. The visible faces are finished with restraint, allowing the material and its construction to remain easy to read, in keeping with the mar matchlock rack setting.
renaissance_furniture_wer_wall_cupboard_01	A tiered marquetry-fronted oak wall cupboard is positioned here, its oak surfaces contributing a practical presence to the room.	The tiered marquetry-fronted oak wall cupboard is built chiefly from oak, with a deliberate silhouette and carefully fitted edges. The oak grain is visible along its boards and braces, with the exposed edges burnished smooth. The upright body is broken into doors, panels, or shelves, with a firm plinth keeping the stored contents above the floor. Subtle changes in sheen around the joins make the separate pieces and their careful fitting visible, in keeping with the wer wall cupboard setting.
renaissance_furniture_iba_archive_bookcase_01	A painted-panel oak archive bookcase is positioned here, its oak surfaces contributing a practical presence to the room.	The painted-panel oak archive bookcase is built chiefly from oak, with a deliberate silhouette and carefully fitted edges. The oak grain is visible along its boards and braces, with the exposed edges burnished smooth. The upright body is broken into doors, panels, or shelves, with a firm plinth keeping the stored contents above the floor. The visible faces are finished with restraint, allowing the material and its construction to remain easy to read, in keeping with the iba archive bookcase setting.
renaissance_furniture_iba_wall_cupboard_02	A panelled oak wall cupboard is positioned here, its oak surfaces contributing a practical presence to the room.	The panelled oak wall cupboard is built chiefly from oak, with a deliberate silhouette and carefully fitted edges. The oak grain is visible along its boards and braces, with the exposed edges burnished smooth. The upright body is broken into doors, panels, or shelves, with a firm plinth keeping the stored contents above the floor. The visible faces are finished with restraint, allowing the material and its construction to remain easy to read, in keeping with the iba wall cupboard setting.
renaissance_furniture_cen_plate_hutch_01	A round-fronted painted ash plate hutch is positioned here, its ash surfaces contributing a practical presence to the room.	The round-fronted painted ash plate hutch is built chiefly from ash, with a deliberate silhouette and carefully fitted edges. The ash grain is visible along its boards and braces, with the exposed edges burnished smooth. Its compartment is bordered by fitted panels, open shelving, or a lined interior, with the accessible edges worn smooth. Small tool marks remain at the less-visible edges, while the parts handled most often have been polished smooth, in keeping with the cen plate hutch setting.
renaissance_furniture_nba_bookcase_01	A carved pine bookcase is positioned here, its pine surfaces contributing a practical presence to the room.	The carved pine bookcase is built chiefly from pine, with a deliberate silhouette and carefully fitted edges. The pine grain is visible along its boards and braces, with the exposed edges burnished smooth. The upright body is broken into doors, panels, or shelves, with a firm plinth keeping the stored contents above the floor. The visible faces are finished with restraint, allowing the material and its construction to remain easy to read, in keeping with the nba bookcase 01 setting.
renaissance_furniture_nba_household_cupboard_02	A high pale-boarded oak household cupboard is positioned here, its oak surfaces contributing a practical presence to the room.	The high pale-boarded oak household cupboard is built chiefly from oak, with a deliberate silhouette and carefully fitted edges. The oak grain is visible along its boards and braces, with the exposed edges burnished smooth. The upright body is broken into doors, panels, or shelves, with a firm plinth keeping the stored contents above the floor. The visible faces are finished with restraint, allowing the material and its construction to remain easy to read, in keeping with the nba household cupboard setting.
renaissance_furniture_cef_household_cupboard_01	A low lattice-fronted walnut household cupboard is positioned here, its walnut surfaces contributing a practical presence to the room.	The low lattice-fronted walnut household cupboard is built chiefly from walnut, with a deliberate silhouette and carefully fitted edges. The walnut grain is visible along its boards and braces, with the exposed edges burnished smooth. The upright body is broken into doors, panels, or shelves, with a firm plinth keeping the stored contents above the floor. The visible faces are finished with restraint, allowing the material and its construction to remain easy to read, in keeping with the cef household cupboard setting.
renaissance_furniture_eon_bookcase_02	A recessed-panel pine bookcase is positioned here, its pine surfaces contributing a practical presence to the room.	The recessed-panel pine bookcase is built chiefly from pine, with a deliberate silhouette and carefully fitted edges. The pine grain is visible along its boards and braces, with the exposed edges burnished smooth. The upright body is broken into doors, panels, or shelves, with a firm plinth keeping the stored contents above the floor. Its corners show small signs of fitting and repair, lending the surface a convincing history of use, in keeping with the eon bookcase 02 setting.
renaissance_furniture_eon_household_cupboard_01	A plain-joined walnut household cupboard is positioned here, its walnut surfaces contributing a practical presence to the room.	The plain-joined walnut household cupboard is built chiefly from walnut, with a deliberate silhouette and carefully fitted edges. The walnut grain is visible along its boards and braces, with the exposed edges burnished smooth. The upright body is broken into doors, panels, or shelves, with a firm plinth keeping the stored contents above the floor. The visible faces are finished with restraint, allowing the material and its construction to remain easy to read, in keeping with the eon household cupboard setting.
renaissance_furniture_ott_service_hutch_01_lockable	An lock-fitted arched-top geometric-inlaid boxwood service hutch is positioned here, its boxwood surfaces contributing a practical presence to the room.	The lock-fitted arched-top geometric-inlaid boxwood service hutch is built chiefly from boxwood, with a deliberate silhouette and carefully fitted edges. The boxwood grain is visible along its boards and braces, with the exposed edges burnished smooth. A close-fitting top or flap sits over the compact compartment, while the corners are reinforced for regular handling. Small tool marks remain at the less-visible edges, while the parts handled most often have been polished smooth, in keeping with the ott service hutch setting.
renaissance_furniture_pip_wall_cupboard_01	An octagonal low walnut wall cupboard is positioned here, its walnut surfaces contributing a practical presence to the room.	The octagonal low walnut wall cupboard is built chiefly from walnut, with a deliberate silhouette and carefully fitted edges. The walnut grain is visible along its boards and braces, with the exposed edges burnished smooth. The upright body is broken into doors, panels, or shelves, with a firm plinth keeping the stored contents above the floor. The visible faces are finished with restraint, allowing the material and its construction to remain easy to read, in keeping with the pip wall cupboard setting.
renaissance_furniture_sas_large_storage_cabinet_01	A deep painted bamboo large storage cabinet is positioned here, its bamboo surfaces contributing a practical presence to the room.	The deep painted bamboo large storage cabinet is built chiefly from bamboo, with a deliberate silhouette and carefully fitted edges. The bamboo grain is visible along its boards and braces, with the exposed edges burnished smooth. The upright body is broken into doors, panels, or shelves, with a firm plinth keeping the stored contents above the floor. Small tool marks remain at the less-visible edges, while the parts handled most often have been polished smooth, in keeping with the sas large storage setting.
renaissance_furniture_eal_archive_bookcase_03	A tall recessed-panel cypress archive bookcase is positioned here, its cypress surfaces contributing a practical presence to the room.	The tall recessed-panel cypress archive bookcase is built chiefly from cypress, with a deliberate silhouette and carefully fitted edges. The cypress grain is visible along its boards and braces, with the exposed edges burnished smooth. The upright body is broken into doors, panels, or shelves, with a firm plinth keeping the stored contents above the floor. The visible faces are finished with restraint, allowing the material and its construction to remain easy to read, in keeping with the eal archive bookcase setting.
renaissance_furniture_eal_hanging_cabinet_01_lockable	A lock-fitted broad lacquered lacquer hanging cabinet is positioned here, its lacquer surfaces contributing a practical presence to the room.	The lock-fitted broad lacquered lacquer hanging cabinet is built chiefly from lacquer, with a deliberate silhouette and carefully fitted edges. The lacquer surface is worked into clear planes and finished carefully around the principal edges. The upright body is broken into doors, panels, or shelves, with a firm plinth keeping the stored contents above the floor. Small tool marks remain at the less-visible edges, while the parts handled most often have been polished smooth, in keeping with the eal hanging cabinet setting.
renaissance_furniture_eal_lock_fitted_cupboard_02	A lattice-fronted bamboo lock-fitted cupboard is positioned here, its bamboo surfaces contributing a practical presence to the room.	The lattice-fronted bamboo lock-fitted cupboard is built chiefly from bamboo, with a deliberate silhouette and carefully fitted edges. The bamboo grain is visible along its boards and braces, with the exposed edges burnished smooth. The upright body is broken into doors, panels, or shelves, with a firm plinth keeping the stored contents above the floor. Its corners show small signs of fitting and repair, lending the surface a convincing history of use, in keeping with the eal lock fitted setting.
renaissance_furniture_jpn_household_cupboard_01	A compact slatted bamboo household cupboard is positioned here, its bamboo surfaces contributing a practical presence to the room.	The compact slatted bamboo household cupboard is built chiefly from bamboo, with a deliberate silhouette and carefully fitted edges. The bamboo grain is visible along its boards and braces, with the exposed edges burnished smooth. The upright body is broken into doors, panels, or shelves, with a firm plinth keeping the stored contents above the floor. Its corners show small signs of fitting and repair, lending the surface a convincing history of use, in keeping with the jpn household cupboard setting.
renaissance_furniture_mea_lock_fitted_cupboard_01	A narrow shell-faced teak lock-fitted cupboard is positioned here, its teak surfaces contributing a practical presence to the room.	The narrow shell-faced teak lock-fitted cupboard is built chiefly from teak, with a deliberate silhouette and carefully fitted edges. The teak grain is visible along its boards and braces, with the exposed edges burnished smooth. The upright body is broken into doors, panels, or shelves, with a firm plinth keeping the stored contents above the floor. Its corners show small signs of fitting and repair, lending the surface a convincing history of use, in keeping with the mea lock fitted setting.
renaissance_furniture_sem_large_storage_cabinet_01	A lacquered lacquer large storage cabinet is positioned here, its lacquer surfaces contributing a practical presence to the room.	The lacquered lacquer large storage cabinet is built chiefly from lacquer, with a deliberate silhouette and carefully fitted edges. The lacquer surface is worked into clear planes and finished carefully around the principal edges. The upright body is broken into doors, panels, or shelves, with a firm plinth keeping the stored contents above the floor. Subtle changes in sheen around the joins make the separate pieces and their careful fitting visible, in keeping with the sem large storage setting.
renaissance_furniture_msea_hanging_cabinet_02	A deep low rattan hanging cabinet is positioned here, its rattan surfaces contributing a practical presence to the room.	The deep low rattan hanging cabinet is built chiefly from rattan, with a deliberate silhouette and carefully fitted edges. The rattan grain is visible along its boards and braces, with the exposed edges burnished smooth. The upright body is broken into doors, panels, or shelves, with a firm plinth keeping the stored contents above the floor. The visible faces are finished with restraint, allowing the material and its construction to remain easy to read, in keeping with the msea hanging cabinet setting.
renaissance_furniture_msea_large_storage_cabinet_01	A low rattan large storage cabinet is positioned here, its rattan surfaces contributing a practical presence to the room.	The low rattan large storage cabinet is built chiefly from rattan, with a deliberate silhouette and carefully fitted edges. The rattan grain is visible along its boards and braces, with the exposed edges burnished smooth. The upright body is broken into doors, panels, or shelves, with a firm plinth keeping the stored contents above the floor. Its corners show small signs of fitting and repair, lending the surface a convincing history of use, in keeping with the msea large storage setting.
renaissance_furniture_stp_large_storage_cabinet_01	A low birch large storage cabinet is positioned here, its birch surfaces contributing a practical presence to the room.	The low birch large storage cabinet is built chiefly from birch, with a deliberate silhouette and carefully fitted edges. The birch surface is worked into clear planes and finished carefully around the principal edges. The upright body is broken into doors, panels, or shelves, with a firm plinth keeping the stored contents above the floor. Small tool marks remain at the less-visible edges, while the parts handled most often have been polished smooth, in keeping with the stp large storage setting.
renaissance_furniture_aca_lock_fitted_cupboard_01	A deep-carved wicker lock-fitted cupboard is positioned here, its wicker surfaces contributing a practical presence to the room.	The deep-carved wicker lock-fitted cupboard is built chiefly from wicker, with a deliberate silhouette and carefully fitted edges. The wicker surface is worked into clear planes and finished carefully around the principal edges. The upright body is broken into doors, panels, or shelves, with a firm plinth keeping the stored contents above the floor. The visible faces are finished with restraint, allowing the material and its construction to remain easy to read, in keeping with the aca lock fitted setting.
renaissance_furniture_sai_household_cupboard_02	A round-fronted reed-fronted wicker household cupboard is positioned here, its wicker surfaces contributing a practical presence to the room.	The round-fronted reed-fronted wicker household cupboard is built chiefly from wicker, with a deliberate silhouette and carefully fitted edges. The wicker surface is worked into clear planes and finished carefully around the principal edges. The upright body is broken into doors, panels, or shelves, with a firm plinth keeping the stored contents above the floor. The visible faces are finished with restraint, allowing the material and its construction to remain easy to read, in keeping with the sai household cupboard setting.
renaissance_furniture_sai_lock_fitted_cupboard_01	A high painted wood lock-fitted cupboard is positioned here, its wood surfaces contributing a practical presence to the room.	The high painted wood lock-fitted cupboard is built chiefly from wood, with a deliberate silhouette and carefully fitted edges. The wood surface is worked into clear planes and finished carefully around the principal edges. The upright body is broken into doors, panels, or shelves, with a firm plinth keeping the stored contents above the floor. The visible faces are finished with restraint, allowing the material and its construction to remain easy to read, in keeping with the sai lock fitted setting.
renaissance_furniture_rse_large_storage_cabinet_01	A leather-covered olivewood large storage cabinet is positioned here, its olive wood surfaces contributing a practical presence to the room.	The leather-covered olivewood large storage cabinet is built chiefly from olive wood, with a deliberate silhouette and carefully fitted edges. The olive wood surface is worked into clear planes and finished carefully around the principal edges. The upright body is broken into doors, panels, or shelves, with a firm plinth keeping the stored contents above the floor. Its corners show small signs of fitting and repair, lending the surface a convincing history of use, in keeping with the rse large storage setting.
renaissance_furniture_mes_bookcase_01	A tiered deep-carved wood bookcase is positioned here, its wood surfaces contributing a practical presence to the room.	The tiered deep-carved wood bookcase is built chiefly from wood, with a deliberate silhouette and carefully fitted edges. The wood surface is worked into clear planes and finished carefully around the principal edges. The upright body is broken into doors, panels, or shelves, with a firm plinth keeping the stored contents above the floor. The visible faces are finished with restraint, allowing the material and its construction to remain easy to read, in keeping with the mes bookcase 01 setting.
renaissance_furniture_car_archive_bookcase_01	A deep woven wicker archive bookcase is positioned here, its wicker surfaces contributing a practical presence to the room.	The deep woven wicker archive bookcase is built chiefly from wicker, with a deliberate silhouette and carefully fitted edges. The wicker surface is worked into clear planes and finished carefully around the principal edges. The upright body is broken into doors, panels, or shelves, with a firm plinth keeping the stored contents above the floor. Its corners show small signs of fitting and repair, lending the surface a convincing history of use, in keeping with the car archive bookcase setting.
renaissance_furniture_nac_hanging_cabinet_02	A tall hide-covered birch hanging cabinet is positioned here, its birch surfaces contributing a practical presence to the room.	The tall hide-covered birch hanging cabinet is built chiefly from birch, with a deliberate silhouette and carefully fitted edges. The birch surface is worked into clear planes and finished carefully around the principal edges. The upright body is broken into doors, panels, or shelves, with a firm plinth keeping the stored contents above the floor. The visible faces are finished with restraint, allowing the material and its construction to remain easy to read, in keeping with the nac hanging cabinet setting.
renaissance_furniture_nac_wall_cupboard_01	A bark-panelled wicker wall cupboard is positioned here, its wicker surfaces contributing a practical presence to the room.	The bark-panelled wicker wall cupboard is built chiefly from wicker, with a deliberate silhouette and carefully fitted edges. The wicker surface is worked into clear planes and finished carefully around the principal edges. The upright body is broken into doors, panels, or shelves, with a firm plinth keeping the stored contents above the floor. Subtle changes in sheen around the joins make the separate pieces and their careful fitting visible, in keeping with the nac wall cupboard setting.
renaissance_furniture_col_bookcase_01	An arched-top heavy-framed oak bookcase is positioned here, its oak surfaces contributing a practical presence to the room.	The arched-top heavy-framed oak bookcase is built chiefly from oak, with a deliberate silhouette and carefully fitted edges. The oak grain is visible along its boards and braces, with the exposed edges burnished smooth. The upright body is broken into doors, panels, or shelves, with a firm plinth keeping the stored contents above the floor. Subtle changes in sheen around the joins make the separate pieces and their careful fitting visible, in keeping with the col bookcase 01 setting.
renaissance_furniture_col_corner_cupboard_02	A wide panelled pine corner cupboard is positioned here, its pine surfaces contributing a practical presence to the room.	The wide panelled pine corner cupboard is built chiefly from pine, with a deliberate silhouette and carefully fitted edges. The pine grain is visible along its boards and braces, with the exposed edges burnished smooth. The upright body is broken into doors, panels, or shelves, with a firm plinth keeping the stored contents above the floor. Small tool marks remain at the less-visible edges, while the parts handled most often have been polished smooth, in keeping with the col corner cupboard setting.
renaissance_furniture_mar_hanging_cabinet_04	A tar-darkened teak hanging cabinet is positioned here, its teak surfaces contributing a practical presence to the room.	The tar-darkened teak hanging cabinet is built chiefly from teak, with a deliberate silhouette and carefully fitted edges. The teak grain is visible along its boards and braces, with the exposed edges burnished smooth. The upright body is broken into doors, panels, or shelves, with a firm plinth keeping the stored contents above the floor. The visible faces are finished with restraint, allowing the material and its construction to remain easy to read, in keeping with the mar hanging cabinet setting.
renaissance_furniture_mar_large_storage_cabinet_02	A broad slotted cedar large storage cabinet is positioned here, its cedar surfaces contributing a practical presence to the room.	The broad slotted cedar large storage cabinet is built chiefly from cedar, with a deliberate silhouette and carefully fitted edges. The cedar grain is visible along its boards and braces, with the exposed edges burnished smooth. The upright body is broken into doors, panels, or shelves, with a firm plinth keeping the stored contents above the floor. Subtle changes in sheen around the joins make the separate pieces and their careful fitting visible, in keeping with the mar large storage setting.
renaissance_furniture_mar_plate_hutch_03	A slender collapsible teak plate hutch is positioned here, its teak surfaces contributing a practical presence to the room.	The slender collapsible teak plate hutch is built chiefly from teak, with a deliberate silhouette and carefully fitted edges. The teak grain is visible along its boards and braces, with the exposed edges burnished smooth. Its compartment is bordered by fitted panels, open shelving, or a lined interior, with the accessible edges worn smooth. Small tool marks remain at the less-visible edges, while the parts handled most often have been polished smooth, in keeping with the mar plate hutch setting.
renaissance_furniture_mar_wall_cupboard_01	A tall plain-framed pine wall cupboard is positioned here, its pine surfaces contributing a practical presence to the room.	The tall plain-framed pine wall cupboard is built chiefly from pine, with a deliberate silhouette and carefully fitted edges. The pine grain is visible along its boards and braces, with the exposed edges burnished smooth. The upright body is broken into doors, panels, or shelves, with a firm plinth keeping the stored contents above the floor. Small tool marks remain at the less-visible edges, while the parts handled most often have been polished smooth, in keeping with the mar wall cupboard setting.
renaissance_furniture_wer_secretary_cabinet_01	A pilastered boxwood secretary cabinet is positioned here, its boxwood surfaces contributing a practical presence to the room.	The pilastered boxwood secretary cabinet is built chiefly from boxwood, with a deliberate silhouette and carefully fitted edges. The boxwood grain is visible along its boards and braces, with the exposed edges burnished smooth. The upright body is broken into doors, panels, or shelves, with a firm plinth keeping the stored contents above the floor. Subtle changes in sheen around the joins make the separate pieces and their careful fitting visible, in keeping with the wer secretary cabinet setting.
renaissance_furniture_wer_secretary_cabinet_03	A marquetry-fronted oak secretary cabinet is positioned here, its oak surfaces contributing a practical presence to the room.	The marquetry-fronted oak secretary cabinet is built chiefly from oak, with a deliberate silhouette and carefully fitted edges. The oak grain is visible along its boards and braces, with the exposed edges burnished smooth. The upright body is broken into doors, panels, or shelves, with a firm plinth keeping the stored contents above the floor. Small tool marks remain at the less-visible edges, while the parts handled most often have been polished smooth, in keeping with the wer secretary cabinet setting.
renaissance_furniture_wer_slant_front_desk_02	A moulded chestnut slant-front desk is positioned here, its chestnut surfaces contributing a practical presence to the room.	The moulded chestnut slant-front desk is built chiefly from chestnut, with a deliberate silhouette and carefully fitted edges. The chestnut surface is worked into clear planes and finished carefully around the principal edges. A close-fitting top or flap sits over the compact compartment, while the corners are reinforced for regular handling. Small tool marks remain at the less-visible edges, while the parts handled most often have been polished smooth, in keeping with the wer slant front setting.
renaissance_furniture_iba_campaign_desk_04		The narrow iron-bound olivewood campaign desk is built chiefly from olive wood, with a deliberate silhouette and carefully fitted edges. The olive wood surface is worked into clear planes and finished carefully around the principal edges. The working surface is carried on a braced base, leaving a clear top above and sturdy supports below. Subtle changes in sheen around the joins make the separate pieces and their careful fitting visible, in keeping with the iba campaign desk setting.
renaissance_furniture_iba_clerks_desk_02	A low leather-faced boxwood clerk's desk is positioned here, its boxwood surfaces contributing a practical presence to the room.	The low leather-faced boxwood clerk's desk is built chiefly from boxwood, with a deliberate silhouette and carefully fitted edges. The boxwood grain is visible along its boards and braces, with the exposed edges burnished smooth. A close-fitting top or flap sits over the compact compartment, while the corners are reinforced for regular handling. Small tool marks remain at the less-visible edges, while the parts handled most often have been polished smooth, in keeping with the iba clerks desk setting.
renaissance_furniture_iba_lock_fitted_desk_01	A carved cedar lock-fitted desk is positioned here, its cedar surfaces contributing a practical presence to the room.	The carved cedar lock-fitted desk is built chiefly from cedar, with a deliberate silhouette and carefully fitted edges. The cedar grain is visible along its boards and braces, with the exposed edges burnished smooth. The working surface is carried on a braced base, leaving a clear top above and sturdy supports below. Its corners show small signs of fitting and repair, lending the surface a convincing history of use, in keeping with the iba lock fitted setting.
renaissance_furniture_iba_slant_front_desk_03	A plain-joined boxwood slant-front desk is positioned here, its boxwood surfaces contributing a practical presence to the room.	The plain-joined boxwood slant-front desk is built chiefly from boxwood, with a deliberate silhouette and carefully fitted edges. The boxwood grain is visible along its boards and braces, with the exposed edges burnished smooth. A close-fitting top or flap sits over the compact compartment, while the corners are reinforced for regular handling. Its corners show small signs of fitting and repair, lending the surface a convincing history of use, in keeping with the iba slant front setting.
renaissance_furniture_cen_campaign_desk_01		The long painted beech campaign desk is built chiefly from beech, with a deliberate silhouette and carefully fitted edges. The beech surface is worked into clear planes and finished carefully around the principal edges. The working surface is carried on a braced base, leaving a clear top above and sturdy supports below. The visible faces are finished with restraint, allowing the material and its construction to remain easy to read, in keeping with the cen campaign desk setting.
renaissance_furniture_cen_campaign_desk_03		The massive slatted linden campaign desk is built chiefly from linden, with a deliberate silhouette and carefully fitted edges. The linden surface is worked into clear planes and finished carefully around the principal edges. The working surface is carried on a braced base, leaving a clear top above and sturdy supports below. Its corners show small signs of fitting and repair, lending the surface a convincing history of use, in keeping with the cen campaign desk setting.
renaissance_furniture_cen_secretary_cabinet_02	A compact gabled beech secretary cabinet is positioned here, its beech surfaces contributing a practical presence to the room.	The compact gabled beech secretary cabinet is built chiefly from beech, with a deliberate silhouette and carefully fitted edges. The beech surface is worked into clear planes and finished carefully around the principal edges. The upright body is broken into doors, panels, or shelves, with a firm plinth keeping the stored contents above the floor. Its corners show small signs of fitting and repair, lending the surface a convincing history of use, in keeping with the cen secretary cabinet setting.
renaissance_furniture_cen_writing_desk_04	A massive gabled linden writing desk is positioned here, its linden surfaces contributing a practical presence to the room.	The massive gabled linden writing desk is built chiefly from linden, with a deliberate silhouette and carefully fitted edges. The linden surface is worked into clear planes and finished carefully around the principal edges. The working surface is carried on a braced base, leaving a clear top above and sturdy supports below. Small tool marks remain at the less-visible edges, while the parts handled most often have been polished smooth, in keeping with the cen writing desk setting.
renaissance_furniture_nba_counting_desk_02	A deep pale-boarded oak counting desk is positioned here, its oak surfaces contributing a practical presence to the room.	The deep pale-boarded oak counting desk is built chiefly from oak, with a deliberate silhouette and carefully fitted edges. The oak grain is visible along its boards and braces, with the exposed edges burnished smooth. The working surface is carried on a braced base, leaving a clear top above and sturdy supports below. Small tool marks remain at the less-visible edges, while the parts handled most often have been polished smooth, in keeping with the nba counting desk setting.
renaissance_furniture_nba_secretary_cabinet_01_lockable	A lock-fitted square stave-faced pine secretary cabinet is positioned here, its pine surfaces contributing a practical presence to the room.	The lock-fitted square stave-faced pine secretary cabinet is built chiefly from pine, with a deliberate silhouette and carefully fitted edges. The pine grain is visible along its boards and braces, with the exposed edges burnished smooth. The upright body is broken into doors, panels, or shelves, with a firm plinth keeping the stored contents above the floor. The visible faces are finished with restraint, allowing the material and its construction to remain easy to read, in keeping with the nba secretary cabinet setting.
renaissance_furniture_eon_counting_desk_01	A birch-faced linden counting desk is positioned here, its linden surfaces contributing a practical presence to the room.	The birch-faced linden counting desk is built chiefly from linden, with a deliberate silhouette and carefully fitted edges. The linden surface is worked into clear planes and finished carefully around the principal edges. The working surface is carried on a braced base, leaving a clear top above and sturdy supports below. Small tool marks remain at the less-visible edges, while the parts handled most often have been polished smooth, in keeping with the eon counting desk setting.
renaissance_furniture_eon_map_desk_02_lockable	A lock-fitted massive carved ash map desk is positioned here, its ash surfaces contributing a practical presence to the room.	The lock-fitted massive carved ash map desk is built chiefly from ash, with a deliberate silhouette and carefully fitted edges. The ash grain is visible along its boards and braces, with the exposed edges burnished smooth. The working surface is carried on a braced base, leaving a clear top above and sturdy supports below. Small tool marks remain at the less-visible edges, while the parts handled most often have been polished smooth, in keeping with the eon map desk setting.
renaissance_furniture_eon_secretary_cabinet_03	A plain-joined linden secretary cabinet is positioned here, its linden surfaces contributing a practical presence to the room.	The plain-joined linden secretary cabinet is built chiefly from linden, with a deliberate silhouette and carefully fitted edges. The linden surface is worked into clear planes and finished carefully around the principal edges. The upright body is broken into doors, panels, or shelves, with a firm plinth keeping the stored contents above the floor. Small tool marks remain at the less-visible edges, while the parts handled most often have been polished smooth, in keeping with the eon secretary cabinet setting.
renaissance_furniture_eon_slant_front_desk_05_lockable	A lock-fitted slatted pine slant-front desk is positioned here, its pine surfaces contributing a practical presence to the room.	The lock-fitted slatted pine slant-front desk is built chiefly from pine, with a deliberate silhouette and carefully fitted edges. The pine grain is visible along its boards and braces, with the exposed edges burnished smooth. The working surface is carried on a braced base, leaving a clear top above and sturdy supports below. Its corners show small signs of fitting and repair, lending the surface a convincing history of use, in keeping with the eon slant front setting.
renaissance_furniture_eon_writing_desk_04	A slender iron-bound oak writing desk is positioned here, its oak surfaces contributing a practical presence to the room.	The slender iron-bound oak writing desk is built chiefly from oak, with a deliberate silhouette and carefully fitted edges. The oak grain is visible along its boards and braces, with the exposed edges burnished smooth. The working surface is carried on a braced base, leaving a clear top above and sturdy supports below. Small tool marks remain at the less-visible edges, while the parts handled most often have been polished smooth, in keeping with the eon writing desk setting.
renaissance_furniture_pip_lock_fitted_desk_02	A lacquered sandalwood lock-fitted desk is positioned here, its sandalwood surfaces contributing a practical presence to the room.	The lacquered sandalwood lock-fitted desk is built chiefly from sandalwood, with a deliberate silhouette and carefully fitted edges. The sandalwood surface is worked into clear planes and finished carefully around the principal edges. The working surface is carried on a braced base, leaving a clear top above and sturdy supports below. The visible faces are finished with restraint, allowing the material and its construction to remain easy to read, in keeping with the pip lock fitted setting.
renaissance_furniture_pip_writing_desk_01	A broad painted lacquer writing desk is positioned here, its lacquer surfaces contributing a practical presence to the room.	The broad painted lacquer writing desk is built chiefly from lacquer, with a deliberate silhouette and carefully fitted edges. The lacquer surface is worked into clear planes and finished carefully around the principal edges. The working surface is carried on a braced base, leaving a clear top above and sturdy supports below. Small tool marks remain at the less-visible edges, while the parts handled most often have been polished smooth, in keeping with the pip writing desk setting.
renaissance_furniture_sas_secretary_cabinet_01	An octagonal teak-framed teak secretary cabinet is positioned here, its teak surfaces contributing a practical presence to the room.	The octagonal teak-framed teak secretary cabinet is built chiefly from teak, with a deliberate silhouette and carefully fitted edges. The teak grain is visible along its boards and braces, with the exposed edges burnished smooth. The upright body is broken into doors, panels, or shelves, with a firm plinth keeping the stored contents above the floor. Its corners show small signs of fitting and repair, lending the surface a convincing history of use, in keeping with the sas secretary cabinet setting.
renaissance_furniture_eal_clerks_desk_03	A broad tiered cypress clerk's desk is positioned here, its cypress surfaces contributing a practical presence to the room.	The broad tiered cypress clerk's desk is built chiefly from cypress, with a deliberate silhouette and carefully fitted edges. The cypress grain is visible along its boards and braces, with the exposed edges burnished smooth. The upright body is broken into doors, panels, or shelves, with a firm plinth keeping the stored contents above the floor. Its corners show small signs of fitting and repair, lending the surface a convincing history of use, in keeping with the eal clerks desk setting.
renaissance_furniture_eal_map_desk_01	An octagonal asymmetrical pine map desk is positioned here, its pine surfaces contributing a practical presence to the room.	The octagonal asymmetrical pine map desk is built chiefly from pine, with a deliberate silhouette and carefully fitted edges. The pine grain is visible along its boards and braces, with the exposed edges burnished smooth. The working surface is carried on a braced base, leaving a clear top above and sturdy supports below. Its corners show small signs of fitting and repair, lending the surface a convincing history of use, in keeping with the eal map desk setting.
renaissance_furniture_eal_writing_table_02	A broad lacquered pine writing table is positioned here, its pine surfaces contributing a practical presence to the room.	The broad lacquered pine writing table is built chiefly from pine, with a deliberate silhouette and carefully fitted edges. The pine grain is visible along its boards and braces, with the exposed edges burnished smooth. The working surface is carried on a braced base, leaving a clear top above and sturdy supports below. Its corners show small signs of fitting and repair, lending the surface a convincing history of use, in keeping with the eal writing table setting.
renaissance_furniture_jpn_map_desk_01	A small asymmetrical cedar map desk is positioned here, its cedar surfaces contributing a practical presence to the room.	The small asymmetrical cedar map desk is built chiefly from cedar, with a deliberate silhouette and carefully fitted edges. The cedar grain is visible along its boards and braces, with the exposed edges burnished smooth. The working surface is carried on a braced base, leaving a clear top above and sturdy supports below. The visible faces are finished with restraint, allowing the material and its construction to remain easy to read, in keeping with the jpn map desk setting.
renaissance_furniture_jpn_writing_table_02	A tall black-lacquered bamboo writing table is positioned here, its bamboo surfaces contributing a practical presence to the room.	The tall black-lacquered bamboo writing table is built chiefly from bamboo, with a deliberate silhouette and carefully fitted edges. The bamboo grain is visible along its boards and braces, with the exposed edges burnished smooth. The working surface is carried on a braced base, leaving a clear top above and sturdy supports below. The visible faces are finished with restraint, allowing the material and its construction to remain easy to read, in keeping with the jpn writing table setting.
renaissance_furniture_mea_writing_desk_01	A small slatted bamboo writing desk is positioned here, its bamboo surfaces contributing a practical presence to the room.	The small slatted bamboo writing desk is built chiefly from bamboo, with a deliberate silhouette and carefully fitted edges. The bamboo grain is visible along its boards and braces, with the exposed edges burnished smooth. The working surface is carried on a braced base, leaving a clear top above and sturdy supports below. Subtle changes in sheen around the joins make the separate pieces and their careful fitting visible, in keeping with the mea writing desk setting.
renaissance_furniture_sem_writing_table_01	An openwork bamboo writing table is positioned here, its bamboo surfaces contributing a practical presence to the room.	The openwork bamboo writing table is built chiefly from bamboo, with a deliberate silhouette and carefully fitted edges. The bamboo grain is visible along its boards and braces, with the exposed edges burnished smooth. The working surface is carried on a braced base, leaving a clear top above and sturdy supports below. The visible faces are finished with restraint, allowing the material and its construction to remain easy to read, in keeping with the sem writing table setting.
renaissance_furniture_msea_counting_desk_01	A low rattan counting desk is positioned here, its rattan surfaces contributing a practical presence to the room.	The low rattan counting desk is built chiefly from rattan, with a deliberate silhouette and carefully fitted edges. The rattan grain is visible along its boards and braces, with the exposed edges burnished smooth. The working surface is carried on a braced base, leaving a clear top above and sturdy supports below. Small tool marks remain at the less-visible edges, while the parts handled most often have been polished smooth, in keeping with the msea counting desk setting.
renaissance_furniture_stp_campaign_desk_01		The octagonal collapsible pine campaign desk is built chiefly from pine, with a deliberate silhouette and carefully fitted edges. The pine grain is visible along its boards and braces, with the exposed edges burnished smooth. The working surface is carried on a braced base, leaving a clear top above and sturdy supports below. Subtle changes in sheen around the joins make the separate pieces and their careful fitting visible, in keeping with the stp campaign desk setting.
renaissance_furniture_aca_counting_desk_01	An arched-top studded mahogany counting desk is positioned here, its mahogany surfaces contributing a practical presence to the room.	The arched-top studded mahogany counting desk is built chiefly from mahogany, with a deliberate silhouette and carefully fitted edges. The mahogany grain is visible along its boards and braces, with the exposed edges burnished smooth. The working surface is carried on a braced base, leaving a clear top above and sturdy supports below. Its corners show small signs of fitting and repair, lending the surface a convincing history of use, in keeping with the aca counting desk setting.
renaissance_furniture_aca_lock_fitted_desk_03	A deep-carved mahogany lock-fitted desk is positioned here, its mahogany surfaces contributing a practical presence to the room.	The deep-carved mahogany lock-fitted desk is built chiefly from mahogany, with a deliberate silhouette and carefully fitted edges. The mahogany grain is visible along its boards and braces, with the exposed edges burnished smooth. The working surface is carried on a braced base, leaving a clear top above and sturdy supports below. Subtle changes in sheen around the joins make the separate pieces and their careful fitting visible, in keeping with the aca lock fitted setting.
renaissance_furniture_aca_writing_desk_02	A long deep-carved wood writing desk is positioned here, its wood surfaces contributing a practical presence to the room.	The long deep-carved wood writing desk is built chiefly from wood, with a deliberate silhouette and carefully fitted edges. The wood surface is worked into clear planes and finished carefully around the principal edges. The working surface is carried on a braced base, leaving a clear top above and sturdy supports below. The visible faces are finished with restraint, allowing the material and its construction to remain easy to read, in keeping with the aca writing desk setting.
renaissance_furniture_sai_slant_front_desk_01	A massive plain-joined wood slant-front desk is positioned here, its wood surfaces contributing a practical presence to the room.	The massive plain-joined wood slant-front desk is built chiefly from wood, with a deliberate silhouette and carefully fitted edges. The wood surface is worked into clear planes and finished carefully around the principal edges. The working surface is carried on a braced base, leaving a clear top above and sturdy supports below. Subtle changes in sheen around the joins make the separate pieces and their careful fitting visible, in keeping with the sai slant front setting.
renaissance_furniture_rse_campaign_desk_01		The compact leather-covered olivewood campaign desk is built chiefly from olive wood, with a deliberate silhouette and carefully fitted edges. The olive wood surface is worked into clear planes and finished carefully around the principal edges. The working surface is carried on a braced base, leaving a clear top above and sturdy supports below. The visible faces are finished with restraint, allowing the material and its construction to remain easy to read, in keeping with the rse campaign desk setting.
renaissance_furniture_rse_campaign_desk_03		The tall leather-covered olivewood campaign desk is built chiefly from olive wood, with a deliberate silhouette and carefully fitted edges. The olive wood surface is worked into clear planes and finished carefully around the principal edges. The working surface is carried on a braced base, leaving a clear top above and sturdy supports below. Its corners show small signs of fitting and repair, lending the surface a convincing history of use, in keeping with the rse campaign desk setting.
renaissance_furniture_rse_slant_front_desk_02	A cedar-framed cedar slant-front desk is positioned here, its cedar surfaces contributing a practical presence to the room.	The cedar-framed cedar slant-front desk is built chiefly from cedar, with a deliberate silhouette and carefully fitted edges. The cedar grain is visible along its boards and braces, with the exposed edges burnished smooth. The working surface is carried on a braced base, leaving a clear top above and sturdy supports below. Small tool marks remain at the less-visible edges, while the parts handled most often have been polished smooth, in keeping with the rse slant front setting.
renaissance_furniture_ind_map_desk_01	An octagonal rattan-panelled rattan map desk is positioned here, its rattan surfaces contributing a practical presence to the room.	The octagonal rattan-panelled rattan map desk is built chiefly from rattan, with a deliberate silhouette and carefully fitted edges. The rattan grain is visible along its boards and braces, with the exposed edges burnished smooth. The working surface is carried on a braced base, leaving a clear top above and sturdy supports below. Small tool marks remain at the less-visible edges, while the parts handled most often have been polished smooth, in keeping with the ind map desk setting.
renaissance_furniture_ind_writing_desk_02	An octagonal plain-joined bamboo writing desk is positioned here, its bamboo surfaces contributing a practical presence to the room.	The octagonal plain-joined bamboo writing desk is built chiefly from bamboo, with a deliberate silhouette and carefully fitted edges. The bamboo grain is visible along its boards and braces, with the exposed edges burnished smooth. The working surface is carried on a braced base, leaving a clear top above and sturdy supports below. Its corners show small signs of fitting and repair, lending the surface a convincing history of use, in keeping with the ind writing desk setting.
renaissance_furniture_mes_writing_table_01	A plain-framed wood writing table is positioned here, its wood surfaces contributing a practical presence to the room.	The plain-framed wood writing table is built chiefly from wood, with a deliberate silhouette and carefully fitted edges. The wood surface is worked into clear planes and finished carefully around the principal edges. The working surface is carried on a braced base, leaving a clear top above and sturdy supports below. The visible faces are finished with restraint, allowing the material and its construction to remain easy to read, in keeping with the mes writing table setting.
renaissance_furniture_mes_writing_table_02	An octagonal raised wood writing table is positioned here, its wood surfaces contributing a practical presence to the room.	The octagonal raised wood writing table is built chiefly from wood, with a deliberate silhouette and carefully fitted edges. The wood surface is worked into clear planes and finished carefully around the principal edges. The working surface is carried on a braced base, leaving a clear top above and sturdy supports below. Subtle changes in sheen around the joins make the separate pieces and their careful fitting visible, in keeping with the mes writing table setting.
renaissance_furniture_and_writing_table_01	A deep low wood writing table is positioned here, its wood surfaces contributing a practical presence to the room.	The deep low wood writing table is built chiefly from wood, with a deliberate silhouette and carefully fitted edges. The wood surface is worked into clear planes and finished carefully around the principal edges. The working surface is carried on a braced base, leaving a clear top above and sturdy supports below. Its corners show small signs of fitting and repair, lending the surface a convincing history of use, in keeping with the and writing table setting.
renaissance_furniture_and_writing_table_02	A raised wood writing table is positioned here, its wood surfaces contributing a practical presence to the room.	The raised wood writing table is built chiefly from wood, with a deliberate silhouette and carefully fitted edges. The wood surface is worked into clear planes and finished carefully around the principal edges. The working surface is carried on a braced base, leaving a clear top above and sturdy supports below. Small tool marks remain at the less-visible edges, while the parts handled most often have been polished smooth, in keeping with the and writing table setting.
renaissance_furniture_and_writing_table_03	A round-fronted woven-panel wood writing table is positioned here, its wood surfaces contributing a practical presence to the room.	The round-fronted woven-panel wood writing table is built chiefly from wood, with a deliberate silhouette and carefully fitted edges. The wood surface is worked into clear planes and finished carefully around the principal edges. The working surface is carried on a braced base, leaving a clear top above and sturdy supports below. The visible faces are finished with restraint, allowing the material and its construction to remain easy to read, in keeping with the and writing table setting.
renaissance_furniture_car_map_desk_01	A square deep-carved wood map desk is positioned here, its wood surfaces contributing a practical presence to the room.	The square deep-carved wood map desk is built chiefly from wood, with a deliberate silhouette and carefully fitted edges. The wood surface is worked into clear planes and finished carefully around the principal edges. The working surface is carried on a braced base, leaving a clear top above and sturdy supports below. Its corners show small signs of fitting and repair, lending the surface a convincing history of use, in keeping with the car map desk setting.
renaissance_furniture_col_escritoire_01	A plain-joined pine escritoire is positioned here, its pine surfaces contributing a practical presence to the room.	The plain-joined pine escritoire is built chiefly from pine, with a deliberate silhouette and carefully fitted edges. The pine grain is visible along its boards and braces, with the exposed edges burnished smooth. The working surface is carried on a braced base, leaving a clear top above and sturdy supports below. Small tool marks remain at the less-visible edges, while the parts handled most often have been polished smooth, in keeping with the col escritoire 01 setting.
renaissance_furniture_col_slant_front_desk_02	A tiered mission-made pine slant-front desk is positioned here, its pine surfaces contributing a practical presence to the room.	The tiered mission-made pine slant-front desk is built chiefly from pine, with a deliberate silhouette and carefully fitted edges. The pine grain is visible along its boards and braces, with the exposed edges burnished smooth. The working surface is carried on a braced base, leaving a clear top above and sturdy supports below. Small tool marks remain at the less-visible edges, while the parts handled most often have been polished smooth, in keeping with the col slant front setting.
renaissance_furniture_mar_escritoire_02	A long iron-bound cedar escritoire is positioned here, its cedar surfaces contributing a practical presence to the room.	The long iron-bound cedar escritoire is built chiefly from cedar, with a deliberate silhouette and carefully fitted edges. The cedar grain is visible along its boards and braces, with the exposed edges burnished smooth. The working surface is carried on a braced base, leaving a clear top above and sturdy supports below. Its corners show small signs of fitting and repair, lending the surface a convincing history of use, in keeping with the mar escritoire 02 setting.
renaissance_furniture_mar_writing_desk_01	A massive slotted teak writing desk is positioned here, its teak surfaces contributing a practical presence to the room.	The massive slotted teak writing desk is built chiefly from teak, with a deliberate silhouette and carefully fitted edges. The teak grain is visible along its boards and braces, with the exposed edges burnished smooth. The working surface is carried on a braced base, leaving a clear top above and sturdy supports below. Its corners show small signs of fitting and repair, lending the surface a convincing history of use, in keeping with the mar writing desk setting.
renaissance_furniture_mar_writing_desk_03	A broad plain-framed cedar writing desk is positioned here, its cedar surfaces contributing a practical presence to the room.	The broad plain-framed cedar writing desk is built chiefly from cedar, with a deliberate silhouette and carefully fitted edges. The cedar grain is visible along its boards and braces, with the exposed edges burnished smooth. The working surface is carried on a braced base, leaving a clear top above and sturdy supports below. The visible faces are finished with restraint, allowing the material and its construction to remain easy to read, in keeping with the mar writing desk setting.
renaissance_furniture_wer_apothecary_drawers_03	A low arcaded cedar apothecary drawers is positioned here, its cedar surfaces contributing a practical presence to the room.	The low arcaded cedar apothecary drawers is built chiefly from cedar, with a deliberate silhouette and carefully fitted edges. The cedar grain is visible along its boards and braces, with the exposed edges burnished smooth. A smoothed rim and weighted base give the vessel a stable, practical form for repeated domestic service. Small tool marks remain at the less-visible edges, while the parts handled most often have been polished smooth, in keeping with the wer apothecary drawers setting.
renaissance_furniture_wer_coin_drawer_cabinet_02	A coffered walnut coin drawer cabinet is positioned here, its walnut surfaces contributing a practical presence to the room.	The coffered walnut coin drawer cabinet is built chiefly from walnut, with a deliberate silhouette and carefully fitted edges. The walnut grain is visible along its boards and braces, with the exposed edges burnished smooth. The upright body is broken into doors, panels, or shelves, with a firm plinth keeping the stored contents above the floor. Subtle changes in sheen around the joins make the separate pieces and their careful fitting visible, in keeping with the wer coin drawer setting.
renaissance_furniture_wer_tall_drawer_cabinet_01	A low moulded walnut tall drawer cabinet is positioned here, its walnut surfaces contributing a practical presence to the room.	The low moulded walnut tall drawer cabinet is built chiefly from walnut, with a deliberate silhouette and carefully fitted edges. The walnut grain is visible along its boards and braces, with the exposed edges burnished smooth. The upright body is broken into doors, panels, or shelves, with a firm plinth keeping the stored contents above the floor. The visible faces are finished with restraint, allowing the material and its construction to remain easy to read, in keeping with the wer tall drawer setting.
renaissance_furniture_iba_lock_fitted_drawer_chest_02	A leather-faced walnut lock-fitted drawer chest is positioned here, its walnut surfaces contributing a practical presence to the room.	The leather-faced walnut lock-fitted drawer chest is built chiefly from walnut, with a deliberate silhouette and carefully fitted edges. The walnut grain is visible along its boards and braces, with the exposed edges burnished smooth. A close-fitting top or flap sits over the compact compartment, while the corners are reinforced for regular handling. Small tool marks remain at the less-visible edges, while the parts handled most often have been polished smooth, in keeping with the iba lock fitted setting.
renaissance_furniture_iba_map_drawers_03	A star-pierced cedar map drawers is positioned here, its cedar surfaces contributing a practical presence to the room.	The star-pierced cedar map drawers is built chiefly from cedar, with a deliberate silhouette and carefully fitted edges. The cedar grain is visible along its boards and braces, with the exposed edges burnished smooth. Its compartment is bordered by fitted panels, open shelving, or a lined interior, with the accessible edges worn smooth. Small tool marks remain at the less-visible edges, while the parts handled most often have been polished smooth, in keeping with the iba map drawers setting.
renaissance_furniture_iba_tall_drawer_cabinet_01	An octagonal panelled walnut tall drawer cabinet is positioned here, its walnut surfaces contributing a practical presence to the room.	The octagonal panelled walnut tall drawer cabinet is built chiefly from walnut, with a deliberate silhouette and carefully fitted edges. The walnut grain is visible along its boards and braces, with the exposed edges burnished smooth. The upright body is broken into doors, panels, or shelves, with a firm plinth keeping the stored contents above the floor. Its corners show small signs of fitting and repair, lending the surface a convincing history of use, in keeping with the iba tall drawer setting.
renaissance_furniture_cen_chest_of_drawers_03	An iron-strapped ash chest of drawers is positioned here, its ash surfaces contributing a practical presence to the room.	The iron-strapped ash chest of drawers is built chiefly from ash, with a deliberate silhouette and carefully fitted edges. The ash grain is visible along its boards and braces, with the exposed edges burnished smooth. A close-fitting top or flap sits over the compact compartment, while the corners are reinforced for regular handling. Its corners show small signs of fitting and repair, lending the surface a convincing history of use, in keeping with the cen chest of setting.
renaissance_furniture_cen_lock_fitted_drawer_chest_02	A tall carved beech lock-fitted drawer chest is positioned here, its beech surfaces contributing a practical presence to the room.	The tall carved beech lock-fitted drawer chest is built chiefly from beech, with a deliberate silhouette and carefully fitted edges. The beech surface is worked into clear planes and finished carefully around the principal edges. A close-fitting top or flap sits over the compact compartment, while the corners are reinforced for regular handling. Subtle changes in sheen around the joins make the separate pieces and their careful fitting visible, in keeping with the cen lock fitted setting.
renaissance_furniture_cen_low_drawer_chest_01	A painted oak low drawer chest is positioned here, its oak surfaces contributing a practical presence to the room.	The painted oak low drawer chest is built chiefly from oak, with a deliberate silhouette and carefully fitted edges. The oak grain is visible along its boards and braces, with the exposed edges burnished smooth. A close-fitting top or flap sits over the compact compartment, while the corners are reinforced for regular handling. Its corners show small signs of fitting and repair, lending the surface a convincing history of use, in keeping with the cen low drawer setting.
renaissance_furniture_nba_chest_of_drawers_02	A long heavy-framed spruce chest of drawers is positioned here, its spruce surfaces contributing a practical presence to the room.	The long heavy-framed spruce chest of drawers is built chiefly from spruce, with a deliberate silhouette and carefully fitted edges. The spruce surface is worked into clear planes and finished carefully around the principal edges. A close-fitting top or flap sits over the compact compartment, while the corners are reinforced for regular handling. The visible faces are finished with restraint, allowing the material and its construction to remain easy to read, in keeping with the nba chest of setting.
renaissance_furniture_nba_many_drawer_cabinet_01	A broad heavy-framed beech many-drawer cabinet is positioned here, its beech surfaces contributing a practical presence to the room.	The broad heavy-framed beech many-drawer cabinet is built chiefly from beech, with a deliberate silhouette and carefully fitted edges. The beech surface is worked into clear planes and finished carefully around the principal edges. The upright body is broken into doors, panels, or shelves, with a firm plinth keeping the stored contents above the floor. Small tool marks remain at the less-visible edges, while the parts handled most often have been polished smooth, in keeping with the nba many drawer setting.
renaissance_furniture_cef_textile_drawers_01	An iron-bound pine textile drawers is positioned here, its pine surfaces contributing a practical presence to the room.	The iron-bound pine textile drawers is built chiefly from pine, with a deliberate silhouette and carefully fitted edges. The pine grain is visible along its boards and braces, with the exposed edges burnished smooth. Its compartment is bordered by fitted panels, open shelving, or a lined interior, with the accessible edges worn smooth. The visible faces are finished with restraint, allowing the material and its construction to remain easy to read, in keeping with the cef textile drawers setting.
renaissance_furniture_cef_textile_drawers_02	An octagonal plain-joined beech textile drawers is positioned here, its beech surfaces contributing a practical presence to the room.	The octagonal plain-joined beech textile drawers is built chiefly from beech, with a deliberate silhouette and carefully fitted edges. The beech surface is worked into clear planes and finished carefully around the principal edges. Its compartment is bordered by fitted panels, open shelving, or a lined interior, with the accessible edges worn smooth. Subtle changes in sheen around the joins make the separate pieces and their careful fitting visible, in keeping with the cef textile drawers setting.
renaissance_furniture_eon_many_drawer_cabinet_01	An arched birch many-drawer cabinet is positioned here, its birch surfaces contributing a practical presence to the room.	The arched birch many-drawer cabinet is built chiefly from birch, with a deliberate silhouette and carefully fitted edges. The birch surface is worked into clear planes and finished carefully around the principal edges. The upright body is broken into doors, panels, or shelves, with a firm plinth keeping the stored contents above the floor. The visible faces are finished with restraint, allowing the material and its construction to remain easy to read, in keeping with the eon many drawer setting.
renaissance_furniture_ott_coin_drawer_cabinet_01	A compact low lacquer coin drawer cabinet is positioned here, its lacquer surfaces contributing a practical presence to the room.	The compact low lacquer coin drawer cabinet is built chiefly from lacquer, with a deliberate silhouette and carefully fitted edges. The lacquer surface is worked into clear planes and finished carefully around the principal edges. The upright body is broken into doors, panels, or shelves, with a firm plinth keeping the stored contents above the floor. Subtle changes in sheen around the joins make the separate pieces and their careful fitting visible, in keeping with the ott coin drawer setting.
renaissance_furniture_ott_low_drawer_chest_02	A broad recessed-panel lacquer low drawer chest is positioned here, its lacquer surfaces contributing a practical presence to the room.	The broad recessed-panel lacquer low drawer chest is built chiefly from lacquer, with a deliberate silhouette and carefully fitted edges. The lacquer surface is worked into clear planes and finished carefully around the principal edges. A close-fitting top or flap sits over the compact compartment, while the corners are reinforced for regular handling. The visible faces are finished with restraint, allowing the material and its construction to remain easy to read, in keeping with the ott low drawer setting.
renaissance_furniture_ott_textile_drawers_03	A low cypress textile drawers is positioned here, its cypress surfaces contributing a practical presence to the room.	The low cypress textile drawers is built chiefly from cypress, with a deliberate silhouette and carefully fitted edges. The cypress grain is visible along its boards and braces, with the exposed edges burnished smooth. The upright body is broken into doors, panels, or shelves, with a firm plinth keeping the stored contents above the floor. Small tool marks remain at the less-visible edges, while the parts handled most often have been polished smooth, in keeping with the ott textile drawers setting.
renaissance_furniture_pip_chest_of_drawers_01	A painted teak chest of drawers is positioned here, its teak surfaces contributing a practical presence to the room.	The painted teak chest of drawers is built chiefly from teak, with a deliberate silhouette and carefully fitted edges. The teak grain is visible along its boards and braces, with the exposed edges burnished smooth. A close-fitting top or flap sits over the compact compartment, while the corners are reinforced for regular handling. Small tool marks remain at the less-visible edges, while the parts handled most often have been polished smooth, in keeping with the pip chest of setting.
renaissance_furniture_sas_lock_fitted_drawer_chest_04	A brass-studded bamboo lock-fitted drawer chest is positioned here, its bamboo surfaces contributing a practical presence to the room.	The brass-studded bamboo lock-fitted drawer chest is built chiefly from bamboo, with a deliberate silhouette and carefully fitted edges. The bamboo grain is visible along its boards and braces, with the exposed edges burnished smooth. A close-fitting top or flap sits over the compact compartment, while the corners are reinforced for regular handling. The visible faces are finished with restraint, allowing the material and its construction to remain easy to read, in keeping with the sas lock fitted setting.
renaissance_furniture_sas_low_drawer_chest_03	A low teak low drawer chest is positioned here, its teak surfaces contributing a practical presence to the room.	The low teak low drawer chest is built chiefly from teak, with a deliberate silhouette and carefully fitted edges. The teak grain is visible along its boards and braces, with the exposed edges burnished smooth. A close-fitting top or flap sits over the compact compartment, while the corners are reinforced for regular handling. Subtle changes in sheen around the joins make the separate pieces and their careful fitting visible, in keeping with the sas low drawer setting.
renaissance_furniture_sas_tall_drawer_cabinet_01	An arched-top deep-carved bamboo tall drawer cabinet is positioned here, its bamboo surfaces contributing a practical presence to the room.	The arched-top deep-carved bamboo tall drawer cabinet is built chiefly from bamboo, with a deliberate silhouette and carefully fitted edges. The bamboo grain is visible along its boards and braces, with the exposed edges burnished smooth. The upright body is broken into doors, panels, or shelves, with a firm plinth keeping the stored contents above the floor. Subtle changes in sheen around the joins make the separate pieces and their careful fitting visible, in keeping with the sas tall drawer setting.
renaissance_furniture_sas_textile_drawers_02	A pierced sandalwood textile drawers is positioned here, its sandalwood surfaces contributing a practical presence to the room.	The pierced sandalwood textile drawers is built chiefly from sandalwood, with a deliberate silhouette and carefully fitted edges. The sandalwood surface is worked into clear planes and finished carefully around the principal edges. Its compartment is bordered by fitted panels, open shelving, or a lined interior, with the accessible edges worn smooth. Its corners show small signs of fitting and repair, lending the surface a convincing history of use, in keeping with the sas textile drawers setting.
renaissance_furniture_eal_chest_of_drawers_02	A plain-joined pine chest of drawers is positioned here, its pine surfaces contributing a practical presence to the room.	The plain-joined pine chest of drawers is built chiefly from pine, with a deliberate silhouette and carefully fitted edges. The pine grain is visible along its boards and braces, with the exposed edges burnished smooth. A close-fitting top or flap sits over the compact compartment, while the corners are reinforced for regular handling. Subtle changes in sheen around the joins make the separate pieces and their careful fitting visible, in keeping with the eal chest of setting.
renaissance_furniture_eal_document_drawers_01	A low open-backed lacquer document drawers is positioned here, its lacquer surfaces contributing a practical presence to the room.	The low open-backed lacquer document drawers is built chiefly from lacquer, with a deliberate silhouette and carefully fitted edges. The lacquer surface is worked into clear planes and finished carefully around the principal edges. Its compartment is bordered by fitted panels, open shelving, or a lined interior, with the accessible edges worn smooth. The visible faces are finished with restraint, allowing the material and its construction to remain easy to read, in keeping with the eal document drawers setting.
renaissance_furniture_jpn_document_drawers_01	A black-lacquered cedar document drawers is positioned here, its cedar surfaces contributing a practical presence to the room.	The black-lacquered cedar document drawers is built chiefly from cedar, with a deliberate silhouette and carefully fitted edges. The cedar grain is visible along its boards and braces, with the exposed edges burnished smooth. Its compartment is bordered by fitted panels, open shelving, or a lined interior, with the accessible edges worn smooth. Its corners show small signs of fitting and repair, lending the surface a convincing history of use, in keeping with the jpn document drawers setting.
renaissance_furniture_jpn_lock_fitted_drawer_chest_02	A wide low pine lock-fitted drawer chest is positioned here, its pine surfaces contributing a practical presence to the room.	The wide low pine lock-fitted drawer chest is built chiefly from pine, with a deliberate silhouette and carefully fitted edges. The pine grain is visible along its boards and braces, with the exposed edges burnished smooth. A close-fitting top or flap sits over the compact compartment, while the corners are reinforced for regular handling. Small tool marks remain at the less-visible edges, while the parts handled most often have been polished smooth, in keeping with the jpn lock fitted setting.
renaissance_furniture_jpn_textile_drawers_03	An asymmetrical cedar textile drawers is positioned here, its cedar surfaces contributing a practical presence to the room.	The asymmetrical cedar textile drawers is built chiefly from cedar, with a deliberate silhouette and carefully fitted edges. The cedar grain is visible along its boards and braces, with the exposed edges burnished smooth. Its compartment is bordered by fitted panels, open shelving, or a lined interior, with the accessible edges worn smooth. The visible faces are finished with restraint, allowing the material and its construction to remain easy to read, in keeping with the jpn textile drawers setting.
renaissance_furniture_mea_chest_of_drawers_03	A tiered low lacquer chest of drawers is positioned here, its lacquer surfaces contributing a practical presence to the room.	The tiered low lacquer chest of drawers is built chiefly from lacquer, with a deliberate silhouette and carefully fitted edges. The lacquer surface is worked into clear planes and finished carefully around the principal edges. A close-fitting top or flap sits over the compact compartment, while the corners are reinforced for regular handling. Small tool marks remain at the less-visible edges, while the parts handled most often have been polished smooth, in keeping with the mea chest of setting.
renaissance_furniture_mea_coin_drawer_cabinet_01	A round-fronted brass-mounted cedar coin drawer cabinet is positioned here, its cedar surfaces contributing a practical presence to the room.	The round-fronted brass-mounted cedar coin drawer cabinet is built chiefly from cedar, with a deliberate silhouette and carefully fitted edges. The cedar grain is visible along its boards and braces, with the exposed edges burnished smooth. The upright body is broken into doors, panels, or shelves, with a firm plinth keeping the stored contents above the floor. Subtle changes in sheen around the joins make the separate pieces and their careful fitting visible, in keeping with the mea coin drawer setting.
renaissance_furniture_mea_many_drawer_cabinet_02	A low brass-mounted bamboo many-drawer cabinet is positioned here, its bamboo surfaces contributing a practical presence to the room.	The low brass-mounted bamboo many-drawer cabinet is built chiefly from bamboo, with a deliberate silhouette and carefully fitted edges. The bamboo grain is visible along its boards and braces, with the exposed edges burnished smooth. The upright body is broken into doors, panels, or shelves, with a firm plinth keeping the stored contents above the floor. Its corners show small signs of fitting and repair, lending the surface a convincing history of use, in keeping with the mea many drawer setting.
renaissance_furniture_sem_chest_of_drawers_01	A lacquered lacquer chest of drawers is positioned here, its lacquer surfaces contributing a practical presence to the room.	The lacquered lacquer chest of drawers is built chiefly from lacquer, with a deliberate silhouette and carefully fitted edges. The lacquer surface is worked into clear planes and finished carefully around the principal edges. A close-fitting top or flap sits over the compact compartment, while the corners are reinforced for regular handling. Small tool marks remain at the less-visible edges, while the parts handled most often have been polished smooth, in keeping with the sem chest of setting.
renaissance_furniture_msea_low_drawer_chest_01	A broad shell-inlaid teak low drawer chest is positioned here, its teak surfaces contributing a practical presence to the room.	The broad shell-inlaid teak low drawer chest is built chiefly from teak, with a deliberate silhouette and carefully fitted edges. The teak grain is visible along its boards and braces, with the exposed edges burnished smooth. A close-fitting top or flap sits over the compact compartment, while the corners are reinforced for regular handling. Its corners show small signs of fitting and repair, lending the surface a convincing history of use, in keeping with the msea low drawer setting.
renaissance_furniture_stp_apothecary_drawers_02	A broad plain-framed pine apothecary drawers is positioned here, its pine surfaces contributing a practical presence to the room.	The broad plain-framed pine apothecary drawers is built chiefly from pine, with a deliberate silhouette and carefully fitted edges. The pine grain is visible along its boards and braces, with the exposed edges burnished smooth. A smoothed rim and weighted base give the vessel a stable, practical form for repeated domestic service. Small tool marks remain at the less-visible edges, while the parts handled most often have been polished smooth, in keeping with the stp apothecary drawers setting.
renaissance_furniture_stp_chest_of_drawers_01	A low cedar chest of drawers is positioned here, its cedar surfaces contributing a practical presence to the room.	The low cedar chest of drawers is built chiefly from cedar, with a deliberate silhouette and carefully fitted edges. The cedar grain is visible along its boards and braces, with the exposed edges burnished smooth. A close-fitting top or flap sits over the compact compartment, while the corners are reinforced for regular handling. Subtle changes in sheen around the joins make the separate pieces and their careful fitting visible, in keeping with the stp chest of setting.
renaissance_furniture_aca_coin_drawer_cabinet_02	A square ivory-inlaid mahogany coin drawer cabinet is positioned here, its mahogany surfaces contributing a practical presence to the room.	The square ivory-inlaid mahogany coin drawer cabinet is built chiefly from mahogany, with a deliberate silhouette and carefully fitted edges. The mahogany grain is visible along its boards and braces, with the exposed edges burnished smooth. The upright body is broken into doors, panels, or shelves, with a firm plinth keeping the stored contents above the floor. The visible faces are finished with restraint, allowing the material and its construction to remain easy to read, in keeping with the aca coin drawer setting.
renaissance_furniture_aca_low_drawer_chest_03	A long brass-faced mahogany low drawer chest is positioned here, its mahogany surfaces contributing a practical presence to the room.	The long brass-faced mahogany low drawer chest is built chiefly from mahogany, with a deliberate silhouette and carefully fitted edges. The mahogany grain is visible along its boards and braces, with the exposed edges burnished smooth. A close-fitting top or flap sits over the compact compartment, while the corners are reinforced for regular handling. Small tool marks remain at the less-visible edges, while the parts handled most often have been polished smooth, in keeping with the aca low drawer setting.
renaissance_furniture_aca_textile_drawers_01	A brass-faced wood textile drawers is positioned here, its wood surfaces contributing a practical presence to the room.	The brass-faced wood textile drawers is built chiefly from wood, with a deliberate silhouette and carefully fitted edges. The wood surface is worked into clear planes and finished carefully around the principal edges. Its compartment is bordered by fitted panels, open shelving, or a lined interior, with the accessible edges worn smooth. Small tool marks remain at the less-visible edges, while the parts handled most often have been polished smooth, in keeping with the aca textile drawers setting.
renaissance_furniture_sai_chest_of_drawers_01	A high openwork wood chest of drawers is positioned here, its wood surfaces contributing a practical presence to the room.	The high openwork wood chest of drawers is built chiefly from wood, with a deliberate silhouette and carefully fitted edges. The wood surface is worked into clear planes and finished carefully around the principal edges. A close-fitting top or flap sits over the compact compartment, while the corners are reinforced for regular handling. Small tool marks remain at the less-visible edges, while the parts handled most often have been polished smooth, in keeping with the sai chest of setting.
renaissance_furniture_sai_coin_drawer_cabinet_02	A leather-covered cedar coin drawer cabinet is positioned here, its cedar surfaces contributing a practical presence to the room.	The leather-covered cedar coin drawer cabinet is built chiefly from cedar, with a deliberate silhouette and carefully fitted edges. The cedar grain is visible along its boards and braces, with the exposed edges burnished smooth. The upright body is broken into doors, panels, or shelves, with a firm plinth keeping the stored contents above the floor. The visible faces are finished with restraint, allowing the material and its construction to remain easy to read, in keeping with the sai coin drawer setting.
renaissance_furniture_ind_document_drawers_02	A slatted bamboo document drawers is positioned here, its bamboo surfaces contributing a practical presence to the room.	The slatted bamboo document drawers is built chiefly from bamboo, with a deliberate silhouette and carefully fitted edges. The bamboo grain is visible along its boards and braces, with the exposed edges burnished smooth. Its compartment is bordered by fitted panels, open shelving, or a lined interior, with the accessible edges worn smooth. Its corners show small signs of fitting and repair, lending the surface a convincing history of use, in keeping with the ind document drawers setting.
renaissance_furniture_ind_many_drawer_cabinet_01	A rattan-panelled bamboo many-drawer cabinet is positioned here, its bamboo surfaces contributing a practical presence to the room.	The rattan-panelled bamboo many-drawer cabinet is built chiefly from bamboo, with a deliberate silhouette and carefully fitted edges. The bamboo grain is visible along its boards and braces, with the exposed edges burnished smooth. The upright body is broken into doors, panels, or shelves, with a firm plinth keeping the stored contents above the floor. Subtle changes in sheen around the joins make the separate pieces and their careful fitting visible, in keeping with the ind many drawer setting.
renaissance_furniture_col_chest_of_drawers_03	A deep iron-bound pine chest of drawers is positioned here, its pine surfaces contributing a practical presence to the room.	The deep iron-bound pine chest of drawers is built chiefly from pine, with a deliberate silhouette and carefully fitted edges. The pine grain is visible along its boards and braces, with the exposed edges burnished smooth. A close-fitting top or flap sits over the compact compartment, while the corners are reinforced for regular handling. Its corners show small signs of fitting and repair, lending the surface a convincing history of use, in keeping with the col chest of setting.
renaissance_furniture_col_low_drawer_chest_02	An iron-bound oak low drawer chest is positioned here, its oak surfaces contributing a practical presence to the room.	The iron-bound oak low drawer chest is built chiefly from oak, with a deliberate silhouette and carefully fitted edges. The oak grain is visible along its boards and braces, with the exposed edges burnished smooth. A close-fitting top or flap sits over the compact compartment, while the corners are reinforced for regular handling. Small tool marks remain at the less-visible edges, while the parts handled most often have been polished smooth, in keeping with the col low drawer setting.
renaissance_furniture_col_map_drawers_01	A plain-joined oak map drawers is positioned here, its oak surfaces contributing a practical presence to the room.	The plain-joined oak map drawers is built chiefly from oak, with a deliberate silhouette and carefully fitted edges. The oak grain is visible along its boards and braces, with the exposed edges burnished smooth. Its compartment is bordered by fitted panels, open shelving, or a lined interior, with the accessible edges worn smooth. Small tool marks remain at the less-visible edges, while the parts handled most often have been polished smooth, in keeping with the col map drawers setting.
renaissance_furniture_mar_apothecary_drawers_02	A tar-darkened teak apothecary drawers is positioned here, its teak surfaces contributing a practical presence to the room.	The tar-darkened teak apothecary drawers is built chiefly from teak, with a deliberate silhouette and carefully fitted edges. The teak grain is visible along its boards and braces, with the exposed edges burnished smooth. A smoothed rim and weighted base give the vessel a stable, practical form for repeated domestic service. The visible faces are finished with restraint, allowing the material and its construction to remain easy to read, in keeping with the mar apothecary drawers setting.
renaissance_furniture_mar_apothecary_drawers_03	A round-fronted sea-braced cedar apothecary drawers is positioned here, its cedar surfaces contributing a practical presence to the room.	The round-fronted sea-braced cedar apothecary drawers is built chiefly from cedar, with a deliberate silhouette and carefully fitted edges. The cedar grain is visible along its boards and braces, with the exposed edges burnished smooth. A smoothed rim and weighted base give the vessel a stable, practical form for repeated domestic service. Subtle changes in sheen around the joins make the separate pieces and their careful fitting visible, in keeping with the mar apothecary drawers setting.
renaissance_furniture_mar_chest_of_drawers_04	An arched-top sea-braced oak chest of drawers is positioned here, its oak surfaces contributing a practical presence to the room.	The arched-top sea-braced oak chest of drawers is built chiefly from oak, with a deliberate silhouette and carefully fitted edges. The oak grain is visible along its boards and braces, with the exposed edges burnished smooth. A close-fitting top or flap sits over the compact compartment, while the corners are reinforced for regular handling. Subtle changes in sheen around the joins make the separate pieces and their careful fitting visible, in keeping with the mar chest of setting.
renaissance_furniture_mar_lock_fitted_drawer_chest_06	An arched-top bulkhead-fitted oak lock-fitted drawer chest is positioned here, its oak surfaces contributing a practical presence to the room.	The arched-top bulkhead-fitted oak lock-fitted drawer chest is built chiefly from oak, with a deliberate silhouette and carefully fitted edges. The oak grain is visible along its boards and braces, with the exposed edges burnished smooth. A close-fitting top or flap sits over the compact compartment, while the corners are reinforced for regular handling. Small tool marks remain at the less-visible edges, while the parts handled most often have been polished smooth, in keeping with the mar lock fitted setting.
renaissance_furniture_mar_tall_drawer_cabinet_01	A bulkhead-fitted teak tall drawer cabinet is positioned here, its teak surfaces contributing a practical presence to the room.	The bulkhead-fitted teak tall drawer cabinet is built chiefly from teak, with a deliberate silhouette and carefully fitted edges. The teak grain is visible along its boards and braces, with the exposed edges burnished smooth. The upright body is broken into doors, panels, or shelves, with a firm plinth keeping the stored contents above the floor. Its corners show small signs of fitting and repair, lending the surface a convincing history of use, in keeping with the mar tall drawer setting.
renaissance_furniture_mar_tall_drawer_cabinet_05	A square plain-framed teak tall drawer cabinet is positioned here, its teak surfaces contributing a practical presence to the room.	The square plain-framed teak tall drawer cabinet is built chiefly from teak, with a deliberate silhouette and carefully fitted edges. The teak grain is visible along its boards and braces, with the exposed edges burnished smooth. The upright body is broken into doors, panels, or shelves, with a firm plinth keeping the stored contents above the floor. Its corners show small signs of fitting and repair, lending the surface a convincing history of use, in keeping with the mar tall drawer setting.
renaissance_furniture_wer_armour_plinth_01	A moulded beech armour plinth is positioned here, its beech surfaces contributing a practical presence to the room.	The moulded beech armour plinth is built chiefly from beech, with a deliberate silhouette and carefully fitted edges. The beech surface is worked into clear planes and finished carefully around the principal edges. The raised supporting faces are kept level and open, allowing the displayed form to remain plainly visible. Its corners show small signs of fitting and repair, lending the surface a convincing history of use, in keeping with the wer armour plinth setting.
renaissance_furniture_wer_stepped_plinth_03	A low linenfold wrought-iron stepped plinth is positioned here, its wrought iron surfaces contributing a practical presence to the room.	The low linenfold wrought-iron stepped plinth is built chiefly from wrought iron, with a deliberate silhouette and carefully fitted edges. The wrought iron is worked into shallow planes and firm edges that catch the light without appearing machine-finished. The raised supporting faces are kept level and open, allowing the displayed form to remain plainly visible. Small tool marks remain at the less-visible edges, while the parts handled most often have been polished smooth, in keeping with the wer stepped plinth setting.
renaissance_furniture_wer_urn_stand_02	A linenfold marble urn stand is positioned here, its marble surfaces contributing a practical presence to the room.	The linenfold marble urn stand is built chiefly from marble, with a deliberate silhouette and carefully fitted edges. The marble surface is worked into clear planes and finished carefully around the principal edges. The raised supporting faces are kept level and open, allowing the displayed form to remain plainly visible. Subtle changes in sheen around the joins make the separate pieces and their careful fitting visible, in keeping with the wer urn stand setting.
renaissance_furniture_iba_offering_stand_02	A massive coffered chestnut offering stand is positioned here, its chestnut surfaces contributing a practical presence to the room.	The massive coffered chestnut offering stand is built chiefly from chestnut, with a deliberate silhouette and carefully fitted edges. The chestnut surface is worked into clear planes and finished carefully around the principal edges. A close-fitting top or flap sits over the compact compartment, while the corners are reinforced for regular handling. Its corners show small signs of fitting and repair, lending the surface a convincing history of use, in keeping with the iba offering stand setting.
renaissance_furniture_iba_vessel_stand_01	A tiered plain-joined chestnut vessel stand is positioned here, its chestnut surfaces contributing a practical presence to the room.	The tiered plain-joined chestnut vessel stand is built chiefly from chestnut, with a deliberate silhouette and carefully fitted edges. The chestnut surface is worked into clear planes and finished carefully around the principal edges. A close-fitting top or flap sits over the compact compartment, while the corners are reinforced for regular handling. Small tool marks remain at the less-visible edges, while the parts handled most often have been polished smooth, in keeping with the iba vessel stand setting.
renaissance_furniture_cen_folding_display_stand_01		The high many-panelled pine folding display stand is built chiefly from pine, with a deliberate silhouette and carefully fitted edges. The pine grain is visible along its boards and braces, with the exposed edges burnished smooth. The raised supporting faces are kept level and open, allowing the displayed form to remain plainly visible. Small tool marks remain at the less-visible edges, while the parts handled most often have been polished smooth, in keeping with the cen folding display setting.
renaissance_furniture_cef_urn_stand_01	A narrow studded ash urn stand is positioned here, its ash surfaces contributing a practical presence to the room.	The narrow studded ash urn stand is built chiefly from ash, with a deliberate silhouette and carefully fitted edges. The ash grain is visible along its boards and braces, with the exposed edges burnished smooth. The raised supporting faces are kept level and open, allowing the displayed form to remain plainly visible. The visible faces are finished with restraint, allowing the material and its construction to remain easy to read, in keeping with the cef urn stand setting.
renaissance_furniture_pip_folding_display_stand_01		The tiered brass-mounted brass folding display stand is built chiefly from brass, with a deliberate silhouette and carefully fitted edges. The brass is worked into shallow planes and firm edges that catch the light without appearing machine-finished. The raised supporting faces are kept level and open, allowing the displayed form to remain plainly visible. Its corners show small signs of fitting and repair, lending the surface a convincing history of use, in keeping with the pip folding display setting.
renaissance_furniture_pip_offering_stand_03	A square recessed-panel lacquer offering stand is positioned here, its lacquer surfaces contributing a practical presence to the room.	The square recessed-panel lacquer offering stand is built chiefly from lacquer, with a deliberate silhouette and carefully fitted edges. The lacquer surface is worked into clear planes and finished carefully around the principal edges. The raised supporting faces are kept level and open, allowing the displayed form to remain plainly visible. The visible faces are finished with restraint, allowing the material and its construction to remain easy to read, in keeping with the pip offering stand setting.
renaissance_furniture_pip_vessel_stand_02	A brass-mounted teak vessel stand is positioned here, its teak surfaces contributing a practical presence to the room.	The brass-mounted teak vessel stand is built chiefly from teak, with a deliberate silhouette and carefully fitted edges. The teak grain is visible along its boards and braces, with the exposed edges burnished smooth. The raised supporting faces are kept level and open, allowing the displayed form to remain plainly visible. Subtle changes in sheen around the joins make the separate pieces and their careful fitting visible, in keeping with the pip vessel stand setting.
renaissance_furniture_sas_folding_display_stand_01		The narrow deep-carved lacquer folding display stand is built chiefly from lacquer, with a deliberate silhouette and carefully fitted edges. The lacquer surface is worked into clear planes and finished carefully around the principal edges. The raised supporting faces are kept level and open, allowing the displayed form to remain plainly visible. The visible faces are finished with restraint, allowing the material and its construction to remain easy to read, in keeping with the sas folding display setting.
renaissance_furniture_sas_folding_display_stand_03		The massive low teak folding display stand is built chiefly from teak, with a deliberate silhouette and carefully fitted edges. The teak grain is visible along its boards and braces, with the exposed edges burnished smooth. The raised supporting faces are kept level and open, allowing the displayed form to remain plainly visible. Its corners show small signs of fitting and repair, lending the surface a convincing history of use, in keeping with the sas folding display setting.
renaissance_furniture_sas_offering_stand_02	A teak-framed sandalwood offering stand is positioned here, its sandalwood surfaces contributing a practical presence to the room.	The teak-framed sandalwood offering stand is built chiefly from sandalwood, with a deliberate silhouette and carefully fitted edges. The sandalwood surface is worked into clear planes and finished carefully around the principal edges. The raised supporting faces are kept level and open, allowing the displayed form to remain plainly visible. Subtle changes in sheen around the joins make the separate pieces and their careful fitting visible, in keeping with the sas offering stand setting.
renaissance_furniture_eal_folding_display_stand_05		The octagonal painted stone folding display stand is built chiefly from stone, with a deliberate silhouette and carefully fitted edges. The stone surface is worked into clear planes and finished carefully around the principal edges. The raised supporting faces are kept level and open, allowing the displayed form to remain plainly visible. Small tool marks remain at the less-visible edges, while the parts handled most often have been polished smooth, in keeping with the eal folding display setting.
renaissance_furniture_eal_statue_pedestal_03	An asymmetrical cypress statue pedestal is positioned here, its cypress surfaces contributing a practical presence to the room.	The asymmetrical cypress statue pedestal is built chiefly from cypress, with a deliberate silhouette and carefully fitted edges. The cypress grain is visible along its boards and braces, with the exposed edges burnished smooth. The upright body is broken into doors, panels, or shelves, with a firm plinth keeping the stored contents above the floor. Small tool marks remain at the less-visible edges, while the parts handled most often have been polished smooth, in keeping with the eal statue pedestal setting.
renaissance_furniture_eal_stepped_plinth_04	A plain-joined bamboo stepped plinth is positioned here, its bamboo surfaces contributing a practical presence to the room.	The plain-joined bamboo stepped plinth is built chiefly from bamboo, with a deliberate silhouette and carefully fitted edges. The bamboo grain is visible along its boards and braces, with the exposed edges burnished smooth. The raised supporting faces are kept level and open, allowing the displayed form to remain plainly visible. The visible faces are finished with restraint, allowing the material and its construction to remain easy to read, in keeping with the eal stepped plinth setting.
renaissance_furniture_eal_urn_stand_01	A lattice-fronted brass urn stand is positioned here, its brass surfaces contributing a practical presence to the room.	The lattice-fronted brass urn stand is built chiefly from brass, with a deliberate silhouette and carefully fitted edges. The brass is worked into shallow planes and firm edges that catch the light without appearing machine-finished. The raised supporting faces are kept level and open, allowing the displayed form to remain plainly visible. The visible faces are finished with restraint, allowing the material and its construction to remain easy to read, in keeping with the eal urn stand setting.
renaissance_furniture_eal_vessel_stand_02	A long lattice-fronted walnut vessel stand is positioned here, its walnut surfaces contributing a practical presence to the room.	The long lattice-fronted walnut vessel stand is built chiefly from walnut, with a deliberate silhouette and carefully fitted edges. The walnut grain is visible along its boards and braces, with the exposed edges burnished smooth. The raised supporting faces are kept level and open, allowing the displayed form to remain plainly visible. Its corners show small signs of fitting and repair, lending the surface a convincing history of use, in keeping with the eal vessel stand setting.
renaissance_furniture_jpn_stepped_plinth_01	An asymmetrical pine stepped plinth is positioned here, its pine surfaces contributing a practical presence to the room.	The asymmetrical pine stepped plinth is built chiefly from pine, with a deliberate silhouette and carefully fitted edges. The pine grain is visible along its boards and braces, with the exposed edges burnished smooth. The raised supporting faces are kept level and open, allowing the displayed form to remain plainly visible. Small tool marks remain at the less-visible edges, while the parts handled most often have been polished smooth, in keeping with the jpn stepped plinth setting.
renaissance_furniture_jpn_urn_stand_02	A low recessed-panel alabaster urn stand is positioned here, its alabaster surfaces contributing a practical presence to the room.	The low recessed-panel alabaster urn stand is built chiefly from alabaster, with a deliberate silhouette and carefully fitted edges. The alabaster surface is worked into clear planes and finished carefully around the principal edges. The raised supporting faces are kept level and open, allowing the displayed form to remain plainly visible. Small tool marks remain at the less-visible edges, while the parts handled most often have been polished smooth, in keeping with the jpn urn stand setting.
renaissance_furniture_mea_folding_display_stand_02		The compact lacquered cypress folding display stand is built chiefly from cypress, with a deliberate silhouette and carefully fitted edges. The cypress grain is visible along its boards and braces, with the exposed edges burnished smooth. The upright body is broken into doors, panels, or shelves, with a firm plinth keeping the stored contents above the floor. Subtle changes in sheen around the joins make the separate pieces and their careful fitting visible, in keeping with the mea folding display setting.
renaissance_furniture_mea_lamp_stand_01	A tall shell-faced cypress lamp stand is positioned here, its cypress surfaces contributing a practical presence to the room.	The tall shell-faced cypress lamp stand is built chiefly from cypress, with a deliberate silhouette and carefully fitted edges. The cypress grain is visible along its boards and braces, with the exposed edges burnished smooth. The upright body is broken into doors, panels, or shelves, with a firm plinth keeping the stored contents above the floor. Its corners show small signs of fitting and repair, lending the surface a convincing history of use, in keeping with the mea lamp stand setting.
renaissance_furniture_sem_armour_plinth_01	An openwork alabaster armour plinth is positioned here, its alabaster surfaces contributing a practical presence to the room.	The openwork alabaster armour plinth is built chiefly from alabaster, with a deliberate silhouette and carefully fitted edges. The alabaster surface is worked into clear planes and finished carefully around the principal edges. The raised supporting faces are kept level and open, allowing the displayed form to remain plainly visible. Subtle changes in sheen around the joins make the separate pieces and their careful fitting visible, in keeping with the sem armour plinth setting.
renaissance_furniture_sem_display_plinth_02	A deep-carved lacquer display plinth is positioned here, its lacquer surfaces contributing a practical presence to the room.	The deep-carved lacquer display plinth is built chiefly from lacquer, with a deliberate silhouette and carefully fitted edges. The lacquer surface is worked into clear planes and finished carefully around the principal edges. The raised supporting faces are kept level and open, allowing the displayed form to remain plainly visible. Its corners show small signs of fitting and repair, lending the surface a convincing history of use, in keeping with the sem display plinth setting.
renaissance_furniture_sem_statue_pedestal_03	A compact low lacquer statue pedestal is positioned here, its lacquer surfaces contributing a practical presence to the room.	The compact low lacquer statue pedestal is built chiefly from lacquer, with a deliberate silhouette and carefully fitted edges. The lacquer surface is worked into clear planes and finished carefully around the principal edges. Its compartment is bordered by fitted panels, open shelving, or a lined interior, with the accessible edges worn smooth. Its corners show small signs of fitting and repair, lending the surface a convincing history of use, in keeping with the sem statue pedestal setting.
renaissance_furniture_sem_urn_stand_04	A lacquered stone urn stand is positioned here, its stone surfaces contributing a practical presence to the room.	The lacquered stone urn stand is built chiefly from stone, with a deliberate silhouette and carefully fitted edges. The stone surface is worked into clear planes and finished carefully around the principal edges. The raised supporting faces are kept level and open, allowing the displayed form to remain plainly visible. Its corners show small signs of fitting and repair, lending the surface a convincing history of use, in keeping with the sem urn stand setting.
renaissance_furniture_msea_folding_display_stand_01		The deep openwork rattan folding display stand is built chiefly from rattan, with a deliberate silhouette and carefully fitted edges. The rattan grain is visible along its boards and braces, with the exposed edges burnished smooth. The raised supporting faces are kept level and open, allowing the displayed form to remain plainly visible. Small tool marks remain at the less-visible edges, while the parts handled most often have been polished smooth, in keeping with the msea folding display setting.
renaissance_furniture_msea_folding_display_stand_02		The compact lacquered alabaster folding display stand is built chiefly from alabaster, with a deliberate silhouette and carefully fitted edges. The alabaster surface is worked into clear planes and finished carefully around the principal edges. The raised supporting faces are kept level and open, allowing the displayed form to remain plainly visible. The visible faces are finished with restraint, allowing the material and its construction to remain easy to read, in keeping with the msea folding display setting.
renaissance_furniture_stp_statue_pedestal_01	A saddle-narrow pine statue pedestal is positioned here, its pine surfaces contributing a practical presence to the room.	The saddle-narrow pine statue pedestal is built chiefly from pine, with a deliberate silhouette and carefully fitted edges. The pine grain is visible along its boards and braces, with the exposed edges burnished smooth. Its compartment is bordered by fitted panels, open shelving, or a lined interior, with the accessible edges worn smooth. Its corners show small signs of fitting and repair, lending the surface a convincing history of use, in keeping with the stp statue pedestal setting.
renaissance_furniture_aca_folding_display_stand_02		The octagonal pedestal alabaster folding display stand is built chiefly from alabaster, with a deliberate silhouette and carefully fitted edges. The alabaster surface is worked into clear planes and finished carefully around the principal edges. The raised supporting faces are kept level and open, allowing the displayed form to remain plainly visible. Small tool marks remain at the less-visible edges, while the parts handled most often have been polished smooth, in keeping with the aca folding display setting.
renaissance_furniture_aca_statue_pedestal_01	An openwork wood statue pedestal is positioned here, its wood surfaces contributing a practical presence to the room.	The openwork wood statue pedestal is built chiefly from wood, with a deliberate silhouette and carefully fitted edges. The wood surface is worked into clear planes and finished carefully around the principal edges. Its compartment is bordered by fitted panels, open shelving, or a lined interior, with the accessible edges worn smooth. The visible faces are finished with restraint, allowing the material and its construction to remain easy to read, in keeping with the aca statue pedestal setting.
renaissance_furniture_rse_urn_stand_01	An octagonal leather-covered earthenware urn stand is positioned here, its earthenware surfaces contributing a practical presence to the room.	The octagonal leather-covered earthenware urn stand is built chiefly from earthenware, with a deliberate silhouette and carefully fitted edges. Its fired earthenware body has a hard, even surface with a slightly thickened rim and foot. The raised supporting faces are kept level and open, allowing the displayed form to remain plainly visible. The visible faces are finished with restraint, allowing the material and its construction to remain easy to read, in keeping with the rse urn stand setting.
renaissance_furniture_ind_display_plinth_01	A narrow rattan-panelled bamboo display plinth is positioned here, its bamboo surfaces contributing a practical presence to the room.	The narrow rattan-panelled bamboo display plinth is built chiefly from bamboo, with a deliberate silhouette and carefully fitted edges. The bamboo grain is visible along its boards and braces, with the exposed edges burnished smooth. The raised supporting faces are kept level and open, allowing the displayed form to remain plainly visible. Small tool marks remain at the less-visible edges, while the parts handled most often have been polished smooth, in keeping with the ind display plinth setting.
renaissance_furniture_ind_statue_pedestal_02	A compact plain-joined rattan statue pedestal is positioned here, its rattan surfaces contributing a practical presence to the room.	The compact plain-joined rattan statue pedestal is built chiefly from rattan, with a deliberate silhouette and carefully fitted edges. The rattan grain is visible along its boards and braces, with the exposed edges burnished smooth. Its compartment is bordered by fitted panels, open shelving, or a lined interior, with the accessible edges worn smooth. Small tool marks remain at the less-visible edges, while the parts handled most often have been polished smooth, in keeping with the ind statue pedestal setting.
renaissance_furniture_mes_armour_plinth_04	A round-fronted raised earthenware armour plinth is positioned here, its earthenware surfaces contributing a practical presence to the room.	The round-fronted raised earthenware armour plinth is built chiefly from earthenware, with a deliberate silhouette and carefully fitted edges. Its fired earthenware body has a hard, even surface with a slightly thickened rim and foot. The raised supporting faces are kept level and open, allowing the displayed form to remain plainly visible. The visible faces are finished with restraint, allowing the material and its construction to remain easy to read, in keeping with the mes armour plinth setting.
renaissance_furniture_mes_folding_display_stand_02		The plain-framed stone folding display stand is built chiefly from stone, with a deliberate silhouette and carefully fitted edges. The stone surface is worked into clear planes and finished carefully around the principal edges. The raised supporting faces are kept level and open, allowing the displayed form to remain plainly visible. Small tool marks remain at the less-visible edges, while the parts handled most often have been polished smooth, in keeping with the mes folding display setting.
renaissance_furniture_mes_offering_stand_01	A woven-panel wicker offering stand is positioned here, its wicker surfaces contributing a practical presence to the room.	The woven-panel wicker offering stand is built chiefly from wicker, with a deliberate silhouette and carefully fitted edges. The wicker surface is worked into clear planes and finished carefully around the principal edges. The raised supporting faces are kept level and open, allowing the displayed form to remain plainly visible. Its corners show small signs of fitting and repair, lending the surface a convincing history of use, in keeping with the mes offering stand setting.
renaissance_furniture_mes_offering_stand_03	A stepped stone offering stand is positioned here, its stone surfaces contributing a practical presence to the room.	The stepped stone offering stand is built chiefly from stone, with a deliberate silhouette and carefully fitted edges. The stone surface is worked into clear planes and finished carefully around the principal edges. The raised supporting faces are kept level and open, allowing the displayed form to remain plainly visible. The visible faces are finished with restraint, allowing the material and its construction to remain easy to read, in keeping with the mes offering stand setting.
renaissance_furniture_car_urn_stand_01	A shell-inlaid wicker urn stand is positioned here, its wicker surfaces contributing a practical presence to the room.	The shell-inlaid wicker urn stand is built chiefly from wicker, with a deliberate silhouette and carefully fitted edges. The wicker surface is worked into clear planes and finished carefully around the principal edges. The raised supporting faces are kept level and open, allowing the displayed form to remain plainly visible. The visible faces are finished with restraint, allowing the material and its construction to remain easy to read, in keeping with the car urn stand setting.
renaissance_furniture_nac_armour_plinth_01	A low woven-panel wood armour plinth is positioned here, its wood surfaces contributing a practical presence to the room.	The low woven-panel wood armour plinth is built chiefly from wood, with a deliberate silhouette and carefully fitted edges. The wood surface is worked into clear planes and finished carefully around the principal edges. The raised supporting faces are kept level and open, allowing the displayed form to remain plainly visible. Its corners show small signs of fitting and repair, lending the surface a convincing history of use, in keeping with the nac armour plinth setting.
renaissance_furniture_wer_corner_table_01	A tiered marquetry-fronted beech corner table is positioned here, its beech surfaces contributing a practical presence to the room.	The tiered marquetry-fronted beech corner table is built chiefly from beech, with a deliberate silhouette and carefully fitted edges. The beech surface is worked into clear planes and finished carefully around the principal edges. The working surface is carried on a braced base, leaving a clear top above and sturdy supports below. Its corners show small signs of fitting and repair, lending the surface a convincing history of use, in keeping with the wer corner table setting.
renaissance_furniture_wer_end_table_02	A carved walnut end table is positioned here, its walnut surfaces contributing a practical presence to the room.	The carved walnut end table is built chiefly from walnut, with a deliberate silhouette and carefully fitted edges. The walnut grain is visible along its boards and braces, with the exposed edges burnished smooth. The working surface is carried on a braced base, leaving a clear top above and sturdy supports below. Subtle changes in sheen around the joins make the separate pieces and their careful fitting visible, in keeping with the wer end table setting.
renaissance_furniture_wer_lamp_table_03	A tiered pilastered chestnut lamp table is positioned here, its chestnut surfaces contributing a practical presence to the room.	The tiered pilastered chestnut lamp table is built chiefly from chestnut, with a deliberate silhouette and carefully fitted edges. The chestnut surface is worked into clear planes and finished carefully around the principal edges. A close-fitting top or flap sits over the compact compartment, while the corners are reinforced for regular handling. Subtle changes in sheen around the joins make the separate pieces and their careful fitting visible, in keeping with the wer lamp table setting.
renaissance_furniture_cen_drawer_nightstand_01	A small many-panelled brass drawer nightstand is positioned here, its brass surfaces contributing a practical presence to the room.	The small many-panelled brass drawer nightstand is built chiefly from brass, with a deliberate silhouette and carefully fitted edges. The brass is worked into shallow planes and firm edges that catch the light without appearing machine-finished. The raised supporting faces are kept level and open, allowing the displayed form to remain plainly visible. Its corners show small signs of fitting and repair, lending the surface a convincing history of use, in keeping with the cen drawer nightstand setting.
renaissance_furniture_cen_nightstand_03	A plain-joined ash nightstand is positioned here, its ash surfaces contributing a practical presence to the room.	The plain-joined ash nightstand is built chiefly from ash, with a deliberate silhouette and carefully fitted edges. The ash grain is visible along its boards and braces, with the exposed edges burnished smooth. The raised supporting faces are kept level and open, allowing the displayed form to remain plainly visible. The visible faces are finished with restraint, allowing the material and its construction to remain easy to read, in keeping with the cen nightstand 03 setting.
renaissance_furniture_cen_side_table_02	An octagonal slatted beech side table is positioned here, its beech surfaces contributing a practical presence to the room.	The octagonal slatted beech side table is built chiefly from beech, with a deliberate silhouette and carefully fitted edges. The beech surface is worked into clear planes and finished carefully around the principal edges. The working surface is carried on a braced base, leaving a clear top above and sturdy supports below. Small tool marks remain at the less-visible edges, while the parts handled most often have been polished smooth, in keeping with the cen side table setting.
renaissance_furniture_nba_lock_fitted_nightstand_01	A massive stave-faced pine lock-fitted nightstand is positioned here, its pine surfaces contributing a practical presence to the room.	The massive stave-faced pine lock-fitted nightstand is built chiefly from pine, with a deliberate silhouette and carefully fitted edges. The pine grain is visible along its boards and braces, with the exposed edges burnished smooth. The raised supporting faces are kept level and open, allowing the displayed form to remain plainly visible. The visible faces are finished with restraint, allowing the material and its construction to remain easy to read, in keeping with the nba lock fitted setting.
renaissance_furniture_nba_side_table_02	A stave-faced oak side table is positioned here, its oak surfaces contributing a practical presence to the room.	The stave-faced oak side table is built chiefly from oak, with a deliberate silhouette and carefully fitted edges. The oak grain is visible along its boards and braces, with the exposed edges burnished smooth. The working surface is carried on a braced base, leaving a clear top above and sturdy supports below. Its corners show small signs of fitting and repair, lending the surface a convincing history of use, in keeping with the nba side table setting.
renaissance_furniture_ott_folding_side_table_03		The high lattice-fronted copper folding side table is built chiefly from copper, with a deliberate silhouette and carefully fitted edges. The copper is worked into shallow planes and firm edges that catch the light without appearing machine-finished. The working surface is carried on a braced base, leaving a clear top above and sturdy supports below. Small tool marks remain at the less-visible edges, while the parts handled most often have been polished smooth, in keeping with the ott folding side setting.
renaissance_furniture_ott_lock_fitted_nightstand_01	A low brass-mounted boxwood lock-fitted nightstand is positioned here, its boxwood surfaces contributing a practical presence to the room.	The low brass-mounted boxwood lock-fitted nightstand is built chiefly from boxwood, with a deliberate silhouette and carefully fitted edges. The boxwood grain is visible along its boards and braces, with the exposed edges burnished smooth. A close-fitting top or flap sits over the compact compartment, while the corners are reinforced for regular handling. Its corners show small signs of fitting and repair, lending the surface a convincing history of use, in keeping with the ott lock fitted setting.
renaissance_furniture_ott_nightstand_02	A brass-mounted cypress nightstand is positioned here, its cypress surfaces contributing a practical presence to the room.	The brass-mounted cypress nightstand is built chiefly from cypress, with a deliberate silhouette and carefully fitted edges. The cypress grain is visible along its boards and braces, with the exposed edges burnished smooth. The upright body is broken into doors, panels, or shelves, with a firm plinth keeping the stored contents above the floor. The visible faces are finished with restraint, allowing the material and its construction to remain easy to read, in keeping with the ott nightstand 02 setting.
renaissance_furniture_pip_bedside_table_02	An arched teak bedside table is positioned here, its teak surfaces contributing a practical presence to the room.	The arched teak bedside table is built chiefly from teak, with a deliberate silhouette and carefully fitted edges. The teak grain is visible along its boards and braces, with the exposed edges burnished smooth. The working surface is carried on a braced base, leaving a clear top above and sturdy supports below. Subtle changes in sheen around the joins make the separate pieces and their careful fitting visible, in keeping with the pip bedside table setting.
renaissance_furniture_pip_nightstand_01	A brass-mounted cedar nightstand is positioned here, its cedar surfaces contributing a practical presence to the room.	The brass-mounted cedar nightstand is built chiefly from cedar, with a deliberate silhouette and carefully fitted edges. The cedar grain is visible along its boards and braces, with the exposed edges burnished smooth. The raised supporting faces are kept level and open, allowing the displayed form to remain plainly visible. Subtle changes in sheen around the joins make the separate pieces and their careful fitting visible, in keeping with the pip nightstand 01 setting.
renaissance_furniture_sas_folding_side_table_01		The pierced brass folding side table is built chiefly from brass, with a deliberate silhouette and carefully fitted edges. The brass is worked into shallow planes and firm edges that catch the light without appearing machine-finished. The working surface is carried on a braced base, leaving a clear top above and sturdy supports below. Subtle changes in sheen around the joins make the separate pieces and their careful fitting visible, in keeping with the sas folding side setting.
renaissance_furniture_eal_drawer_nightstand_01	A low asymmetrical pine drawer nightstand is positioned here, its pine surfaces contributing a practical presence to the room.	The low asymmetrical pine drawer nightstand is built chiefly from pine, with a deliberate silhouette and carefully fitted edges. The pine grain is visible along its boards and braces, with the exposed edges burnished smooth. The raised supporting faces are kept level and open, allowing the displayed form to remain plainly visible. Its corners show small signs of fitting and repair, lending the surface a convincing history of use, in keeping with the eal drawer nightstand setting.
renaissance_furniture_eal_side_table_02	An asymmetrical lacquer side table is positioned here, its lacquer surfaces contributing a practical presence to the room.	The asymmetrical lacquer side table is built chiefly from lacquer, with a deliberate silhouette and carefully fitted edges. The lacquer surface is worked into clear planes and finished carefully around the principal edges. The working surface is carried on a braced base, leaving a clear top above and sturdy supports below. Small tool marks remain at the less-visible edges, while the parts handled most often have been polished smooth, in keeping with the eal side table setting.
renaissance_furniture_jpn_lamp_table_02	A plain-joined cedar lamp table is positioned here, its cedar surfaces contributing a practical presence to the room.	The plain-joined cedar lamp table is built chiefly from cedar, with a deliberate silhouette and carefully fitted edges. The cedar grain is visible along its boards and braces, with the exposed edges burnished smooth. The working surface is carried on a braced base, leaving a clear top above and sturdy supports below. Its corners show small signs of fitting and repair, lending the surface a convincing history of use, in keeping with the jpn lamp table setting.
renaissance_furniture_jpn_nightstand_01	An octagonal stackable lacquer nightstand is positioned here, its lacquer surfaces contributing a practical presence to the room.	The octagonal stackable lacquer nightstand is built chiefly from lacquer, with a deliberate silhouette and carefully fitted edges. The lacquer surface is worked into clear planes and finished carefully around the principal edges. The raised supporting faces are kept level and open, allowing the displayed form to remain plainly visible. The visible faces are finished with restraint, allowing the material and its construction to remain easy to read, in keeping with the jpn nightstand 01 setting.
renaissance_furniture_mea_end_table_01	A tiered shell-faced lacquer end table is positioned here, its lacquer surfaces contributing a practical presence to the room.	The tiered shell-faced lacquer end table is built chiefly from lacquer, with a deliberate silhouette and carefully fitted edges. The lacquer surface is worked into clear planes and finished carefully around the principal edges. The working surface is carried on a braced base, leaving a clear top above and sturdy supports below. Subtle changes in sheen around the joins make the separate pieces and their careful fitting visible, in keeping with the mea end table setting.
renaissance_furniture_sem_lock_fitted_nightstand_01	A narrow deep-carved bamboo lock-fitted nightstand is positioned here, its bamboo surfaces contributing a practical presence to the room.	The narrow deep-carved bamboo lock-fitted nightstand is built chiefly from bamboo, with a deliberate silhouette and carefully fitted edges. The bamboo grain is visible along its boards and braces, with the exposed edges burnished smooth. The raised supporting faces are kept level and open, allowing the displayed form to remain plainly visible. The visible faces are finished with restraint, allowing the material and its construction to remain easy to read, in keeping with the sem lock fitted setting.
renaissance_furniture_msea_corner_table_03	A deep lacquered bronze corner table is positioned here, its bronze surfaces contributing a practical presence to the room.	The deep lacquered bronze corner table is built chiefly from bronze, with a deliberate silhouette and carefully fitted edges. The bronze surface is worked into clear planes and finished carefully around the principal edges. The working surface is carried on a braced base, leaving a clear top above and sturdy supports below. The visible faces are finished with restraint, allowing the material and its construction to remain easy to read, in keeping with the msea corner table setting.
renaissance_furniture_msea_drawer_nightstand_01	An arched-top lacquered rattan drawer nightstand is positioned here, its rattan surfaces contributing a practical presence to the room.	The arched-top lacquered rattan drawer nightstand is built chiefly from rattan, with a deliberate silhouette and carefully fitted edges. The rattan grain is visible along its boards and braces, with the exposed edges burnished smooth. The raised supporting faces are kept level and open, allowing the displayed form to remain plainly visible. Its corners show small signs of fitting and repair, lending the surface a convincing history of use, in keeping with the msea drawer nightstand setting.
renaissance_furniture_msea_end_table_02_lockable	A lock-fitted broad openwork brass end table is positioned here, its brass surfaces contributing a practical presence to the room.	The lock-fitted broad openwork brass end table is built chiefly from brass, with a deliberate silhouette and carefully fitted edges. The brass is worked into shallow planes and firm edges that catch the light without appearing machine-finished. The working surface is carried on a braced base, leaving a clear top above and sturdy supports below. Subtle changes in sheen around the joins make the separate pieces and their careful fitting visible, in keeping with the msea end table setting.
renaissance_furniture_stp_end_table_01	An iron-bound cedar end table is positioned here, its cedar surfaces contributing a practical presence to the room.	The iron-bound cedar end table is built chiefly from cedar, with a deliberate silhouette and carefully fitted edges. The cedar grain is visible along its boards and braces, with the exposed edges burnished smooth. The working surface is carried on a braced base, leaving a clear top above and sturdy supports below. Subtle changes in sheen around the joins make the separate pieces and their careful fitting visible, in keeping with the stp end table setting.
renaissance_furniture_stp_lock_fitted_nightstand_02	A collapsible wrought-iron lock-fitted nightstand is positioned here, its wrought iron surfaces contributing a practical presence to the room.	The collapsible wrought-iron lock-fitted nightstand is built chiefly from wrought iron, with a deliberate silhouette and carefully fitted edges. The wrought iron is worked into shallow planes and firm edges that catch the light without appearing machine-finished. The raised supporting faces are kept level and open, allowing the displayed form to remain plainly visible. Small tool marks remain at the less-visible edges, while the parts handled most often have been polished smooth, in keeping with the stp lock fitted setting.
renaissance_furniture_aca_bedside_table_03	A pedestal bronze bedside table is positioned here, its bronze surfaces contributing a practical presence to the room.	The pedestal bronze bedside table is built chiefly from bronze, with a deliberate silhouette and carefully fitted edges. The bronze surface is worked into clear planes and finished carefully around the principal edges. The working surface is carried on a braced base, leaving a clear top above and sturdy supports below. Its corners show small signs of fitting and repair, lending the surface a convincing history of use, in keeping with the aca bedside table setting.
renaissance_furniture_aca_corner_table_01_lockable	A lock-fitted low bronze corner table is positioned here, its bronze surfaces contributing a practical presence to the room.	The lock-fitted low bronze corner table is built chiefly from bronze, with a deliberate silhouette and carefully fitted edges. The bronze surface is worked into clear planes and finished carefully around the principal edges. The working surface is carried on a braced base, leaving a clear top above and sturdy supports below. Subtle changes in sheen around the joins make the separate pieces and their careful fitting visible, in keeping with the aca corner table setting.
renaissance_furniture_aca_lamp_table_02	A compact openwork wicker lamp table is positioned here, its wicker surfaces contributing a practical presence to the room.	The compact openwork wicker lamp table is built chiefly from wicker, with a deliberate silhouette and carefully fitted edges. The wicker surface is worked into clear planes and finished carefully around the principal edges. The working surface is carried on a braced base, leaving a clear top above and sturdy supports below. Small tool marks remain at the less-visible edges, while the parts handled most often have been polished smooth, in keeping with the aca lamp table setting.
renaissance_furniture_sai_corner_table_01	A brass-bound wicker corner table is positioned here, its wicker surfaces contributing a practical presence to the room.	The brass-bound wicker corner table is built chiefly from wicker, with a deliberate silhouette and carefully fitted edges. The wicker surface is worked into clear planes and finished carefully around the principal edges. The working surface is carried on a braced base, leaving a clear top above and sturdy supports below. Subtle changes in sheen around the joins make the separate pieces and their careful fitting visible, in keeping with the sai corner table setting.
renaissance_furniture_sai_nightstand_02	A reed-fronted wicker nightstand is positioned here, its wicker surfaces contributing a practical presence to the room.	The reed-fronted wicker nightstand is built chiefly from wicker, with a deliberate silhouette and carefully fitted edges. The wicker surface is worked into clear planes and finished carefully around the principal edges. The raised supporting faces are kept level and open, allowing the displayed form to remain plainly visible. Its corners show small signs of fitting and repair, lending the surface a convincing history of use, in keeping with the sai nightstand 02 setting.
renaissance_furniture_rse_corner_table_01	A leather-covered earthenware corner table is positioned here, its earthenware surfaces contributing a practical presence to the room.	The leather-covered earthenware corner table is built chiefly from earthenware, with a deliberate silhouette and carefully fitted edges. Its fired earthenware body has a hard, even surface with a slightly thickened rim and foot. The working surface is carried on a braced base, leaving a clear top above and sturdy supports below. Its corners show small signs of fitting and repair, lending the surface a convincing history of use, in keeping with the rse corner table setting.
renaissance_furniture_rse_side_table_02	A square low olivewood side table is positioned here, its olive wood surfaces contributing a practical presence to the room.	The square low olivewood side table is built chiefly from olive wood, with a deliberate silhouette and carefully fitted edges. The olive wood surface is worked into clear planes and finished carefully around the principal edges. The working surface is carried on a braced base, leaving a clear top above and sturdy supports below. Small tool marks remain at the less-visible edges, while the parts handled most often have been polished smooth, in keeping with the rse side table setting.
renaissance_furniture_ind_folding_side_table_03		The lattice-fronted rattan folding side table is built chiefly from rattan, with a deliberate silhouette and carefully fitted edges. The rattan grain is visible along its boards and braces, with the exposed edges burnished smooth. The working surface is carried on a braced base, leaving a clear top above and sturdy supports below. Small tool marks remain at the less-visible edges, while the parts handled most often have been polished smooth, in keeping with the ind folding side setting.
renaissance_furniture_ind_nightstand_01	A slatted ceramic nightstand is positioned here, its ceramic surfaces contributing a practical presence to the room.	The slatted ceramic nightstand is built chiefly from ceramic, with a deliberate silhouette and carefully fitted edges. The ceramic surface is worked into clear planes and finished carefully around the principal edges. The raised supporting faces are kept level and open, allowing the displayed form to remain plainly visible. Small tool marks remain at the less-visible edges, while the parts handled most often have been polished smooth, in keeping with the ind nightstand 01 setting.
renaissance_furniture_ind_side_table_02	A low rattan-panelled rattan side table is positioned here, its rattan surfaces contributing a practical presence to the room.	The low rattan-panelled rattan side table is built chiefly from rattan, with a deliberate silhouette and carefully fitted edges. The rattan grain is visible along its boards and braces, with the exposed edges burnished smooth. The working surface is carried on a braced base, leaving a clear top above and sturdy supports below. The visible faces are finished with restraint, allowing the material and its construction to remain easy to read, in keeping with the ind side table setting.
renaissance_furniture_mes_lamp_table_01	A deep reed-bound reed lamp table is positioned here, its reed surfaces contributing a practical presence to the room.	The deep reed-bound reed lamp table is built chiefly from reed, with a deliberate silhouette and carefully fitted edges. The reed surface is worked into clear planes and finished carefully around the principal edges. The working surface is carried on a braced base, leaving a clear top above and sturdy supports below. Its corners show small signs of fitting and repair, lending the surface a convincing history of use, in keeping with the mes lamp table setting.
renaissance_furniture_and_folding_side_table_01		The massive painted reed folding side table is built chiefly from reed, with a deliberate silhouette and carefully fitted edges. The reed surface is worked into clear planes and finished carefully around the principal edges. The working surface is carried on a braced base, leaving a clear top above and sturdy supports below. Subtle changes in sheen around the joins make the separate pieces and their careful fitting visible, in keeping with the and folding side setting.
renaissance_furniture_and_side_table_02	A tall painted stone side table is positioned here, its stone surfaces contributing a practical presence to the room.	The tall painted stone side table is built chiefly from stone, with a deliberate silhouette and carefully fitted edges. The stone surface is worked into clear planes and finished carefully around the principal edges. The working surface is carried on a braced base, leaving a clear top above and sturdy supports below. The visible faces are finished with restraint, allowing the material and its construction to remain easy to read, in keeping with the and side table setting.
renaissance_furniture_car_side_table_01	A shell-inlaid cane side table is positioned here, its cane surfaces contributing a practical presence to the room.	The shell-inlaid cane side table is built chiefly from cane, with a deliberate silhouette and carefully fitted edges. The cane surface is worked into clear planes and finished carefully around the principal edges. The working surface is carried on a braced base, leaving a clear top above and sturdy supports below. Its corners show small signs of fitting and repair, lending the surface a convincing history of use, in keeping with the car side table setting.
renaissance_furniture_nac_lamp_table_02	A compact lashed wicker lamp table is positioned here, its wicker surfaces contributing a practical presence to the room.	The compact lashed wicker lamp table is built chiefly from wicker, with a deliberate silhouette and carefully fitted edges. The wicker surface is worked into clear planes and finished carefully around the principal edges. The working surface is carried on a braced base, leaving a clear top above and sturdy supports below. The visible faces are finished with restraint, allowing the material and its construction to remain easy to read, in keeping with the nac lamp table setting.
renaissance_furniture_nac_side_table_01	A tall bentwood cane side table is positioned here, its cane surfaces contributing a practical presence to the room.	The tall bentwood cane side table is built chiefly from cane, with a deliberate silhouette and carefully fitted edges. The cane surface is worked into clear planes and finished carefully around the principal edges. The working surface is carried on a braced base, leaving a clear top above and sturdy supports below. Its corners show small signs of fitting and repair, lending the surface a convincing history of use, in keeping with the nac side table setting.
renaissance_furniture_col_drawer_nightstand_02	A wide painted cedar drawer nightstand is positioned here, its cedar surfaces contributing a practical presence to the room.	The wide painted cedar drawer nightstand is built chiefly from cedar, with a deliberate silhouette and carefully fitted edges. The cedar grain is visible along its boards and braces, with the exposed edges burnished smooth. The raised supporting faces are kept level and open, allowing the displayed form to remain plainly visible. Small tool marks remain at the less-visible edges, while the parts handled most often have been polished smooth, in keeping with the col drawer nightstand setting.
renaissance_furniture_col_end_table_01	A carved pine end table is positioned here, its pine surfaces contributing a practical presence to the room.	The carved pine end table is built chiefly from pine, with a deliberate silhouette and carefully fitted edges. The pine grain is visible along its boards and braces, with the exposed edges burnished smooth. The working surface is carried on a braced base, leaving a clear top above and sturdy supports below. The visible faces are finished with restraint, allowing the material and its construction to remain easy to read, in keeping with the col end table setting.
renaissance_furniture_mar_nightstand_02	A broad slotted oak nightstand is positioned here, its oak surfaces contributing a practical presence to the room.	The broad slotted oak nightstand is built chiefly from oak, with a deliberate silhouette and carefully fitted edges. The oak grain is visible along its boards and braces, with the exposed edges burnished smooth. The raised supporting faces are kept level and open, allowing the displayed form to remain plainly visible. Subtle changes in sheen around the joins make the separate pieces and their careful fitting visible, in keeping with the mar nightstand 02 setting.
renaissance_furniture_mar_side_table_01	A tiered collapsible teak side table is positioned here, its teak surfaces contributing a practical presence to the room.	The tiered collapsible teak side table is built chiefly from teak, with a deliberate silhouette and carefully fitted edges. The teak grain is visible along its boards and braces, with the exposed edges burnished smooth. The working surface is carried on a braced base, leaving a clear top above and sturdy supports below. The visible faces are finished with restraint, allowing the material and its construction to remain easy to read, in keeping with the mar side table setting.
renaissance_container_wer_domestic_lidded_food_basket_01		The willow bedchamber lidded food basket is built chiefly from willow, with a deliberate silhouette and carefully fitted edges. The willow surface is worked into clear planes and finished carefully around the principal edges. Its compartment is bordered by fitted panels, open shelving, or a lined interior, with the accessible edges worn smooth. Its corners show small signs of fitting and repair, lending the surface a convincing history of use, in keeping with the wer domestic lidded setting.
renaissance_container_iba_domestic_household_platter_02		The plain copper household platter is built chiefly from copper, with a deliberate silhouette and carefully fitted edges. The copper is worked into shallow planes and firm edges that catch the light without appearing machine-finished. Its compartment is bordered by fitted panels, open shelving, or a lined interior, with the accessible edges worn smooth. Subtle changes in sheen around the joins make the separate pieces and their careful fitting visible, in keeping with the iba domestic household setting.
renaissance_container_iba_domestic_table_service_box_01		The pewter banquet table service box is built chiefly from pewter, with a deliberate silhouette and carefully fitted edges. The pewter is worked into shallow planes and firm edges that catch the light without appearing machine-finished. A close-fitting top or flap sits over the compact compartment, while the corners are reinforced for regular handling. Its corners show small signs of fitting and repair, lending the surface a convincing history of use, in keeping with the iba domestic table setting.
renaissance_container_cen_domestic_condiment_box_02		The oak workshop compartmented condiment box is built chiefly from oak, with a deliberate silhouette and carefully fitted edges. The oak grain is visible along its boards and braces, with the exposed edges burnished smooth. A close-fitting top or flap sits over the compact compartment, while the corners are reinforced for regular handling. Its corners show small signs of fitting and repair, lending the surface a convincing history of use, in keeping with the cen domestic condiment setting.
renaissance_container_cen_domestic_lidded_food_basket_01		The wicker household lidded food basket is built chiefly from wicker, with a deliberate silhouette and carefully fitted edges. The wicker surface is worked into clear planes and finished carefully around the principal edges. Its compartment is bordered by fitted panels, open shelving, or a lined interior, with the accessible edges worn smooth. Its corners show small signs of fitting and repair, lending the surface a convincing history of use, in keeping with the cen domestic lidded setting.
renaissance_container_nba_domestic_bread_basket_01		The plaited willow hall-service bread basket is built chiefly from willow, with a deliberate silhouette and carefully fitted edges. The willow surface is worked into clear planes and finished carefully around the principal edges. Its compartment is bordered by fitted panels, open shelving, or a lined interior, with the accessible edges worn smooth. Its corners show small signs of fitting and repair, lending the surface a convincing history of use, in keeping with the nba domestic bread setting.
renaissance_container_ott_domestic_serving_tray_01		The painted boxwood coffee-service serving tray is built chiefly from boxwood, with a deliberate silhouette and carefully fitted edges. The boxwood grain is visible along its boards and braces, with the exposed edges burnished smooth. A close-fitting top or flap sits over the compact compartment, while the corners are reinforced for regular handling. Its corners show small signs of fitting and repair, lending the surface a convincing history of use, in keeping with the ott domestic serving setting.
renaissance_container_pip_domestic_condiment_box_02		The copper household compartmented condiment box is built chiefly from copper, with a deliberate silhouette and carefully fitted edges. The copper is worked into shallow planes and firm edges that catch the light without appearing machine-finished. A close-fitting top or flap sits over the compact compartment, while the corners are reinforced for regular handling. Subtle changes in sheen around the joins make the separate pieces and their careful fitting visible, in keeping with the pip domestic condiment setting.
renaissance_container_pip_domestic_serving_tray_01		The carved carved cedar household serving tray is built chiefly from cedar, with a deliberate silhouette and carefully fitted edges. The cedar grain is visible along its boards and braces, with the exposed edges burnished smooth. Its compartment is bordered by fitted panels, open shelving, or a lined interior, with the accessible edges worn smooth. The visible faces are finished with restraint, allowing the material and its construction to remain easy to read, in keeping with the pip domestic serving setting.
renaissance_container_sas_domestic_household_platter_01		The incised earthenware household platter is built chiefly from earthenware, with a deliberate silhouette and carefully fitted edges. Its fired earthenware body has a hard, even surface with a slightly thickened rim and foot. Its compartment is bordered by fitted panels, open shelving, or a lined interior, with the accessible edges worn smooth. Small tool marks remain at the less-visible edges, while the parts handled most often have been polished smooth, in keeping with the sas domestic household setting.
renaissance_container_eal_domestic_serving_tray_01		The carved lacquer household serving tray is built chiefly from lacquer, with a deliberate silhouette and carefully fitted edges. The lacquer surface is worked into clear planes and finished carefully around the principal edges. Its compartment is bordered by fitted panels, open shelving, or a lined interior, with the accessible edges worn smooth. Subtle changes in sheen around the joins make the separate pieces and their careful fitting visible, in keeping with the eal domestic serving setting.
renaissance_container_jpn_domestic_tea_herb_caddy_01		The bamboo household tea or herb caddy is built chiefly from bamboo, with a deliberate silhouette and carefully fitted edges. The bamboo grain is visible along its boards and braces, with the exposed edges burnished smooth. A close-fitting top or flap sits over the compact compartment, while the corners are reinforced for regular handling. The visible faces are finished with restraint, allowing the material and its construction to remain easy to read, in keeping with the jpn domestic tea setting.
renaissance_container_sem_domestic_table_service_box_01		The teak household table service box is built chiefly from teak, with a deliberate silhouette and carefully fitted edges. The teak grain is visible along its boards and braces, with the exposed edges burnished smooth. A close-fitting top or flap sits over the compact compartment, while the corners are reinforced for regular handling. Small tool marks remain at the less-visible edges, while the parts handled most often have been polished smooth, in keeping with the sem domestic table setting.
renaissance_container_msea_domestic_condiment_box_03		The brass betel-service compartmented condiment box is built chiefly from brass, with a deliberate silhouette and carefully fitted edges. The brass is worked into shallow planes and firm edges that catch the light without appearing machine-finished. A close-fitting top or flap sits over the compact compartment, while the corners are reinforced for regular handling. Small tool marks remain at the less-visible edges, while the parts handled most often have been polished smooth, in keeping with the msea domestic condiment setting.
renaissance_container_msea_domestic_tea_herb_caddy_02		The bronze household tea or herb caddy is built chiefly from bronze, with a deliberate silhouette and carefully fitted edges. The bronze surface is worked into clear planes and finished carefully around the principal edges. A close-fitting top or flap sits over the compact compartment, while the corners are reinforced for regular handling. Small tool marks remain at the less-visible edges, while the parts handled most often have been polished smooth, in keeping with the msea domestic tea setting.
renaissance_container_msea_domestic_utensil_case_01		The iron-banded bronze banquet utensil case is built chiefly from bronze, with a deliberate silhouette and carefully fitted edges. The bronze surface is worked into clear planes and finished carefully around the principal edges. A close-fitting top or flap sits over the compact compartment, while the corners are reinforced for regular handling. Small tool marks remain at the less-visible edges, while the parts handled most often have been polished smooth, in keeping with the msea domestic utensil setting.
renaissance_container_aca_domestic_household_hamper_01		The reed ritual deep household hamper is built chiefly from reed, with a deliberate silhouette and carefully fitted edges. The reed surface is worked into clear planes and finished carefully around the principal edges. Its compartment is bordered by fitted panels, open shelving, or a lined interior, with the accessible edges worn smooth. Its corners show small signs of fitting and repair, lending the surface a convincing history of use, in keeping with the aca domestic household setting.
renaissance_container_aca_domestic_utensil_case_02		The chased bronze ritual utensil case is built chiefly from bronze, with a deliberate silhouette and carefully fitted edges. The bronze surface is worked into clear planes and finished carefully around the principal edges. A close-fitting top or flap sits over the compact compartment, while the corners are reinforced for regular handling. Small tool marks remain at the less-visible edges, while the parts handled most often have been polished smooth, in keeping with the aca domestic utensil setting.
renaissance_container_sai_domestic_condiment_box_02		The cedar caravan compartmented condiment box is built chiefly from cedar, with a deliberate silhouette and carefully fitted edges. The cedar grain is visible along its boards and braces, with the exposed edges burnished smooth. A close-fitting top or flap sits over the compact compartment, while the corners are reinforced for regular handling. Subtle changes in sheen around the joins make the separate pieces and their careful fitting visible, in keeping with the sai domestic condiment setting.
renaissance_container_sai_domestic_table_service_box_01		The wrought-iron court table service box is built chiefly from wrought iron, with a deliberate silhouette and carefully fitted edges. The wrought iron is worked into shallow planes and firm edges that catch the light without appearing machine-finished. A close-fitting top or flap sits over the compact compartment, while the corners are reinforced for regular handling. Small tool marks remain at the less-visible edges, while the parts handled most often have been polished smooth, in keeping with the sai domestic table setting.
renaissance_container_ind_domestic_serving_tray_01		The incised ceramic guest-service serving tray is built chiefly from ceramic, with a deliberate silhouette and carefully fitted edges. The ceramic surface is worked into clear planes and finished carefully around the principal edges. Its compartment is bordered by fitted panels, open shelving, or a lined interior, with the accessible edges worn smooth. Its corners show small signs of fitting and repair, lending the surface a convincing history of use, in keeping with the ind domestic serving setting.
renaissance_container_ind_domestic_serving_tray_02		The moulded stoneware banquet serving tray is built chiefly from stoneware, with a deliberate silhouette and carefully fitted edges. Its fired stoneware body has a hard, even surface with a slightly thickened rim and foot. Its compartment is bordered by fitted panels, open shelving, or a lined interior, with the accessible edges worn smooth. Small tool marks remain at the less-visible edges, while the parts handled most often have been polished smooth, in keeping with the ind domestic serving setting.
renaissance_container_ind_domestic_utensil_case_03		The riveted copper banquet utensil case is built chiefly from copper, with a deliberate silhouette and carefully fitted edges. The copper is worked into shallow planes and firm edges that catch the light without appearing machine-finished. A close-fitting top or flap sits over the compact compartment, while the corners are reinforced for regular handling. Its corners show small signs of fitting and repair, lending the surface a convincing history of use, in keeping with the ind domestic utensil setting.
renaissance_container_mes_domestic_household_platter_01		The incised earthenware market household platter is built chiefly from earthenware, with a deliberate silhouette and carefully fitted edges. Its fired earthenware body has a hard, even surface with a slightly thickened rim and foot. Its compartment is bordered by fitted panels, open shelving, or a lined interior, with the accessible edges worn smooth. Subtle changes in sheen around the joins make the separate pieces and their careful fitting visible, in keeping with the mes domestic household setting.
renaissance_container_car_domestic_nested_service_tray_01		The clay contact-gift nested service tray is built chiefly from clay, with a deliberate silhouette and carefully fitted edges. The clay surface is worked into clear planes and finished carefully around the principal edges. Its compartment is bordered by fitted panels, open shelving, or a lined interior, with the accessible edges worn smooth. Its corners show small signs of fitting and repair, lending the surface a convincing history of use, in keeping with the car domestic nested setting.
renaissance_container_col_domestic_condiment_box_01		The walnut assay-office compartmented condiment box is built chiefly from walnut, with a deliberate silhouette and carefully fitted edges. The walnut grain is visible along its boards and braces, with the exposed edges burnished smooth. A close-fitting top or flap sits over the compact compartment, while the corners are reinforced for regular handling. Subtle changes in sheen around the joins make the separate pieces and their careful fitting visible, in keeping with the col domestic condiment setting.
renaissance_container_col_domestic_serving_tray_02		The carved cedar household serving tray is built chiefly from cedar, with a deliberate silhouette and carefully fitted edges. The cedar grain is visible along its boards and braces, with the exposed edges burnished smooth. Its compartment is bordered by fitted panels, open shelving, or a lined interior, with the accessible edges worn smooth. Its corners show small signs of fitting and repair, lending the surface a convincing history of use, in keeping with the col domestic serving setting.
renaissance_container_mar_domestic_condiment_box_02		The cedar cabin-service compartmented condiment box is built chiefly from cedar, with a deliberate silhouette and carefully fitted edges. The cedar grain is visible along its boards and braces, with the exposed edges burnished smooth. A close-fitting top or flap sits over the compact compartment, while the corners are reinforced for regular handling. The visible faces are finished with restraint, allowing the material and its construction to remain easy to read, in keeping with the mar domestic condiment setting.
renaissance_container_mar_domestic_lidded_food_basket_01		The willow victualling lidded food basket is built chiefly from willow, with a deliberate silhouette and carefully fitted edges. The willow surface is worked into clear planes and finished carefully around the principal edges. Its compartment is bordered by fitted panels, open shelving, or a lined interior, with the accessible edges worn smooth. The visible faces are finished with restraint, allowing the material and its construction to remain easy to read, in keeping with the mar domestic lidded setting.
renaissance_container_mar_domestic_table_service_box_03		The wrought-iron cabin-service table service box is built chiefly from wrought iron, with a deliberate silhouette and carefully fitted edges. The wrought iron is worked into shallow planes and firm edges that catch the light without appearing machine-finished. A close-fitting top or flap sits over the compact compartment, while the corners are reinforced for regular handling. The visible faces are finished with restraint, allowing the material and its construction to remain easy to read, in keeping with the mar domestic table setting.
renaissance_container_wer_liquid_drinking_beaker_02		The mould-blown glass wine drinking beaker is built chiefly from glass, with a deliberate silhouette and carefully fitted edges. The glass is gathered more thickly at the rim and base, giving the form a deliberate hand-made weight. A smoothed rim and weighted base give the vessel a stable, practical form for repeated domestic service. The visible faces are finished with restraint, allowing the material and its construction to remain easy to read, in keeping with the wer liquid drinking setting.
renaissance_container_wer_liquid_pouring_ewer_01		The riveted copper ale pouring ewer is built chiefly from copper, with a deliberate silhouette and carefully fitted edges. The copper is worked into shallow planes and firm edges that catch the light without appearing machine-finished. A smoothed rim and weighted base give the vessel a stable, practical form for repeated domestic service. Its corners show small signs of fitting and repair, lending the surface a convincing history of use, in keeping with the wer liquid pouring setting.
renaissance_container_iba_liquid_washing_basin_01		The cast copper olive-oil washing basin is built chiefly from copper, with a deliberate silhouette and carefully fitted edges. The copper is worked into shallow planes and firm edges that catch the light without appearing machine-finished. A smoothed rim and weighted base keep the vessel stable during repeated service. Small tool marks remain at the less-visible edges, while the parts handled most often have been polished smooth, in keeping with the iba liquid washing setting.
renaissance_container_cen_liquid_medium_storage_jar_02		The stoneware beer medium storage jar is built chiefly from stoneware, with a deliberate silhouette and carefully fitted edges. Its fired stoneware body has a hard, even surface with a slightly thickened rim and foot. A smoothed rim and weighted base give the vessel a stable, practical form for repeated domestic service. Its corners show small signs of fitting and repair, lending the surface a convincing history of use, in keeping with the cen liquid medium setting.
renaissance_container_cen_liquid_small_footed_cup_01		The glass vinegar small footed cup is built chiefly from glass, with a deliberate silhouette and carefully fitted edges. The glass is gathered more thickly at the rim and base, giving the form a deliberate hand-made weight. A smoothed rim and weighted base give the vessel a stable, practical form for repeated domestic service. The visible faces are finished with restraint, allowing the material and its construction to remain easy to read, in keeping with the cen liquid small setting.
renaissance_container_nba_liquid_large_pitcher_01		The salt-glazed earthenware water large pitcher is built chiefly from earthenware, with a deliberate silhouette and carefully fitted edges. Its fired earthenware body has a hard, even surface with a slightly thickened rim and foot. A smoothed rim and weighted base keep the vessel stable during repeated service. The visible faces are finished with restraint, allowing the material and its construction to remain easy to read, in keeping with the nba liquid large setting.
renaissance_container_cef_liquid_small_footed_cup_01		The glass wine small footed cup is built chiefly from glass, with a deliberate silhouette and carefully fitted edges. The glass is gathered more thickly at the rim and base, giving the form a deliberate hand-made weight. A smoothed rim and weighted base give the vessel a stable, practical form for repeated domestic service. The visible faces are finished with restraint, allowing the material and its construction to remain easy to read, in keeping with the cef liquid small setting.
renaissance_container_eon_liquid_small_footed_cup_01		The glass lamp-oil small footed cup is built chiefly from glass, with a deliberate silhouette and carefully fitted edges. The glass is gathered more thickly at the rim and base, giving the form a deliberate hand-made weight. A smoothed rim and weighted base give the vessel a stable, practical form for repeated domestic service. The visible faces are finished with restraint, allowing the material and its construction to remain easy to read, in keeping with the eon liquid small setting.
renaissance_container_ott_liquid_great_storage_vat_03	A copper rosewater great storage vat is positioned here, its copper surfaces contributing a practical presence to the room.	The copper rosewater great storage vat is built chiefly from copper, with a deliberate silhouette and carefully fitted edges. The copper is worked into shallow planes and firm edges that catch the light without appearing machine-finished. A smoothed rim and weighted base keep the vessel stable during repeated service. The visible faces are finished with restraint, allowing the material and its construction to remain easy to read, in keeping with the ott liquid great setting.
renaissance_container_ott_liquid_household_pot_01		The mould-blown glass rosewater household pot is built chiefly from glass, with a deliberate silhouette and carefully fitted edges. The glass is gathered more thickly at the rim and base, giving the form a deliberate hand-made weight. A smoothed rim and weighted base give the vessel a stable, practical form for repeated domestic service. Its corners show small signs of fitting and repair, lending the surface a convincing history of use, in keeping with the ott liquid household setting.
renaissance_container_ott_liquid_medium_storage_jar_02		The glass sherbet medium storage jar is built chiefly from glass, with a deliberate silhouette and carefully fitted edges. The glass is gathered more thickly at the rim and base, giving the form a deliberate hand-made weight. A smoothed rim and weighted base give the vessel a stable, practical form for repeated domestic service. Small tool marks remain at the less-visible edges, while the parts handled most often have been polished smooth, in keeping with the ott liquid medium setting.
renaissance_container_sas_liquid_great_storage_vat_04	A teak oil great storage vat is positioned here, its teak surfaces contributing a practical presence to the room.	The teak oil great storage vat is built chiefly from teak, with a deliberate silhouette and carefully fitted edges. The teak grain is visible along its boards and braces, with the exposed edges burnished smooth. A smoothed rim and weighted base keep the vessel stable during repeated service. Subtle changes in sheen around the joins make the separate pieces and their careful fitting visible, in keeping with the sas liquid great setting.
renaissance_container_sas_liquid_household_rundlet_02		The lacquered teak water household rundlet is built chiefly from teak, with a deliberate silhouette and carefully fitted edges. The teak grain is visible along its boards and braces, with the exposed edges burnished smooth. A smoothed rim and weighted base keep the vessel stable during repeated service. Its corners show small signs of fitting and repair, lending the surface a convincing history of use, in keeping with the sas liquid household setting.
renaissance_container_sas_liquid_small_drinking_cup_01		The brass ghee small drinking cup is built chiefly from brass, with a deliberate silhouette and carefully fitted edges. The brass is worked into shallow planes and firm edges that catch the light without appearing machine-finished. A smoothed rim and weighted base give the vessel a stable, practical form for repeated domestic service. Its corners show small signs of fitting and repair, lending the surface a convincing history of use, in keeping with the sas liquid small setting.
renaissance_container_sas_liquid_small_footed_cup_03		The glass ghee small footed cup is built chiefly from glass, with a deliberate silhouette and carefully fitted edges. The glass is gathered more thickly at the rim and base, giving the form a deliberate hand-made weight. A smoothed rim and weighted base give the vessel a stable, practical form for repeated domestic service. Small tool marks remain at the less-visible edges, while the parts handled most often have been polished smooth, in keeping with the sas liquid small setting.
renaissance_container_eal_liquid_household_rundlet_03		The plain cypress wine household rundlet is built chiefly from cypress, with a deliberate silhouette and carefully fitted edges. The cypress grain is visible along its boards and braces, with the exposed edges burnished smooth. The upright body is broken into doors, panels, or shelves, with a firm plinth keeping the stored contents above the floor. Its corners show small signs of fitting and repair, lending the surface a convincing history of use, in keeping with the eal liquid household setting.
renaissance_container_eal_liquid_medium_storage_jar_02		The porcelain tea medium storage jar is built chiefly from porcelain, with a deliberate silhouette and carefully fitted edges. Its fired porcelain body has a hard, even surface with a slightly thickened rim and foot. A smoothed rim and weighted base give the vessel a stable, practical form for repeated domestic service. Its corners show small signs of fitting and repair, lending the surface a convincing history of use, in keeping with the eal liquid medium setting.
renaissance_container_eal_liquid_small_drinking_cup_01		The bamboo wine small drinking cup is built chiefly from bamboo, with a deliberate silhouette and carefully fitted edges. The bamboo grain is visible along its boards and braces, with the exposed edges burnished smooth. A smoothed rim and weighted base give the vessel a stable, practical form for repeated domestic service. Subtle changes in sheen around the joins make the separate pieces and their careful fitting visible, in keeping with the eal liquid small setting.
renaissance_container_jpn_liquid_pouring_ewer_01		The polished lacquer tea pouring ewer is built chiefly from lacquer, with a deliberate silhouette and carefully fitted edges. The lacquer surface is worked into clear planes and finished carefully around the principal edges. A smoothed rim and weighted base give the vessel a stable, practical form for repeated domestic service. The visible faces are finished with restraint, allowing the material and its construction to remain easy to read, in keeping with the jpn liquid pouring setting.
renaissance_container_jpn_liquid_stoppered_bottle_02		The wheel-cut glass vinegar stoppered bottle is built chiefly from glass, with a deliberate silhouette and carefully fitted edges. The glass is gathered more thickly at the rim and base, giving the form a deliberate hand-made weight. A smoothed rim and weighted base give the vessel a stable, practical form for repeated domestic service. Its corners show small signs of fitting and repair, lending the surface a convincing history of use, in keeping with the jpn liquid stoppered setting.
renaissance_container_mea_liquid_great_storage_vat_01	A cedar water great storage vat is positioned here, its cedar surfaces contributing a practical presence to the room.	The cedar water great storage vat is built chiefly from cedar, with a deliberate silhouette and carefully fitted edges. The cedar grain is visible along its boards and braces, with the exposed edges burnished smooth. A smoothed rim and weighted base keep the vessel stable during repeated service. Its corners show small signs of fitting and repair, lending the surface a convincing history of use, in keeping with the mea liquid great setting.
renaissance_container_mea_liquid_great_storage_vat_02	A cypress scent-water great storage vat is positioned here, its cypress surfaces contributing a practical presence to the room.	The cypress scent-water great storage vat is built chiefly from cypress, with a deliberate silhouette and carefully fitted edges. The cypress grain is visible along its boards and braces, with the exposed edges burnished smooth. The upright body is broken into doors, panels, or shelves, with a firm plinth keeping the stored contents above the floor. Small tool marks remain at the less-visible edges, while the parts handled most often have been polished smooth, in keeping with the mea liquid great setting.
renaissance_container_sem_liquid_stoppered_flask_01		The riveted bronze syrup stoppered flask is built chiefly from bronze, with a deliberate silhouette and carefully fitted edges. The bronze surface is worked into clear planes and finished carefully around the principal edges. A smoothed rim and weighted base give the vessel a stable, practical form for repeated domestic service. Subtle changes in sheen around the joins make the separate pieces and their careful fitting visible, in keeping with the sem liquid stoppered setting.
renaissance_container_stp_liquid_large_storage_jar_01		The brass fermented milk large storage jar is built chiefly from brass, with a deliberate silhouette and carefully fitted edges. The brass is worked into shallow planes and firm edges that catch the light without appearing machine-finished. A smoothed rim and weighted base give the vessel a stable, practical form for repeated domestic service. The visible faces are finished with restraint, allowing the material and its construction to remain easy to read, in keeping with the stp liquid large setting.
renaissance_container_stp_liquid_small_drinking_cup_02		The copper oil small drinking cup is built chiefly from copper, with a deliberate silhouette and carefully fitted edges. The copper is worked into shallow planes and firm edges that catch the light without appearing machine-finished. A smoothed rim and weighted base give the vessel a stable, practical form for repeated domestic service. Small tool marks remain at the less-visible edges, while the parts handled most often have been polished smooth, in keeping with the stp liquid small setting.
renaissance_container_aca_liquid_pouring_ewer_01		The glazed earthenware water pouring ewer is built chiefly from earthenware, with a deliberate silhouette and carefully fitted edges. Its fired earthenware body has a hard, even surface with a slightly thickened rim and foot. A smoothed rim and weighted base give the vessel a stable, practical form for repeated domestic service. Subtle changes in sheen around the joins make the separate pieces and their careful fitting visible, in keeping with the aca liquid pouring setting.
renaissance_container_sai_liquid_great_storage_vat_01	A wood medicine great storage vat is positioned here, its wood surfaces contributing a practical presence to the room.	The wood medicine great storage vat is built chiefly from wood, with a deliberate silhouette and carefully fitted edges. The wood surface is worked into clear planes and finished carefully around the principal edges. A smoothed rim and weighted base keep the vessel stable during repeated service. The visible faces are finished with restraint, allowing the material and its construction to remain easy to read, in keeping with the sai liquid great setting.
renaissance_container_rse_liquid_stoppered_flask_01		The burnished copper wine stoppered flask is built chiefly from copper, with a deliberate silhouette and carefully fitted edges. The copper is worked into shallow planes and firm edges that catch the light without appearing machine-finished. A smoothed rim and weighted base give the vessel a stable, practical form for repeated domestic service. Its corners show small signs of fitting and repair, lending the surface a convincing history of use, in keeping with the rse liquid stoppered setting.
renaissance_container_ind_liquid_medium_storage_jar_01		The earthenware syrup medium storage jar is built chiefly from earthenware, with a deliberate silhouette and carefully fitted edges. Its fired earthenware body has a hard, even surface with a slightly thickened rim and foot. A smoothed rim and weighted base give the vessel a stable, practical form for repeated domestic service. Its corners show small signs of fitting and repair, lending the surface a convincing history of use, in keeping with the ind liquid medium setting.
renaissance_container_mes_liquid_small_footed_cup_01		The wood water small footed cup is built chiefly from wood, with a deliberate silhouette and carefully fitted edges. The wood surface is worked into clear planes and finished carefully around the principal edges. A smoothed rim and weighted base give the vessel a stable, practical form for repeated domestic service. Small tool marks remain at the less-visible edges, while the parts handled most often have been polished smooth, in keeping with the mes liquid small setting.
renaissance_container_mes_liquid_washing_basin_02		The clay honey drink washing basin is built chiefly from clay, with a deliberate silhouette and carefully fitted edges. The clay surface is worked into clear planes and finished carefully around the principal edges. A smoothed rim and weighted base keep the vessel stable during repeated service. Subtle changes in sheen around the joins make the separate pieces and their careful fitting visible, in keeping with the mes liquid washing setting.
renaissance_container_and_liquid_pouring_ewer_01		The wood herbal drink pouring ewer is built chiefly from wood, with a deliberate silhouette and carefully fitted edges. The wood surface is worked into clear planes and finished carefully around the principal edges. A smoothed rim and weighted base give the vessel a stable, practical form for repeated domestic service. Small tool marks remain at the less-visible edges, while the parts handled most often have been polished smooth, in keeping with the and liquid pouring setting.
renaissance_container_car_liquid_large_pitcher_02		The burnished clay cassava-drink large pitcher is built chiefly from clay, with a deliberate silhouette and carefully fitted edges. The clay surface is worked into clear planes and finished carefully around the principal edges. A smoothed rim and weighted base keep the vessel stable during repeated service. Its corners show small signs of fitting and repair, lending the surface a convincing history of use, in keeping with the car liquid large setting.
renaissance_container_car_liquid_medium_storage_jar_01		The earthenware fruit drink medium storage jar is built chiefly from earthenware, with a deliberate silhouette and carefully fitted edges. Its fired earthenware body has a hard, even surface with a slightly thickened rim and foot. A smoothed rim and weighted base give the vessel a stable, practical form for repeated domestic service. Subtle changes in sheen around the joins make the separate pieces and their careful fitting visible, in keeping with the car liquid medium setting.
renaissance_container_nac_liquid_household_pot_02		The carved wood water household pot is built chiefly from wood, with a deliberate silhouette and carefully fitted edges. The wood surface is worked into clear planes and finished carefully around the principal edges. A smoothed rim and weighted base give the vessel a stable, practical form for repeated domestic service. Its corners show small signs of fitting and repair, lending the surface a convincing history of use, in keeping with the nac liquid household setting.
renaissance_container_nac_liquid_pouring_ewer_01		The plain wood water pouring ewer is built chiefly from wood, with a deliberate silhouette and carefully fitted edges. The wood surface is worked into clear planes and finished carefully around the principal edges. A smoothed rim and weighted base give the vessel a stable, practical form for repeated domestic service. Its corners show small signs of fitting and repair, lending the surface a convincing history of use, in keeping with the nac liquid pouring setting.
renaissance_container_col_liquid_large_storage_jar_01		The copper wine large storage jar is built chiefly from copper, with a deliberate silhouette and carefully fitted edges. The copper is worked into shallow planes and firm edges that catch the light without appearing machine-finished. A smoothed rim and weighted base give the vessel a stable, practical form for repeated domestic service. Small tool marks remain at the less-visible edges, while the parts handled most often have been polished smooth, in keeping with the col liquid large setting.
renaissance_container_col_liquid_washing_basin_02		The painted stoneware wine washing basin is built chiefly from stoneware, with a deliberate silhouette and carefully fitted edges. Its fired stoneware body has a hard, even surface with a slightly thickened rim and foot. A smoothed rim and weighted base keep the vessel stable during repeated service. Its corners show small signs of fitting and repair, lending the surface a convincing history of use, in keeping with the col liquid washing setting.
renaissance_container_mar_liquid_drinking_beaker_02		The wheel-cut glass wine drinking beaker is built chiefly from glass, with a deliberate silhouette and carefully fitted edges. The glass is gathered more thickly at the rim and base, giving the form a deliberate hand-made weight. A smoothed rim and weighted base give the vessel a stable, practical form for repeated domestic service. Its corners show small signs of fitting and repair, lending the surface a convincing history of use, in keeping with the mar liquid drinking setting.
renaissance_container_mar_liquid_small_drinking_cup_01		The wrought-iron wine small drinking cup is built chiefly from wrought iron, with a deliberate silhouette and carefully fitted edges. The wrought iron is worked into shallow planes and firm edges that catch the light without appearing machine-finished. A smoothed rim and weighted base give the vessel a stable, practical form for repeated domestic service. Small tool marks remain at the less-visible edges, while the parts handled most often have been polished smooth, in keeping with the mar liquid small setting.
renaissance_container_wer_personal_fitted_belt_case_02		The copper printed-sheet fitted belt case is built chiefly from copper, with a deliberate silhouette and carefully fitted edges. The copper is worked into shallow planes and firm edges that catch the light without appearing machine-finished. A close-fitting top or flap sits over the compact compartment, while the corners are reinforced for regular handling. Its corners show small signs of fitting and repair, lending the surface a convincing history of use, in keeping with the wer personal fitted setting.
renaissance_container_wer_personal_scroll_case_01		The brass-capped beech printed-sheet scroll case is built chiefly from beech, with a deliberate silhouette and carefully fitted edges. The beech surface is worked into clear planes and finished carefully around the principal edges. A close-fitting top or flap sits over the compact compartment, while the corners are reinforced for regular handling. Its corners show small signs of fitting and repair, lending the surface a convincing history of use, in keeping with the wer personal scroll setting.
renaissance_container_iba_personal_belt_pouch_02		The plain-woven canvas scent-bottle belt pouch is built chiefly from canvas, with a deliberate silhouette and carefully fitted edges. The canvas surface is worked into clear planes and finished carefully around the principal edges. A smoothed rim and weighted base give the vessel a stable, practical form for repeated domestic service. The visible faces are finished with restraint, allowing the material and its construction to remain easy to read, in keeping with the iba personal belt setting.
renaissance_container_iba_personal_portable_writing_box_03		The chestnut cacao-sample portable writing box is built chiefly from chestnut, with a deliberate silhouette and carefully fitted edges. The chestnut surface is worked into clear planes and finished carefully around the principal edges. A close-fitting top or flap sits over the compact compartment, while the corners are reinforced for regular handling. The visible faces are finished with restraint, allowing the material and its construction to remain easy to read, in keeping with the iba personal portable setting.
renaissance_container_iba_personal_shoulder_basket_01		The close-woven willow mission-supply shoulder basket is built chiefly from willow, with a deliberate silhouette and carefully fitted edges. The willow surface is worked into clear planes and finished carefully around the principal edges. Its compartment is bordered by fitted panels, open shelving, or a lined interior, with the accessible edges worn smooth. Subtle changes in sheen around the joins make the separate pieces and their careful fitting visible, in keeping with the iba personal shoulder setting.
renaissance_container_cen_personal_waterskin_sling_01		The tooled leather medicine waterskin sling is built chiefly from leather, with a deliberate silhouette and carefully fitted edges. The leather is cut neatly and secured wherever it meets the reinforced edges of the form. A smoothed rim and weighted base keep the vessel stable during repeated service. The visible faces are finished with restraint, allowing the material and its construction to remain easy to read, in keeping with the cen personal waterskin setting.
renaissance_container_nba_personal_shoulder_satchel_01		The quilted leather wax-parcel shoulder satchel is built chiefly from leather, with a deliberate silhouette and carefully fitted edges. The leather is cut neatly and secured wherever it meets the reinforced edges of the form. A close-fitting top or flap sits over the compact compartment, while the corners are reinforced for regular handling. The visible faces are finished with restraint, allowing the material and its construction to remain easy to read, in keeping with the nba personal shoulder setting.
renaissance_container_cef_personal_portable_writing_box_01		The willow wax-seal portable writing box is built chiefly from willow, with a deliberate silhouette and carefully fitted edges. The willow surface is worked into clear planes and finished carefully around the principal edges. A close-fitting top or flap sits over the compact compartment, while the corners are reinforced for regular handling. The visible faces are finished with restraint, allowing the material and its construction to remain easy to read, in keeping with the cef personal portable setting.
renaissance_container_eon_personal_document_wallet_01		The waxed canvas chancery-paper document wallet is built chiefly from canvas, with a deliberate silhouette and carefully fitted edges. The canvas surface is worked into clear planes and finished carefully around the principal edges. Its compartment is bordered by fitted panels, open shelving, or a lined interior, with the accessible edges worn smooth. Small tool marks remain at the less-visible edges, while the parts handled most often have been polished smooth, in keeping with the eon personal document setting.
renaissance_container_eon_personal_shoulder_basket_02		The plaited wicker fur-parcel shoulder basket is built chiefly from wicker, with a deliberate silhouette and carefully fitted edges. The wicker surface is worked into clear planes and finished carefully around the principal edges. Its compartment is bordered by fitted panels, open shelving, or a lined interior, with the accessible edges worn smooth. The visible faces are finished with restraint, allowing the material and its construction to remain easy to read, in keeping with the eon personal shoulder setting.
renaissance_container_ott_personal_document_wallet_01		The embroidered leather perfume-vial document wallet is built chiefly from leather, with a deliberate silhouette and carefully fitted edges. The leather is cut neatly and secured wherever it meets the reinforced edges of the form. Its compartment is bordered by fitted panels, open shelving, or a lined interior, with the accessible edges worn smooth. The visible faces are finished with restraint, allowing the material and its construction to remain easy to read, in keeping with the ott personal document setting.
renaissance_container_ott_personal_fitted_belt_case_02		The cypress chancery-paper fitted belt case is built chiefly from cypress, with a deliberate silhouette and carefully fitted edges. The cypress grain is visible along its boards and braces, with the exposed edges burnished smooth. The upright body is broken into doors, panels, or shelves, with a firm plinth keeping the stored contents above the floor. Small tool marks remain at the less-visible edges, while the parts handled most often have been polished smooth, in keeping with the ott personal fitted setting.
renaissance_container_pip_personal_back_pack_03		The waxed leather seal-matrix back pack is built chiefly from leather, with a deliberate silhouette and carefully fitted edges. The leather is cut neatly and secured wherever it meets the reinforced edges of the form. Its compartment is bordered by fitted panels, open shelving, or a lined interior, with the accessible edges worn smooth. The visible faces are finished with restraint, allowing the material and its construction to remain easy to read, in keeping with the pip personal back setting.
renaissance_container_pip_personal_shoulder_satchel_02		The waxed leather carpet-sample shoulder satchel is built chiefly from leather, with a deliberate silhouette and carefully fitted edges. The leather is cut neatly and secured wherever it meets the reinforced edges of the form. A close-fitting top or flap sits over the compact compartment, while the corners are reinforced for regular handling. Subtle changes in sheen around the joins make the separate pieces and their careful fitting visible, in keeping with the pip personal shoulder setting.
renaissance_container_pip_personal_waist_purse_01		The doubled leather pigment waist purse is built chiefly from leather, with a deliberate silhouette and carefully fitted edges. The leather is cut neatly and secured wherever it meets the reinforced edges of the form. A close-fitting top or flap sits over the compact compartment, while the corners are reinforced for regular handling. Subtle changes in sheen around the joins make the separate pieces and their careful fitting visible, in keeping with the pip personal waist setting.
renaissance_container_sas_personal_shoulder_bag_01		The corded cotton sandalwood shoulder bag is built chiefly from cotton, with a deliberate silhouette and carefully fitted edges. The cotton surface is worked into clear planes and finished carefully around the principal edges. Its compartment is bordered by fitted panels, open shelving, or a lined interior, with the accessible edges worn smooth. The visible faces are finished with restraint, allowing the material and its construction to remain easy to read, in keeping with the sas personal shoulder setting.
renaissance_container_eal_personal_portable_writing_box_02		The rattan medicine-packet portable writing box is built chiefly from rattan, with a deliberate silhouette and carefully fitted edges. The rattan grain is visible along its boards and braces, with the exposed edges burnished smooth. A close-fitting top or flap sits over the compact compartment, while the corners are reinforced for regular handling. Subtle changes in sheen around the joins make the separate pieces and their careful fitting visible, in keeping with the eal personal portable setting.
renaissance_container_eal_personal_shoulder_basket_03		The close-woven bamboo porcelain-sample shoulder basket is built chiefly from bamboo, with a deliberate silhouette and carefully fitted edges. The bamboo grain is visible along its boards and braces, with the exposed edges burnished smooth. Its compartment is bordered by fitted panels, open shelving, or a lined interior, with the accessible edges worn smooth. Subtle changes in sheen around the joins make the separate pieces and their careful fitting visible, in keeping with the eal personal shoulder setting.
renaissance_container_eal_personal_shoulder_basket_04		The openwork rattan book-leaf shoulder basket is built chiefly from rattan, with a deliberate silhouette and carefully fitted edges. The rattan grain is visible along its boards and braces, with the exposed edges burnished smooth. Its compartment is bordered by fitted panels, open shelving, or a lined interior, with the accessible edges worn smooth. Its corners show small signs of fitting and repair, lending the surface a convincing history of use, in keeping with the eal personal shoulder setting.
renaissance_container_eal_personal_waterskin_sling_01		The polished wood oil waterskin sling is built chiefly from wood, with a deliberate silhouette and carefully fitted edges. The wood surface is worked into clear planes and finished carefully around the principal edges. A smoothed rim and weighted base keep the vessel stable during repeated service. The visible faces are finished with restraint, allowing the material and its construction to remain easy to read, in keeping with the eal personal waterskin setting.
renaissance_container_jpn_personal_back_pack_01		The quilted bamboo tea-utensil back pack is built chiefly from bamboo, with a deliberate silhouette and carefully fitted edges. The bamboo grain is visible along its boards and braces, with the exposed edges burnished smooth. Its compartment is bordered by fitted panels, open shelving, or a lined interior, with the accessible edges worn smooth. Subtle changes in sheen around the joins make the separate pieces and their careful fitting visible, in keeping with the jpn personal back setting.
renaissance_container_jpn_personal_fitted_belt_case_02		The cedar medicine-packet fitted belt case is built chiefly from cedar, with a deliberate silhouette and carefully fitted edges. The cedar grain is visible along its boards and braces, with the exposed edges burnished smooth. A close-fitting top or flap sits over the compact compartment, while the corners are reinforced for regular handling. The visible faces are finished with restraint, allowing the material and its construction to remain easy to read, in keeping with the jpn personal fitted setting.
renaissance_container_jpn_personal_shoulder_satchel_03		The waxed wood sword-fitting shoulder satchel is built chiefly from wood, with a deliberate silhouette and carefully fitted edges. The wood surface is worked into clear planes and finished carefully around the principal edges. A close-fitting top or flap sits over the compact compartment, while the corners are reinforced for regular handling. Subtle changes in sheen around the joins make the separate pieces and their careful fitting visible, in keeping with the jpn personal shoulder setting.
renaissance_container_mea_personal_portable_writing_box_01		The cypress tribute-paper portable writing box is built chiefly from cypress, with a deliberate silhouette and carefully fitted edges. The cypress grain is visible along its boards and braces, with the exposed edges burnished smooth. The upright body is broken into doors, panels, or shelves, with a firm plinth keeping the stored contents above the floor. Subtle changes in sheen around the joins make the separate pieces and their careful fitting visible, in keeping with the mea personal portable setting.
renaissance_container_mea_personal_shoulder_basket_02		The lidded rattan lacquerware-sample shoulder basket is built chiefly from rattan, with a deliberate silhouette and carefully fitted edges. The rattan grain is visible along its boards and braces, with the exposed edges burnished smooth. Its compartment is bordered by fitted panels, open shelving, or a lined interior, with the accessible edges worn smooth. Subtle changes in sheen around the joins make the separate pieces and their careful fitting visible, in keeping with the mea personal shoulder setting.
renaissance_container_sem_personal_portable_writing_box_01		The rattan silk-pattern portable writing box is built chiefly from rattan, with a deliberate silhouette and carefully fitted edges. The rattan grain is visible along its boards and braces, with the exposed edges burnished smooth. A close-fitting top or flap sits over the compact compartment, while the corners are reinforced for regular handling. Small tool marks remain at the less-visible edges, while the parts handled most often have been polished smooth, in keeping with the sem personal portable setting.
renaissance_container_msea_personal_belt_pouch_01		The embroidered leather pepper-sample belt pouch is built chiefly from leather, with a deliberate silhouette and carefully fitted edges. The leather is cut neatly and secured wherever it meets the reinforced edges of the form. Its compartment is bordered by fitted panels, open shelving, or a lined interior, with the accessible edges worn smooth. Subtle changes in sheen around the joins make the separate pieces and their careful fitting visible, in keeping with the msea personal belt setting.
renaissance_container_stp_personal_shoulder_basket_02		The reed-bound reed arrow-fitting shoulder basket is built chiefly from reed, with a deliberate silhouette and carefully fitted edges. The reed surface is worked into clear planes and finished carefully around the principal edges. Its compartment is bordered by fitted panels, open shelving, or a lined interior, with the accessible edges worn smooth. Subtle changes in sheen around the joins make the separate pieces and their careful fitting visible, in keeping with the stp personal shoulder setting.
renaissance_container_stp_personal_waist_purse_01		The hide-reinforced felt medicine-packet waist purse is built chiefly from felt, with a deliberate silhouette and carefully fitted edges. The felt surface is worked into clear planes and finished carefully around the principal edges. A close-fitting top or flap sits over the compact compartment, while the corners are reinforced for regular handling. Small tool marks remain at the less-visible edges, while the parts handled most often have been polished smooth, in keeping with the stp personal waist setting.
renaissance_container_aca_personal_portable_writing_box_02		The brass ivory-parcel portable writing box is built chiefly from brass, with a deliberate silhouette and carefully fitted edges. The brass is worked into shallow planes and firm edges that catch the light without appearing machine-finished. A close-fitting top or flap sits over the compact compartment, while the corners are reinforced for regular handling. The visible faces are finished with restraint, allowing the material and its construction to remain easy to read, in keeping with the aca personal portable setting.
renaissance_container_aca_personal_waist_purse_01		The embroidered leather metal-fitting waist purse is built chiefly from leather, with a deliberate silhouette and carefully fitted edges. The leather is cut neatly and secured wherever it meets the reinforced edges of the form. A close-fitting top or flap sits over the compact compartment, while the corners are reinforced for regular handling. Subtle changes in sheen around the joins make the separate pieces and their careful fitting visible, in keeping with the aca personal waist setting.
renaissance_container_sai_personal_sample_roll_case_01		The cedar seal-matrix sample roll case is built chiefly from cedar, with a deliberate silhouette and carefully fitted edges. The cedar grain is visible along its boards and braces, with the exposed edges burnished smooth. A close-fitting top or flap sits over the compact compartment, while the corners are reinforced for regular handling. The visible faces are finished with restraint, allowing the material and its construction to remain easy to read, in keeping with the sai personal sample setting.
renaissance_container_rse_personal_sample_roll_case_01		The brass scent-vial sample roll case is built chiefly from brass, with a deliberate silhouette and carefully fitted edges. The brass is worked into shallow planes and firm edges that catch the light without appearing machine-finished. A close-fitting top or flap sits over the compact compartment, while the corners are reinforced for regular handling. Subtle changes in sheen around the joins make the separate pieces and their careful fitting visible, in keeping with the rse personal sample setting.
renaissance_container_ind_personal_back_pack_02		The corded leather bead-lot back pack is built chiefly from leather, with a deliberate silhouette and carefully fitted edges. The leather is cut neatly and secured wherever it meets the reinforced edges of the form. Its compartment is bordered by fitted panels, open shelving, or a lined interior, with the accessible edges worn smooth. Subtle changes in sheen around the joins make the separate pieces and their careful fitting visible, in keeping with the ind personal back setting.
renaissance_container_ind_personal_document_wallet_03		The quilted cotton bead-lot document wallet is built chiefly from cotton, with a deliberate silhouette and carefully fitted edges. The cotton surface is worked into clear planes and finished carefully around the principal edges. Its compartment is bordered by fitted panels, open shelving, or a lined interior, with the accessible edges worn smooth. Its corners show small signs of fitting and repair, lending the surface a convincing history of use, in keeping with the ind personal document setting.
renaissance_container_ind_personal_waterskin_sling_01		The tooled leather wine waterskin sling is built chiefly from leather, with a deliberate silhouette and carefully fitted edges. The leather is cut neatly and secured wherever it meets the reinforced edges of the form. A smoothed rim and weighted base keep the vessel stable during repeated service. Subtle changes in sheen around the joins make the separate pieces and their careful fitting visible, in keeping with the ind personal waterskin setting.
renaissance_container_mes_personal_document_wallet_02		The embroidered hide obsidian-lot document wallet is built chiefly from animal skin, with a deliberate silhouette and carefully fitted edges. The animal skin surface is worked into clear planes and finished carefully around the principal edges. Its compartment is bordered by fitted panels, open shelving, or a lined interior, with the accessible edges worn smooth. Small tool marks remain at the less-visible edges, while the parts handled most often have been polished smooth, in keeping with the mes personal document setting.
renaissance_container_mes_personal_scroll_case_01		The lacquered leather shell-ornament scroll case is built chiefly from leather, with a deliberate silhouette and carefully fitted edges. The leather is cut neatly and secured wherever it meets the reinforced edges of the form. A close-fitting top or flap sits over the compact compartment, while the corners are reinforced for regular handling. Subtle changes in sheen around the joins make the separate pieces and their careful fitting visible, in keeping with the mes personal scroll setting.
renaissance_container_and_personal_document_wallet_02		The plain-woven leather metal-ornament document wallet is built chiefly from leather, with a deliberate silhouette and carefully fitted edges. The leather is cut neatly and secured wherever it meets the reinforced edges of the form. Its compartment is bordered by fitted panels, open shelving, or a lined interior, with the accessible edges worn smooth. Subtle changes in sheen around the joins make the separate pieces and their careful fitting visible, in keeping with the and personal document setting.
renaissance_container_and_personal_scroll_case_03		The plain leather metal-ornament scroll case is built chiefly from leather, with a deliberate silhouette and carefully fitted edges. The leather is cut neatly and secured wherever it meets the reinforced edges of the form. A close-fitting top or flap sits over the compact compartment, while the corners are reinforced for regular handling. Subtle changes in sheen around the joins make the separate pieces and their careful fitting visible, in keeping with the and personal scroll setting.
renaissance_container_and_personal_shoulder_satchel_01		The corded wool maize-measure shoulder satchel is built chiefly from wool, with a deliberate silhouette and carefully fitted edges. The wool surface is worked into clear planes and finished carefully around the principal edges. A close-fitting top or flap sits over the compact compartment, while the corners are reinforced for regular handling. Its corners show small signs of fitting and repair, lending the surface a convincing history of use, in keeping with the and personal shoulder setting.
renaissance_container_car_personal_shoulder_bag_01		The quilted leather cotton-lot shoulder bag is built chiefly from leather, with a deliberate silhouette and carefully fitted edges. The leather is cut neatly and secured wherever it meets the reinforced edges of the form. Its compartment is bordered by fitted panels, open shelving, or a lined interior, with the accessible edges worn smooth. Small tool marks remain at the less-visible edges, while the parts handled most often have been polished smooth, in keeping with the car personal shoulder setting.
renaissance_container_nac_personal_waterskin_sling_01		The incised gourd-shell oil waterskin sling is built chiefly from gourd shell, with a deliberate silhouette and carefully fitted edges. The gourd shell surface is worked into clear planes and finished carefully around the principal edges. A smoothed rim and weighted base keep the vessel stable during repeated service. The visible faces are finished with restraint, allowing the material and its construction to remain easy to read, in keeping with the nac personal waterskin setting.
renaissance_container_col_personal_shoulder_bag_01		The plain-woven leather tobacco-lot shoulder bag is built chiefly from leather, with a deliberate silhouette and carefully fitted edges. The leather is cut neatly and secured wherever it meets the reinforced edges of the form. Its compartment is bordered by fitted panels, open shelving, or a lined interior, with the accessible edges worn smooth. Small tool marks remain at the less-visible edges, while the parts handled most often have been polished smooth, in keeping with the col personal shoulder setting.
renaissance_container_mar_personal_sample_roll_case_01		The oak bottle-sample roll case is built chiefly from oak, with a deliberate silhouette and carefully fitted edges. The oak grain is visible along its boards and braces, with the exposed edges burnished smooth. A close-fitting top or flap sits over the compact compartment, while the corners are reinforced for regular handling. Small tool marks remain at the less-visible edges, while the parts handled most often have been polished smooth, in keeping with the mar personal sample setting.
renaissance_container_wer_trade_large_trade_cask_06		The cedar apothecary-stock large trade cask is built chiefly from cedar, with a deliberate silhouette and carefully fitted edges. The cedar grain is visible along its boards and braces, with the exposed edges burnished smooth. A smoothed rim and weighted base give the vessel a stable, practical form for repeated domestic service. The visible faces are finished with restraint, allowing the material and its construction to remain easy to read, in keeping with the wer trade large setting.
renaissance_container_wer_trade_lidded_trade_basket_01		The willow cloth-sample lidded trade basket is built chiefly from willow, with a deliberate silhouette and carefully fitted edges. The willow surface is worked into clear planes and finished carefully around the principal edges. Its compartment is bordered by fitted panels, open shelving, or a lined interior, with the accessible edges worn smooth. Its corners show small signs of fitting and repair, lending the surface a convincing history of use, in keeping with the wer trade lidded setting.
renaissance_container_wer_trade_locking_trade_coffer_05		The beech seal-and-weight locking trade coffer is built chiefly from beech, with a deliberate silhouette and carefully fitted edges. The beech surface is worked into clear planes and finished carefully around the principal edges. A close-fitting top or flap sits over the compact compartment, while the corners are reinforced for regular handling. Its corners show small signs of fitting and repair, lending the surface a convincing history of use, in keeping with the wer trade locking setting.
renaissance_container_wer_trade_marked_commodity_sack_02		The leather apothecary-stock marked commodity sack is built chiefly from leather, with a deliberate silhouette and carefully fitted edges. The leather is cut neatly and secured wherever it meets the reinforced edges of the form. A smoothed rim and weighted base give the vessel a stable, practical form for repeated domestic service. Its corners show small signs of fitting and repair, lending the surface a convincing history of use, in keeping with the wer trade marked setting.
renaissance_container_wer_trade_sealable_archive_coffer_04		The cedar silk-pattern wax-sealable archive coffer is built chiefly from cedar, with a deliberate silhouette and carefully fitted edges. The cedar grain is visible along its boards and braces, with the exposed edges burnished smooth. A close-fitting top or flap sits over the compact compartment, while the corners are reinforced for regular handling. Subtle changes in sheen around the joins make the separate pieces and their careful fitting visible, in keeping with the wer trade sealable setting.
renaissance_container_wer_trade_segmented_packing_crate_03		The wicker seal-and-weight segmented packing crate is built chiefly from wicker, with a deliberate silhouette and carefully fitted edges. The wicker surface is worked into clear planes and finished carefully around the principal edges. Its compartment is bordered by fitted panels, open shelving, or a lined interior, with the accessible edges worn smooth. The visible faces are finished with restraint, allowing the material and its construction to remain easy to read, in keeping with the wer trade segmented setting.
renaissance_container_iba_trade_lidded_trade_basket_01		The wicker silver-parcel lidded trade basket is built chiefly from wicker, with a deliberate silhouette and carefully fitted edges. The wicker surface is worked into clear planes and finished carefully around the principal edges. Its compartment is bordered by fitted panels, open shelving, or a lined interior, with the accessible edges worn smooth. The visible faces are finished with restraint, allowing the material and its construction to remain easy to read, in keeping with the iba trade lidded setting.
renaissance_container_iba_trade_marked_commodity_sack_03		The canvas dyestuff marked commodity sack is built chiefly from canvas, with a deliberate silhouette and carefully fitted edges. The canvas surface is worked into clear planes and finished carefully around the principal edges. Its compartment is bordered by fitted panels, open shelving, or a lined interior, with the accessible edges worn smooth. Subtle changes in sheen around the joins make the separate pieces and their careful fitting visible, in keeping with the iba trade marked setting.
renaissance_container_iba_trade_strong_trade_chest_02		The cedar dyestuff strong trade chest is built chiefly from cedar, with a deliberate silhouette and carefully fitted edges. The cedar grain is visible along its boards and braces, with the exposed edges burnished smooth. A close-fitting top or flap sits over the compact compartment, while the corners are reinforced for regular handling. Subtle changes in sheen around the joins make the separate pieces and their careful fitting visible, in keeping with the iba trade strong setting.
renaissance_container_cen_trade_deep_trade_hamper_03		The wicker clock-part deep trade hamper is built chiefly from wicker, with a deliberate silhouette and carefully fitted edges. The wicker surface is worked into clear planes and finished carefully around the principal edges. The tall case frames its dial opening and lower panel in a balanced vertical arrangement, with the visible joinery kept neat. Small tool marks remain at the less-visible edges, while the parts handled most often have been polished smooth, in keeping with the cen trade deep setting.
renaissance_container_cen_trade_large_trade_cask_02		The ash guild-seal large trade cask is built chiefly from ash, with a deliberate silhouette and carefully fitted edges. The ash grain is visible along its boards and braces, with the exposed edges burnished smooth. Its compartment is bordered by fitted panels, open shelving, or a lined interior, with the accessible edges worn smooth. The visible faces are finished with restraint, allowing the material and its construction to remain easy to read, in keeping with the cen trade large setting.
renaissance_container_cen_trade_strong_trade_chest_01		The brass metal-sample strong trade chest is built chiefly from brass, with a deliberate silhouette and carefully fitted edges. The brass is worked into shallow planes and firm edges that catch the light without appearing machine-finished. A close-fitting top or flap sits over the compact compartment, while the corners are reinforced for regular handling. Its corners show small signs of fitting and repair, lending the surface a convincing history of use, in keeping with the cen trade strong setting.
renaissance_container_nba_trade_locking_trade_coffer_02		The oak ship-paper locking trade coffer is built chiefly from oak, with a deliberate silhouette and carefully fitted edges. The oak grain is visible along its boards and braces, with the exposed edges burnished smooth. A close-fitting top or flap sits over the compact compartment, while the corners are reinforced for regular handling. Its corners show small signs of fitting and repair, lending the surface a convincing history of use, in keeping with the nba trade locking setting.
renaissance_container_nba_trade_strong_trade_chest_01		The copper tar-sample strong trade chest is built chiefly from copper, with a deliberate silhouette and carefully fitted edges. The copper is worked into shallow planes and firm edges that catch the light without appearing machine-finished. A close-fitting top or flap sits over the compact compartment, while the corners are reinforced for regular handling. Subtle changes in sheen around the joins make the separate pieces and their careful fitting visible, in keeping with the nba trade strong setting.
renaissance_container_cef_trade_lidded_trade_basket_03		The wicker cloth-sample lidded trade basket is built chiefly from wicker, with a deliberate silhouette and carefully fitted edges. The wicker surface is worked into clear planes and finished carefully around the principal edges. Its compartment is bordered by fitted panels, open shelving, or a lined interior, with the accessible edges worn smooth. The visible faces are finished with restraint, allowing the material and its construction to remain easy to read, in keeping with the cef trade lidded setting.
renaissance_container_cef_trade_locking_trade_coffer_01		The pewter coin-weight locking trade coffer is built chiefly from pewter, with a deliberate silhouette and carefully fitted edges. The pewter is worked into shallow planes and firm edges that catch the light without appearing machine-finished. A close-fitting top or flap sits over the compact compartment, while the corners are reinforced for regular handling. Its corners show small signs of fitting and repair, lending the surface a convincing history of use, in keeping with the cef trade locking setting.
renaissance_container_cef_trade_strong_trade_chest_02		The copper wax-seal strong trade chest is built chiefly from copper, with a deliberate silhouette and carefully fitted edges. The copper is worked into shallow planes and firm edges that catch the light without appearing machine-finished. A close-fitting top or flap sits over the compact compartment, while the corners are reinforced for regular handling. Small tool marks remain at the less-visible edges, while the parts handled most often have been polished smooth, in keeping with the cef trade strong setting.
renaissance_container_eon_trade_document_coffer_01		The chased brass cloth-bolt document coffer is built chiefly from brass, with a deliberate silhouette and carefully fitted edges. The brass is worked into shallow planes and firm edges that catch the light without appearing machine-finished. A close-fitting top or flap sits over the compact compartment, while the corners are reinforced for regular handling. Small tool marks remain at the less-visible edges, while the parts handled most often have been polished smooth, in keeping with the eon trade document setting.
renaissance_container_eon_trade_large_trade_cask_02		The pine salt-sample large trade cask is built chiefly from pine, with a deliberate silhouette and carefully fitted edges. The pine grain is visible along its boards and braces, with the exposed edges burnished smooth. Its compartment is bordered by fitted panels, open shelving, or a lined interior, with the accessible edges worn smooth. The visible faces are finished with restraint, allowing the material and its construction to remain easy to read, in keeping with the eon trade large setting.
renaissance_container_ott_trade_large_trade_cask_01		The walnut ceramic-sample large trade cask is built chiefly from walnut, with a deliberate silhouette and carefully fitted edges. The walnut grain is visible along its boards and braces, with the exposed edges burnished smooth. Its compartment is bordered by fitted panels, open shelving, or a lined interior, with the accessible edges worn smooth. The visible faces are finished with restraint, allowing the material and its construction to remain easy to read, in keeping with the ott trade large setting.
renaissance_container_ott_trade_large_transport_jar_04		The stoneware oil large transport jar is built chiefly from stoneware, with a deliberate silhouette and carefully fitted edges. Its fired stoneware body has a hard, even surface with a slightly thickened rim and foot. A smoothed rim and weighted base give the vessel a stable, practical form for repeated domestic service. Small tool marks remain at the less-visible edges, while the parts handled most often have been polished smooth, in keeping with the ott trade large setting.
renaissance_container_ott_trade_segmented_packing_crate_02		The wicker chancery-paper segmented packing crate is built chiefly from wicker, with a deliberate silhouette and carefully fitted edges. The wicker surface is worked into clear planes and finished carefully around the principal edges. Its compartment is bordered by fitted panels, open shelving, or a lined interior, with the accessible edges worn smooth. The visible faces are finished with restraint, allowing the material and its construction to remain easy to read, in keeping with the ott trade segmented setting.
renaissance_container_ott_trade_segmented_packing_crate_03		The reed perfume-vial segmented packing crate is built chiefly from reed, with a deliberate silhouette and carefully fitted edges. The reed surface is worked into clear planes and finished carefully around the principal edges. Its compartment is bordered by fitted panels, open shelving, or a lined interior, with the accessible edges worn smooth. Subtle changes in sheen around the joins make the separate pieces and their careful fitting visible, in keeping with the ott trade segmented setting.
renaissance_container_pip_trade_deep_trade_hamper_03		The wicker scent-vial deep trade hamper is built chiefly from wicker, with a deliberate silhouette and carefully fitted edges. The wicker surface is worked into clear planes and finished carefully around the principal edges. Its compartment is bordered by fitted panels, open shelving, or a lined interior, with the accessible edges worn smooth. Its corners show small signs of fitting and repair, lending the surface a convincing history of use, in keeping with the pip trade deep setting.
renaissance_container_pip_trade_sealable_archive_coffer_02		The copper carpet-sample wax-sealable archive coffer is built chiefly from copper, with a deliberate silhouette and carefully fitted edges. The copper is worked into shallow planes and firm edges that catch the light without appearing machine-finished. A close-fitting top or flap sits over the compact compartment, while the corners are reinforced for regular handling. Its corners show small signs of fitting and repair, lending the surface a convincing history of use, in keeping with the pip trade sealable setting.
renaissance_container_pip_trade_transit_trunk_01		The lacquered teak pigment transit trunk is built chiefly from teak, with a deliberate silhouette and carefully fitted edges. The teak grain is visible along its boards and braces, with the exposed edges burnished smooth. Its compartment is bordered by fitted panels, open shelving, or a lined interior, with the accessible edges worn smooth. Small tool marks remain at the less-visible edges, while the parts handled most often have been polished smooth, in keeping with the pip trade transit setting.
renaissance_container_sas_trade_large_transport_jar_02		The glass rice-wash large transport jar is built chiefly from glass, with a deliberate silhouette and carefully fitted edges. The glass is gathered more thickly at the rim and base, giving the form a deliberate hand-made weight. A smoothed rim and weighted base give the vessel a stable, practical form for repeated domestic service. Subtle changes in sheen around the joins make the separate pieces and their careful fitting visible, in keeping with the sas trade large setting.
renaissance_container_sas_trade_transit_trunk_01		The riveted bronze rice-measure transit trunk is built chiefly from bronze, with a deliberate silhouette and carefully fitted edges. The bronze surface is worked into clear planes and finished carefully around the principal edges. Its compartment is bordered by fitted panels, open shelving, or a lined interior, with the accessible edges worn smooth. Subtle changes in sheen around the joins make the separate pieces and their careful fitting visible, in keeping with the sas trade transit setting.
renaissance_container_eal_trade_document_coffer_02		The lattice-fronted walnut inkstick document coffer is built chiefly from walnut, with a deliberate silhouette and carefully fitted edges. The walnut grain is visible along its boards and braces, with the exposed edges burnished smooth. A close-fitting top or flap sits over the compact compartment, while the corners are reinforced for regular handling. The visible faces are finished with restraint, allowing the material and its construction to remain easy to read, in keeping with the eal trade document setting.
renaissance_container_eal_trade_liquid_transport_rundlet_01		The walnut medicine liquid transport rundlet is built chiefly from walnut, with a deliberate silhouette and carefully fitted edges. The walnut grain is visible along its boards and braces, with the exposed edges burnished smooth. A smoothed rim and weighted base keep the vessel stable during repeated service. Subtle changes in sheen around the joins make the separate pieces and their careful fitting visible, in keeping with the eal trade liquid setting.
renaissance_container_jpn_trade_sample_lockbox_01		The plain-joined cedar medicine-packet sample lockbox is built chiefly from cedar, with a deliberate silhouette and carefully fitted edges. The cedar grain is visible along its boards and braces, with the exposed edges burnished smooth. A close-fitting top or flap sits over the compact compartment, while the corners are reinforced for regular handling. Subtle changes in sheen around the joins make the separate pieces and their careful fitting visible, in keeping with the jpn trade sample setting.
renaissance_container_jpn_trade_transit_trunk_02		The low cedar sword-fitting transit trunk is built chiefly from cedar, with a deliberate silhouette and carefully fitted edges. The cedar grain is visible along its boards and braces, with the exposed edges burnished smooth. Its compartment is bordered by fitted panels, open shelving, or a lined interior, with the accessible edges worn smooth. Small tool marks remain at the less-visible edges, while the parts handled most often have been polished smooth, in keeping with the jpn trade transit setting.
renaissance_container_mea_trade_deep_trade_hamper_01		The rattan ceramic-sample deep trade hamper is built chiefly from rattan, with a deliberate silhouette and carefully fitted edges. The rattan grain is visible along its boards and braces, with the exposed edges burnished smooth. Its compartment is bordered by fitted panels, open shelving, or a lined interior, with the accessible edges worn smooth. Its corners show small signs of fitting and repair, lending the surface a convincing history of use, in keeping with the mea trade deep setting.
renaissance_container_sem_trade_deep_trade_hamper_01		The bamboo lacquerware deep trade hamper is built chiefly from bamboo, with a deliberate silhouette and carefully fitted edges. The bamboo grain is visible along its boards and braces, with the exposed edges burnished smooth. Its compartment is bordered by fitted panels, open shelving, or a lined interior, with the accessible edges worn smooth. The visible faces are finished with restraint, allowing the material and its construction to remain easy to read, in keeping with the sem trade deep setting.
renaissance_container_sem_trade_large_transport_jar_02		The copper water large transport jar is built chiefly from copper, with a deliberate silhouette and carefully fitted edges. The copper is worked into shallow planes and firm edges that catch the light without appearing machine-finished. A smoothed rim and weighted base give the vessel a stable, practical form for repeated domestic service. Small tool marks remain at the less-visible edges, while the parts handled most often have been polished smooth, in keeping with the sem trade large setting.
renaissance_container_msea_trade_large_transport_jar_03		The bronze palm-wine large transport jar is built chiefly from bronze, with a deliberate silhouette and carefully fitted edges. The bronze surface is worked into clear planes and finished carefully around the principal edges. A smoothed rim and weighted base give the vessel a stable, practical form for repeated domestic service. Subtle changes in sheen around the joins make the separate pieces and their careful fitting visible, in keeping with the msea trade large setting.
renaissance_container_msea_trade_sealed_transport_jar_01		The glass water sealed transport jar is built chiefly from glass, with a deliberate silhouette and carefully fitted edges. The glass is gathered more thickly at the rim and base, giving the form a deliberate hand-made weight. A smoothed rim and weighted base give the vessel a stable, practical form for repeated domestic service. Its corners show small signs of fitting and repair, lending the surface a convincing history of use, in keeping with the msea trade sealed setting.
renaissance_container_msea_trade_transit_trunk_02		The iron-banded bronze ceramic-sample transit trunk is built chiefly from bronze, with a deliberate silhouette and carefully fitted edges. The bronze surface is worked into clear planes and finished carefully around the principal edges. Its compartment is bordered by fitted panels, open shelving, or a lined interior, with the accessible edges worn smooth. Subtle changes in sheen around the joins make the separate pieces and their careful fitting visible, in keeping with the msea trade transit setting.
renaissance_container_stp_trade_locking_trade_coffer_01		The birch horse-gear locking trade coffer is built chiefly from birch, with a deliberate silhouette and carefully fitted edges. The birch surface is worked into clear planes and finished carefully around the principal edges. A close-fitting top or flap sits over the compact compartment, while the corners are reinforced for regular handling. Small tool marks remain at the less-visible edges, while the parts handled most often have been polished smooth, in keeping with the stp trade locking setting.
renaissance_container_aca_trade_locking_trade_coffer_02		The ebony textile-pattern locking trade coffer is built chiefly from ebony, with a deliberate silhouette and carefully fitted edges. The ebony surface is worked into clear planes and finished carefully around the principal edges. A close-fitting top or flap sits over the compact compartment, while the corners are reinforced for regular handling. Its corners show small signs of fitting and repair, lending the surface a convincing history of use, in keeping with the aca trade locking setting.
renaissance_container_aca_trade_small_trade_keg_01		The wood brassweight small trade keg is built chiefly from wood, with a deliberate silhouette and carefully fitted edges. The wood surface is worked into clear planes and finished carefully around the principal edges. Its compartment is bordered by fitted panels, open shelving, or a lined interior, with the accessible edges worn smooth. Subtle changes in sheen around the joins make the separate pieces and their careful fitting visible, in keeping with the aca trade small setting.
renaissance_container_sai_trade_liquid_transport_rundlet_01		The cedar milk liquid transport rundlet is built chiefly from cedar, with a deliberate silhouette and carefully fitted edges. The cedar grain is visible along its boards and braces, with the exposed edges burnished smooth. A smoothed rim and weighted base keep the vessel stable during repeated service. The visible faces are finished with restraint, allowing the material and its construction to remain easy to read, in keeping with the sai trade liquid setting.
renaissance_container_rse_trade_large_trade_cask_02		The cedar salt-sample large trade cask is built chiefly from cedar, with a deliberate silhouette and carefully fitted edges. The cedar grain is visible along its boards and braces, with the exposed edges burnished smooth. Its compartment is bordered by fitted panels, open shelving, or a lined interior, with the accessible edges worn smooth. The visible faces are finished with restraint, allowing the material and its construction to remain easy to read, in keeping with the rse trade large setting.
renaissance_container_rse_trade_sample_lockbox_01		The hammered copper cloth-pattern sample lockbox is built chiefly from copper, with a deliberate silhouette and carefully fitted edges. The copper is worked into shallow planes and firm edges that catch the light without appearing machine-finished. A close-fitting top or flap sits over the compact compartment, while the corners are reinforced for regular handling. Small tool marks remain at the less-visible edges, while the parts handled most often have been polished smooth, in keeping with the rse trade sample setting.
renaissance_container_rse_trade_strong_trade_chest_03		The wood ivory-parcel strong trade chest is built chiefly from wood, with a deliberate silhouette and carefully fitted edges. The wood surface is worked into clear planes and finished carefully around the principal edges. A close-fitting top or flap sits over the compact compartment, while the corners are reinforced for regular handling. The visible faces are finished with restraint, allowing the material and its construction to remain easy to read, in keeping with the rse trade strong setting.
renaissance_container_mes_trade_large_trade_cask_01		The cedar feather-lot large trade cask is built chiefly from cedar, with a deliberate silhouette and carefully fitted edges. The cedar grain is visible along its boards and braces, with the exposed edges burnished smooth. Its compartment is bordered by fitted panels, open shelving, or a lined interior, with the accessible edges worn smooth. Its corners show small signs of fitting and repair, lending the surface a convincing history of use, in keeping with the mes trade large setting.
renaissance_container_and_trade_document_coffer_01		The lashed leather camelid-cloth document coffer is built chiefly from leather, with a deliberate silhouette and carefully fitted edges. The leather is cut neatly and secured wherever it meets the reinforced edges of the form. A close-fitting top or flap sits over the compact compartment, while the corners are reinforced for regular handling. The visible faces are finished with restraint, allowing the material and its construction to remain easy to read, in keeping with the and trade document setting.
renaissance_container_and_trade_large_transport_jar_02		The clay medicine large transport jar is built chiefly from clay, with a deliberate silhouette and carefully fitted edges. The clay surface is worked into clear planes and finished carefully around the principal edges. A smoothed rim and weighted base give the vessel a stable, practical form for repeated domestic service. Subtle changes in sheen around the joins make the separate pieces and their careful fitting visible, in keeping with the and trade large setting.
renaissance_container_car_trade_deep_trade_hamper_01		The cane contact-bead deep trade hamper is built chiefly from cane, with a deliberate silhouette and carefully fitted edges. The cane surface is worked into clear planes and finished carefully around the principal edges. Its compartment is bordered by fitted panels, open shelving, or a lined interior, with the accessible edges worn smooth. Subtle changes in sheen around the joins make the separate pieces and their careful fitting visible, in keeping with the car trade deep setting.
renaissance_container_nac_trade_fitted_sample_case_01		The birch trade-cloth fitted sample case is built chiefly from birch, with a deliberate silhouette and carefully fitted edges. The birch surface is worked into clear planes and finished carefully around the principal edges. A close-fitting top or flap sits over the compact compartment, while the corners are reinforced for regular handling. The visible faces are finished with restraint, allowing the material and its construction to remain easy to read, in keeping with the nac trade fitted setting.
renaissance_container_nac_trade_segmented_packing_crate_02		The wood shell-bead segmented packing crate is built chiefly from wood, with a deliberate silhouette and carefully fitted edges. The wood surface is worked into clear planes and finished carefully around the principal edges. Its compartment is bordered by fitted panels, open shelving, or a lined interior, with the accessible edges worn smooth. Small tool marks remain at the less-visible edges, while the parts handled most often have been polished smooth, in keeping with the nac trade segmented setting.
renaissance_container_col_trade_fitted_sample_case_01		The oak tobacco-lot fitted sample case is built chiefly from oak, with a deliberate silhouette and carefully fitted edges. The oak grain is visible along its boards and braces, with the exposed edges burnished smooth. A close-fitting top or flap sits over the compact compartment, while the corners are reinforced for regular handling. The visible faces are finished with restraint, allowing the material and its construction to remain easy to read, in keeping with the col trade fitted setting.
renaissance_container_col_trade_large_transport_jar_04		The glass water large transport jar is built chiefly from glass, with a deliberate silhouette and carefully fitted edges. The glass is gathered more thickly at the rim and base, giving the form a deliberate hand-made weight. A smoothed rim and weighted base give the vessel a stable, practical form for repeated domestic service. Its corners show small signs of fitting and repair, lending the surface a convincing history of use, in keeping with the col trade large setting.
renaissance_container_col_trade_marked_commodity_sack_03		The leather sugar-sample marked commodity sack is built chiefly from leather, with a deliberate silhouette and carefully fitted edges. The leather is cut neatly and secured wherever it meets the reinforced edges of the form. Its compartment is bordered by fitted panels, open shelving, or a lined interior, with the accessible edges worn smooth. Small tool marks remain at the less-visible edges, while the parts handled most often have been polished smooth, in keeping with the col trade marked setting.
renaissance_container_col_trade_segmented_packing_crate_02		The pine iron-tool segmented packing crate is built chiefly from pine, with a deliberate silhouette and carefully fitted edges. The pine grain is visible along its boards and braces, with the exposed edges burnished smooth. Its compartment is bordered by fitted panels, open shelving, or a lined interior, with the accessible edges worn smooth. Small tool marks remain at the less-visible edges, while the parts handled most often have been polished smooth, in keeping with the col trade segmented setting.
renaissance_container_mar_trade_fitted_sample_case_06		The pewter cloth-sample fitted sample case is built chiefly from pewter, with a deliberate silhouette and carefully fitted edges. The pewter is worked into shallow planes and firm edges that catch the light without appearing machine-finished. A close-fitting top or flap sits over the compact compartment, while the corners are reinforced for regular handling. Small tool marks remain at the less-visible edges, while the parts handled most often have been polished smooth, in keeping with the mar trade fitted setting.
renaissance_container_mar_trade_large_trade_cask_09		The oak spice-sample large trade cask is built chiefly from oak, with a deliberate silhouette and carefully fitted edges. The oak grain is visible along its boards and braces, with the exposed edges burnished smooth. Its compartment is bordered by fitted panels, open shelving, or a lined interior, with the accessible edges worn smooth. Subtle changes in sheen around the joins make the separate pieces and their careful fitting visible, in keeping with the mar trade large setting.
renaissance_container_mar_trade_large_trade_cask_10		The cedar bottle-sample large trade cask is built chiefly from cedar, with a deliberate silhouette and carefully fitted edges. The cedar grain is visible along its boards and braces, with the exposed edges burnished smooth. A smoothed rim and weighted base give the vessel a stable, practical form for repeated domestic service. Subtle changes in sheen around the joins make the separate pieces and their careful fitting visible, in keeping with the mar trade large setting.
renaissance_container_mar_trade_lidded_trade_basket_04		The close-woven willow cloth-sample lidded trade basket is built chiefly from willow, with a deliberate silhouette and carefully fitted edges. The willow surface is worked into clear planes and finished carefully around the principal edges. Its compartment is bordered by fitted panels, open shelving, or a lined interior, with the accessible edges worn smooth. Small tool marks remain at the less-visible edges, while the parts handled most often have been polished smooth, in keeping with the mar trade lidded setting.
renaissance_container_mar_trade_sealable_archive_coffer_07		The pine spice-sample wax-sealable archive coffer is built chiefly from pine, with a deliberate silhouette and carefully fitted edges. The pine grain is visible along its boards and braces, with the exposed edges burnished smooth. A close-fitting top or flap sits over the compact compartment, while the corners are reinforced for regular handling. Its corners show small signs of fitting and repair, lending the surface a convincing history of use, in keeping with the mar trade sealable setting.
renaissance_container_mar_trade_sealed_transport_jar_08		The brass wine sealed transport jar is built chiefly from brass, with a deliberate silhouette and carefully fitted edges. The brass is worked into shallow planes and firm edges that catch the light without appearing machine-finished. A smoothed rim and weighted base give the vessel a stable, practical form for repeated domestic service. Small tool marks remain at the less-visible edges, while the parts handled most often have been polished smooth, in keeping with the mar trade sealed setting.
renaissance_container_mar_trade_segmented_packing_crate_03		The pine ship-medicine segmented packing crate is built chiefly from pine, with a deliberate silhouette and carefully fitted edges. The pine grain is visible along its boards and braces, with the exposed edges burnished smooth. Its compartment is bordered by fitted panels, open shelving, or a lined interior, with the accessible edges worn smooth. Its corners show small signs of fitting and repair, lending the surface a convincing history of use, in keeping with the mar trade segmented setting.
renaissance_container_mar_trade_small_trade_keg_01		The teak cloth-sample small trade keg is built chiefly from teak, with a deliberate silhouette and carefully fitted edges. The teak grain is visible along its boards and braces, with the exposed edges burnished smooth. Its compartment is bordered by fitted panels, open shelving, or a lined interior, with the accessible edges worn smooth. The visible faces are finished with restraint, allowing the material and its construction to remain easy to read, in keeping with the mar trade small setting.
renaissance_container_mar_trade_strong_trade_chest_05		The cedar spice-sample strong trade chest is built chiefly from cedar, with a deliberate silhouette and carefully fitted edges. The cedar grain is visible along its boards and braces, with the exposed edges burnished smooth. A close-fitting top or flap sits over the compact compartment, while the corners are reinforced for regular handling. The visible faces are finished with restraint, allowing the material and its construction to remain easy to read, in keeping with the mar trade strong setting.
renaissance_container_mar_trade_transit_trunk_02		The slotted leather chart-roll transit trunk is built chiefly from leather, with a deliberate silhouette and carefully fitted edges. The leather is cut neatly and secured wherever it meets the reinforced edges of the form. Its compartment is bordered by fitted panels, open shelving, or a lined interior, with the accessible edges worn smooth. Small tool marks remain at the less-visible edges, while the parts handled most often have been polished smooth, in keeping with the mar trade transit setting.
