unique_reference,owner_era,availability,family,subfamily,culture_admission,noun,sdesc,material,size,quality,weight_g,cost,tags,components,craft_category,craft_trait,builder_notes
earlymodern_door_fr_panel_door_01,Early Modern,Early Modern,"Doors, locks & gates",door or gate,French Baroque court and urban,door,a braided oak door leaf,oak,Large,Standard,24000,45,Era / Early Modern Era; Functions / Household Items / Household Construction Materials; Market / Construction Materials / Worked Timber,Holdable; Destroyable_Door; Door_Normal_Large,Carpentry and joinery,Carpentry,"Early Modern doors, locks and gates catalogue; culture admission French Baroque court and urban; availability Early Modern. Door behaviour is limited to the attached supported component profile."
earlymodern_door_fr_braced_door_02,Early Modern,Early Modern,"Doors, locks & gates",door or gate,French Baroque court and urban,door,a leaf-scroll pine braced door,pine,Large,Good,25800,56,Era / Early Modern Era; Functions / Household Items / Household Construction Materials; Market / Construction Materials / Worked Timber,Holdable; Destroyable_Door; Door_Tough_Large,Carpentry and joinery,Carpentry,"Early Modern doors, locks and gates catalogue; culture admission French Baroque court and urban; availability Early Modern. Door behaviour is limited to the attached supported component profile."
earlymodern_door_fr_lockable_door_03,Early Modern,Early Modern,"Doors, locks & gates",door or gate,French Baroque court and urban,door,a water-wave cedar lockable door,cedar,Large,Good,27600,67,Era / Early Modern Era; Functions / Household Items / Household Construction Materials; Market / Construction Materials / Worked Timber,Holdable; Destroyable_Door; Door_Lockable_Normal_Large,Carpentry and joinery,Carpentry,"Early Modern doors, locks and gates catalogue; culture admission French Baroque court and urban; availability Early Modern. Door behaviour is limited to the attached supported component profile."
earlymodern_door_fr_secure_door_04,Early Modern,Early Modern,"Doors, locks & gates",door or gate,French Baroque court and urban,door,a flower-head teak secure door,teak,Large,Standard,29400,78,Era / Early Modern Era; Functions / Household Items / Household Construction Materials; Market / Construction Materials / Worked Timber,Holdable; Destroyable_Door; Door_Lockable_Secure_Large,Carpentry and joinery,Carpentry,"Early Modern doors, locks and gates catalogue; culture admission French Baroque court and urban; availability Early Modern. Door behaviour is limited to the attached supported component profile."
earlymodern_door_fr_shutter_05,Early Modern,Early Modern,"Doors, locks & gates",door or gate,French Baroque court and urban,shutter,a bird wood shuttered opening,wood,Large,VeryGood,31200,89,Era / Early Modern Era; Functions / Household Items / Household Construction Materials; Market / Construction Materials / Worked Timber,Holdable; Destroyable_Door; Door_Bad_Large,Carpentry and joinery,Carpentry,"Early Modern doors, locks and gates catalogue; culture admission French Baroque court and urban; availability Early Modern. Door behaviour is limited to the attached supported component profile."
earlymodern_door_fr_screen_06,Early Modern,Early Modern,"Doors, locks & gates",door or gate,French Baroque court and urban,screen,a geometric wood screen door,wood,Large,Good,33000,100,Era / Early Modern Era; Functions / Household Items / Household Construction Materials; Market / Construction Materials / Worked Timber,Holdable; Destroyable_Door; Door_Bad_Large,Carpentry and joinery,Carpentry,"Early Modern doors, locks and gates catalogue; culture admission French Baroque court and urban; availability Early Modern. Door behaviour is limited to the attached supported component profile."
earlymodern_door_fr_lattice_gate_07,Early Modern,Early Modern,"Doors, locks & gates",door or gate,French Baroque court and urban,gate,a shell cedar lattice gate,cedar,VeryLarge,Standard,34800,111,Era / Early Modern Era; Functions / Household Items / Household Construction Materials; Market / Construction Materials / Worked Timber,Holdable; Destroyable_Door; Door_Normal_Large,Carpentry and joinery,Carpentry,"Early Modern doors, locks and gates catalogue; culture admission French Baroque court and urban; availability Early Modern. Door behaviour is limited to the attached supported component profile."
earlymodern_door_fr_courtyard_gate_08,Early Modern,Early Modern,"Doors, locks & gates",door or gate,French Baroque court and urban,gate,a rosette teak courtyard gate,teak,VeryLarge,Poor,36600,122,Era / Early Modern Era; Functions / Household Items / Household Construction Materials; Market / Construction Materials / Worked Timber,Holdable; Destroyable_Door; Door_Lockable_Normal_Large,Carpentry and joinery,Carpentry,"Early Modern doors, locks and gates catalogue; culture admission French Baroque court and urban; availability Early Modern. Door behaviour is limited to the attached supported component profile."
earlymodern_door_fr_warehouse_gate_09,Early Modern,Early Modern,"Doors, locks & gates",door or gate,French Baroque court and urban,gate,a braided wrought iron warehouse gate,wrought iron,VeryLarge,Standard,38400,133,Era / Early Modern Era; Functions / Household Items / Household Construction Materials; Market / Household Goods / Standard Wares,Holdable; Destroyable_Door; Door_Lockable_Tough_Large,Carpentry and joinery,Carpentry,"Early Modern doors, locks and gates catalogue; culture admission French Baroque court and urban; availability Early Modern. Door behaviour is limited to the attached supported component profile."
earlymodern_door_fr_garden_gate_10,Early Modern,Early Modern,"Doors, locks & gates",door or gate,French Baroque court and urban,gate,a leaf-scroll bronze garden gate,bronze,VeryLarge,Good,40200,144,Era / Early Modern Era; Functions / Household Items / Household Construction Materials; Market / Household Goods / Standard Wares,Holdable; Destroyable_Door; Door_Normal_Large,Carpentry and joinery,Carpentry,"Early Modern doors, locks and gates catalogue; culture admission French Baroque court and urban; availability Early Modern. Door behaviour is limited to the attached supported component profile."
earlymodern_door_fr_grille_11,Early Modern,Early Modern,"Doors, locks & gates",door or gate,French Baroque court and urban,grille,a water-wave bronze metal grille,bronze,Large,Good,42000,155,Era / Early Modern Era; Functions / Household Items / Household Construction Materials; Market / Household Goods / Standard Wares,Holdable; Destroyable_Door; Door_Secure_Large,Carpentry and joinery,Carpentry,"Early Modern doors, locks and gates catalogue; culture admission French Baroque court and urban; availability Early Modern. Door behaviour is limited to the attached supported component profile."
earlymodern_door_fr_strike_plate_12,Early Modern,Early Modern,"Doors, locks & gates",lock and hardware,French Baroque court and urban,strike plate,a vine bronze strike plate,bronze,Small,Standard,1095,95,Era / Early Modern Era; Functions / Household Items / Household Wares; Market / Household Goods / Standard Wares,Holdable; Destroyable_HeavyMetal; Latch_Normal,Locksmithing,Blacksmithing,"Early Modern doors, locks and gates hardware catalogue; culture admission French Baroque court and urban; availability Early Modern. It does not imply a custom matched-key or hidden-lock system."
earlymodern_door_fr_hinge_pair_13,Early Modern,Early Modern,"Doors, locks & gates",lock and hardware,French Baroque court and urban,hinges,a geometric brass hinge pair,brass,Small,VeryGood,1180,103,Era / Early Modern Era; Functions / Household Items / Household Wares; Market / Household Goods / Standard Wares,Holdable; Destroyable_HeavyMetal; Latch_Normal,Locksmithing,Blacksmithing,"Early Modern doors, locks and gates hardware catalogue; culture admission French Baroque court and urban; availability Early Modern. It does not imply a custom matched-key or hidden-lock system."
earlymodern_door_fr_keyring_14,Early Modern,Early Modern,"Doors, locks & gates",lock and hardware,French Baroque court and urban,keyring,a cloud copper keyring,copper,Small,Good,1265,111,Era / Early Modern Era; Functions / Household Items / Household Wares; Market / Household Goods / Standard Wares,Holdable; Destroyable_HeavyMetal; Warded_Key,Locksmithing,Blacksmithing,"Early Modern doors, locks and gates hardware catalogue; culture admission French Baroque court and urban; availability Early Modern. It does not imply a custom matched-key or hidden-lock system."
earlymodern_door_fr_escutcheon_15,Early Modern,Early Modern,"Doors, locks & gates",lock and hardware,French Baroque court and urban,escutcheon,a shell pewter keyhole escutcheon,pewter,Small,Standard,1350,119,Era / Early Modern Era; Functions / Household Items / Household Wares; Market / Household Goods / Standard Wares,Holdable; Destroyable_HeavyMetal; Latch_Normal,Locksmithing,Blacksmithing,"Early Modern doors, locks and gates hardware catalogue; culture admission French Baroque court and urban; availability Early Modern. It does not imply a custom matched-key or hidden-lock system."
earlymodern_door_fr_warded_lock_16,Early Modern,Early Modern,"Doors, locks & gates",lock and hardware,French Baroque court and urban,lock,a reed wrought iron warded lock,wrought iron,Small,Poor,1435,127,Era / Early Modern Era; Functions / Household Items / Household Wares; Market / Household Goods / Standard Wares,Holdable; Destroyable_HeavyMetal; Warded_Lock_Normal,Locksmithing,Blacksmithing,"Early Modern doors, locks and gates hardware catalogue; culture admission French Baroque court and urban; availability Early Modern. It does not imply a custom matched-key or hidden-lock system."
earlymodern_door_fr_good_warded_lock_17,Early Modern,Early Modern,"Doors, locks & gates",lock and hardware,French Baroque court and urban,lock,a rosette bronze fine warded lock,bronze,Small,Standard,1520,135,Era / Early Modern Era; Functions / Household Items / Household Wares; Market / Household Goods / Standard Wares,Holdable; Destroyable_HeavyMetal; Warded_Lock_Good,Locksmithing,Blacksmithing,"Early Modern doors, locks and gates hardware catalogue; culture admission French Baroque court and urban; availability Early Modern. It does not imply a custom matched-key or hidden-lock system."
earlymodern_door_fr_master_warded_lock_18,Early Modern,Early Modern,"Doors, locks & gates",lock and hardware,French Baroque court and urban,lock,a checker brass master warded lock,brass,Small,Good,160,143,Era / Early Modern Era; Functions / Household Items / Household Wares; Market / Household Goods / Standard Wares,Holdable; Destroyable_HeavyMetal; Warded_Lock_Master,Locksmithing,Blacksmithing,"Early Modern doors, locks and gates hardware catalogue; culture admission French Baroque court and urban; availability Early Modern. It does not imply a custom matched-key or hidden-lock system."
earlymodern_door_fr_warded_key_19,Early Modern,Early Modern,"Doors, locks & gates",lock and hardware,French Baroque court and urban,key,a braided copper warded key,copper,Small,Good,245,151,Era / Early Modern Era; Functions / Household Items / Household Wares; Market / Household Goods / Standard Wares,Holdable; Destroyable_HeavyMetal; Warded_Key,Locksmithing,Blacksmithing,"Early Modern doors, locks and gates hardware catalogue; culture admission French Baroque court and urban; availability Early Modern. It does not imply a custom matched-key or hidden-lock system."
earlymodern_door_nl_panel_door_20,Early Modern,Early Modern,"Doors, locks & gates",door or gate,Dutch Republic and Low Countries,door,a bird pine door leaf,pine,Large,Standard,24000,254,Era / Early Modern Era; Functions / Household Items / Household Construction Materials; Market / Construction Materials / Worked Timber,Holdable; Destroyable_Door; Door_Normal_Large,Carpentry and joinery,Carpentry,"Early Modern doors, locks and gates catalogue; culture admission Dutch Republic and Low Countries; availability Early Modern. Door behaviour is limited to the attached supported component profile."
earlymodern_door_nl_braced_door_21,Early Modern,Early Modern,"Doors, locks & gates",door or gate,Dutch Republic and Low Countries,door,a geometric cedar braced door,cedar,Large,VeryGood,25800,265,Era / Early Modern Era; Functions / Household Items / Household Construction Materials; Market / Construction Materials / Worked Timber,Holdable; Destroyable_Door; Door_Tough_Large,Carpentry and joinery,Carpentry,"Early Modern doors, locks and gates catalogue; culture admission Dutch Republic and Low Countries; availability Early Modern. Door behaviour is limited to the attached supported component profile."
earlymodern_door_nl_lockable_door_22,Early Modern,Early Modern,"Doors, locks & gates",door or gate,Dutch Republic and Low Countries,door,a shell teak lockable door,teak,Large,Good,27600,276,Era / Early Modern Era; Functions / Household Items / Household Construction Materials; Market / Construction Materials / Worked Timber,Holdable; Destroyable_Door; Door_Lockable_Normal_Large,Carpentry and joinery,Carpentry,"Early Modern doors, locks and gates catalogue; culture admission Dutch Republic and Low Countries; availability Early Modern. Door behaviour is limited to the attached supported component profile."
earlymodern_door_nl_secure_door_23,Early Modern,Early Modern,"Doors, locks & gates",door or gate,Dutch Republic and Low Countries,door,a rosette wood secure door,wood,Large,Standard,29400,287,Era / Early Modern Era; Functions / Household Items / Household Construction Materials; Market / Construction Materials / Worked Timber,Holdable; Destroyable_Door; Door_Lockable_Secure_Large,Carpentry and joinery,Carpentry,"Early Modern doors, locks and gates catalogue; culture admission Dutch Republic and Low Countries; availability Early Modern. Door behaviour is limited to the attached supported component profile."
earlymodern_door_nl_shutter_24,Early Modern,Early Modern,"Doors, locks & gates",door or gate,Dutch Republic and Low Countries,shutter,a braided oak shuttered opening,oak,Large,Poor,31200,45,Era / Early Modern Era; Functions / Household Items / Household Construction Materials; Market / Construction Materials / Worked Timber,Holdable; Destroyable_Door; Door_Bad_Large,Carpentry and joinery,Carpentry,"Early Modern doors, locks and gates catalogue; culture admission Dutch Republic and Low Countries; availability Early Modern. Door behaviour is limited to the attached supported component profile."
earlymodern_door_nl_screen_25,Early Modern,Early Modern,"Doors, locks & gates",door or gate,Dutch Republic and Low Countries,screen,a leaf-scroll bamboo screen door,bamboo,Large,Standard,33000,56,Era / Early Modern Era; Functions / Household Items / Household Construction Materials; Market / Construction Materials / Worked Timber,Holdable; Destroyable_Door; Door_Bad_Large,Carpentry and joinery,Carpentry,"Early Modern doors, locks and gates catalogue; culture admission Dutch Republic and Low Countries; availability Early Modern. Door behaviour is limited to the attached supported component profile."
earlymodern_door_nl_lattice_gate_26,Early Modern,Early Modern,"Doors, locks & gates",door or gate,Dutch Republic and Low Countries,gate,a water-wave teak lattice gate,teak,VeryLarge,Good,34800,67,Era / Early Modern Era; Functions / Household Items / Household Construction Materials; Market / Construction Materials / Worked Timber,Holdable; Destroyable_Door; Door_Normal_Large,Carpentry and joinery,Carpentry,"Early Modern doors, locks and gates catalogue; culture admission Dutch Republic and Low Countries; availability Early Modern. Door behaviour is limited to the attached supported component profile."
earlymodern_door_nl_courtyard_gate_27,Early Modern,Early Modern,"Doors, locks & gates",door or gate,Dutch Republic and Low Countries,gate,a flower-head wrought iron courtyard gate,wrought iron,VeryLarge,Good,36600,78,Era / Early Modern Era; Functions / Household Items / Household Construction Materials; Market / Household Goods / Standard Wares,Holdable; Destroyable_Door; Door_Lockable_Normal_Large,Carpentry and joinery,Carpentry,"Early Modern doors, locks and gates catalogue; culture admission Dutch Republic and Low Countries; availability Early Modern. Door behaviour is limited to the attached supported component profile."
earlymodern_door_nl_warehouse_gate_28,Early Modern,Early Modern,"Doors, locks & gates",door or gate,Dutch Republic and Low Countries,gate,a bird bronze warehouse gate,bronze,VeryLarge,Standard,38400,89,Era / Early Modern Era; Functions / Household Items / Household Construction Materials; Market / Household Goods / Standard Wares,Holdable; Destroyable_Door; Door_Lockable_Tough_Large,Carpentry and joinery,Carpentry,"Early Modern doors, locks and gates catalogue; culture admission Dutch Republic and Low Countries; availability Early Modern. Door behaviour is limited to the attached supported component profile."
earlymodern_door_nl_garden_gate_29,Early Modern,Early Modern,"Doors, locks & gates",door or gate,Dutch Republic and Low Countries,gate,a geometric oak garden gate,oak,VeryLarge,VeryGood,40200,100,Era / Early Modern Era; Functions / Household Items / Household Construction Materials; Market / Construction Materials / Worked Timber,Holdable; Destroyable_Door; Door_Normal_Large,Carpentry and joinery,Carpentry,"Early Modern doors, locks and gates catalogue; culture admission Dutch Republic and Low Countries; availability Early Modern. Door behaviour is limited to the attached supported component profile."
earlymodern_door_nl_grille_30,Early Modern,Early Modern,"Doors, locks & gates",door or gate,Dutch Republic and Low Countries,grille,a shell bronze metal grille,bronze,Large,Good,42000,111,Era / Early Modern Era; Functions / Household Items / Household Construction Materials; Market / Household Goods / Standard Wares,Holdable; Destroyable_Door; Door_Secure_Large,Carpentry and joinery,Carpentry,"Early Modern doors, locks and gates catalogue; culture admission Dutch Republic and Low Countries; availability Early Modern. Door behaviour is limited to the attached supported component profile."
earlymodern_door_nl_strike_plate_31,Early Modern,Early Modern,"Doors, locks & gates",lock and hardware,Dutch Republic and Low Countries,strike plate,a braided wrought iron strike plate,wrought iron,Small,Standard,1265,95,Era / Early Modern Era; Functions / Household Items / Household Wares; Market / Household Goods / Standard Wares,Holdable; Destroyable_HeavyMetal; Latch_Normal,Locksmithing,Blacksmithing,"Early Modern doors, locks and gates hardware catalogue; culture admission Dutch Republic and Low Countries; availability Early Modern. It does not imply a custom matched-key or hidden-lock system."
earlymodern_door_nl_hinge_pair_32,Early Modern,Early Modern,"Doors, locks & gates",lock and hardware,Dutch Republic and Low Countries,hinges,a radiating bronze hinge pair,bronze,Small,Poor,1350,103,Era / Early Modern Era; Functions / Household Items / Household Wares; Market / Household Goods / Standard Wares,Holdable; Destroyable_HeavyMetal; Latch_Normal,Locksmithing,Blacksmithing,"Early Modern doors, locks and gates hardware catalogue; culture admission Dutch Republic and Low Countries; availability Early Modern. It does not imply a custom matched-key or hidden-lock system."
earlymodern_door_nl_keyring_33,Early Modern,Early Modern,"Doors, locks & gates",lock and hardware,Dutch Republic and Low Countries,keyring,a leaf-scroll brass keyring,brass,Small,Standard,1435,111,Era / Early Modern Era; Functions / Household Items / Household Wares; Market / Household Goods / Standard Wares,Holdable; Destroyable_HeavyMetal; Warded_Key,Locksmithing,Blacksmithing,"Early Modern doors, locks and gates hardware catalogue; culture admission Dutch Republic and Low Countries; availability Early Modern. It does not imply a custom matched-key or hidden-lock system."
earlymodern_door_nl_escutcheon_34,Early Modern,Early Modern,"Doors, locks & gates",lock and hardware,Dutch Republic and Low Countries,escutcheon,a sunburst copper keyhole escutcheon,copper,Small,Good,1520,119,Era / Early Modern Era; Functions / Household Items / Household Wares; Market / Household Goods / Standard Wares,Holdable; Destroyable_HeavyMetal; Latch_Normal,Locksmithing,Blacksmithing,"Early Modern doors, locks and gates hardware catalogue; culture admission Dutch Republic and Low Countries; availability Early Modern. It does not imply a custom matched-key or hidden-lock system."
earlymodern_door_nl_warded_lock_35,Early Modern,Early Modern,"Doors, locks & gates",lock and hardware,Dutch Republic and Low Countries,lock,a water-wave pewter warded lock,pewter,Small,Good,160,127,Era / Early Modern Era; Functions / Household Items / Household Wares; Market / Household Goods / Standard Wares,Holdable; Destroyable_HeavyMetal; Warded_Lock_Normal,Locksmithing,Blacksmithing,"Early Modern doors, locks and gates hardware catalogue; culture admission Dutch Republic and Low Countries; availability Early Modern. It does not imply a custom matched-key or hidden-lock system."
earlymodern_door_nl_good_warded_lock_36,Early Modern,Early Modern,"Doors, locks & gates",lock and hardware,Dutch Republic and Low Countries,lock,a knotted wrought iron fine warded lock,wrought iron,Small,Standard,245,135,Era / Early Modern Era; Functions / Household Items / Household Wares; Market / Household Goods / Standard Wares,Holdable; Destroyable_HeavyMetal; Warded_Lock_Good,Locksmithing,Blacksmithing,"Early Modern doors, locks and gates hardware catalogue; culture admission Dutch Republic and Low Countries; availability Early Modern. It does not imply a custom matched-key or hidden-lock system."
earlymodern_door_nl_master_warded_lock_37,Early Modern,Early Modern,"Doors, locks & gates",lock and hardware,Dutch Republic and Low Countries,lock,a flower-head bronze master warded lock,bronze,Small,VeryGood,330,143,Era / Early Modern Era; Functions / Household Items / Household Wares; Market / Household Goods / Standard Wares,Holdable; Destroyable_HeavyMetal; Warded_Lock_Master,Locksmithing,Blacksmithing,"Early Modern doors, locks and gates hardware catalogue; culture admission Dutch Republic and Low Countries; availability Early Modern. It does not imply a custom matched-key or hidden-lock system."
earlymodern_door_nl_warded_key_38,Early Modern,Early Modern,"Doors, locks & gates",lock and hardware,Dutch Republic and Low Countries,key,a star brass warded key,brass,Small,Good,415,151,Era / Early Modern Era; Functions / Household Items / Household Wares; Market / Household Goods / Standard Wares,Holdable; Destroyable_HeavyMetal; Warded_Key,Locksmithing,Blacksmithing,"Early Modern doors, locks and gates hardware catalogue; culture admission Dutch Republic and Low Countries; availability Early Modern. It does not imply a custom matched-key or hidden-lock system."
earlymodern_door_gb_panel_door_39,Early Modern,Early Modern,"Doors, locks & gates",door or gate,British Stuart Georgian,door,a knotted pine door leaf,pine,Large,Standard,24000,210,Era / Early Modern Era; Functions / Household Items / Household Construction Materials; Market / Construction Materials / Worked Timber,Holdable; Destroyable_Door; Door_Normal_Large,Carpentry and joinery,Carpentry,"Early Modern doors, locks and gates catalogue; culture admission British Stuart Georgian; availability Early Modern. Door behaviour is limited to the attached supported component profile."
earlymodern_door_gb_braced_door_40,Early Modern,Early Modern,"Doors, locks & gates",door or gate,British Stuart Georgian,door,a star cedar braced door,cedar,Large,Poor,25800,221,Era / Early Modern Era; Functions / Household Items / Household Construction Materials; Market / Construction Materials / Worked Timber,Holdable; Destroyable_Door; Door_Tough_Large,Carpentry and joinery,Carpentry,"Early Modern doors, locks and gates catalogue; culture admission British Stuart Georgian; availability Early Modern. Door behaviour is limited to the attached supported component profile."
earlymodern_door_gb_lockable_door_41,Early Modern,Early Modern,"Doors, locks & gates",door or gate,British Stuart Georgian,door,a vine teak lockable door,teak,Large,Standard,27600,232,Era / Early Modern Era; Functions / Household Items / Household Construction Materials; Market / Construction Materials / Worked Timber,Holdable; Destroyable_Door; Door_Lockable_Normal_Large,Carpentry and joinery,Carpentry,"Early Modern doors, locks and gates catalogue; culture admission British Stuart Georgian; availability Early Modern. Door behaviour is limited to the attached supported component profile."
earlymodern_door_gb_secure_door_42,Early Modern,Early Modern,"Doors, locks & gates",door or gate,British Stuart Georgian,door,a cloud wood secure door,wood,Large,Good,29400,243,Era / Early Modern Era; Functions / Household Items / Household Construction Materials; Market / Construction Materials / Worked Timber,Holdable; Destroyable_Door; Door_Lockable_Secure_Large,Carpentry and joinery,Carpentry,"Early Modern doors, locks and gates catalogue; culture admission British Stuart Georgian; availability Early Modern. Door behaviour is limited to the attached supported component profile."
earlymodern_door_gb_shutter_43,Early Modern,Early Modern,"Doors, locks & gates",door or gate,British Stuart Georgian,shutter,a reed oak shuttered opening,oak,Large,Good,31200,254,Era / Early Modern Era; Functions / Household Items / Household Construction Materials; Market / Construction Materials / Worked Timber,Holdable; Destroyable_Door; Door_Bad_Large,Carpentry and joinery,Carpentry,"Early Modern doors, locks and gates catalogue; culture admission British Stuart Georgian; availability Early Modern. Door behaviour is limited to the attached supported component profile."
earlymodern_door_gb_screen_44,Early Modern,Early Modern,"Doors, locks & gates",door or gate,British Stuart Georgian,screen,a checker cedar screen door,cedar,Large,Standard,33000,265,Era / Early Modern Era; Functions / Household Items / Household Construction Materials; Market / Construction Materials / Worked Timber,Holdable; Destroyable_Door; Door_Bad_Large,Carpentry and joinery,Carpentry,"Early Modern doors, locks and gates catalogue; culture admission British Stuart Georgian; availability Early Modern. Door behaviour is limited to the attached supported component profile."
earlymodern_door_gb_lattice_gate_45,Early Modern,Early Modern,"Doors, locks & gates",door or gate,British Stuart Georgian,gate,a radiating teak lattice gate,teak,VeryLarge,VeryGood,34800,276,Era / Early Modern Era; Functions / Household Items / Household Construction Materials; Market / Construction Materials / Worked Timber,Holdable; Destroyable_Door; Door_Normal_Large,Carpentry and joinery,Carpentry,"Early Modern doors, locks and gates catalogue; culture admission British Stuart Georgian; availability Early Modern. Door behaviour is limited to the attached supported component profile."
earlymodern_door_gb_courtyard_gate_46,Early Modern,Early Modern,"Doors, locks & gates",door or gate,British Stuart Georgian,gate,a sunburst wrought iron courtyard gate,wrought iron,VeryLarge,Good,36600,287,Era / Early Modern Era; Functions / Household Items / Household Construction Materials; Market / Household Goods / Standard Wares,Holdable; Destroyable_Door; Door_Lockable_Normal_Large,Carpentry and joinery,Carpentry,"Early Modern doors, locks and gates catalogue; culture admission British Stuart Georgian; availability Early Modern. Door behaviour is limited to the attached supported component profile."
earlymodern_door_gb_warehouse_gate_47,Early Modern,Early Modern,"Doors, locks & gates",door or gate,British Stuart Georgian,gate,a knotted bronze warehouse gate,bronze,VeryLarge,Standard,38400,45,Era / Early Modern Era; Functions / Household Items / Household Construction Materials; Market / Household Goods / Standard Wares,Holdable; Destroyable_Door; Door_Lockable_Tough_Large,Carpentry and joinery,Carpentry,"Early Modern doors, locks and gates catalogue; culture admission British Stuart Georgian; availability Early Modern. Door behaviour is limited to the attached supported component profile."
earlymodern_door_gb_garden_gate_48,Early Modern,Early Modern,"Doors, locks & gates",door or gate,British Stuart Georgian,gate,a star oak garden gate,oak,VeryLarge,Poor,40200,56,Era / Early Modern Era; Functions / Household Items / Household Construction Materials; Market / Construction Materials / Worked Timber,Holdable; Destroyable_Door; Door_Normal_Large,Carpentry and joinery,Carpentry,"Early Modern doors, locks and gates catalogue; culture admission British Stuart Georgian; availability Early Modern. Door behaviour is limited to the attached supported component profile."
earlymodern_door_gb_grille_49,Early Modern,Early Modern,"Doors, locks & gates",door or gate,British Stuart Georgian,grille,a vine brass metal grille,brass,Large,Standard,42000,67,Era / Early Modern Era; Functions / Household Items / Household Construction Materials; Market / Household Goods / Standard Wares,Holdable; Destroyable_Door; Door_Secure_Large,Carpentry and joinery,Carpentry,"Early Modern doors, locks and gates catalogue; culture admission British Stuart Georgian; availability Early Modern. Door behaviour is limited to the attached supported component profile."
earlymodern_door_gb_strike_plate_50,Early Modern,Early Modern,"Doors, locks & gates",lock and hardware,British Stuart Georgian,strike plate,a radiating pewter strike plate,pewter,Small,Good,1435,95,Era / Early Modern Era; Functions / Household Items / Household Wares; Market / Household Goods / Standard Wares,Holdable; Destroyable_HeavyMetal; Latch_Normal,Locksmithing,Blacksmithing,"Early Modern doors, locks and gates hardware catalogue; culture admission British Stuart Georgian; availability Early Modern. It does not imply a custom matched-key or hidden-lock system."
earlymodern_door_gb_hinge_pair_51,Early Modern,Early Modern,"Doors, locks & gates",lock and hardware,British Stuart Georgian,hinges,a leaf-scroll wrought iron hinge pair,wrought iron,Small,Good,1520,103,Era / Early Modern Era; Functions / Household Items / Household Wares; Market / Household Goods / Standard Wares,Holdable; Destroyable_HeavyMetal; Latch_Normal,Locksmithing,Blacksmithing,"Early Modern doors, locks and gates hardware catalogue; culture admission British Stuart Georgian; availability Early Modern. It does not imply a custom matched-key or hidden-lock system."
earlymodern_door_gb_keyring_52,Early Modern,Early Modern,"Doors, locks & gates",lock and hardware,British Stuart Georgian,keyring,a sunburst bronze keyring,bronze,Small,Standard,160,111,Era / Early Modern Era; Functions / Household Items / Household Wares; Market / Household Goods / Standard Wares,Holdable; Destroyable_HeavyMetal; Warded_Key,Locksmithing,Blacksmithing,"Early Modern doors, locks and gates hardware catalogue; culture admission British Stuart Georgian; availability Early Modern. It does not imply a custom matched-key or hidden-lock system."
earlymodern_door_gb_escutcheon_53,Early Modern,Early Modern,"Doors, locks & gates",lock and hardware,British Stuart Georgian,escutcheon,a water-wave brass keyhole escutcheon,brass,Small,VeryGood,245,119,Era / Early Modern Era; Functions / Household Items / Household Wares; Market / Household Goods / Standard Wares,Holdable; Destroyable_HeavyMetal; Latch_Normal,Locksmithing,Blacksmithing,"Early Modern doors, locks and gates hardware catalogue; culture admission British Stuart Georgian; availability Early Modern. It does not imply a custom matched-key or hidden-lock system."
earlymodern_door_gb_warded_lock_54,Early Modern,Early Modern,"Doors, locks & gates",lock and hardware,British Stuart Georgian,lock,a knotted copper warded lock,copper,Small,Good,330,127,Era / Early Modern Era; Functions / Household Items / Household Wares; Market / Household Goods / Standard Wares,Holdable; Destroyable_HeavyMetal; Warded_Lock_Normal,Locksmithing,Blacksmithing,"Early Modern doors, locks and gates hardware catalogue; culture admission British Stuart Georgian; availability Early Modern. It does not imply a custom matched-key or hidden-lock system."
earlymodern_door_gb_good_warded_lock_55,Early Modern,Early Modern,"Doors, locks & gates",lock and hardware,British Stuart Georgian,lock,a flower-head pewter fine warded lock,pewter,Small,Standard,415,135,Era / Early Modern Era; Functions / Household Items / Household Wares; Market / Household Goods / Standard Wares,Holdable; Destroyable_HeavyMetal; Warded_Lock_Good,Locksmithing,Blacksmithing,"Early Modern doors, locks and gates hardware catalogue; culture admission British Stuart Georgian; availability Early Modern. It does not imply a custom matched-key or hidden-lock system."
earlymodern_door_gb_master_warded_lock_56,Early Modern,Early Modern,"Doors, locks & gates",lock and hardware,British Stuart Georgian,lock,a star wrought iron master warded lock,wrought iron,Small,Poor,500,143,Era / Early Modern Era; Functions / Household Items / Household Wares; Market / Household Goods / Standard Wares,Holdable; Destroyable_HeavyMetal; Warded_Lock_Master,Locksmithing,Blacksmithing,"Early Modern doors, locks and gates hardware catalogue; culture admission British Stuart Georgian; availability Early Modern. It does not imply a custom matched-key or hidden-lock system."
earlymodern_door_gb_warded_key_57,Early Modern,Early Modern,"Doors, locks & gates",lock and hardware,British Stuart Georgian,key,a bird bronze warded key,bronze,Small,Standard,585,151,Era / Early Modern Era; Functions / Household Items / Household Wares; Market / Household Goods / Standard Wares,Holdable; Destroyable_HeavyMetal; Warded_Key,Locksmithing,Blacksmithing,"Early Modern doors, locks and gates hardware catalogue; culture admission British Stuart Georgian; availability Early Modern. It does not imply a custom matched-key or hidden-lock system."
earlymodern_door_ib_panel_door_58,Early Modern,Early Modern,"Doors, locks & gates",door or gate,Iberian Portuguese Spanish empires,door,a flower-head pine door leaf,pine,Large,Good,24000,166,Era / Early Modern Era; Functions / Household Items / Household Construction Materials; Market / Construction Materials / Worked Timber,Holdable; Destroyable_Door; Door_Normal_Large,Carpentry and joinery,Carpentry,"Early Modern doors, locks and gates catalogue; culture admission Iberian Portuguese Spanish empires; availability Early Modern. Door behaviour is limited to the attached supported component profile."
earlymodern_door_ib_braced_door_59,Early Modern,Early Modern,"Doors, locks & gates",door or gate,Iberian Portuguese Spanish empires,door,a bird cedar braced door,cedar,Large,Good,25800,177,Era / Early Modern Era; Functions / Household Items / Household Construction Materials; Market / Construction Materials / Worked Timber,Holdable; Destroyable_Door; Door_Tough_Large,Carpentry and joinery,Carpentry,"Early Modern doors, locks and gates catalogue; culture admission Iberian Portuguese Spanish empires; availability Early Modern. Door behaviour is limited to the attached supported component profile."
earlymodern_door_ib_lockable_door_60,Early Modern,Early Modern,"Doors, locks & gates",door or gate,Iberian Portuguese Spanish empires,door,a geometric teak lockable door,teak,Large,Standard,27600,188,Era / Early Modern Era; Functions / Household Items / Household Construction Materials; Market / Construction Materials / Worked Timber,Holdable; Destroyable_Door; Door_Lockable_Normal_Large,Carpentry and joinery,Carpentry,"Early Modern doors, locks and gates catalogue; culture admission Iberian Portuguese Spanish empires; availability Early Modern. Door behaviour is limited to the attached supported component profile."
earlymodern_door_ib_secure_door_61,Early Modern,Early Modern,"Doors, locks & gates",door or gate,Iberian Portuguese Spanish empires,door,a shell wood secure door,wood,Large,VeryGood,29400,199,Era / Early Modern Era; Functions / Household Items / Household Construction Materials; Market / Construction Materials / Worked Timber,Holdable; Destroyable_Door; Door_Lockable_Secure_Large,Carpentry and joinery,Carpentry,"Early Modern doors, locks and gates catalogue; culture admission Iberian Portuguese Spanish empires; availability Early Modern. Door behaviour is limited to the attached supported component profile."
earlymodern_door_ib_shutter_62,Early Modern,Early Modern,"Doors, locks & gates",door or gate,Iberian Portuguese Spanish empires,shutter,a rosette oak shuttered opening,oak,Large,Good,31200,210,Era / Early Modern Era; Functions / Household Items / Household Construction Materials; Market / Construction Materials / Worked Timber,Holdable; Destroyable_Door; Door_Bad_Large,Carpentry and joinery,Carpentry,"Early Modern doors, locks and gates catalogue; culture admission Iberian Portuguese Spanish empires; availability Early Modern. Door behaviour is limited to the attached supported component profile."
earlymodern_door_ib_screen_63,Early Modern,Early Modern,"Doors, locks & gates",door or gate,Iberian Portuguese Spanish empires,screen,a braided bamboo screen door,bamboo,Large,Standard,33000,221,Era / Early Modern Era; Functions / Household Items / Household Construction Materials; Market / Construction Materials / Worked Timber,Holdable; Destroyable_Door; Door_Bad_Large,Carpentry and joinery,Carpentry,"Early Modern doors, locks and gates catalogue; culture admission Iberian Portuguese Spanish empires; availability Early Modern. Door behaviour is limited to the attached supported component profile."
earlymodern_door_ib_lattice_gate_64,Early Modern,Early Modern,"Doors, locks & gates",door or gate,Iberian Portuguese Spanish empires,gate,a leaf-scroll teak lattice gate,teak,VeryLarge,Poor,34800,232,Era / Early Modern Era; Functions / Household Items / Household Construction Materials; Market / Construction Materials / Worked Timber,Holdable; Destroyable_Door; Door_Normal_Large,Carpentry and joinery,Carpentry,"Early Modern doors, locks and gates catalogue; culture admission Iberian Portuguese Spanish empires; availability Early Modern. Door behaviour is limited to the attached supported component profile."
earlymodern_door_ib_courtyard_gate_65,Early Modern,Early Modern,"Doors, locks & gates",door or gate,Iberian Portuguese Spanish empires,gate,a water-wave wrought iron courtyard gate,wrought iron,VeryLarge,Standard,36600,243,Era / Early Modern Era; Functions / Household Items / Household Construction Materials; Market / Household Goods / Standard Wares,Holdable; Destroyable_Door; Door_Lockable_Normal_Large,Carpentry and joinery,Carpentry,"Early Modern doors, locks and gates catalogue; culture admission Iberian Portuguese Spanish empires; availability Early Modern. Door behaviour is limited to the attached supported component profile."
earlymodern_door_ib_warehouse_gate_66,Early Modern,Early Modern,"Doors, locks & gates",door or gate,Iberian Portuguese Spanish empires,gate,a flower-head bronze warehouse gate,bronze,VeryLarge,Good,38400,254,Era / Early Modern Era; Functions / Household Items / Household Construction Materials; Market / Household Goods / Standard Wares,Holdable; Destroyable_Door; Door_Lockable_Tough_Large,Carpentry and joinery,Carpentry,"Early Modern doors, locks and gates catalogue; culture admission Iberian Portuguese Spanish empires; availability Early Modern. Door behaviour is limited to the attached supported component profile."
earlymodern_door_ib_garden_gate_67,Early Modern,Early Modern,"Doors, locks & gates",door or gate,Iberian Portuguese Spanish empires,gate,a bird oak garden gate,oak,VeryLarge,Good,40200,265,Era / Early Modern Era; Functions / Household Items / Household Construction Materials; Market / Construction Materials / Worked Timber,Holdable; Destroyable_Door; Door_Normal_Large,Carpentry and joinery,Carpentry,"Early Modern doors, locks and gates catalogue; culture admission Iberian Portuguese Spanish empires; availability Early Modern. Door behaviour is limited to the attached supported component profile."
earlymodern_door_ib_grille_68,Early Modern,Early Modern,"Doors, locks & gates",door or gate,Iberian Portuguese Spanish empires,grille,a geometric brass metal grille,brass,Large,Standard,42000,276,Era / Early Modern Era; Functions / Household Items / Household Construction Materials; Market / Household Goods / Standard Wares,Holdable; Destroyable_Door; Door_Secure_Large,Carpentry and joinery,Carpentry,"Early Modern doors, locks and gates catalogue; culture admission Iberian Portuguese Spanish empires; availability Early Modern. Door behaviour is limited to the attached supported component profile."
earlymodern_door_ib_strike_plate_69,Early Modern,Early Modern,"Doors, locks & gates",lock and hardware,Iberian Portuguese Spanish empires,strike plate,a geometric copper strike plate,copper,Small,VeryGood,160,95,Era / Early Modern Era; Functions / Household Items / Household Wares; Market / Household Goods / Standard Wares,Holdable; Destroyable_HeavyMetal; Latch_Normal,Locksmithing,Blacksmithing,"Early Modern doors, locks and gates hardware catalogue; culture admission Iberian Portuguese Spanish empires; availability Early Modern. It does not imply a custom matched-key or hidden-lock system."
earlymodern_door_ib_hinge_pair_70,Early Modern,Early Modern,"Doors, locks & gates",lock and hardware,Iberian Portuguese Spanish empires,hinges,a cloud pewter hinge pair,pewter,Small,Good,245,103,Era / Early Modern Era; Functions / Household Items / Household Wares; Market / Household Goods / Standard Wares,Holdable; Destroyable_HeavyMetal; Latch_Normal,Locksmithing,Blacksmithing,"Early Modern doors, locks and gates hardware catalogue; culture admission Iberian Portuguese Spanish empires; availability Early Modern. It does not imply a custom matched-key or hidden-lock system."
earlymodern_door_ib_keyring_71,Early Modern,Early Modern,"Doors, locks & gates",lock and hardware,Iberian Portuguese Spanish empires,keyring,a shell wrought iron keyring,wrought iron,Small,Standard,330,111,Era / Early Modern Era; Functions / Household Items / Household Wares; Market / Household Goods / Standard Wares,Holdable; Destroyable_HeavyMetal; Warded_Key,Locksmithing,Blacksmithing,"Early Modern doors, locks and gates hardware catalogue; culture admission Iberian Portuguese Spanish empires; availability Early Modern. It does not imply a custom matched-key or hidden-lock system."
earlymodern_door_ib_escutcheon_72,Early Modern,Early Modern,"Doors, locks & gates",lock and hardware,Iberian Portuguese Spanish empires,escutcheon,a reed bronze keyhole escutcheon,bronze,Small,Poor,415,119,Era / Early Modern Era; Functions / Household Items / Household Wares; Market / Household Goods / Standard Wares,Holdable; Destroyable_HeavyMetal; Latch_Normal,Locksmithing,Blacksmithing,"Early Modern doors, locks and gates hardware catalogue; culture admission Iberian Portuguese Spanish empires; availability Early Modern. It does not imply a custom matched-key or hidden-lock system."
earlymodern_door_ib_warded_lock_73,Early Modern,Early Modern,"Doors, locks & gates",lock and hardware,Iberian Portuguese Spanish empires,lock,a rosette brass warded lock,brass,Small,Standard,500,127,Era / Early Modern Era; Functions / Household Items / Household Wares; Market / Household Goods / Standard Wares,Holdable; Destroyable_HeavyMetal; Warded_Lock_Normal,Locksmithing,Blacksmithing,"Early Modern doors, locks and gates hardware catalogue; culture admission Iberian Portuguese Spanish empires; availability Early Modern. It does not imply a custom matched-key or hidden-lock system."
earlymodern_door_ib_good_warded_lock_74,Early Modern,Early Modern,"Doors, locks & gates",lock and hardware,Iberian Portuguese Spanish empires,lock,a checker copper fine warded lock,copper,Small,Good,585,135,Era / Early Modern Era; Functions / Household Items / Household Wares; Market / Household Goods / Standard Wares,Holdable; Destroyable_HeavyMetal; Warded_Lock_Good,Locksmithing,Blacksmithing,"Early Modern doors, locks and gates hardware catalogue; culture admission Iberian Portuguese Spanish empires; availability Early Modern. It does not imply a custom matched-key or hidden-lock system."
earlymodern_door_ib_master_warded_lock_75,Early Modern,Early Modern,"Doors, locks & gates",lock and hardware,Iberian Portuguese Spanish empires,lock,a braided pewter master warded lock,pewter,Small,Good,670,143,Era / Early Modern Era; Functions / Household Items / Household Wares; Market / Household Goods / Standard Wares,Holdable; Destroyable_HeavyMetal; Warded_Lock_Master,Locksmithing,Blacksmithing,"Early Modern doors, locks and gates hardware catalogue; culture admission Iberian Portuguese Spanish empires; availability Early Modern. It does not imply a custom matched-key or hidden-lock system."
earlymodern_door_ib_warded_key_76,Early Modern,Early Modern,"Doors, locks & gates",lock and hardware,Iberian Portuguese Spanish empires,key,a radiating wrought iron warded key,wrought iron,Small,Standard,755,151,Era / Early Modern Era; Functions / Household Items / Household Wares; Market / Household Goods / Standard Wares,Holdable; Destroyable_HeavyMetal; Warded_Key,Locksmithing,Blacksmithing,"Early Modern doors, locks and gates hardware catalogue; culture admission Iberian Portuguese Spanish empires; availability Early Modern. It does not imply a custom matched-key or hidden-lock system."
earlymodern_door_hre_panel_door_77,Early Modern,Early Modern,"Doors, locks & gates",door or gate,German HRE Austrian,door,a reed oak door leaf,oak,Large,VeryGood,24000,122,Era / Early Modern Era; Functions / Household Items / Household Construction Materials; Market / Construction Materials / Worked Timber,Holdable; Destroyable_Door; Door_Normal_Large,Carpentry and joinery,Carpentry,"Early Modern doors, locks and gates catalogue; culture admission German HRE Austrian; availability Early Modern. Door behaviour is limited to the attached supported component profile."
earlymodern_door_hre_braced_door_78,Early Modern,Early Modern,"Doors, locks & gates",door or gate,German HRE Austrian,door,a checker pine braced door,pine,Large,Good,25800,133,Era / Early Modern Era; Functions / Household Items / Household Construction Materials; Market / Construction Materials / Worked Timber,Holdable; Destroyable_Door; Door_Tough_Large,Carpentry and joinery,Carpentry,"Early Modern doors, locks and gates catalogue; culture admission German HRE Austrian; availability Early Modern. Door behaviour is limited to the attached supported component profile."
earlymodern_door_hre_lockable_door_79,Early Modern,Early Modern,"Doors, locks & gates",door or gate,German HRE Austrian,door,a radiating cedar lockable door,cedar,Large,Standard,27600,144,Era / Early Modern Era; Functions / Household Items / Household Construction Materials; Market / Construction Materials / Worked Timber,Holdable; Destroyable_Door; Door_Lockable_Normal_Large,Carpentry and joinery,Carpentry,"Early Modern doors, locks and gates catalogue; culture admission German HRE Austrian; availability Early Modern. Door behaviour is limited to the attached supported component profile."
earlymodern_door_hre_secure_door_80,Early Modern,Early Modern,"Doors, locks & gates",door or gate,German HRE Austrian,door,a sunburst teak secure door,teak,Large,Poor,29400,155,Era / Early Modern Era; Functions / Household Items / Household Construction Materials; Market / Construction Materials / Worked Timber,Holdable; Destroyable_Door; Door_Lockable_Secure_Large,Carpentry and joinery,Carpentry,"Early Modern doors, locks and gates catalogue; culture admission German HRE Austrian; availability Early Modern. Door behaviour is limited to the attached supported component profile."
earlymodern_door_hre_shutter_81,Early Modern,Early Modern,"Doors, locks & gates",door or gate,German HRE Austrian,shutter,a knotted wood shuttered opening,wood,Large,Standard,31200,166,Era / Early Modern Era; Functions / Household Items / Household Construction Materials; Market / Construction Materials / Worked Timber,Holdable; Destroyable_Door; Door_Bad_Large,Carpentry and joinery,Carpentry,"Early Modern doors, locks and gates catalogue; culture admission German HRE Austrian; availability Early Modern. Door behaviour is limited to the attached supported component profile."
earlymodern_door_hre_screen_82,Early Modern,Early Modern,"Doors, locks & gates",door or gate,German HRE Austrian,screen,a star bamboo screen door,bamboo,Large,Good,33000,177,Era / Early Modern Era; Functions / Household Items / Household Construction Materials; Market / Construction Materials / Worked Timber,Holdable; Destroyable_Door; Door_Bad_Large,Carpentry and joinery,Carpentry,"Early Modern doors, locks and gates catalogue; culture admission German HRE Austrian; availability Early Modern. Door behaviour is limited to the attached supported component profile."
earlymodern_door_hre_lattice_gate_83,Early Modern,Early Modern,"Doors, locks & gates",door or gate,German HRE Austrian,gate,a vine cedar lattice gate,cedar,VeryLarge,Good,34800,188,Era / Early Modern Era; Functions / Household Items / Household Construction Materials; Market / Construction Materials / Worked Timber,Holdable; Destroyable_Door; Door_Normal_Large,Carpentry and joinery,Carpentry,"Early Modern doors, locks and gates catalogue; culture admission German HRE Austrian; availability Early Modern. Door behaviour is limited to the attached supported component profile."
earlymodern_door_hre_courtyard_gate_84,Early Modern,Early Modern,"Doors, locks & gates",door or gate,German HRE Austrian,gate,a cloud teak courtyard gate,teak,VeryLarge,Standard,36600,199,Era / Early Modern Era; Functions / Household Items / Household Construction Materials; Market / Construction Materials / Worked Timber,Holdable; Destroyable_Door; Door_Lockable_Normal_Large,Carpentry and joinery,Carpentry,"Early Modern doors, locks and gates catalogue; culture admission German HRE Austrian; availability Early Modern. Door behaviour is limited to the attached supported component profile."
earlymodern_door_hre_warehouse_gate_85,Early Modern,Early Modern,"Doors, locks & gates",door or gate,German HRE Austrian,gate,a reed wrought iron warehouse gate,wrought iron,VeryLarge,VeryGood,38400,210,Era / Early Modern Era; Functions / Household Items / Household Construction Materials; Market / Household Goods / Standard Wares,Holdable; Destroyable_Door; Door_Lockable_Tough_Large,Carpentry and joinery,Carpentry,"Early Modern doors, locks and gates catalogue; culture admission German HRE Austrian; availability Early Modern. Door behaviour is limited to the attached supported component profile."
earlymodern_door_hre_garden_gate_86,Early Modern,Early Modern,"Doors, locks & gates",door or gate,German HRE Austrian,gate,a checker bronze garden gate,bronze,VeryLarge,Good,40200,221,Era / Early Modern Era; Functions / Household Items / Household Construction Materials; Market / Household Goods / Standard Wares,Holdable; Destroyable_Door; Door_Normal_Large,Carpentry and joinery,Carpentry,"Early Modern doors, locks and gates catalogue; culture admission German HRE Austrian; availability Early Modern. Door behaviour is limited to the attached supported component profile."
earlymodern_door_hre_grille_87,Early Modern,Early Modern,"Doors, locks & gates",door or gate,German HRE Austrian,grille,a radiating wrought iron metal grille,wrought iron,Large,Standard,42000,232,Era / Early Modern Era; Functions / Household Items / Household Construction Materials; Market / Household Goods / Standard Wares,Holdable; Destroyable_Door; Door_Secure_Large,Carpentry and joinery,Carpentry,"Early Modern doors, locks and gates catalogue; culture admission German HRE Austrian; availability Early Modern. Door behaviour is limited to the attached supported component profile."
earlymodern_door_hre_strike_plate_88,Early Modern,Early Modern,"Doors, locks & gates",lock and hardware,German HRE Austrian,strike plate,a checker brass strike plate,brass,Small,Poor,330,95,Era / Early Modern Era; Functions / Household Items / Household Wares; Market / Household Goods / Standard Wares,Holdable; Destroyable_HeavyMetal; Latch_Normal,Locksmithing,Blacksmithing,"Early Modern doors, locks and gates hardware catalogue; culture admission German HRE Austrian; availability Early Modern. It does not imply a custom matched-key or hidden-lock system."
earlymodern_door_hre_hinge_pair_89,Early Modern,Early Modern,"Doors, locks & gates",lock and hardware,German HRE Austrian,hinges,a braided copper hinge pair,copper,Small,Standard,415,103,Era / Early Modern Era; Functions / Household Items / Household Wares; Market / Household Goods / Standard Wares,Holdable; Destroyable_HeavyMetal; Latch_Normal,Locksmithing,Blacksmithing,"Early Modern doors, locks and gates hardware catalogue; culture admission German HRE Austrian; availability Early Modern. It does not imply a custom matched-key or hidden-lock system."
earlymodern_door_hre_keyring_90,Early Modern,Early Modern,"Doors, locks & gates",lock and hardware,German HRE Austrian,keyring,a radiating pewter keyring,pewter,Small,Good,500,111,Era / Early Modern Era; Functions / Household Items / Household Wares; Market / Household Goods / Standard Wares,Holdable; Destroyable_HeavyMetal; Warded_Key,Locksmithing,Blacksmithing,"Early Modern doors, locks and gates hardware catalogue; culture admission German HRE Austrian; availability Early Modern. It does not imply a custom matched-key or hidden-lock system."
earlymodern_door_hre_escutcheon_91,Early Modern,Early Modern,"Doors, locks & gates",lock and hardware,German HRE Austrian,escutcheon,a leaf-scroll wrought iron keyhole escutcheon,wrought iron,Small,Good,585,119,Era / Early Modern Era; Functions / Household Items / Household Wares; Market / Household Goods / Standard Wares,Holdable; Destroyable_HeavyMetal; Latch_Normal,Locksmithing,Blacksmithing,"Early Modern doors, locks and gates hardware catalogue; culture admission German HRE Austrian; availability Early Modern. It does not imply a custom matched-key or hidden-lock system."
earlymodern_door_hre_warded_lock_92,Early Modern,Early Modern,"Doors, locks & gates",lock and hardware,German HRE Austrian,lock,a sunburst bronze warded lock,bronze,Small,Standard,670,127,Era / Early Modern Era; Functions / Household Items / Household Wares; Market / Household Goods / Standard Wares,Holdable; Destroyable_HeavyMetal; Warded_Lock_Normal,Locksmithing,Blacksmithing,"Early Modern doors, locks and gates hardware catalogue; culture admission German HRE Austrian; availability Early Modern. It does not imply a custom matched-key or hidden-lock system."
earlymodern_door_hre_good_warded_lock_93,Early Modern,Early Modern,"Doors, locks & gates",lock and hardware,German HRE Austrian,lock,a water-wave brass fine warded lock,brass,Small,VeryGood,755,135,Era / Early Modern Era; Functions / Household Items / Household Wares; Market / Household Goods / Standard Wares,Holdable; Destroyable_HeavyMetal; Warded_Lock_Good,Locksmithing,Blacksmithing,"Early Modern doors, locks and gates hardware catalogue; culture admission German HRE Austrian; availability Early Modern. It does not imply a custom matched-key or hidden-lock system."
earlymodern_door_hre_master_warded_lock_94,Early Modern,Early Modern,"Doors, locks & gates",lock and hardware,German HRE Austrian,lock,a knotted copper master warded lock,copper,Small,Good,840,143,Era / Early Modern Era; Functions / Household Items / Household Wares; Market / Household Goods / Standard Wares,Holdable; Destroyable_HeavyMetal; Warded_Lock_Master,Locksmithing,Blacksmithing,"Early Modern doors, locks and gates hardware catalogue; culture admission German HRE Austrian; availability Early Modern. It does not imply a custom matched-key or hidden-lock system."
earlymodern_door_hre_warded_key_95,Early Modern,Early Modern,"Doors, locks & gates",lock and hardware,German HRE Austrian,key,a flower-head pewter warded key,pewter,Small,Standard,925,151,Era / Early Modern Era; Functions / Household Items / Household Wares; Market / Household Goods / Standard Wares,Holdable; Destroyable_HeavyMetal; Warded_Key,Locksmithing,Blacksmithing,"Early Modern doors, locks and gates hardware catalogue; culture admission German HRE Austrian; availability Early Modern. It does not imply a custom matched-key or hidden-lock system."
earlymodern_door_it_panel_door_96,Early Modern,Early Modern,"Doors, locks & gates",door or gate,Italian states,door,a rosette wood door leaf,wood,Large,Poor,24000,78,Era / Early Modern Era; Functions / Household Items / Household Construction Materials; Market / Construction Materials / Worked Timber,Holdable; Destroyable_Door; Door_Normal_Large,Carpentry and joinery,Carpentry,"Early Modern doors, locks and gates catalogue; culture admission Italian states; availability Early Modern. Door behaviour is limited to the attached supported component profile."
earlymodern_door_it_braced_door_97,Early Modern,Early Modern,"Doors, locks & gates",door or gate,Italian states,door,a braided oak braced door,oak,Large,Standard,25800,89,Era / Early Modern Era; Functions / Household Items / Household Construction Materials; Market / Construction Materials / Worked Timber,Holdable; Destroyable_Door; Door_Tough_Large,Carpentry and joinery,Carpentry,"Early Modern doors, locks and gates catalogue; culture admission Italian states; availability Early Modern. Door behaviour is limited to the attached supported component profile."
earlymodern_door_it_lockable_door_98,Early Modern,Early Modern,"Doors, locks & gates",door or gate,Italian states,door,a leaf-scroll pine lockable door,pine,Large,Good,27600,100,Era / Early Modern Era; Functions / Household Items / Household Construction Materials; Market / Construction Materials / Worked Timber,Holdable; Destroyable_Door; Door_Lockable_Normal_Large,Carpentry and joinery,Carpentry,"Early Modern doors, locks and gates catalogue; culture admission Italian states; availability Early Modern. Door behaviour is limited to the attached supported component profile."
earlymodern_door_it_secure_door_99,Early Modern,Early Modern,"Doors, locks & gates",door or gate,Italian states,door,a water-wave cedar secure door,cedar,Large,Good,29400,111,Era / Early Modern Era; Functions / Household Items / Household Construction Materials; Market / Construction Materials / Worked Timber,Holdable; Destroyable_Door; Door_Lockable_Secure_Large,Carpentry and joinery,Carpentry,"Early Modern doors, locks and gates catalogue; culture admission Italian states; availability Early Modern. Door behaviour is limited to the attached supported component profile."
earlymodern_door_it_shutter_100,Early Modern,Early Modern,"Doors, locks & gates",door or gate,Italian states,shutter,a flower-head teak shuttered opening,teak,Large,Standard,31200,122,Era / Early Modern Era; Functions / Household Items / Household Construction Materials; Market / Construction Materials / Worked Timber,Holdable; Destroyable_Door; Door_Bad_Large,Carpentry and joinery,Carpentry,"Early Modern doors, locks and gates catalogue; culture admission Italian states; availability Early Modern. Door behaviour is limited to the attached supported component profile."
earlymodern_door_it_screen_101,Early Modern,Early Modern,"Doors, locks & gates",door or gate,Italian states,screen,a bird cedar screen door,cedar,Large,VeryGood,33000,133,Era / Early Modern Era; Functions / Household Items / Household Construction Materials; Market / Construction Materials / Worked Timber,Holdable; Destroyable_Door; Door_Bad_Large,Carpentry and joinery,Carpentry,"Early Modern doors, locks and gates catalogue; culture admission Italian states; availability Early Modern. Door behaviour is limited to the attached supported component profile."
earlymodern_door_it_lattice_gate_102,Early Modern,Early Modern,"Doors, locks & gates",door or gate,Italian states,gate,a geometric oak lattice gate,oak,VeryLarge,Good,34800,144,Era / Early Modern Era; Functions / Household Items / Household Construction Materials; Market / Construction Materials / Worked Timber,Holdable; Destroyable_Door; Door_Normal_Large,Carpentry and joinery,Carpentry,"Early Modern doors, locks and gates catalogue; culture admission Italian states; availability Early Modern. Door behaviour is limited to the attached supported component profile."
earlymodern_door_it_courtyard_gate_103,Early Modern,Early Modern,"Doors, locks & gates",door or gate,Italian states,gate,a shell cedar courtyard gate,cedar,VeryLarge,Standard,36600,155,Era / Early Modern Era; Functions / Household Items / Household Construction Materials; Market / Construction Materials / Worked Timber,Holdable; Destroyable_Door; Door_Lockable_Normal_Large,Carpentry and joinery,Carpentry,"Early Modern doors, locks and gates catalogue; culture admission Italian states; availability Early Modern. Door behaviour is limited to the attached supported component profile."
earlymodern_door_it_warehouse_gate_104,Early Modern,Early Modern,"Doors, locks & gates",door or gate,Italian states,gate,a rosette teak warehouse gate,teak,VeryLarge,Poor,38400,166,Era / Early Modern Era; Functions / Household Items / Household Construction Materials; Market / Construction Materials / Worked Timber,Holdable; Destroyable_Door; Door_Lockable_Tough_Large,Carpentry and joinery,Carpentry,"Early Modern doors, locks and gates catalogue; culture admission Italian states; availability Early Modern. Door behaviour is limited to the attached supported component profile."
earlymodern_door_it_garden_gate_105,Early Modern,Early Modern,"Doors, locks & gates",door or gate,Italian states,gate,a braided wrought iron garden gate,wrought iron,VeryLarge,Standard,40200,177,Era / Early Modern Era; Functions / Household Items / Household Construction Materials; Market / Household Goods / Standard Wares,Holdable; Destroyable_Door; Door_Normal_Large,Carpentry and joinery,Carpentry,"Early Modern doors, locks and gates catalogue; culture admission Italian states; availability Early Modern. Door behaviour is limited to the attached supported component profile."
earlymodern_door_it_grille_106,Early Modern,Early Modern,"Doors, locks & gates",door or gate,Italian states,grille,a leaf-scroll brass metal grille,brass,Large,Good,42000,188,Era / Early Modern Era; Functions / Household Items / Household Construction Materials; Market / Household Goods / Standard Wares,Holdable; Destroyable_Door; Door_Secure_Large,Carpentry and joinery,Carpentry,"Early Modern doors, locks and gates catalogue; culture admission Italian states; availability Early Modern. Door behaviour is limited to the attached supported component profile."
earlymodern_door_it_strike_plate_107,Early Modern,Early Modern,"Doors, locks & gates",lock and hardware,Italian states,strike plate,a bird bronze strike plate,bronze,Small,Good,500,95,Era / Early Modern Era; Functions / Household Items / Household Wares; Market / Household Goods / Standard Wares,Holdable; Destroyable_HeavyMetal; Latch_Normal,Locksmithing,Blacksmithing,"Early Modern doors, locks and gates hardware catalogue; culture admission Italian states; availability Early Modern. It does not imply a custom matched-key or hidden-lock system."
earlymodern_door_it_hinge_pair_108,Early Modern,Early Modern,"Doors, locks & gates",lock and hardware,Italian states,hinges,a vine brass hinge pair,brass,Small,Standard,585,103,Era / Early Modern Era; Functions / Household Items / Household Wares; Market / Household Goods / Standard Wares,Holdable; Destroyable_HeavyMetal; Latch_Normal,Locksmithing,Blacksmithing,"Early Modern doors, locks and gates hardware catalogue; culture admission Italian states; availability Early Modern. It does not imply a custom matched-key or hidden-lock system."
earlymodern_door_it_keyring_109,Early Modern,Early Modern,"Doors, locks & gates",lock and hardware,Italian states,keyring,a geometric copper keyring,copper,Small,VeryGood,670,111,Era / Early Modern Era; Functions / Household Items / Household Wares; Market / Household Goods / Standard Wares,Holdable; Destroyable_HeavyMetal; Warded_Key,Locksmithing,Blacksmithing,"Early Modern doors, locks and gates hardware catalogue; culture admission Italian states; availability Early Modern. It does not imply a custom matched-key or hidden-lock system."
earlymodern_door_it_escutcheon_110,Early Modern,Early Modern,"Doors, locks & gates",lock and hardware,Italian states,escutcheon,a cloud pewter keyhole escutcheon,pewter,Small,Good,755,119,Era / Early Modern Era; Functions / Household Items / Household Wares; Market / Household Goods / Standard Wares,Holdable; Destroyable_HeavyMetal; Latch_Normal,Locksmithing,Blacksmithing,"Early Modern doors, locks and gates hardware catalogue; culture admission Italian states; availability Early Modern. It does not imply a custom matched-key or hidden-lock system."
earlymodern_door_it_warded_lock_111,Early Modern,Early Modern,"Doors, locks & gates",lock and hardware,Italian states,lock,a shell wrought iron warded lock,wrought iron,Small,Standard,840,127,Era / Early Modern Era; Functions / Household Items / Household Wares; Market / Household Goods / Standard Wares,Holdable; Destroyable_HeavyMetal; Warded_Lock_Normal,Locksmithing,Blacksmithing,"Early Modern doors, locks and gates hardware catalogue; culture admission Italian states; availability Early Modern. It does not imply a custom matched-key or hidden-lock system."
earlymodern_door_it_good_warded_lock_112,Early Modern,Early Modern,"Doors, locks & gates",lock and hardware,Italian states,lock,a reed bronze fine warded lock,bronze,Small,Poor,925,135,Era / Early Modern Era; Functions / Household Items / Household Wares; Market / Household Goods / Standard Wares,Holdable; Destroyable_HeavyMetal; Warded_Lock_Good,Locksmithing,Blacksmithing,"Early Modern doors, locks and gates hardware catalogue; culture admission Italian states; availability Early Modern. It does not imply a custom matched-key or hidden-lock system."
earlymodern_door_it_master_warded_lock_113,Early Modern,Early Modern,"Doors, locks & gates",lock and hardware,Italian states,lock,a rosette brass master warded lock,brass,Small,Standard,1010,143,Era / Early Modern Era; Functions / Household Items / Household Wares; Market / Household Goods / Standard Wares,Holdable; Destroyable_HeavyMetal; Warded_Lock_Master,Locksmithing,Blacksmithing,"Early Modern doors, locks and gates hardware catalogue; culture admission Italian states; availability Early Modern. It does not imply a custom matched-key or hidden-lock system."
earlymodern_door_it_warded_key_114,Early Modern,Early Modern,"Doors, locks & gates",lock and hardware,Italian states,key,a checker copper warded key,copper,Small,Good,1095,151,Era / Early Modern Era; Functions / Household Items / Household Wares; Market / Household Goods / Standard Wares,Holdable; Destroyable_HeavyMetal; Warded_Key,Locksmithing,Blacksmithing,"Early Modern doors, locks and gates hardware catalogue; culture admission Italian states; availability Early Modern. It does not imply a custom matched-key or hidden-lock system."
earlymodern_door_scb_panel_door_115,Early Modern,Early Modern,"Doors, locks & gates",door or gate,Scandinavian Baltic,door,a vine teak door leaf,teak,Large,Good,24000,287,Era / Early Modern Era; Functions / Household Items / Household Construction Materials; Market / Construction Materials / Worked Timber,Holdable; Destroyable_Door; Door_Normal_Large,Carpentry and joinery,Carpentry,"Early Modern doors, locks and gates catalogue; culture admission Scandinavian Baltic; availability Early Modern. Door behaviour is limited to the attached supported component profile."
earlymodern_door_scb_braced_door_116,Early Modern,Early Modern,"Doors, locks & gates",door or gate,Scandinavian Baltic,door,a cloud wood braced door,wood,Large,Standard,25800,45,Era / Early Modern Era; Functions / Household Items / Household Construction Materials; Market / Construction Materials / Worked Timber,Holdable; Destroyable_Door; Door_Tough_Large,Carpentry and joinery,Carpentry,"Early Modern doors, locks and gates catalogue; culture admission Scandinavian Baltic; availability Early Modern. Door behaviour is limited to the attached supported component profile."
earlymodern_door_scb_lockable_door_117,Early Modern,Early Modern,"Doors, locks & gates",door or gate,Scandinavian Baltic,door,a reed oak lockable door,oak,Large,VeryGood,27600,56,Era / Early Modern Era; Functions / Household Items / Household Construction Materials; Market / Construction Materials / Worked Timber,Holdable; Destroyable_Door; Door_Lockable_Normal_Large,Carpentry and joinery,Carpentry,"Early Modern doors, locks and gates catalogue; culture admission Scandinavian Baltic; availability Early Modern. Door behaviour is limited to the attached supported component profile."
earlymodern_door_scb_secure_door_118,Early Modern,Early Modern,"Doors, locks & gates",door or gate,Scandinavian Baltic,door,a checker pine secure door,pine,Large,Good,29400,67,Era / Early Modern Era; Functions / Household Items / Household Construction Materials; Market / Construction Materials / Worked Timber,Holdable; Destroyable_Door; Door_Lockable_Secure_Large,Carpentry and joinery,Carpentry,"Early Modern doors, locks and gates catalogue; culture admission Scandinavian Baltic; availability Early Modern. Door behaviour is limited to the attached supported component profile."
earlymodern_door_scb_shutter_119,Early Modern,Early Modern,"Doors, locks & gates",door or gate,Scandinavian Baltic,shutter,a radiating cedar shuttered opening,cedar,Large,Standard,31200,78,Era / Early Modern Era; Functions / Household Items / Household Construction Materials; Market / Construction Materials / Worked Timber,Holdable; Destroyable_Door; Door_Bad_Large,Carpentry and joinery,Carpentry,"Early Modern doors, locks and gates catalogue; culture admission Scandinavian Baltic; availability Early Modern. Door behaviour is limited to the attached supported component profile."
earlymodern_door_scb_screen_120,Early Modern,Early Modern,"Doors, locks & gates",door or gate,Scandinavian Baltic,screen,a sunburst cedar screen door,cedar,Large,Poor,33000,89,Era / Early Modern Era; Functions / Household Items / Household Construction Materials; Market / Construction Materials / Worked Timber,Holdable; Destroyable_Door; Door_Bad_Large,Carpentry and joinery,Carpentry,"Early Modern doors, locks and gates catalogue; culture admission Scandinavian Baltic; availability Early Modern. Door behaviour is limited to the attached supported component profile."
earlymodern_door_scb_lattice_gate_121,Early Modern,Early Modern,"Doors, locks & gates",door or gate,Scandinavian Baltic,gate,a knotted bronze lattice gate,bronze,VeryLarge,Standard,34800,100,Era / Early Modern Era; Functions / Household Items / Household Construction Materials; Market / Household Goods / Standard Wares,Holdable; Destroyable_Door; Door_Normal_Large,Carpentry and joinery,Carpentry,"Early Modern doors, locks and gates catalogue; culture admission Scandinavian Baltic; availability Early Modern. Door behaviour is limited to the attached supported component profile."
earlymodern_door_scb_courtyard_gate_122,Early Modern,Early Modern,"Doors, locks & gates",door or gate,Scandinavian Baltic,gate,a star oak courtyard gate,oak,VeryLarge,Good,36600,111,Era / Early Modern Era; Functions / Household Items / Household Construction Materials; Market / Construction Materials / Worked Timber,Holdable; Destroyable_Door; Door_Lockable_Normal_Large,Carpentry and joinery,Carpentry,"Early Modern doors, locks and gates catalogue; culture admission Scandinavian Baltic; availability Early Modern. Door behaviour is limited to the attached supported component profile."
earlymodern_door_scb_warehouse_gate_123,Early Modern,Early Modern,"Doors, locks & gates",door or gate,Scandinavian Baltic,gate,a vine cedar warehouse gate,cedar,VeryLarge,Good,38400,122,Era / Early Modern Era; Functions / Household Items / Household Construction Materials; Market / Construction Materials / Worked Timber,Holdable; Destroyable_Door; Door_Lockable_Tough_Large,Carpentry and joinery,Carpentry,"Early Modern doors, locks and gates catalogue; culture admission Scandinavian Baltic; availability Early Modern. Door behaviour is limited to the attached supported component profile."
earlymodern_door_scb_garden_gate_124,Early Modern,Early Modern,"Doors, locks & gates",door or gate,Scandinavian Baltic,gate,a cloud teak garden gate,teak,VeryLarge,Standard,40200,133,Era / Early Modern Era; Functions / Household Items / Household Construction Materials; Market / Construction Materials / Worked Timber,Holdable; Destroyable_Door; Door_Normal_Large,Carpentry and joinery,Carpentry,"Early Modern doors, locks and gates catalogue; culture admission Scandinavian Baltic; availability Early Modern. Door behaviour is limited to the attached supported component profile."
earlymodern_door_scb_grille_125,Early Modern,Early Modern,"Doors, locks & gates",door or gate,Scandinavian Baltic,grille,a reed brass metal grille,brass,Large,VeryGood,42000,144,Era / Early Modern Era; Functions / Household Items / Household Construction Materials; Market / Household Goods / Standard Wares,Holdable; Destroyable_Door; Door_Secure_Large,Carpentry and joinery,Carpentry,"Early Modern doors, locks and gates catalogue; culture admission Scandinavian Baltic; availability Early Modern. Door behaviour is limited to the attached supported component profile."
earlymodern_door_scb_strike_plate_126,Early Modern,Early Modern,"Doors, locks & gates",lock and hardware,Scandinavian Baltic,strike plate,a knotted wrought iron strike plate,wrought iron,Small,Good,670,95,Era / Early Modern Era; Functions / Household Items / Household Wares; Market / Household Goods / Standard Wares,Holdable; Destroyable_HeavyMetal; Latch_Normal,Locksmithing,Blacksmithing,"Early Modern doors, locks and gates hardware catalogue; culture admission Scandinavian Baltic; availability Early Modern. It does not imply a custom matched-key or hidden-lock system."
earlymodern_door_scb_hinge_pair_127,Early Modern,Early Modern,"Doors, locks & gates",lock and hardware,Scandinavian Baltic,hinges,a flower-head bronze hinge pair,bronze,Small,Standard,755,103,Era / Early Modern Era; Functions / Household Items / Household Wares; Market / Household Goods / Standard Wares,Holdable; Destroyable_HeavyMetal; Latch_Normal,Locksmithing,Blacksmithing,"Early Modern doors, locks and gates hardware catalogue; culture admission Scandinavian Baltic; availability Early Modern. It does not imply a custom matched-key or hidden-lock system."
earlymodern_door_scb_keyring_128,Early Modern,Early Modern,"Doors, locks & gates",lock and hardware,Scandinavian Baltic,keyring,a star brass keyring,brass,Small,Poor,840,111,Era / Early Modern Era; Functions / Household Items / Household Wares; Market / Household Goods / Standard Wares,Holdable; Destroyable_HeavyMetal; Warded_Key,Locksmithing,Blacksmithing,"Early Modern doors, locks and gates hardware catalogue; culture admission Scandinavian Baltic; availability Early Modern. It does not imply a custom matched-key or hidden-lock system."
earlymodern_door_scb_escutcheon_129,Early Modern,Early Modern,"Doors, locks & gates",lock and hardware,Scandinavian Baltic,escutcheon,a bird copper keyhole escutcheon,copper,Small,Standard,925,119,Era / Early Modern Era; Functions / Household Items / Household Wares; Market / Household Goods / Standard Wares,Holdable; Destroyable_HeavyMetal; Latch_Normal,Locksmithing,Blacksmithing,"Early Modern doors, locks and gates hardware catalogue; culture admission Scandinavian Baltic; availability Early Modern. It does not imply a custom matched-key or hidden-lock system."
earlymodern_door_scb_warded_lock_130,Early Modern,Early Modern,"Doors, locks & gates",lock and hardware,Scandinavian Baltic,lock,a vine pewter warded lock,pewter,Small,Good,1010,127,Era / Early Modern Era; Functions / Household Items / Household Wares; Market / Household Goods / Standard Wares,Holdable; Destroyable_HeavyMetal; Warded_Lock_Normal,Locksmithing,Blacksmithing,"Early Modern doors, locks and gates hardware catalogue; culture admission Scandinavian Baltic; availability Early Modern. It does not imply a custom matched-key or hidden-lock system."
earlymodern_door_scb_good_warded_lock_131,Early Modern,Early Modern,"Doors, locks & gates",lock and hardware,Scandinavian Baltic,lock,a geometric wrought iron fine warded lock,wrought iron,Small,Good,1095,135,Era / Early Modern Era; Functions / Household Items / Household Wares; Market / Household Goods / Standard Wares,Holdable; Destroyable_HeavyMetal; Warded_Lock_Good,Locksmithing,Blacksmithing,"Early Modern doors, locks and gates hardware catalogue; culture admission Scandinavian Baltic; availability Early Modern. It does not imply a custom matched-key or hidden-lock system."
earlymodern_door_scb_master_warded_lock_132,Early Modern,Early Modern,"Doors, locks & gates",lock and hardware,Scandinavian Baltic,lock,a cloud bronze master warded lock,bronze,Small,Standard,1180,143,Era / Early Modern Era; Functions / Household Items / Household Wares; Market / Household Goods / Standard Wares,Holdable; Destroyable_HeavyMetal; Warded_Lock_Master,Locksmithing,Blacksmithing,"Early Modern doors, locks and gates hardware catalogue; culture admission Scandinavian Baltic; availability Early Modern. It does not imply a custom matched-key or hidden-lock system."
earlymodern_door_scb_warded_key_133,Early Modern,Early Modern,"Doors, locks & gates",lock and hardware,Scandinavian Baltic,key,a shell brass warded key,brass,Small,VeryGood,1265,151,Era / Early Modern Era; Functions / Household Items / Household Wares; Market / Household Goods / Standard Wares,Holdable; Destroyable_HeavyMetal; Warded_Key,Locksmithing,Blacksmithing,"Early Modern doors, locks and gates hardware catalogue; culture admission Scandinavian Baltic; availability Early Modern. It does not imply a custom matched-key or hidden-lock system."
earlymodern_door_plh_panel_door_134,Early Modern,Early Modern,"Doors, locks & gates",door or gate,Polish Lithuanian Hungarian frontier,door,a braided wood door leaf,wood,Large,Good,24000,243,Era / Early Modern Era; Functions / Household Items / Household Construction Materials; Market / Construction Materials / Worked Timber,Holdable; Destroyable_Door; Door_Normal_Large,Carpentry and joinery,Carpentry,"Early Modern doors, locks and gates catalogue; culture admission Polish Lithuanian Hungarian frontier; availability Early Modern. Door behaviour is limited to the attached supported component profile."
earlymodern_door_plh_braced_door_135,Early Modern,Early Modern,"Doors, locks & gates",door or gate,Polish Lithuanian Hungarian frontier,door,a leaf-scroll oak braced door,oak,Large,Standard,25800,254,Era / Early Modern Era; Functions / Household Items / Household Construction Materials; Market / Construction Materials / Worked Timber,Holdable; Destroyable_Door; Door_Tough_Large,Carpentry and joinery,Carpentry,"Early Modern doors, locks and gates catalogue; culture admission Polish Lithuanian Hungarian frontier; availability Early Modern. Door behaviour is limited to the attached supported component profile."
earlymodern_door_plh_lockable_door_136,Early Modern,Early Modern,"Doors, locks & gates",door or gate,Polish Lithuanian Hungarian frontier,door,a water-wave pine lockable door,pine,Large,Poor,27600,265,Era / Early Modern Era; Functions / Household Items / Household Construction Materials; Market / Construction Materials / Worked Timber,Holdable; Destroyable_Door; Door_Lockable_Normal_Large,Carpentry and joinery,Carpentry,"Early Modern doors, locks and gates catalogue; culture admission Polish Lithuanian Hungarian frontier; availability Early Modern. Door behaviour is limited to the attached supported component profile."
earlymodern_door_plh_secure_door_137,Early Modern,Early Modern,"Doors, locks & gates",door or gate,Polish Lithuanian Hungarian frontier,door,a flower-head cedar secure door,cedar,Large,Standard,29400,276,Era / Early Modern Era; Functions / Household Items / Household Construction Materials; Market / Construction Materials / Worked Timber,Holdable; Destroyable_Door; Door_Lockable_Secure_Large,Carpentry and joinery,Carpentry,"Early Modern doors, locks and gates catalogue; culture admission Polish Lithuanian Hungarian frontier; availability Early Modern. Door behaviour is limited to the attached supported component profile."
earlymodern_door_plh_shutter_138,Early Modern,Early Modern,"Doors, locks & gates",door or gate,Polish Lithuanian Hungarian frontier,shutter,a bird teak shuttered opening,teak,Large,Good,31200,287,Era / Early Modern Era; Functions / Household Items / Household Construction Materials; Market / Construction Materials / Worked Timber,Holdable; Destroyable_Door; Door_Bad_Large,Carpentry and joinery,Carpentry,"Early Modern doors, locks and gates catalogue; culture admission Polish Lithuanian Hungarian frontier; availability Early Modern. Door behaviour is limited to the attached supported component profile."
earlymodern_door_plh_screen_139,Early Modern,Early Modern,"Doors, locks & gates",door or gate,Polish Lithuanian Hungarian frontier,screen,a geometric cedar screen door,cedar,Large,Good,33000,45,Era / Early Modern Era; Functions / Household Items / Household Construction Materials; Market / Construction Materials / Worked Timber,Holdable; Destroyable_Door; Door_Bad_Large,Carpentry and joinery,Carpentry,"Early Modern doors, locks and gates catalogue; culture admission Polish Lithuanian Hungarian frontier; availability Early Modern. Door behaviour is limited to the attached supported component profile."
earlymodern_door_plh_lattice_gate_140,Early Modern,Early Modern,"Doors, locks & gates",door or gate,Polish Lithuanian Hungarian frontier,gate,a shell oak lattice gate,oak,VeryLarge,Standard,34800,56,Era / Early Modern Era; Functions / Household Items / Household Construction Materials; Market / Construction Materials / Worked Timber,Holdable; Destroyable_Door; Door_Normal_Large,Carpentry and joinery,Carpentry,"Early Modern doors, locks and gates catalogue; culture admission Polish Lithuanian Hungarian frontier; availability Early Modern. Door behaviour is limited to the attached supported component profile."
earlymodern_door_plh_courtyard_gate_141,Early Modern,Early Modern,"Doors, locks & gates",door or gate,Polish Lithuanian Hungarian frontier,gate,a rosette cedar courtyard gate,cedar,VeryLarge,VeryGood,36600,67,Era / Early Modern Era; Functions / Household Items / Household Construction Materials; Market / Construction Materials / Worked Timber,Holdable; Destroyable_Door; Door_Lockable_Normal_Large,Carpentry and joinery,Carpentry,"Early Modern doors, locks and gates catalogue; culture admission Polish Lithuanian Hungarian frontier; availability Early Modern. Door behaviour is limited to the attached supported component profile."
earlymodern_door_plh_warehouse_gate_142,Early Modern,Early Modern,"Doors, locks & gates",door or gate,Polish Lithuanian Hungarian frontier,gate,a braided teak warehouse gate,teak,VeryLarge,Good,38400,78,Era / Early Modern Era; Functions / Household Items / Household Construction Materials; Market / Construction Materials / Worked Timber,Holdable; Destroyable_Door; Door_Lockable_Tough_Large,Carpentry and joinery,Carpentry,"Early Modern doors, locks and gates catalogue; culture admission Polish Lithuanian Hungarian frontier; availability Early Modern. Door behaviour is limited to the attached supported component profile."
earlymodern_door_plh_garden_gate_143,Early Modern,Early Modern,"Doors, locks & gates",door or gate,Polish Lithuanian Hungarian frontier,gate,a leaf-scroll wrought iron garden gate,wrought iron,VeryLarge,Standard,40200,89,Era / Early Modern Era; Functions / Household Items / Household Construction Materials; Market / Household Goods / Standard Wares,Holdable; Destroyable_Door; Door_Normal_Large,Carpentry and joinery,Carpentry,"Early Modern doors, locks and gates catalogue; culture admission Polish Lithuanian Hungarian frontier; availability Early Modern. Door behaviour is limited to the attached supported component profile."
earlymodern_door_plh_grille_144,Early Modern,Early Modern,"Doors, locks & gates",door or gate,Polish Lithuanian Hungarian frontier,grille,a water-wave brass metal grille,brass,Large,Poor,42000,100,Era / Early Modern Era; Functions / Household Items / Household Construction Materials; Market / Household Goods / Standard Wares,Holdable; Destroyable_Door; Door_Secure_Large,Carpentry and joinery,Carpentry,"Early Modern doors, locks and gates catalogue; culture admission Polish Lithuanian Hungarian frontier; availability Early Modern. Door behaviour is limited to the attached supported component profile."
earlymodern_door_plh_strike_plate_145,Early Modern,Early Modern,"Doors, locks & gates",lock and hardware,Polish Lithuanian Hungarian frontier,strike plate,a geometric pewter strike plate,pewter,Small,Standard,840,95,Era / Early Modern Era; Functions / Household Items / Household Wares; Market / Household Goods / Standard Wares,Holdable; Destroyable_HeavyMetal; Latch_Normal,Locksmithing,Blacksmithing,"Early Modern doors, locks and gates hardware catalogue; culture admission Polish Lithuanian Hungarian frontier; availability Early Modern. It does not imply a custom matched-key or hidden-lock system."
earlymodern_door_plh_hinge_pair_146,Early Modern,Early Modern,"Doors, locks & gates",lock and hardware,Polish Lithuanian Hungarian frontier,hinges,a cloud wrought iron hinge pair,wrought iron,Small,Good,925,103,Era / Early Modern Era; Functions / Household Items / Household Wares; Market / Household Goods / Standard Wares,Holdable; Destroyable_HeavyMetal; Latch_Normal,Locksmithing,Blacksmithing,"Early Modern doors, locks and gates hardware catalogue; culture admission Polish Lithuanian Hungarian frontier; availability Early Modern. It does not imply a custom matched-key or hidden-lock system."
earlymodern_door_plh_keyring_147,Early Modern,Early Modern,"Doors, locks & gates",lock and hardware,Polish Lithuanian Hungarian frontier,keyring,a shell bronze keyring,bronze,Small,Good,1010,111,Era / Early Modern Era; Functions / Household Items / Household Wares; Market / Household Goods / Standard Wares,Holdable; Destroyable_HeavyMetal; Warded_Key,Locksmithing,Blacksmithing,"Early Modern doors, locks and gates hardware catalogue; culture admission Polish Lithuanian Hungarian frontier; availability Early Modern. It does not imply a custom matched-key or hidden-lock system."
earlymodern_door_plh_escutcheon_148,Early Modern,Early Modern,"Doors, locks & gates",lock and hardware,Polish Lithuanian Hungarian frontier,escutcheon,a reed brass keyhole escutcheon,brass,Small,Standard,1095,119,Era / Early Modern Era; Functions / Household Items / Household Wares; Market / Household Goods / Standard Wares,Holdable; Destroyable_HeavyMetal; Latch_Normal,Locksmithing,Blacksmithing,"Early Modern doors, locks and gates hardware catalogue; culture admission Polish Lithuanian Hungarian frontier; availability Early Modern. It does not imply a custom matched-key or hidden-lock system."
earlymodern_door_plh_warded_lock_149,Early Modern,Early Modern,"Doors, locks & gates",lock and hardware,Polish Lithuanian Hungarian frontier,lock,a rosette copper warded lock,copper,Small,VeryGood,1180,127,Era / Early Modern Era; Functions / Household Items / Household Wares; Market / Household Goods / Standard Wares,Holdable; Destroyable_HeavyMetal; Warded_Lock_Normal,Locksmithing,Blacksmithing,"Early Modern doors, locks and gates hardware catalogue; culture admission Polish Lithuanian Hungarian frontier; availability Early Modern. It does not imply a custom matched-key or hidden-lock system."
earlymodern_door_plh_good_warded_lock_150,Early Modern,Early Modern,"Doors, locks & gates",lock and hardware,Polish Lithuanian Hungarian frontier,lock,a checker pewter fine warded lock,pewter,Small,Good,1265,135,Era / Early Modern Era; Functions / Household Items / Household Wares; Market / Household Goods / Standard Wares,Holdable; Destroyable_HeavyMetal; Warded_Lock_Good,Locksmithing,Blacksmithing,"Early Modern doors, locks and gates hardware catalogue; culture admission Polish Lithuanian Hungarian frontier; availability Early Modern. It does not imply a custom matched-key or hidden-lock system."
earlymodern_door_plh_master_warded_lock_151,Early Modern,Early Modern,"Doors, locks & gates",lock and hardware,Polish Lithuanian Hungarian frontier,lock,a braided wrought iron master warded lock,wrought iron,Small,Standard,1350,143,Era / Early Modern Era; Functions / Household Items / Household Wares; Market / Household Goods / Standard Wares,Holdable; Destroyable_HeavyMetal; Warded_Lock_Master,Locksmithing,Blacksmithing,"Early Modern doors, locks and gates hardware catalogue; culture admission Polish Lithuanian Hungarian frontier; availability Early Modern. It does not imply a custom matched-key or hidden-lock system."
earlymodern_door_plh_warded_key_152,Early Modern,Early Modern,"Doors, locks & gates",lock and hardware,Polish Lithuanian Hungarian frontier,key,a radiating bronze warded key,bronze,Small,Poor,1435,151,Era / Early Modern Era; Functions / Household Items / Household Wares; Market / Household Goods / Standard Wares,Holdable; Destroyable_HeavyMetal; Warded_Key,Locksmithing,Blacksmithing,"Early Modern doors, locks and gates hardware catalogue; culture admission Polish Lithuanian Hungarian frontier; availability Early Modern. It does not imply a custom matched-key or hidden-lock system."
earlymodern_door_rus_panel_door_153,Early Modern,Early Modern,"Doors, locks & gates",door or gate,Russian Petrine and post Petrine,door,a leaf-scroll wood door leaf,wood,Large,Standard,24000,199,Era / Early Modern Era; Functions / Household Items / Household Construction Materials; Market / Construction Materials / Worked Timber,Holdable; Destroyable_Door; Door_Normal_Large,Carpentry and joinery,Carpentry,"Early Modern doors, locks and gates catalogue; culture admission Russian Petrine and post Petrine; availability Early Modern. Door behaviour is limited to the attached supported component profile."
earlymodern_door_rus_braced_door_154,Early Modern,Early Modern,"Doors, locks & gates",door or gate,Russian Petrine and post Petrine,door,a water-wave oak braced door,oak,Large,Good,25800,210,Era / Early Modern Era; Functions / Household Items / Household Construction Materials; Market / Construction Materials / Worked Timber,Holdable; Destroyable_Door; Door_Tough_Large,Carpentry and joinery,Carpentry,"Early Modern doors, locks and gates catalogue; culture admission Russian Petrine and post Petrine; availability Early Modern. Door behaviour is limited to the attached supported component profile."
earlymodern_door_rus_lockable_door_155,Early Modern,Early Modern,"Doors, locks & gates",door or gate,Russian Petrine and post Petrine,door,a flower-head pine lockable door,pine,Large,Good,27600,221,Era / Early Modern Era; Functions / Household Items / Household Construction Materials; Market / Construction Materials / Worked Timber,Holdable; Destroyable_Door; Door_Lockable_Normal_Large,Carpentry and joinery,Carpentry,"Early Modern doors, locks and gates catalogue; culture admission Russian Petrine and post Petrine; availability Early Modern. Door behaviour is limited to the attached supported component profile."
earlymodern_door_rus_secure_door_156,Early Modern,Early Modern,"Doors, locks & gates",door or gate,Russian Petrine and post Petrine,door,a bird cedar secure door,cedar,Large,Standard,29400,232,Era / Early Modern Era; Functions / Household Items / Household Construction Materials; Market / Construction Materials / Worked Timber,Holdable; Destroyable_Door; Door_Lockable_Secure_Large,Carpentry and joinery,Carpentry,"Early Modern doors, locks and gates catalogue; culture admission Russian Petrine and post Petrine; availability Early Modern. Door behaviour is limited to the attached supported component profile."
earlymodern_door_rus_shutter_157,Early Modern,Early Modern,"Doors, locks & gates",door or gate,Russian Petrine and post Petrine,shutter,a geometric teak shuttered opening,teak,Large,VeryGood,31200,243,Era / Early Modern Era; Functions / Household Items / Household Construction Materials; Market / Construction Materials / Worked Timber,Holdable; Destroyable_Door; Door_Bad_Large,Carpentry and joinery,Carpentry,"Early Modern doors, locks and gates catalogue; culture admission Russian Petrine and post Petrine; availability Early Modern. Door behaviour is limited to the attached supported component profile."
earlymodern_door_rus_screen_158,Early Modern,Early Modern,"Doors, locks & gates",door or gate,Russian Petrine and post Petrine,screen,a shell teak screen door,teak,Large,Good,33000,254,Era / Early Modern Era; Functions / Household Items / Household Construction Materials; Market / Construction Materials / Worked Timber,Holdable; Destroyable_Door; Door_Bad_Large,Carpentry and joinery,Carpentry,"Early Modern doors, locks and gates catalogue; culture admission Russian Petrine and post Petrine; availability Early Modern. Door behaviour is limited to the attached supported component profile."
earlymodern_door_rus_lattice_gate_159,Early Modern,Early Modern,"Doors, locks & gates",door or gate,Russian Petrine and post Petrine,gate,a rosette oak lattice gate,oak,VeryLarge,Standard,34800,265,Era / Early Modern Era; Functions / Household Items / Household Construction Materials; Market / Construction Materials / Worked Timber,Holdable; Destroyable_Door; Door_Normal_Large,Carpentry and joinery,Carpentry,"Early Modern doors, locks and gates catalogue; culture admission Russian Petrine and post Petrine; availability Early Modern. Door behaviour is limited to the attached supported component profile."
earlymodern_door_rus_courtyard_gate_160,Early Modern,Early Modern,"Doors, locks & gates",door or gate,Russian Petrine and post Petrine,gate,a braided cedar courtyard gate,cedar,VeryLarge,Poor,36600,276,Era / Early Modern Era; Functions / Household Items / Household Construction Materials; Market / Construction Materials / Worked Timber,Holdable; Destroyable_Door; Door_Lockable_Normal_Large,Carpentry and joinery,Carpentry,"Early Modern doors, locks and gates catalogue; culture admission Russian Petrine and post Petrine; availability Early Modern. Door behaviour is limited to the attached supported component profile."
earlymodern_door_rus_warehouse_gate_161,Early Modern,Early Modern,"Doors, locks & gates",door or gate,Russian Petrine and post Petrine,gate,a leaf-scroll teak warehouse gate,teak,VeryLarge,Standard,38400,287,Era / Early Modern Era; Functions / Household Items / Household Construction Materials; Market / Construction Materials / Worked Timber,Holdable; Destroyable_Door; Door_Lockable_Tough_Large,Carpentry and joinery,Carpentry,"Early Modern doors, locks and gates catalogue; culture admission Russian Petrine and post Petrine; availability Early Modern. Door behaviour is limited to the attached supported component profile."
earlymodern_door_rus_garden_gate_162,Early Modern,Early Modern,"Doors, locks & gates",door or gate,Russian Petrine and post Petrine,gate,a water-wave wrought iron garden gate,wrought iron,VeryLarge,Good,40200,45,Era / Early Modern Era; Functions / Household Items / Household Construction Materials; Market / Household Goods / Standard Wares,Holdable; Destroyable_Door; Door_Normal_Large,Carpentry and joinery,Carpentry,"Early Modern doors, locks and gates catalogue; culture admission Russian Petrine and post Petrine; availability Early Modern. Door behaviour is limited to the attached supported component profile."
earlymodern_door_rus_grille_163,Early Modern,Early Modern,"Doors, locks & gates",door or gate,Russian Petrine and post Petrine,grille,a flower-head brass metal grille,brass,Large,Good,42000,56,Era / Early Modern Era; Functions / Household Items / Household Construction Materials; Market / Household Goods / Standard Wares,Holdable; Destroyable_Door; Door_Secure_Large,Carpentry and joinery,Carpentry,"Early Modern doors, locks and gates catalogue; culture admission Russian Petrine and post Petrine; availability Early Modern. Door behaviour is limited to the attached supported component profile."
earlymodern_door_rus_strike_plate_164,Early Modern,Early Modern,"Doors, locks & gates",lock and hardware,Russian Petrine and post Petrine,strike plate,a knotted copper strike plate,copper,Small,Standard,1010,95,Era / Early Modern Era; Functions / Household Items / Household Wares; Market / Household Goods / Standard Wares,Holdable; Destroyable_HeavyMetal; Latch_Normal,Locksmithing,Blacksmithing,"Early Modern doors, locks and gates hardware catalogue; culture admission Russian Petrine and post Petrine; availability Early Modern. It does not imply a custom matched-key or hidden-lock system."
earlymodern_door_rus_hinge_pair_165,Early Modern,Early Modern,"Doors, locks & gates",lock and hardware,Russian Petrine and post Petrine,hinges,a flower-head pewter hinge pair,pewter,Small,VeryGood,1095,103,Era / Early Modern Era; Functions / Household Items / Household Wares; Market / Household Goods / Standard Wares,Holdable; Destroyable_HeavyMetal; Latch_Normal,Locksmithing,Blacksmithing,"Early Modern doors, locks and gates hardware catalogue; culture admission Russian Petrine and post Petrine; availability Early Modern. It does not imply a custom matched-key or hidden-lock system."
earlymodern_door_rus_keyring_166,Early Modern,Early Modern,"Doors, locks & gates",lock and hardware,Russian Petrine and post Petrine,keyring,a star wrought iron keyring,wrought iron,Small,Good,1180,111,Era / Early Modern Era; Functions / Household Items / Household Wares; Market / Household Goods / Standard Wares,Holdable; Destroyable_HeavyMetal; Warded_Key,Locksmithing,Blacksmithing,"Early Modern doors, locks and gates hardware catalogue; culture admission Russian Petrine and post Petrine; availability Early Modern. It does not imply a custom matched-key or hidden-lock system."
earlymodern_door_rus_escutcheon_167,Early Modern,Early Modern,"Doors, locks & gates",lock and hardware,Russian Petrine and post Petrine,escutcheon,a bird bronze keyhole escutcheon,bronze,Small,Standard,1265,119,Era / Early Modern Era; Functions / Household Items / Household Wares; Market / Household Goods / Standard Wares,Holdable; Destroyable_HeavyMetal; Latch_Normal,Locksmithing,Blacksmithing,"Early Modern doors, locks and gates hardware catalogue; culture admission Russian Petrine and post Petrine; availability Early Modern. It does not imply a custom matched-key or hidden-lock system."
earlymodern_door_rus_warded_lock_168,Early Modern,Early Modern,"Doors, locks & gates",lock and hardware,Russian Petrine and post Petrine,lock,a vine brass warded lock,brass,Small,Poor,1350,127,Era / Early Modern Era; Functions / Household Items / Household Wares; Market / Household Goods / Standard Wares,Holdable; Destroyable_HeavyMetal; Warded_Lock_Normal,Locksmithing,Blacksmithing,"Early Modern doors, locks and gates hardware catalogue; culture admission Russian Petrine and post Petrine; availability Early Modern. It does not imply a custom matched-key or hidden-lock system."
earlymodern_door_rus_good_warded_lock_169,Early Modern,Early Modern,"Doors, locks & gates",lock and hardware,Russian Petrine and post Petrine,lock,a geometric copper fine warded lock,copper,Small,Standard,1435,135,Era / Early Modern Era; Functions / Household Items / Household Wares; Market / Household Goods / Standard Wares,Holdable; Destroyable_HeavyMetal; Warded_Lock_Good,Locksmithing,Blacksmithing,"Early Modern doors, locks and gates hardware catalogue; culture admission Russian Petrine and post Petrine; availability Early Modern. It does not imply a custom matched-key or hidden-lock system."
earlymodern_door_rus_master_warded_lock_170,Early Modern,Early Modern,"Doors, locks & gates",lock and hardware,Russian Petrine and post Petrine,lock,a cloud pewter master warded lock,pewter,Small,Good,1520,143,Era / Early Modern Era; Functions / Household Items / Household Wares; Market / Household Goods / Standard Wares,Holdable; Destroyable_HeavyMetal; Warded_Lock_Master,Locksmithing,Blacksmithing,"Early Modern doors, locks and gates hardware catalogue; culture admission Russian Petrine and post Petrine; availability Early Modern. It does not imply a custom matched-key or hidden-lock system."
earlymodern_door_rus_warded_key_171,Early Modern,Early Modern,"Doors, locks & gates",lock and hardware,Russian Petrine and post Petrine,key,a shell wrought iron warded key,wrought iron,Small,Good,160,151,Era / Early Modern Era; Functions / Household Items / Household Wares; Market / Household Goods / Standard Wares,Holdable; Destroyable_HeavyMetal; Warded_Key,Locksmithing,Blacksmithing,"Early Modern doors, locks and gates hardware catalogue; culture admission Russian Petrine and post Petrine; availability Early Modern. It does not imply a custom matched-key or hidden-lock system."
earlymodern_door_ott_panel_door_172,Early Modern,Early Modern,"Doors, locks & gates",door or gate,Ottoman,door,a checker teak door leaf,teak,Large,Standard,24000,155,Era / Early Modern Era; Functions / Household Items / Household Construction Materials; Market / Construction Materials / Worked Timber,Holdable; Destroyable_Door; Door_Normal_Large,Carpentry and joinery,Carpentry,"Early Modern doors, locks and gates catalogue; culture admission Ottoman; availability Early Modern. Door behaviour is limited to the attached supported component profile."
earlymodern_door_ott_braced_door_173,Early Modern,Early Modern,"Doors, locks & gates",door or gate,Ottoman,door,a radiating wood braced door,wood,Large,VeryGood,25800,166,Era / Early Modern Era; Functions / Household Items / Household Construction Materials; Market / Construction Materials / Worked Timber,Holdable; Destroyable_Door; Door_Tough_Large,Carpentry and joinery,Carpentry,"Early Modern doors, locks and gates catalogue; culture admission Ottoman; availability Early Modern. Door behaviour is limited to the attached supported component profile."
earlymodern_door_ott_lockable_door_174,Early Modern,Early Modern,"Doors, locks & gates",door or gate,Ottoman,door,a sunburst oak lockable door,oak,Large,Good,27600,177,Era / Early Modern Era; Functions / Household Items / Household Construction Materials; Market / Construction Materials / Worked Timber,Holdable; Destroyable_Door; Door_Lockable_Normal_Large,Carpentry and joinery,Carpentry,"Early Modern doors, locks and gates catalogue; culture admission Ottoman; availability Early Modern. Door behaviour is limited to the attached supported component profile."
earlymodern_door_ott_secure_door_175,Early Modern,Early Modern,"Doors, locks & gates",door or gate,Ottoman,door,a knotted pine secure door,pine,Large,Standard,29400,188,Era / Early Modern Era; Functions / Household Items / Household Construction Materials; Market / Construction Materials / Worked Timber,Holdable; Destroyable_Door; Door_Lockable_Secure_Large,Carpentry and joinery,Carpentry,"Early Modern doors, locks and gates catalogue; culture admission Ottoman; availability Early Modern. Door behaviour is limited to the attached supported component profile."
earlymodern_door_ott_shutter_176,Early Modern,Early Modern,"Doors, locks & gates",door or gate,Ottoman,shutter,a star cedar shuttered opening,cedar,Large,Poor,31200,199,Era / Early Modern Era; Functions / Household Items / Household Construction Materials; Market / Construction Materials / Worked Timber,Holdable; Destroyable_Door; Door_Bad_Large,Carpentry and joinery,Carpentry,"Early Modern doors, locks and gates catalogue; culture admission Ottoman; availability Early Modern. Door behaviour is limited to the attached supported component profile."
earlymodern_door_ott_screen_177,Early Modern,Early Modern,"Doors, locks & gates",door or gate,Ottoman,screen,a vine wood screen door,wood,Large,Standard,33000,210,Era / Early Modern Era; Functions / Household Items / Household Construction Materials; Market / Construction Materials / Worked Timber,Holdable; Destroyable_Door; Door_Bad_Large,Carpentry and joinery,Carpentry,"Early Modern doors, locks and gates catalogue; culture admission Ottoman; availability Early Modern. Door behaviour is limited to the attached supported component profile."
earlymodern_door_ott_lattice_gate_178,Early Modern,Early Modern,"Doors, locks & gates",door or gate,Ottoman,gate,a cloud bronze lattice gate,bronze,VeryLarge,Good,34800,221,Era / Early Modern Era; Functions / Household Items / Household Construction Materials; Market / Household Goods / Standard Wares,Holdable; Destroyable_Door; Door_Normal_Large,Carpentry and joinery,Carpentry,"Early Modern doors, locks and gates catalogue; culture admission Ottoman; availability Early Modern. Door behaviour is limited to the attached supported component profile."
earlymodern_door_ott_courtyard_gate_179,Early Modern,Early Modern,"Doors, locks & gates",door or gate,Ottoman,gate,a reed oak courtyard gate,oak,VeryLarge,Good,36600,232,Era / Early Modern Era; Functions / Household Items / Household Construction Materials; Market / Construction Materials / Worked Timber,Holdable; Destroyable_Door; Door_Lockable_Normal_Large,Carpentry and joinery,Carpentry,"Early Modern doors, locks and gates catalogue; culture admission Ottoman; availability Early Modern. Door behaviour is limited to the attached supported component profile."
earlymodern_door_ott_warehouse_gate_180,Early Modern,Early Modern,"Doors, locks & gates",door or gate,Ottoman,gate,a checker cedar warehouse gate,cedar,VeryLarge,Standard,38400,243,Era / Early Modern Era; Functions / Household Items / Household Construction Materials; Market / Construction Materials / Worked Timber,Holdable; Destroyable_Door; Door_Lockable_Tough_Large,Carpentry and joinery,Carpentry,"Early Modern doors, locks and gates catalogue; culture admission Ottoman; availability Early Modern. Door behaviour is limited to the attached supported component profile."
earlymodern_door_ott_garden_gate_181,Early Modern,Early Modern,"Doors, locks & gates",door or gate,Ottoman,gate,a radiating teak garden gate,teak,VeryLarge,VeryGood,40200,254,Era / Early Modern Era; Functions / Household Items / Household Construction Materials; Market / Construction Materials / Worked Timber,Holdable; Destroyable_Door; Door_Normal_Large,Carpentry and joinery,Carpentry,"Early Modern doors, locks and gates catalogue; culture admission Ottoman; availability Early Modern. Door behaviour is limited to the attached supported component profile."
earlymodern_door_ott_grille_182,Early Modern,Early Modern,"Doors, locks & gates",door or gate,Ottoman,grille,a sunburst brass metal grille,brass,Large,Good,42000,265,Era / Early Modern Era; Functions / Household Items / Household Construction Materials; Market / Household Goods / Standard Wares,Holdable; Destroyable_Door; Door_Secure_Large,Carpentry and joinery,Carpentry,"Early Modern doors, locks and gates catalogue; culture admission Ottoman; availability Early Modern. Door behaviour is limited to the attached supported component profile."
earlymodern_door_ott_strike_plate_183,Early Modern,Early Modern,"Doors, locks & gates",lock and hardware,Ottoman,strike plate,a flower-head brass strike plate,brass,Small,Standard,1180,95,Era / Early Modern Era; Functions / Household Items / Household Wares; Market / Household Goods / Standard Wares,Holdable; Destroyable_HeavyMetal; Latch_Normal,Locksmithing,Blacksmithing,"Early Modern doors, locks and gates hardware catalogue; culture admission Ottoman; availability Early Modern. It does not imply a custom matched-key or hidden-lock system."
earlymodern_door_ott_hinge_pair_184,Early Modern,Early Modern,"Doors, locks & gates",lock and hardware,Ottoman,hinges,a star copper hinge pair,copper,Small,Poor,1265,103,Era / Early Modern Era; Functions / Household Items / Household Wares; Market / Household Goods / Standard Wares,Holdable; Destroyable_HeavyMetal; Latch_Normal,Locksmithing,Blacksmithing,"Early Modern doors, locks and gates hardware catalogue; culture admission Ottoman; availability Early Modern. It does not imply a custom matched-key or hidden-lock system."
earlymodern_door_ott_keyring_185,Early Modern,Early Modern,"Doors, locks & gates",lock and hardware,Ottoman,keyring,a bird pewter keyring,pewter,Small,Standard,1350,111,Era / Early Modern Era; Functions / Household Items / Household Wares; Market / Household Goods / Standard Wares,Holdable; Destroyable_HeavyMetal; Warded_Key,Locksmithing,Blacksmithing,"Early Modern doors, locks and gates hardware catalogue; culture admission Ottoman; availability Early Modern. It does not imply a custom matched-key or hidden-lock system."
earlymodern_door_ott_escutcheon_186,Early Modern,Early Modern,"Doors, locks & gates",lock and hardware,Ottoman,escutcheon,a vine wrought iron keyhole escutcheon,wrought iron,Small,Good,1435,119,Era / Early Modern Era; Functions / Household Items / Household Wares; Market / Household Goods / Standard Wares,Holdable; Destroyable_HeavyMetal; Latch_Normal,Locksmithing,Blacksmithing,"Early Modern doors, locks and gates hardware catalogue; culture admission Ottoman; availability Early Modern. It does not imply a custom matched-key or hidden-lock system."
earlymodern_door_ott_warded_lock_187,Early Modern,Early Modern,"Doors, locks & gates",lock and hardware,Ottoman,lock,a geometric bronze warded lock,bronze,Small,Good,1520,127,Era / Early Modern Era; Functions / Household Items / Household Wares; Market / Household Goods / Standard Wares,Holdable; Destroyable_HeavyMetal; Warded_Lock_Normal,Locksmithing,Blacksmithing,"Early Modern doors, locks and gates hardware catalogue; culture admission Ottoman; availability Early Modern. It does not imply a custom matched-key or hidden-lock system."
earlymodern_door_ott_good_warded_lock_188,Early Modern,Early Modern,"Doors, locks & gates",lock and hardware,Ottoman,lock,a cloud brass fine warded lock,brass,Small,Standard,160,135,Era / Early Modern Era; Functions / Household Items / Household Wares; Market / Household Goods / Standard Wares,Holdable; Destroyable_HeavyMetal; Warded_Lock_Good,Locksmithing,Blacksmithing,"Early Modern doors, locks and gates hardware catalogue; culture admission Ottoman; availability Early Modern. It does not imply a custom matched-key or hidden-lock system."
earlymodern_door_ott_master_warded_lock_189,Early Modern,Early Modern,"Doors, locks & gates",lock and hardware,Ottoman,lock,a shell copper master warded lock,copper,Small,VeryGood,245,143,Era / Early Modern Era; Functions / Household Items / Household Wares; Market / Household Goods / Standard Wares,Holdable; Destroyable_HeavyMetal; Warded_Lock_Master,Locksmithing,Blacksmithing,"Early Modern doors, locks and gates hardware catalogue; culture admission Ottoman; availability Early Modern. It does not imply a custom matched-key or hidden-lock system."
earlymodern_door_ott_warded_key_190,Early Modern,Early Modern,"Doors, locks & gates",lock and hardware,Ottoman,key,a reed pewter warded key,pewter,Small,Good,330,151,Era / Early Modern Era; Functions / Household Items / Household Wares; Market / Household Goods / Standard Wares,Holdable; Destroyable_HeavyMetal; Warded_Key,Locksmithing,Blacksmithing,"Early Modern doors, locks and gates hardware catalogue; culture admission Ottoman; availability Early Modern. It does not imply a custom matched-key or hidden-lock system."
earlymodern_door_mag_panel_door_191,Early Modern,Early Modern,"Doors, locks & gates",door or gate,Maghrebi North African,door,a water-wave cedar door leaf,cedar,Large,Standard,24000,111,Era / Early Modern Era; Functions / Household Items / Household Construction Materials; Market / Construction Materials / Worked Timber,Holdable; Destroyable_Door; Door_Normal_Large,Carpentry and joinery,Carpentry,"Early Modern doors, locks and gates catalogue; culture admission Maghrebi North African; availability Early Modern. Door behaviour is limited to the attached supported component profile."
earlymodern_door_mag_braced_door_192,Early Modern,Early Modern,"Doors, locks & gates",door or gate,Maghrebi North African,door,a flower-head teak braced door,teak,Large,Poor,25800,122,Era / Early Modern Era; Functions / Household Items / Household Construction Materials; Market / Construction Materials / Worked Timber,Holdable; Destroyable_Door; Door_Tough_Large,Carpentry and joinery,Carpentry,"Early Modern doors, locks and gates catalogue; culture admission Maghrebi North African; availability Early Modern. Door behaviour is limited to the attached supported component profile."
earlymodern_door_mag_lockable_door_193,Early Modern,Early Modern,"Doors, locks & gates",door or gate,Maghrebi North African,door,a bird wood lockable door,wood,Large,Standard,27600,133,Era / Early Modern Era; Functions / Household Items / Household Construction Materials; Market / Construction Materials / Worked Timber,Holdable; Destroyable_Door; Door_Lockable_Normal_Large,Carpentry and joinery,Carpentry,"Early Modern doors, locks and gates catalogue; culture admission Maghrebi North African; availability Early Modern. Door behaviour is limited to the attached supported component profile."
earlymodern_door_mag_secure_door_194,Early Modern,Early Modern,"Doors, locks & gates",door or gate,Maghrebi North African,door,a geometric oak secure door,oak,Large,Good,29400,144,Era / Early Modern Era; Functions / Household Items / Household Construction Materials; Market / Construction Materials / Worked Timber,Holdable; Destroyable_Door; Door_Lockable_Secure_Large,Carpentry and joinery,Carpentry,"Early Modern doors, locks and gates catalogue; culture admission Maghrebi North African; availability Early Modern. Door behaviour is limited to the attached supported component profile."
earlymodern_door_mag_shutter_195,Early Modern,Early Modern,"Doors, locks & gates",door or gate,Maghrebi North African,shutter,a shell pine shuttered opening,pine,Large,Good,31200,155,Era / Early Modern Era; Functions / Household Items / Household Construction Materials; Market / Construction Materials / Worked Timber,Holdable; Destroyable_Door; Door_Bad_Large,Carpentry and joinery,Carpentry,"Early Modern doors, locks and gates catalogue; culture admission Maghrebi North African; availability Early Modern. Door behaviour is limited to the attached supported component profile."
earlymodern_door_mag_screen_196,Early Modern,Early Modern,"Doors, locks & gates",door or gate,Maghrebi North African,screen,a rosette teak screen door,teak,Large,Standard,33000,166,Era / Early Modern Era; Functions / Household Items / Household Construction Materials; Market / Construction Materials / Worked Timber,Holdable; Destroyable_Door; Door_Bad_Large,Carpentry and joinery,Carpentry,"Early Modern doors, locks and gates catalogue; culture admission Maghrebi North African; availability Early Modern. Door behaviour is limited to the attached supported component profile."
earlymodern_door_mag_lattice_gate_197,Early Modern,Early Modern,"Doors, locks & gates",door or gate,Maghrebi North African,gate,a braided wrought iron lattice gate,wrought iron,VeryLarge,VeryGood,34800,177,Era / Early Modern Era; Functions / Household Items / Household Construction Materials; Market / Household Goods / Standard Wares,Holdable; Destroyable_Door; Door_Normal_Large,Carpentry and joinery,Carpentry,"Early Modern doors, locks and gates catalogue; culture admission Maghrebi North African; availability Early Modern. Door behaviour is limited to the attached supported component profile."
earlymodern_door_mag_courtyard_gate_198,Early Modern,Early Modern,"Doors, locks & gates",door or gate,Maghrebi North African,gate,a leaf-scroll bronze courtyard gate,bronze,VeryLarge,Good,36600,188,Era / Early Modern Era; Functions / Household Items / Household Construction Materials; Market / Household Goods / Standard Wares,Holdable; Destroyable_Door; Door_Lockable_Normal_Large,Carpentry and joinery,Carpentry,"Early Modern doors, locks and gates catalogue; culture admission Maghrebi North African; availability Early Modern. Door behaviour is limited to the attached supported component profile."
earlymodern_door_mag_warehouse_gate_199,Early Modern,Early Modern,"Doors, locks & gates",door or gate,Maghrebi North African,gate,a water-wave oak warehouse gate,oak,VeryLarge,Standard,38400,199,Era / Early Modern Era; Functions / Household Items / Household Construction Materials; Market / Construction Materials / Worked Timber,Holdable; Destroyable_Door; Door_Lockable_Tough_Large,Carpentry and joinery,Carpentry,"Early Modern doors, locks and gates catalogue; culture admission Maghrebi North African; availability Early Modern. Door behaviour is limited to the attached supported component profile."
earlymodern_door_mag_garden_gate_200,Early Modern,Early Modern,"Doors, locks & gates",door or gate,Maghrebi North African,gate,a flower-head cedar garden gate,cedar,VeryLarge,Poor,40200,210,Era / Early Modern Era; Functions / Household Items / Household Construction Materials; Market / Construction Materials / Worked Timber,Holdable; Destroyable_Door; Door_Normal_Large,Carpentry and joinery,Carpentry,"Early Modern doors, locks and gates catalogue; culture admission Maghrebi North African; availability Early Modern. Door behaviour is limited to the attached supported component profile."
earlymodern_door_mag_grille_201,Early Modern,Early Modern,"Doors, locks & gates",door or gate,Maghrebi North African,grille,a bird wrought iron metal grille,wrought iron,Large,Standard,42000,221,Era / Early Modern Era; Functions / Household Items / Household Construction Materials; Market / Household Goods / Standard Wares,Holdable; Destroyable_Door; Door_Secure_Large,Carpentry and joinery,Carpentry,"Early Modern doors, locks and gates catalogue; culture admission Maghrebi North African; availability Early Modern. Door behaviour is limited to the attached supported component profile."
earlymodern_door_mag_strike_plate_202,Early Modern,Early Modern,"Doors, locks & gates",lock and hardware,Maghrebi North African,strike plate,a star bronze strike plate,bronze,Small,Good,1350,95,Era / Early Modern Era; Functions / Household Items / Household Wares; Market / Household Goods / Standard Wares,Holdable; Destroyable_HeavyMetal; Latch_Normal,Locksmithing,Blacksmithing,"Early Modern doors, locks and gates hardware catalogue; culture admission Maghrebi North African; availability Early Modern. It does not imply a custom matched-key or hidden-lock system."
earlymodern_door_mag_hinge_pair_203,Early Modern,Early Modern,"Doors, locks & gates",lock and hardware,Maghrebi North African,hinges,a bird brass hinge pair,brass,Small,Good,1435,103,Era / Early Modern Era; Functions / Household Items / Household Wares; Market / Household Goods / Standard Wares,Holdable; Destroyable_HeavyMetal; Latch_Normal,Locksmithing,Blacksmithing,"Early Modern doors, locks and gates hardware catalogue; culture admission Maghrebi North African; availability Early Modern. It does not imply a custom matched-key or hidden-lock system."
earlymodern_door_mag_keyring_204,Early Modern,Early Modern,"Doors, locks & gates",lock and hardware,Maghrebi North African,keyring,a vine copper keyring,copper,Small,Standard,1520,111,Era / Early Modern Era; Functions / Household Items / Household Wares; Market / Household Goods / Standard Wares,Holdable; Destroyable_HeavyMetal; Warded_Key,Locksmithing,Blacksmithing,"Early Modern doors, locks and gates hardware catalogue; culture admission Maghrebi North African; availability Early Modern. It does not imply a custom matched-key or hidden-lock system."
earlymodern_door_mag_escutcheon_205,Early Modern,Early Modern,"Doors, locks & gates",lock and hardware,Maghrebi North African,escutcheon,a geometric pewter keyhole escutcheon,pewter,Small,VeryGood,160,119,Era / Early Modern Era; Functions / Household Items / Household Wares; Market / Household Goods / Standard Wares,Holdable; Destroyable_HeavyMetal; Latch_Normal,Locksmithing,Blacksmithing,"Early Modern doors, locks and gates hardware catalogue; culture admission Maghrebi North African; availability Early Modern. It does not imply a custom matched-key or hidden-lock system."
earlymodern_door_mag_warded_lock_206,Early Modern,Early Modern,"Doors, locks & gates",lock and hardware,Maghrebi North African,lock,a cloud wrought iron warded lock,wrought iron,Small,Good,245,127,Era / Early Modern Era; Functions / Household Items / Household Wares; Market / Household Goods / Standard Wares,Holdable; Destroyable_HeavyMetal; Warded_Lock_Normal,Locksmithing,Blacksmithing,"Early Modern doors, locks and gates hardware catalogue; culture admission Maghrebi North African; availability Early Modern. It does not imply a custom matched-key or hidden-lock system."
earlymodern_door_mag_good_warded_lock_207,Early Modern,Early Modern,"Doors, locks & gates",lock and hardware,Maghrebi North African,lock,a shell bronze fine warded lock,bronze,Small,Standard,330,135,Era / Early Modern Era; Functions / Household Items / Household Wares; Market / Household Goods / Standard Wares,Holdable; Destroyable_HeavyMetal; Warded_Lock_Good,Locksmithing,Blacksmithing,"Early Modern doors, locks and gates hardware catalogue; culture admission Maghrebi North African; availability Early Modern. It does not imply a custom matched-key or hidden-lock system."
earlymodern_door_mag_master_warded_lock_208,Early Modern,Early Modern,"Doors, locks & gates",lock and hardware,Maghrebi North African,lock,a reed brass master warded lock,brass,Small,Poor,415,143,Era / Early Modern Era; Functions / Household Items / Household Wares; Market / Household Goods / Standard Wares,Holdable; Destroyable_HeavyMetal; Warded_Lock_Master,Locksmithing,Blacksmithing,"Early Modern doors, locks and gates hardware catalogue; culture admission Maghrebi North African; availability Early Modern. It does not imply a custom matched-key or hidden-lock system."
earlymodern_door_mag_warded_key_209,Early Modern,Early Modern,"Doors, locks & gates",lock and hardware,Maghrebi North African,key,a rosette copper warded key,copper,Small,Standard,500,151,Era / Early Modern Era; Functions / Household Items / Household Wares; Market / Household Goods / Standard Wares,Holdable; Destroyable_HeavyMetal; Warded_Key,Locksmithing,Blacksmithing,"Early Modern doors, locks and gates hardware catalogue; culture admission Maghrebi North African; availability Early Modern. It does not imply a custom matched-key or hidden-lock system."
earlymodern_door_saf_panel_door_210,Early Modern,Early Modern,"Doors, locks & gates",door or gate,Safavid post Safavid Persianate,door,a sunburst oak door leaf,oak,Large,Good,24000,67,Era / Early Modern Era; Functions / Household Items / Household Construction Materials; Market / Construction Materials / Worked Timber,Holdable; Destroyable_Door; Door_Normal_Large,Carpentry and joinery,Carpentry,"Early Modern doors, locks and gates catalogue; culture admission Safavid post Safavid Persianate; availability Early Modern. Door behaviour is limited to the attached supported component profile."
earlymodern_door_saf_braced_door_211,Early Modern,Early Modern,"Doors, locks & gates",door or gate,Safavid post Safavid Persianate,door,a knotted pine braced door,pine,Large,Good,25800,78,Era / Early Modern Era; Functions / Household Items / Household Construction Materials; Market / Construction Materials / Worked Timber,Holdable; Destroyable_Door; Door_Tough_Large,Carpentry and joinery,Carpentry,"Early Modern doors, locks and gates catalogue; culture admission Safavid post Safavid Persianate; availability Early Modern. Door behaviour is limited to the attached supported component profile."
earlymodern_door_saf_lockable_door_212,Early Modern,Early Modern,"Doors, locks & gates",door or gate,Safavid post Safavid Persianate,door,a star cedar lockable door,cedar,Large,Standard,27600,89,Era / Early Modern Era; Functions / Household Items / Household Construction Materials; Market / Construction Materials / Worked Timber,Holdable; Destroyable_Door; Door_Lockable_Normal_Large,Carpentry and joinery,Carpentry,"Early Modern doors, locks and gates catalogue; culture admission Safavid post Safavid Persianate; availability Early Modern. Door behaviour is limited to the attached supported component profile."
earlymodern_door_saf_secure_door_213,Early Modern,Early Modern,"Doors, locks & gates",door or gate,Safavid post Safavid Persianate,door,a vine teak secure door,teak,Large,VeryGood,29400,100,Era / Early Modern Era; Functions / Household Items / Household Construction Materials; Market / Construction Materials / Worked Timber,Holdable; Destroyable_Door; Door_Lockable_Secure_Large,Carpentry and joinery,Carpentry,"Early Modern doors, locks and gates catalogue; culture admission Safavid post Safavid Persianate; availability Early Modern. Door behaviour is limited to the attached supported component profile."
earlymodern_door_saf_shutter_214,Early Modern,Early Modern,"Doors, locks & gates",door or gate,Safavid post Safavid Persianate,shutter,a cloud wood shuttered opening,wood,Large,Good,31200,111,Era / Early Modern Era; Functions / Household Items / Household Construction Materials; Market / Construction Materials / Worked Timber,Holdable; Destroyable_Door; Door_Bad_Large,Carpentry and joinery,Carpentry,"Early Modern doors, locks and gates catalogue; culture admission Safavid post Safavid Persianate; availability Early Modern. Door behaviour is limited to the attached supported component profile."
earlymodern_door_saf_screen_215,Early Modern,Early Modern,"Doors, locks & gates",door or gate,Safavid post Safavid Persianate,screen,a reed teak screen door,teak,Large,Standard,33000,122,Era / Early Modern Era; Functions / Household Items / Household Construction Materials; Market / Construction Materials / Worked Timber,Holdable; Destroyable_Door; Door_Bad_Large,Carpentry and joinery,Carpentry,"Early Modern doors, locks and gates catalogue; culture admission Safavid post Safavid Persianate; availability Early Modern. Door behaviour is limited to the attached supported component profile."
earlymodern_door_saf_lattice_gate_216,Early Modern,Early Modern,"Doors, locks & gates",door or gate,Safavid post Safavid Persianate,gate,a checker cedar lattice gate,cedar,VeryLarge,Poor,34800,133,Era / Early Modern Era; Functions / Household Items / Household Construction Materials; Market / Construction Materials / Worked Timber,Holdable; Destroyable_Door; Door_Normal_Large,Carpentry and joinery,Carpentry,"Early Modern doors, locks and gates catalogue; culture admission Safavid post Safavid Persianate; availability Early Modern. Door behaviour is limited to the attached supported component profile."
earlymodern_door_saf_courtyard_gate_217,Early Modern,Early Modern,"Doors, locks & gates",door or gate,Safavid post Safavid Persianate,gate,a radiating teak courtyard gate,teak,VeryLarge,Standard,36600,144,Era / Early Modern Era; Functions / Household Items / Household Construction Materials; Market / Construction Materials / Worked Timber,Holdable; Destroyable_Door; Door_Lockable_Normal_Large,Carpentry and joinery,Carpentry,"Early Modern doors, locks and gates catalogue; culture admission Safavid post Safavid Persianate; availability Early Modern. Door behaviour is limited to the attached supported component profile."
earlymodern_door_saf_warehouse_gate_218,Early Modern,Early Modern,"Doors, locks & gates",door or gate,Safavid post Safavid Persianate,gate,a sunburst wrought iron warehouse gate,wrought iron,VeryLarge,Good,38400,155,Era / Early Modern Era; Functions / Household Items / Household Construction Materials; Market / Household Goods / Standard Wares,Holdable; Destroyable_Door; Door_Lockable_Tough_Large,Carpentry and joinery,Carpentry,"Early Modern doors, locks and gates catalogue; culture admission Safavid post Safavid Persianate; availability Early Modern. Door behaviour is limited to the attached supported component profile."
earlymodern_door_saf_garden_gate_219,Early Modern,Early Modern,"Doors, locks & gates",door or gate,Safavid post Safavid Persianate,gate,a knotted bronze garden gate,bronze,VeryLarge,Good,40200,166,Era / Early Modern Era; Functions / Household Items / Household Construction Materials; Market / Household Goods / Standard Wares,Holdable; Destroyable_Door; Door_Normal_Large,Carpentry and joinery,Carpentry,"Early Modern doors, locks and gates catalogue; culture admission Safavid post Safavid Persianate; availability Early Modern. Door behaviour is limited to the attached supported component profile."
earlymodern_door_saf_grille_220,Early Modern,Early Modern,"Doors, locks & gates",door or gate,Safavid post Safavid Persianate,grille,a star bronze metal grille,bronze,Large,Standard,42000,177,Era / Early Modern Era; Functions / Household Items / Household Construction Materials; Market / Household Goods / Standard Wares,Holdable; Destroyable_Door; Door_Secure_Large,Carpentry and joinery,Carpentry,"Early Modern doors, locks and gates catalogue; culture admission Safavid post Safavid Persianate; availability Early Modern. Door behaviour is limited to the attached supported component profile."
earlymodern_door_saf_strike_plate_221,Early Modern,Early Modern,"Doors, locks & gates",lock and hardware,Safavid post Safavid Persianate,strike plate,a shell wrought iron strike plate,wrought iron,Small,VeryGood,1520,95,Era / Early Modern Era; Functions / Household Items / Household Wares; Market / Household Goods / Standard Wares,Holdable; Destroyable_HeavyMetal; Latch_Normal,Locksmithing,Blacksmithing,"Early Modern doors, locks and gates hardware catalogue; culture admission Safavid post Safavid Persianate; availability Early Modern. It does not imply a custom matched-key or hidden-lock system."
earlymodern_door_saf_hinge_pair_222,Early Modern,Early Modern,"Doors, locks & gates",lock and hardware,Safavid post Safavid Persianate,hinges,a reed bronze hinge pair,bronze,Small,Good,160,103,Era / Early Modern Era; Functions / Household Items / Household Wares; Market / Household Goods / Standard Wares,Holdable; Destroyable_HeavyMetal; Latch_Normal,Locksmithing,Blacksmithing,"Early Modern doors, locks and gates hardware catalogue; culture admission Safavid post Safavid Persianate; availability Early Modern. It does not imply a custom matched-key or hidden-lock system."
earlymodern_door_saf_keyring_223,Early Modern,Early Modern,"Doors, locks & gates",lock and hardware,Safavid post Safavid Persianate,keyring,a rosette brass keyring,brass,Small,Standard,245,111,Era / Early Modern Era; Functions / Household Items / Household Wares; Market / Household Goods / Standard Wares,Holdable; Destroyable_HeavyMetal; Warded_Key,Locksmithing,Blacksmithing,"Early Modern doors, locks and gates hardware catalogue; culture admission Safavid post Safavid Persianate; availability Early Modern. It does not imply a custom matched-key or hidden-lock system."
earlymodern_door_saf_escutcheon_224,Early Modern,Early Modern,"Doors, locks & gates",lock and hardware,Safavid post Safavid Persianate,escutcheon,a checker copper keyhole escutcheon,copper,Small,Poor,330,119,Era / Early Modern Era; Functions / Household Items / Household Wares; Market / Household Goods / Standard Wares,Holdable; Destroyable_HeavyMetal; Latch_Normal,Locksmithing,Blacksmithing,"Early Modern doors, locks and gates hardware catalogue; culture admission Safavid post Safavid Persianate; availability Early Modern. It does not imply a custom matched-key or hidden-lock system."
earlymodern_door_saf_warded_lock_225,Early Modern,Early Modern,"Doors, locks & gates",lock and hardware,Safavid post Safavid Persianate,lock,a braided pewter warded lock,pewter,Small,Standard,415,127,Era / Early Modern Era; Functions / Household Items / Household Wares; Market / Household Goods / Standard Wares,Holdable; Destroyable_HeavyMetal; Warded_Lock_Normal,Locksmithing,Blacksmithing,"Early Modern doors, locks and gates hardware catalogue; culture admission Safavid post Safavid Persianate; availability Early Modern. It does not imply a custom matched-key or hidden-lock system."
earlymodern_door_saf_good_warded_lock_226,Early Modern,Early Modern,"Doors, locks & gates",lock and hardware,Safavid post Safavid Persianate,lock,a radiating wrought iron fine warded lock,wrought iron,Small,Good,500,135,Era / Early Modern Era; Functions / Household Items / Household Wares; Market / Household Goods / Standard Wares,Holdable; Destroyable_HeavyMetal; Warded_Lock_Good,Locksmithing,Blacksmithing,"Early Modern doors, locks and gates hardware catalogue; culture admission Safavid post Safavid Persianate; availability Early Modern. It does not imply a custom matched-key or hidden-lock system."
earlymodern_door_saf_master_warded_lock_227,Early Modern,Early Modern,"Doors, locks & gates",lock and hardware,Safavid post Safavid Persianate,lock,a leaf-scroll bronze master warded lock,bronze,Small,Good,585,143,Era / Early Modern Era; Functions / Household Items / Household Wares; Market / Household Goods / Standard Wares,Holdable; Destroyable_HeavyMetal; Warded_Lock_Master,Locksmithing,Blacksmithing,"Early Modern doors, locks and gates hardware catalogue; culture admission Safavid post Safavid Persianate; availability Early Modern. It does not imply a custom matched-key or hidden-lock system."
earlymodern_door_saf_warded_key_228,Early Modern,Early Modern,"Doors, locks & gates",lock and hardware,Safavid post Safavid Persianate,key,a sunburst brass warded key,brass,Small,Standard,670,151,Era / Early Modern Era; Functions / Household Items / Household Wares; Market / Household Goods / Standard Wares,Holdable; Destroyable_HeavyMetal; Warded_Key,Locksmithing,Blacksmithing,"Early Modern doors, locks and gates hardware catalogue; culture admission Safavid post Safavid Persianate; availability Early Modern. It does not imply a custom matched-key or hidden-lock system."
earlymodern_door_mug_panel_door_229,Early Modern,Early Modern,"Doors, locks & gates",door or gate,Mughal Indo Persian,door,a reed cedar door leaf,cedar,Large,VeryGood,24000,276,Era / Early Modern Era; Functions / Household Items / Household Construction Materials; Market / Construction Materials / Worked Timber,Holdable; Destroyable_Door; Door_Normal_Large,Carpentry and joinery,Carpentry,"Early Modern doors, locks and gates catalogue; culture admission Mughal Indo Persian; availability Early Modern. Door behaviour is limited to the attached supported component profile."
earlymodern_door_mug_braced_door_230,Early Modern,Early Modern,"Doors, locks & gates",door or gate,Mughal Indo Persian,door,a checker teak braced door,teak,Large,Good,25800,287,Era / Early Modern Era; Functions / Household Items / Household Construction Materials; Market / Construction Materials / Worked Timber,Holdable; Destroyable_Door; Door_Tough_Large,Carpentry and joinery,Carpentry,"Early Modern doors, locks and gates catalogue; culture admission Mughal Indo Persian; availability Early Modern. Door behaviour is limited to the attached supported component profile."
earlymodern_door_mug_lockable_door_231,Early Modern,Early Modern,"Doors, locks & gates",door or gate,Mughal Indo Persian,door,a radiating wood lockable door,wood,Large,Standard,27600,45,Era / Early Modern Era; Functions / Household Items / Household Construction Materials; Market / Construction Materials / Worked Timber,Holdable; Destroyable_Door; Door_Lockable_Normal_Large,Carpentry and joinery,Carpentry,"Early Modern doors, locks and gates catalogue; culture admission Mughal Indo Persian; availability Early Modern. Door behaviour is limited to the attached supported component profile."
earlymodern_door_mug_secure_door_232,Early Modern,Early Modern,"Doors, locks & gates",door or gate,Mughal Indo Persian,door,a sunburst oak secure door,oak,Large,Poor,29400,56,Era / Early Modern Era; Functions / Household Items / Household Construction Materials; Market / Construction Materials / Worked Timber,Holdable; Destroyable_Door; Door_Lockable_Secure_Large,Carpentry and joinery,Carpentry,"Early Modern doors, locks and gates catalogue; culture admission Mughal Indo Persian; availability Early Modern. Door behaviour is limited to the attached supported component profile."
earlymodern_door_mug_shutter_233,Early Modern,Early Modern,"Doors, locks & gates",door or gate,Mughal Indo Persian,shutter,a knotted pine shuttered opening,pine,Large,Standard,31200,67,Era / Early Modern Era; Functions / Household Items / Household Construction Materials; Market / Construction Materials / Worked Timber,Holdable; Destroyable_Door; Door_Bad_Large,Carpentry and joinery,Carpentry,"Early Modern doors, locks and gates catalogue; culture admission Mughal Indo Persian; availability Early Modern. Door behaviour is limited to the attached supported component profile."
earlymodern_door_mug_screen_234,Early Modern,Early Modern,"Doors, locks & gates",door or gate,Mughal Indo Persian,screen,a star bamboo screen door,bamboo,Large,Good,33000,78,Era / Early Modern Era; Functions / Household Items / Household Construction Materials; Market / Construction Materials / Worked Timber,Holdable; Destroyable_Door; Door_Bad_Large,Carpentry and joinery,Carpentry,"Early Modern doors, locks and gates catalogue; culture admission Mughal Indo Persian; availability Early Modern. Door behaviour is limited to the attached supported component profile."
earlymodern_door_mug_lattice_gate_235,Early Modern,Early Modern,"Doors, locks & gates",door or gate,Mughal Indo Persian,gate,a vine wrought iron lattice gate,wrought iron,VeryLarge,Good,34800,89,Era / Early Modern Era; Functions / Household Items / Household Construction Materials; Market / Household Goods / Standard Wares,Holdable; Destroyable_Door; Door_Normal_Large,Carpentry and joinery,Carpentry,"Early Modern doors, locks and gates catalogue; culture admission Mughal Indo Persian; availability Early Modern. Door behaviour is limited to the attached supported component profile."
earlymodern_door_mug_courtyard_gate_236,Early Modern,Early Modern,"Doors, locks & gates",door or gate,Mughal Indo Persian,gate,a cloud bronze courtyard gate,bronze,VeryLarge,Standard,36600,100,Era / Early Modern Era; Functions / Household Items / Household Construction Materials; Market / Household Goods / Standard Wares,Holdable; Destroyable_Door; Door_Lockable_Normal_Large,Carpentry and joinery,Carpentry,"Early Modern doors, locks and gates catalogue; culture admission Mughal Indo Persian; availability Early Modern. Door behaviour is limited to the attached supported component profile."
earlymodern_door_mug_warehouse_gate_237,Early Modern,Early Modern,"Doors, locks & gates",door or gate,Mughal Indo Persian,gate,a reed oak warehouse gate,oak,VeryLarge,VeryGood,38400,111,Era / Early Modern Era; Functions / Household Items / Household Construction Materials; Market / Construction Materials / Worked Timber,Holdable; Destroyable_Door; Door_Lockable_Tough_Large,Carpentry and joinery,Carpentry,"Early Modern doors, locks and gates catalogue; culture admission Mughal Indo Persian; availability Early Modern. Door behaviour is limited to the attached supported component profile."
earlymodern_door_mug_garden_gate_238,Early Modern,Early Modern,"Doors, locks & gates",door or gate,Mughal Indo Persian,gate,a checker cedar garden gate,cedar,VeryLarge,Good,40200,122,Era / Early Modern Era; Functions / Household Items / Household Construction Materials; Market / Construction Materials / Worked Timber,Holdable; Destroyable_Door; Door_Normal_Large,Carpentry and joinery,Carpentry,"Early Modern doors, locks and gates catalogue; culture admission Mughal Indo Persian; availability Early Modern. Door behaviour is limited to the attached supported component profile."
earlymodern_door_mug_grille_239,Early Modern,Early Modern,"Doors, locks & gates",door or gate,Mughal Indo Persian,grille,a radiating brass metal grille,brass,Large,Standard,42000,133,Era / Early Modern Era; Functions / Household Items / Household Construction Materials; Market / Household Goods / Standard Wares,Holdable; Destroyable_Door; Door_Secure_Large,Carpentry and joinery,Carpentry,"Early Modern doors, locks and gates catalogue; culture admission Mughal Indo Persian; availability Early Modern. Door behaviour is limited to the attached supported component profile."
earlymodern_door_mug_strike_plate_240,Early Modern,Early Modern,"Doors, locks & gates",lock and hardware,Mughal Indo Persian,strike plate,a star pewter strike plate,pewter,Small,Poor,245,95,Era / Early Modern Era; Functions / Household Items / Household Wares; Market / Household Goods / Standard Wares,Holdable; Destroyable_HeavyMetal; Latch_Normal,Locksmithing,Blacksmithing,"Early Modern doors, locks and gates hardware catalogue; culture admission Mughal Indo Persian; availability Early Modern. It does not imply a custom matched-key or hidden-lock system."
earlymodern_door_mug_hinge_pair_241,Early Modern,Early Modern,"Doors, locks & gates",lock and hardware,Mughal Indo Persian,hinges,a bird wrought iron hinge pair,wrought iron,Small,Standard,330,103,Era / Early Modern Era; Functions / Household Items / Household Wares; Market / Household Goods / Standard Wares,Holdable; Destroyable_HeavyMetal; Latch_Normal,Locksmithing,Blacksmithing,"Early Modern doors, locks and gates hardware catalogue; culture admission Mughal Indo Persian; availability Early Modern. It does not imply a custom matched-key or hidden-lock system."
earlymodern_door_mug_keyring_242,Early Modern,Early Modern,"Doors, locks & gates",lock and hardware,Mughal Indo Persian,keyring,a vine bronze keyring,bronze,Small,Good,415,111,Era / Early Modern Era; Functions / Household Items / Household Wares; Market / Household Goods / Standard Wares,Holdable; Destroyable_HeavyMetal; Warded_Key,Locksmithing,Blacksmithing,"Early Modern doors, locks and gates hardware catalogue; culture admission Mughal Indo Persian; availability Early Modern. It does not imply a custom matched-key or hidden-lock system."
earlymodern_door_mug_escutcheon_243,Early Modern,Early Modern,"Doors, locks & gates",lock and hardware,Mughal Indo Persian,escutcheon,a geometric brass keyhole escutcheon,brass,Small,Good,500,119,Era / Early Modern Era; Functions / Household Items / Household Wares; Market / Household Goods / Standard Wares,Holdable; Destroyable_HeavyMetal; Latch_Normal,Locksmithing,Blacksmithing,"Early Modern doors, locks and gates hardware catalogue; culture admission Mughal Indo Persian; availability Early Modern. It does not imply a custom matched-key or hidden-lock system."
earlymodern_door_mug_warded_lock_244,Early Modern,Early Modern,"Doors, locks & gates",lock and hardware,Mughal Indo Persian,lock,a cloud copper warded lock,copper,Small,Standard,585,127,Era / Early Modern Era; Functions / Household Items / Household Wares; Market / Household Goods / Standard Wares,Holdable; Destroyable_HeavyMetal; Warded_Lock_Normal,Locksmithing,Blacksmithing,"Early Modern doors, locks and gates hardware catalogue; culture admission Mughal Indo Persian; availability Early Modern. It does not imply a custom matched-key or hidden-lock system."
earlymodern_door_mug_good_warded_lock_245,Early Modern,Early Modern,"Doors, locks & gates",lock and hardware,Mughal Indo Persian,lock,a shell pewter fine warded lock,pewter,Small,VeryGood,670,135,Era / Early Modern Era; Functions / Household Items / Household Wares; Market / Household Goods / Standard Wares,Holdable; Destroyable_HeavyMetal; Warded_Lock_Good,Locksmithing,Blacksmithing,"Early Modern doors, locks and gates hardware catalogue; culture admission Mughal Indo Persian; availability Early Modern. It does not imply a custom matched-key or hidden-lock system."
earlymodern_door_mug_master_warded_lock_246,Early Modern,Early Modern,"Doors, locks & gates",lock and hardware,Mughal Indo Persian,lock,a reed wrought iron master warded lock,wrought iron,Small,Good,755,143,Era / Early Modern Era; Functions / Household Items / Household Wares; Market / Household Goods / Standard Wares,Holdable; Destroyable_HeavyMetal; Warded_Lock_Master,Locksmithing,Blacksmithing,"Early Modern doors, locks and gates hardware catalogue; culture admission Mughal Indo Persian; availability Early Modern. It does not imply a custom matched-key or hidden-lock system."
earlymodern_door_mug_warded_key_247,Early Modern,Early Modern,"Doors, locks & gates",lock and hardware,Mughal Indo Persian,key,a rosette bronze warded key,bronze,Small,Standard,840,151,Era / Early Modern Era; Functions / Household Items / Household Wares; Market / Household Goods / Standard Wares,Holdable; Destroyable_HeavyMetal; Warded_Key,Locksmithing,Blacksmithing,"Early Modern doors, locks and gates hardware catalogue; culture admission Mughal Indo Persian; availability Early Modern. It does not imply a custom matched-key or hidden-lock system."
earlymodern_door_mrd_panel_door_248,Early Modern,Early Modern,"Doors, locks & gates",door or gate,Maratha Rajput Deccan,door,a knotted teak door leaf,teak,Large,Poor,24000,232,Era / Early Modern Era; Functions / Household Items / Household Construction Materials; Market / Construction Materials / Worked Timber,Holdable; Destroyable_Door; Door_Normal_Large,Carpentry and joinery,Carpentry,"Early Modern doors, locks and gates catalogue; culture admission Maratha Rajput Deccan; availability Early Modern. Door behaviour is limited to the attached supported component profile."
earlymodern_door_mrd_braced_door_249,Early Modern,Early Modern,"Doors, locks & gates",door or gate,Maratha Rajput Deccan,door,a star wood braced door,wood,Large,Standard,25800,243,Era / Early Modern Era; Functions / Household Items / Household Construction Materials; Market / Construction Materials / Worked Timber,Holdable; Destroyable_Door; Door_Tough_Large,Carpentry and joinery,Carpentry,"Early Modern doors, locks and gates catalogue; culture admission Maratha Rajput Deccan; availability Early Modern. Door behaviour is limited to the attached supported component profile."
earlymodern_door_mrd_lockable_door_250,Early Modern,Early Modern,"Doors, locks & gates",door or gate,Maratha Rajput Deccan,door,a vine oak lockable door,oak,Large,Good,27600,254,Era / Early Modern Era; Functions / Household Items / Household Construction Materials; Market / Construction Materials / Worked Timber,Holdable; Destroyable_Door; Door_Lockable_Normal_Large,Carpentry and joinery,Carpentry,"Early Modern doors, locks and gates catalogue; culture admission Maratha Rajput Deccan; availability Early Modern. Door behaviour is limited to the attached supported component profile."
earlymodern_door_mrd_secure_door_251,Early Modern,Early Modern,"Doors, locks & gates",door or gate,Maratha Rajput Deccan,door,a cloud pine secure door,pine,Large,Good,29400,265,Era / Early Modern Era; Functions / Household Items / Household Construction Materials; Market / Construction Materials / Worked Timber,Holdable; Destroyable_Door; Door_Lockable_Secure_Large,Carpentry and joinery,Carpentry,"Early Modern doors, locks and gates catalogue; culture admission Maratha Rajput Deccan; availability Early Modern. Door behaviour is limited to the attached supported component profile."
earlymodern_door_mrd_shutter_252,Early Modern,Early Modern,"Doors, locks & gates",door or gate,Maratha Rajput Deccan,shutter,a reed cedar shuttered opening,cedar,Large,Standard,31200,276,Era / Early Modern Era; Functions / Household Items / Household Construction Materials; Market / Construction Materials / Worked Timber,Holdable; Destroyable_Door; Door_Bad_Large,Carpentry and joinery,Carpentry,"Early Modern doors, locks and gates catalogue; culture admission Maratha Rajput Deccan; availability Early Modern. Door behaviour is limited to the attached supported component profile."
earlymodern_door_mrd_screen_253,Early Modern,Early Modern,"Doors, locks & gates",door or gate,Maratha Rajput Deccan,screen,a checker teak screen door,teak,Large,VeryGood,33000,287,Era / Early Modern Era; Functions / Household Items / Household Construction Materials; Market / Construction Materials / Worked Timber,Holdable; Destroyable_Door; Door_Bad_Large,Carpentry and joinery,Carpentry,"Early Modern doors, locks and gates catalogue; culture admission Maratha Rajput Deccan; availability Early Modern. Door behaviour is limited to the attached supported component profile."
earlymodern_door_mrd_lattice_gate_254,Early Modern,Early Modern,"Doors, locks & gates",door or gate,Maratha Rajput Deccan,gate,a radiating bronze lattice gate,bronze,VeryLarge,Good,34800,45,Era / Early Modern Era; Functions / Household Items / Household Construction Materials; Market / Household Goods / Standard Wares,Holdable; Destroyable_Door; Door_Normal_Large,Carpentry and joinery,Carpentry,"Early Modern doors, locks and gates catalogue; culture admission Maratha Rajput Deccan; availability Early Modern. Door behaviour is limited to the attached supported component profile."
earlymodern_door_mrd_courtyard_gate_255,Early Modern,Early Modern,"Doors, locks & gates",door or gate,Maratha Rajput Deccan,gate,a sunburst oak courtyard gate,oak,VeryLarge,Standard,36600,56,Era / Early Modern Era; Functions / Household Items / Household Construction Materials; Market / Construction Materials / Worked Timber,Holdable; Destroyable_Door; Door_Lockable_Normal_Large,Carpentry and joinery,Carpentry,"Early Modern doors, locks and gates catalogue; culture admission Maratha Rajput Deccan; availability Early Modern. Door behaviour is limited to the attached supported component profile."
earlymodern_door_mrd_warehouse_gate_256,Early Modern,Early Modern,"Doors, locks & gates",door or gate,Maratha Rajput Deccan,gate,a knotted cedar warehouse gate,cedar,VeryLarge,Poor,38400,67,Era / Early Modern Era; Functions / Household Items / Household Construction Materials; Market / Construction Materials / Worked Timber,Holdable; Destroyable_Door; Door_Lockable_Tough_Large,Carpentry and joinery,Carpentry,"Early Modern doors, locks and gates catalogue; culture admission Maratha Rajput Deccan; availability Early Modern. Door behaviour is limited to the attached supported component profile."
earlymodern_door_mrd_garden_gate_257,Early Modern,Early Modern,"Doors, locks & gates",door or gate,Maratha Rajput Deccan,gate,a star teak garden gate,teak,VeryLarge,Standard,40200,78,Era / Early Modern Era; Functions / Household Items / Household Construction Materials; Market / Construction Materials / Worked Timber,Holdable; Destroyable_Door; Door_Normal_Large,Carpentry and joinery,Carpentry,"Early Modern doors, locks and gates catalogue; culture admission Maratha Rajput Deccan; availability Early Modern. Door behaviour is limited to the attached supported component profile."
earlymodern_door_mrd_grille_258,Early Modern,Early Modern,"Doors, locks & gates",door or gate,Maratha Rajput Deccan,grille,a vine brass metal grille,brass,Large,Good,42000,89,Era / Early Modern Era; Functions / Household Items / Household Construction Materials; Market / Household Goods / Standard Wares,Holdable; Destroyable_Door; Door_Secure_Large,Carpentry and joinery,Carpentry,"Early Modern doors, locks and gates catalogue; culture admission Maratha Rajput Deccan; availability Early Modern. Door behaviour is limited to the attached supported component profile."
earlymodern_door_mrd_strike_plate_259,Early Modern,Early Modern,"Doors, locks & gates",lock and hardware,Maratha Rajput Deccan,strike plate,a rosette copper strike plate,copper,Small,Good,415,95,Era / Early Modern Era; Functions / Household Items / Household Wares; Market / Household Goods / Standard Wares,Holdable; Destroyable_HeavyMetal; Latch_Normal,Locksmithing,Blacksmithing,"Early Modern doors, locks and gates hardware catalogue; culture admission Maratha Rajput Deccan; availability Early Modern. It does not imply a custom matched-key or hidden-lock system."
earlymodern_door_mrd_hinge_pair_260,Early Modern,Early Modern,"Doors, locks & gates",lock and hardware,Maratha Rajput Deccan,hinges,a checker pewter hinge pair,pewter,Small,Standard,500,103,Era / Early Modern Era; Functions / Household Items / Household Wares; Market / Household Goods / Standard Wares,Holdable; Destroyable_HeavyMetal; Latch_Normal,Locksmithing,Blacksmithing,"Early Modern doors, locks and gates hardware catalogue; culture admission Maratha Rajput Deccan; availability Early Modern. It does not imply a custom matched-key or hidden-lock system."
earlymodern_door_mrd_keyring_261,Early Modern,Early Modern,"Doors, locks & gates",lock and hardware,Maratha Rajput Deccan,keyring,a braided wrought iron keyring,wrought iron,Small,VeryGood,585,111,Era / Early Modern Era; Functions / Household Items / Household Wares; Market / Household Goods / Standard Wares,Holdable; Destroyable_HeavyMetal; Warded_Key,Locksmithing,Blacksmithing,"Early Modern doors, locks and gates hardware catalogue; culture admission Maratha Rajput Deccan; availability Early Modern. It does not imply a custom matched-key or hidden-lock system."
earlymodern_door_mrd_escutcheon_262,Early Modern,Early Modern,"Doors, locks & gates",lock and hardware,Maratha Rajput Deccan,escutcheon,a radiating bronze keyhole escutcheon,bronze,Small,Good,670,119,Era / Early Modern Era; Functions / Household Items / Household Wares; Market / Household Goods / Standard Wares,Holdable; Destroyable_HeavyMetal; Latch_Normal,Locksmithing,Blacksmithing,"Early Modern doors, locks and gates hardware catalogue; culture admission Maratha Rajput Deccan; availability Early Modern. It does not imply a custom matched-key or hidden-lock system."
earlymodern_door_mrd_warded_lock_263,Early Modern,Early Modern,"Doors, locks & gates",lock and hardware,Maratha Rajput Deccan,lock,a leaf-scroll brass warded lock,brass,Small,Standard,755,127,Era / Early Modern Era; Functions / Household Items / Household Wares; Market / Household Goods / Standard Wares,Holdable; Destroyable_HeavyMetal; Warded_Lock_Normal,Locksmithing,Blacksmithing,"Early Modern doors, locks and gates hardware catalogue; culture admission Maratha Rajput Deccan; availability Early Modern. It does not imply a custom matched-key or hidden-lock system."
earlymodern_door_mrd_good_warded_lock_264,Early Modern,Early Modern,"Doors, locks & gates",lock and hardware,Maratha Rajput Deccan,lock,a sunburst copper fine warded lock,copper,Small,Poor,840,135,Era / Early Modern Era; Functions / Household Items / Household Wares; Market / Household Goods / Standard Wares,Holdable; Destroyable_HeavyMetal; Warded_Lock_Good,Locksmithing,Blacksmithing,"Early Modern doors, locks and gates hardware catalogue; culture admission Maratha Rajput Deccan; availability Early Modern. It does not imply a custom matched-key or hidden-lock system."
earlymodern_door_mrd_master_warded_lock_265,Early Modern,Early Modern,"Doors, locks & gates",lock and hardware,Maratha Rajput Deccan,lock,a water-wave pewter master warded lock,pewter,Small,Standard,925,143,Era / Early Modern Era; Functions / Household Items / Household Wares; Market / Household Goods / Standard Wares,Holdable; Destroyable_HeavyMetal; Warded_Lock_Master,Locksmithing,Blacksmithing,"Early Modern doors, locks and gates hardware catalogue; culture admission Maratha Rajput Deccan; availability Early Modern. It does not imply a custom matched-key or hidden-lock system."
earlymodern_door_mrd_warded_key_266,Early Modern,Early Modern,"Doors, locks & gates",lock and hardware,Maratha Rajput Deccan,key,a knotted wrought iron warded key,wrought iron,Small,Good,1010,151,Era / Early Modern Era; Functions / Household Items / Household Wares; Market / Household Goods / Standard Wares,Holdable; Destroyable_HeavyMetal; Warded_Key,Locksmithing,Blacksmithing,"Early Modern doors, locks and gates hardware catalogue; culture admission Maratha Rajput Deccan; availability Early Modern. It does not imply a custom matched-key or hidden-lock system."
earlymodern_door_sic_panel_door_267,Early Modern,Early Modern,"Doors, locks & gates",door or gate,South Indian coastal trade,door,a braided cedar door leaf,cedar,Large,Good,24000,188,Era / Early Modern Era; Functions / Household Items / Household Construction Materials; Market / Construction Materials / Worked Timber,Holdable; Destroyable_Door; Door_Normal_Large,Carpentry and joinery,Carpentry,"Early Modern doors, locks and gates catalogue; culture admission South Indian coastal trade; availability Early Modern. Door behaviour is limited to the attached supported component profile."
earlymodern_door_sic_braced_door_268,Early Modern,Early Modern,"Doors, locks & gates",door or gate,South Indian coastal trade,door,a leaf-scroll teak braced door,teak,Large,Standard,25800,199,Era / Early Modern Era; Functions / Household Items / Household Construction Materials; Market / Construction Materials / Worked Timber,Holdable; Destroyable_Door; Door_Tough_Large,Carpentry and joinery,Carpentry,"Early Modern doors, locks and gates catalogue; culture admission South Indian coastal trade; availability Early Modern. Door behaviour is limited to the attached supported component profile."
earlymodern_door_sic_lockable_door_269,Early Modern,Early Modern,"Doors, locks & gates",door or gate,South Indian coastal trade,door,a water-wave wood lockable door,wood,Large,VeryGood,27600,210,Era / Early Modern Era; Functions / Household Items / Household Construction Materials; Market / Construction Materials / Worked Timber,Holdable; Destroyable_Door; Door_Lockable_Normal_Large,Carpentry and joinery,Carpentry,"Early Modern doors, locks and gates catalogue; culture admission South Indian coastal trade; availability Early Modern. Door behaviour is limited to the attached supported component profile."
earlymodern_door_sic_secure_door_270,Early Modern,Early Modern,"Doors, locks & gates",door or gate,South Indian coastal trade,door,a flower-head oak secure door,oak,Large,Good,29400,221,Era / Early Modern Era; Functions / Household Items / Household Construction Materials; Market / Construction Materials / Worked Timber,Holdable; Destroyable_Door; Door_Lockable_Secure_Large,Carpentry and joinery,Carpentry,"Early Modern doors, locks and gates catalogue; culture admission South Indian coastal trade; availability Early Modern. Door behaviour is limited to the attached supported component profile."
earlymodern_door_sic_shutter_271,Early Modern,Early Modern,"Doors, locks & gates",door or gate,South Indian coastal trade,shutter,a bird pine shuttered opening,pine,Large,Standard,31200,232,Era / Early Modern Era; Functions / Household Items / Household Construction Materials; Market / Construction Materials / Worked Timber,Holdable; Destroyable_Door; Door_Bad_Large,Carpentry and joinery,Carpentry,"Early Modern doors, locks and gates catalogue; culture admission South Indian coastal trade; availability Early Modern. Door behaviour is limited to the attached supported component profile."
earlymodern_door_sic_screen_272,Early Modern,Early Modern,"Doors, locks & gates",door or gate,South Indian coastal trade,screen,a geometric teak screen door,teak,Large,Poor,33000,243,Era / Early Modern Era; Functions / Household Items / Household Construction Materials; Market / Construction Materials / Worked Timber,Holdable; Destroyable_Door; Door_Bad_Large,Carpentry and joinery,Carpentry,"Early Modern doors, locks and gates catalogue; culture admission South Indian coastal trade; availability Early Modern. Door behaviour is limited to the attached supported component profile."
earlymodern_door_sic_lattice_gate_273,Early Modern,Early Modern,"Doors, locks & gates",door or gate,South Indian coastal trade,gate,a shell wrought iron lattice gate,wrought iron,VeryLarge,Standard,34800,254,Era / Early Modern Era; Functions / Household Items / Household Construction Materials; Market / Household Goods / Standard Wares,Holdable; Destroyable_Door; Door_Normal_Large,Carpentry and joinery,Carpentry,"Early Modern doors, locks and gates catalogue; culture admission South Indian coastal trade; availability Early Modern. Door behaviour is limited to the attached supported component profile."
earlymodern_door_sic_courtyard_gate_274,Early Modern,Early Modern,"Doors, locks & gates",door or gate,South Indian coastal trade,gate,a rosette bronze courtyard gate,bronze,VeryLarge,Good,36600,265,Era / Early Modern Era; Functions / Household Items / Household Construction Materials; Market / Household Goods / Standard Wares,Holdable; Destroyable_Door; Door_Lockable_Normal_Large,Carpentry and joinery,Carpentry,"Early Modern doors, locks and gates catalogue; culture admission South Indian coastal trade; availability Early Modern. Door behaviour is limited to the attached supported component profile."
earlymodern_door_sic_warehouse_gate_275,Early Modern,Early Modern,"Doors, locks & gates",door or gate,South Indian coastal trade,gate,a braided oak warehouse gate,oak,VeryLarge,Good,38400,276,Era / Early Modern Era; Functions / Household Items / Household Construction Materials; Market / Construction Materials / Worked Timber,Holdable; Destroyable_Door; Door_Lockable_Tough_Large,Carpentry and joinery,Carpentry,"Early Modern doors, locks and gates catalogue; culture admission South Indian coastal trade; availability Early Modern. Door behaviour is limited to the attached supported component profile."
earlymodern_door_sic_garden_gate_276,Early Modern,Early Modern,"Doors, locks & gates",door or gate,South Indian coastal trade,gate,a leaf-scroll cedar garden gate,cedar,VeryLarge,Standard,40200,287,Era / Early Modern Era; Functions / Household Items / Household Construction Materials; Market / Construction Materials / Worked Timber,Holdable; Destroyable_Door; Door_Normal_Large,Carpentry and joinery,Carpentry,"Early Modern doors, locks and gates catalogue; culture admission South Indian coastal trade; availability Early Modern. Door behaviour is limited to the attached supported component profile."
earlymodern_door_sic_grille_277,Early Modern,Early Modern,"Doors, locks & gates",door or gate,South Indian coastal trade,grille,a water-wave brass metal grille,brass,Large,VeryGood,42000,45,Era / Early Modern Era; Functions / Household Items / Household Construction Materials; Market / Household Goods / Standard Wares,Holdable; Destroyable_Door; Door_Secure_Large,Carpentry and joinery,Carpentry,"Early Modern doors, locks and gates catalogue; culture admission South Indian coastal trade; availability Early Modern. Door behaviour is limited to the attached supported component profile."
earlymodern_door_sic_strike_plate_278,Early Modern,Early Modern,"Doors, locks & gates",lock and hardware,South Indian coastal trade,strike plate,a cloud brass strike plate,brass,Small,Good,585,95,Era / Early Modern Era; Functions / Household Items / Household Wares; Market / Household Goods / Standard Wares,Holdable; Destroyable_HeavyMetal; Latch_Normal,Locksmithing,Blacksmithing,"Early Modern doors, locks and gates hardware catalogue; culture admission South Indian coastal trade; availability Early Modern. It does not imply a custom matched-key or hidden-lock system."
earlymodern_door_sic_hinge_pair_279,Early Modern,Early Modern,"Doors, locks & gates",lock and hardware,South Indian coastal trade,hinges,a shell copper hinge pair,copper,Small,Standard,670,103,Era / Early Modern Era; Functions / Household Items / Household Wares; Market / Household Goods / Standard Wares,Holdable; Destroyable_HeavyMetal; Latch_Normal,Locksmithing,Blacksmithing,"Early Modern doors, locks and gates hardware catalogue; culture admission South Indian coastal trade; availability Early Modern. It does not imply a custom matched-key or hidden-lock system."
earlymodern_door_sic_keyring_280,Early Modern,Early Modern,"Doors, locks & gates",lock and hardware,South Indian coastal trade,keyring,a reed pewter keyring,pewter,Small,Poor,755,111,Era / Early Modern Era; Functions / Household Items / Household Wares; Market / Household Goods / Standard Wares,Holdable; Destroyable_HeavyMetal; Warded_Key,Locksmithing,Blacksmithing,"Early Modern doors, locks and gates hardware catalogue; culture admission South Indian coastal trade; availability Early Modern. It does not imply a custom matched-key or hidden-lock system."
earlymodern_door_sic_escutcheon_281,Early Modern,Early Modern,"Doors, locks & gates",lock and hardware,South Indian coastal trade,escutcheon,a rosette wrought iron keyhole escutcheon,wrought iron,Small,Standard,840,119,Era / Early Modern Era; Functions / Household Items / Household Wares; Market / Household Goods / Standard Wares,Holdable; Destroyable_HeavyMetal; Latch_Normal,Locksmithing,Blacksmithing,"Early Modern doors, locks and gates hardware catalogue; culture admission South Indian coastal trade; availability Early Modern. It does not imply a custom matched-key or hidden-lock system."
earlymodern_door_sic_warded_lock_282,Early Modern,Early Modern,"Doors, locks & gates",lock and hardware,South Indian coastal trade,lock,a checker bronze warded lock,bronze,Small,Good,925,127,Era / Early Modern Era; Functions / Household Items / Household Wares; Market / Household Goods / Standard Wares,Holdable; Destroyable_HeavyMetal; Warded_Lock_Normal,Locksmithing,Blacksmithing,"Early Modern doors, locks and gates hardware catalogue; culture admission South Indian coastal trade; availability Early Modern. It does not imply a custom matched-key or hidden-lock system."
earlymodern_door_sic_good_warded_lock_283,Early Modern,Early Modern,"Doors, locks & gates",lock and hardware,South Indian coastal trade,lock,a braided brass fine warded lock,brass,Small,Good,1010,135,Era / Early Modern Era; Functions / Household Items / Household Wares; Market / Household Goods / Standard Wares,Holdable; Destroyable_HeavyMetal; Warded_Lock_Good,Locksmithing,Blacksmithing,"Early Modern doors, locks and gates hardware catalogue; culture admission South Indian coastal trade; availability Early Modern. It does not imply a custom matched-key or hidden-lock system."
earlymodern_door_sic_master_warded_lock_284,Early Modern,Early Modern,"Doors, locks & gates",lock and hardware,South Indian coastal trade,lock,a radiating copper master warded lock,copper,Small,Standard,1095,143,Era / Early Modern Era; Functions / Household Items / Household Wares; Market / Household Goods / Standard Wares,Holdable; Destroyable_HeavyMetal; Warded_Lock_Master,Locksmithing,Blacksmithing,"Early Modern doors, locks and gates hardware catalogue; culture admission South Indian coastal trade; availability Early Modern. It does not imply a custom matched-key or hidden-lock system."
earlymodern_door_sic_warded_key_285,Early Modern,Early Modern,"Doors, locks & gates",lock and hardware,South Indian coastal trade,key,a leaf-scroll pewter warded key,pewter,Small,VeryGood,1180,151,Era / Early Modern Era; Functions / Household Items / Household Wares; Market / Household Goods / Standard Wares,Holdable; Destroyable_HeavyMetal; Warded_Key,Locksmithing,Blacksmithing,"Early Modern doors, locks and gates hardware catalogue; culture admission South Indian coastal trade; availability Early Modern. It does not imply a custom matched-key or hidden-lock system."
earlymodern_door_qing_panel_door_286,Early Modern,Early Modern,"Doors, locks & gates",door or gate,Qing China,door,a flower-head oak door leaf,oak,Large,Good,24000,144,Era / Early Modern Era; Functions / Household Items / Household Construction Materials; Market / Construction Materials / Worked Timber,Holdable; Destroyable_Door; Door_Normal_Large,Carpentry and joinery,Carpentry,"Early Modern doors, locks and gates catalogue; culture admission Qing China; availability Early Modern. Door behaviour is limited to the attached supported component profile."
earlymodern_door_qing_braced_door_287,Early Modern,Early Modern,"Doors, locks & gates",door or gate,Qing China,door,a bird pine braced door,pine,Large,Standard,25800,155,Era / Early Modern Era; Functions / Household Items / Household Construction Materials; Market / Construction Materials / Worked Timber,Holdable; Destroyable_Door; Door_Tough_Large,Carpentry and joinery,Carpentry,"Early Modern doors, locks and gates catalogue; culture admission Qing China; availability Early Modern. Door behaviour is limited to the attached supported component profile."
earlymodern_door_qing_lockable_door_288,Early Modern,Early Modern,"Doors, locks & gates",door or gate,Qing China,door,a geometric cedar lockable door,cedar,Large,Poor,27600,166,Era / Early Modern Era; Functions / Household Items / Household Construction Materials; Market / Construction Materials / Worked Timber,Holdable; Destroyable_Door; Door_Lockable_Normal_Large,Carpentry and joinery,Carpentry,"Early Modern doors, locks and gates catalogue; culture admission Qing China; availability Early Modern. Door behaviour is limited to the attached supported component profile."
earlymodern_door_qing_secure_door_289,Early Modern,Early Modern,"Doors, locks & gates",door or gate,Qing China,door,a shell teak secure door,teak,Large,Standard,29400,177,Era / Early Modern Era; Functions / Household Items / Household Construction Materials; Market / Construction Materials / Worked Timber,Holdable; Destroyable_Door; Door_Lockable_Secure_Large,Carpentry and joinery,Carpentry,"Early Modern doors, locks and gates catalogue; culture admission Qing China; availability Early Modern. Door behaviour is limited to the attached supported component profile."
earlymodern_door_qing_shutter_290,Early Modern,Early Modern,"Doors, locks & gates",door or gate,Qing China,shutter,a rosette wood shuttered opening,wood,Large,Good,31200,188,Era / Early Modern Era; Functions / Household Items / Household Construction Materials; Market / Construction Materials / Worked Timber,Holdable; Destroyable_Door; Door_Bad_Large,Carpentry and joinery,Carpentry,"Early Modern doors, locks and gates catalogue; culture admission Qing China; availability Early Modern. Door behaviour is limited to the attached supported component profile."
earlymodern_door_qing_screen_291,Early Modern,Early Modern,"Doors, locks & gates",door or gate,Qing China,screen,a braided bamboo screen door,bamboo,Large,Good,33000,199,Era / Early Modern Era; Functions / Household Items / Household Construction Materials; Market / Construction Materials / Worked Timber,Holdable; Destroyable_Door; Door_Bad_Large,Carpentry and joinery,Carpentry,"Early Modern doors, locks and gates catalogue; culture admission Qing China; availability Early Modern. Door behaviour is limited to the attached supported component profile."
earlymodern_door_qing_lattice_gate_292,Early Modern,Early Modern,"Doors, locks & gates",door or gate,Qing China,gate,a leaf-scroll cedar lattice gate,cedar,VeryLarge,Standard,34800,210,Era / Early Modern Era; Functions / Household Items / Household Construction Materials; Market / Construction Materials / Worked Timber,Holdable; Destroyable_Door; Door_Normal_Large,Carpentry and joinery,Carpentry,"Early Modern doors, locks and gates catalogue; culture admission Qing China; availability Early Modern. Door behaviour is limited to the attached supported component profile."
earlymodern_door_qing_courtyard_gate_293,Early Modern,Early Modern,"Doors, locks & gates",door or gate,Qing China,gate,a water-wave teak courtyard gate,teak,VeryLarge,VeryGood,36600,221,Era / Early Modern Era; Functions / Household Items / Household Construction Materials; Market / Construction Materials / Worked Timber,Holdable; Destroyable_Door; Door_Lockable_Normal_Large,Carpentry and joinery,Carpentry,"Early Modern doors, locks and gates catalogue; culture admission Qing China; availability Early Modern. Door behaviour is limited to the attached supported component profile."
earlymodern_door_qing_warehouse_gate_294,Early Modern,Early Modern,"Doors, locks & gates",door or gate,Qing China,gate,a flower-head wrought iron warehouse gate,wrought iron,VeryLarge,Good,38400,232,Era / Early Modern Era; Functions / Household Items / Household Construction Materials; Market / Household Goods / Standard Wares,Holdable; Destroyable_Door; Door_Lockable_Tough_Large,Carpentry and joinery,Carpentry,"Early Modern doors, locks and gates catalogue; culture admission Qing China; availability Early Modern. Door behaviour is limited to the attached supported component profile."
earlymodern_door_qing_garden_gate_295,Early Modern,Early Modern,"Doors, locks & gates",door or gate,Qing China,gate,a bird bronze garden gate,bronze,VeryLarge,Standard,40200,243,Era / Early Modern Era; Functions / Household Items / Household Construction Materials; Market / Household Goods / Standard Wares,Holdable; Destroyable_Door; Door_Normal_Large,Carpentry and joinery,Carpentry,"Early Modern doors, locks and gates catalogue; culture admission Qing China; availability Early Modern. Door behaviour is limited to the attached supported component profile."
earlymodern_door_qing_grille_296,Early Modern,Early Modern,"Doors, locks & gates",door or gate,Qing China,grille,a geometric brass metal grille,brass,Large,Poor,42000,254,Era / Early Modern Era; Functions / Household Items / Household Construction Materials; Market / Household Goods / Standard Wares,Holdable; Destroyable_Door; Door_Secure_Large,Carpentry and joinery,Carpentry,"Early Modern doors, locks and gates catalogue; culture admission Qing China; availability Early Modern. Door behaviour is limited to the attached supported component profile."
earlymodern_door_qing_strike_plate_297,Early Modern,Early Modern,"Doors, locks & gates",lock and hardware,Qing China,strike plate,a rosette bronze strike plate,bronze,Small,Standard,755,95,Era / Early Modern Era; Functions / Household Items / Household Wares; Market / Household Goods / Standard Wares,Holdable; Destroyable_HeavyMetal; Latch_Normal,Locksmithing,Blacksmithing,"Early Modern doors, locks and gates hardware catalogue; culture admission Qing China; availability Early Modern. It does not imply a custom matched-key or hidden-lock system."
earlymodern_door_qing_hinge_pair_298,Early Modern,Early Modern,"Doors, locks & gates",lock and hardware,Qing China,hinges,a checker brass hinge pair,brass,Small,Good,840,103,Era / Early Modern Era; Functions / Household Items / Household Wares; Market / Household Goods / Standard Wares,Holdable; Destroyable_HeavyMetal; Latch_Normal,Locksmithing,Blacksmithing,"Early Modern doors, locks and gates hardware catalogue; culture admission Qing China; availability Early Modern. It does not imply a custom matched-key or hidden-lock system."
earlymodern_door_qing_keyring_299,Early Modern,Early Modern,"Doors, locks & gates",lock and hardware,Qing China,keyring,a braided copper keyring,copper,Small,Good,925,111,Era / Early Modern Era; Functions / Household Items / Household Wares; Market / Household Goods / Standard Wares,Holdable; Destroyable_HeavyMetal; Warded_Key,Locksmithing,Blacksmithing,"Early Modern doors, locks and gates hardware catalogue; culture admission Qing China; availability Early Modern. It does not imply a custom matched-key or hidden-lock system."
earlymodern_door_qing_escutcheon_300,Early Modern,Early Modern,"Doors, locks & gates",lock and hardware,Qing China,escutcheon,a radiating pewter keyhole escutcheon,pewter,Small,Standard,1010,119,Era / Early Modern Era; Functions / Household Items / Household Wares; Market / Household Goods / Standard Wares,Holdable; Destroyable_HeavyMetal; Latch_Normal,Locksmithing,Blacksmithing,"Early Modern doors, locks and gates hardware catalogue; culture admission Qing China; availability Early Modern. It does not imply a custom matched-key or hidden-lock system."
earlymodern_door_qing_warded_lock_301,Early Modern,Early Modern,"Doors, locks & gates",lock and hardware,Qing China,lock,a leaf-scroll wrought iron warded lock,wrought iron,Small,VeryGood,1095,127,Era / Early Modern Era; Functions / Household Items / Household Wares; Market / Household Goods / Standard Wares,Holdable; Destroyable_HeavyMetal; Warded_Lock_Normal,Locksmithing,Blacksmithing,"Early Modern doors, locks and gates hardware catalogue; culture admission Qing China; availability Early Modern. It does not imply a custom matched-key or hidden-lock system."
earlymodern_door_qing_good_warded_lock_302,Early Modern,Early Modern,"Doors, locks & gates",lock and hardware,Qing China,lock,a sunburst bronze fine warded lock,bronze,Small,Good,1180,135,Era / Early Modern Era; Functions / Household Items / Household Wares; Market / Household Goods / Standard Wares,Holdable; Destroyable_HeavyMetal; Warded_Lock_Good,Locksmithing,Blacksmithing,"Early Modern doors, locks and gates hardware catalogue; culture admission Qing China; availability Early Modern. It does not imply a custom matched-key or hidden-lock system."
earlymodern_door_qing_master_warded_lock_303,Early Modern,Early Modern,"Doors, locks & gates",lock and hardware,Qing China,lock,a water-wave brass master warded lock,brass,Small,Standard,1265,143,Era / Early Modern Era; Functions / Household Items / Household Wares; Market / Household Goods / Standard Wares,Holdable; Destroyable_HeavyMetal; Warded_Lock_Master,Locksmithing,Blacksmithing,"Early Modern doors, locks and gates hardware catalogue; culture admission Qing China; availability Early Modern. It does not imply a custom matched-key or hidden-lock system."
earlymodern_door_qing_warded_key_304,Early Modern,Early Modern,"Doors, locks & gates",lock and hardware,Qing China,key,a knotted copper warded key,copper,Small,Poor,1350,151,Era / Early Modern Era; Functions / Household Items / Household Wares; Market / Household Goods / Standard Wares,Holdable; Destroyable_HeavyMetal; Warded_Key,Locksmithing,Blacksmithing,"Early Modern doors, locks and gates hardware catalogue; culture admission Qing China; availability Early Modern. It does not imply a custom matched-key or hidden-lock system."
earlymodern_door_ming_panel_door_305,Early Modern,Early Modern,"Doors, locks & gates",door or gate,Late Ming transition,door,a flower-head wood door leaf,wood,Large,Standard,24000,100,Era / Early Modern Era; Functions / Household Items / Household Construction Materials; Market / Construction Materials / Worked Timber,Holdable; Destroyable_Door; Door_Normal_Large,Carpentry and joinery,Carpentry,"Early Modern doors, locks and gates catalogue; culture admission Late Ming transition; availability Early Modern. Door behaviour is limited to the attached supported component profile."
earlymodern_door_ming_braced_door_306,Early Modern,Early Modern,"Doors, locks & gates",door or gate,Late Ming transition,door,a bird oak braced door,oak,Large,Good,25800,111,Era / Early Modern Era; Functions / Household Items / Household Construction Materials; Market / Construction Materials / Worked Timber,Holdable; Destroyable_Door; Door_Tough_Large,Carpentry and joinery,Carpentry,"Early Modern doors, locks and gates catalogue; culture admission Late Ming transition; availability Early Modern. Door behaviour is limited to the attached supported component profile."
earlymodern_door_ming_lockable_door_307,Early Modern,Early Modern,"Doors, locks & gates",door or gate,Late Ming transition,door,a geometric pine lockable door,pine,Large,Good,27600,122,Era / Early Modern Era; Functions / Household Items / Household Construction Materials; Market / Construction Materials / Worked Timber,Holdable; Destroyable_Door; Door_Lockable_Normal_Large,Carpentry and joinery,Carpentry,"Early Modern doors, locks and gates catalogue; culture admission Late Ming transition; availability Early Modern. Door behaviour is limited to the attached supported component profile."
earlymodern_door_ming_secure_door_308,Early Modern,Early Modern,"Doors, locks & gates",door or gate,Late Ming transition,door,a shell cedar secure door,cedar,Large,Standard,29400,133,Era / Early Modern Era; Functions / Household Items / Household Construction Materials; Market / Construction Materials / Worked Timber,Holdable; Destroyable_Door; Door_Lockable_Secure_Large,Carpentry and joinery,Carpentry,"Early Modern doors, locks and gates catalogue; culture admission Late Ming transition; availability Early Modern. Door behaviour is limited to the attached supported component profile."
earlymodern_door_ming_shutter_309,Early Modern,Early Modern,"Doors, locks & gates",door or gate,Late Ming transition,shutter,a rosette teak shuttered opening,teak,Large,VeryGood,31200,144,Era / Early Modern Era; Functions / Household Items / Household Construction Materials; Market / Construction Materials / Worked Timber,Holdable; Destroyable_Door; Door_Bad_Large,Carpentry and joinery,Carpentry,"Early Modern doors, locks and gates catalogue; culture admission Late Ming transition; availability Early Modern. Door behaviour is limited to the attached supported component profile."
earlymodern_door_ming_screen_310,Early Modern,Early Modern,"Doors, locks & gates",door or gate,Late Ming transition,screen,a braided teak screen door,teak,Large,Good,33000,155,Era / Early Modern Era; Functions / Household Items / Household Construction Materials; Market / Construction Materials / Worked Timber,Holdable; Destroyable_Door; Door_Bad_Large,Carpentry and joinery,Carpentry,"Early Modern doors, locks and gates catalogue; culture admission Late Ming transition; availability Early Modern. Door behaviour is limited to the attached supported component profile."
earlymodern_door_ming_lattice_gate_311,Early Modern,Early Modern,"Doors, locks & gates",door or gate,Late Ming transition,gate,a leaf-scroll oak lattice gate,oak,VeryLarge,Standard,34800,166,Era / Early Modern Era; Functions / Household Items / Household Construction Materials; Market / Construction Materials / Worked Timber,Holdable; Destroyable_Door; Door_Normal_Large,Carpentry and joinery,Carpentry,"Early Modern doors, locks and gates catalogue; culture admission Late Ming transition; availability Early Modern. Door behaviour is limited to the attached supported component profile."
earlymodern_door_ming_courtyard_gate_312,Early Modern,Early Modern,"Doors, locks & gates",door or gate,Late Ming transition,gate,a water-wave cedar courtyard gate,cedar,VeryLarge,Poor,36600,177,Era / Early Modern Era; Functions / Household Items / Household Construction Materials; Market / Construction Materials / Worked Timber,Holdable; Destroyable_Door; Door_Lockable_Normal_Large,Carpentry and joinery,Carpentry,"Early Modern doors, locks and gates catalogue; culture admission Late Ming transition; availability Early Modern. Door behaviour is limited to the attached supported component profile."
earlymodern_door_ming_warehouse_gate_313,Early Modern,Early Modern,"Doors, locks & gates",door or gate,Late Ming transition,gate,a flower-head teak warehouse gate,teak,VeryLarge,Standard,38400,188,Era / Early Modern Era; Functions / Household Items / Household Construction Materials; Market / Construction Materials / Worked Timber,Holdable; Destroyable_Door; Door_Lockable_Tough_Large,Carpentry and joinery,Carpentry,"Early Modern doors, locks and gates catalogue; culture admission Late Ming transition; availability Early Modern. Door behaviour is limited to the attached supported component profile."
earlymodern_door_ming_garden_gate_314,Early Modern,Early Modern,"Doors, locks & gates",door or gate,Late Ming transition,gate,a bird wrought iron garden gate,wrought iron,VeryLarge,Good,40200,199,Era / Early Modern Era; Functions / Household Items / Household Construction Materials; Market / Household Goods / Standard Wares,Holdable; Destroyable_Door; Door_Normal_Large,Carpentry and joinery,Carpentry,"Early Modern doors, locks and gates catalogue; culture admission Late Ming transition; availability Early Modern. Door behaviour is limited to the attached supported component profile."
earlymodern_door_ming_grille_315,Early Modern,Early Modern,"Doors, locks & gates",door or gate,Late Ming transition,grille,a geometric bronze metal grille,bronze,Large,Good,42000,210,Era / Early Modern Era; Functions / Household Items / Household Construction Materials; Market / Household Goods / Standard Wares,Holdable; Destroyable_Door; Door_Secure_Large,Carpentry and joinery,Carpentry,"Early Modern doors, locks and gates catalogue; culture admission Late Ming transition; availability Early Modern. Door behaviour is limited to the attached supported component profile."
earlymodern_door_ming_strike_plate_316,Early Modern,Early Modern,"Doors, locks & gates",lock and hardware,Late Ming transition,strike plate,a knotted wrought iron strike plate,wrought iron,Small,Standard,925,95,Era / Early Modern Era; Functions / Household Items / Household Wares; Market / Household Goods / Standard Wares,Holdable; Destroyable_HeavyMetal; Latch_Normal,Locksmithing,Blacksmithing,"Early Modern doors, locks and gates hardware catalogue; culture admission Late Ming transition; availability Early Modern. It does not imply a custom matched-key or hidden-lock system."
earlymodern_door_ming_hinge_pair_317,Early Modern,Early Modern,"Doors, locks & gates",lock and hardware,Late Ming transition,hinges,a flower-head bronze hinge pair,bronze,Small,VeryGood,1010,103,Era / Early Modern Era; Functions / Household Items / Household Wares; Market / Household Goods / Standard Wares,Holdable; Destroyable_HeavyMetal; Latch_Normal,Locksmithing,Blacksmithing,"Early Modern doors, locks and gates hardware catalogue; culture admission Late Ming transition; availability Early Modern. It does not imply a custom matched-key or hidden-lock system."
earlymodern_door_ming_keyring_318,Early Modern,Early Modern,"Doors, locks & gates",lock and hardware,Late Ming transition,keyring,a star brass keyring,brass,Small,Good,1095,111,Era / Early Modern Era; Functions / Household Items / Household Wares; Market / Household Goods / Standard Wares,Holdable; Destroyable_HeavyMetal; Warded_Key,Locksmithing,Blacksmithing,"Early Modern doors, locks and gates hardware catalogue; culture admission Late Ming transition; availability Early Modern. It does not imply a custom matched-key or hidden-lock system."
earlymodern_door_ming_escutcheon_319,Early Modern,Early Modern,"Doors, locks & gates",lock and hardware,Late Ming transition,escutcheon,a bird copper keyhole escutcheon,copper,Small,Standard,1180,119,Era / Early Modern Era; Functions / Household Items / Household Wares; Market / Household Goods / Standard Wares,Holdable; Destroyable_HeavyMetal; Latch_Normal,Locksmithing,Blacksmithing,"Early Modern doors, locks and gates hardware catalogue; culture admission Late Ming transition; availability Early Modern. It does not imply a custom matched-key or hidden-lock system."
earlymodern_door_ming_warded_lock_320,Early Modern,Early Modern,"Doors, locks & gates",lock and hardware,Late Ming transition,lock,a vine pewter warded lock,pewter,Small,Poor,1265,127,Era / Early Modern Era; Functions / Household Items / Household Wares; Market / Household Goods / Standard Wares,Holdable; Destroyable_HeavyMetal; Warded_Lock_Normal,Locksmithing,Blacksmithing,"Early Modern doors, locks and gates hardware catalogue; culture admission Late Ming transition; availability Early Modern. It does not imply a custom matched-key or hidden-lock system."
earlymodern_door_ming_good_warded_lock_321,Early Modern,Early Modern,"Doors, locks & gates",lock and hardware,Late Ming transition,lock,a geometric wrought iron fine warded lock,wrought iron,Small,Standard,1350,135,Era / Early Modern Era; Functions / Household Items / Household Wares; Market / Household Goods / Standard Wares,Holdable; Destroyable_HeavyMetal; Warded_Lock_Good,Locksmithing,Blacksmithing,"Early Modern doors, locks and gates hardware catalogue; culture admission Late Ming transition; availability Early Modern. It does not imply a custom matched-key or hidden-lock system."
earlymodern_door_ming_master_warded_lock_322,Early Modern,Early Modern,"Doors, locks & gates",lock and hardware,Late Ming transition,lock,a cloud bronze master warded lock,bronze,Small,Good,1435,143,Era / Early Modern Era; Functions / Household Items / Household Wares; Market / Household Goods / Standard Wares,Holdable; Destroyable_HeavyMetal; Warded_Lock_Master,Locksmithing,Blacksmithing,"Early Modern doors, locks and gates hardware catalogue; culture admission Late Ming transition; availability Early Modern. It does not imply a custom matched-key or hidden-lock system."
earlymodern_door_ming_warded_key_323,Early Modern,Early Modern,"Doors, locks & gates",lock and hardware,Late Ming transition,key,a shell brass warded key,brass,Small,Good,1520,151,Era / Early Modern Era; Functions / Household Items / Household Wares; Market / Household Goods / Standard Wares,Holdable; Destroyable_HeavyMetal; Warded_Key,Locksmithing,Blacksmithing,"Early Modern doors, locks and gates hardware catalogue; culture admission Late Ming transition; availability Early Modern. It does not imply a custom matched-key or hidden-lock system."
earlymodern_door_jos_panel_door_324,Early Modern,Early Modern,"Doors, locks & gates",door or gate,Joseon Korea,door,a water-wave oak door leaf,oak,Large,Standard,24000,56,Era / Early Modern Era; Functions / Household Items / Household Construction Materials; Market / Construction Materials / Worked Timber,Holdable; Destroyable_Door; Door_Normal_Large,Carpentry and joinery,Carpentry,"Early Modern doors, locks and gates catalogue; culture admission Joseon Korea; availability Early Modern. Door behaviour is limited to the attached supported component profile."
earlymodern_door_jos_braced_door_325,Early Modern,Early Modern,"Doors, locks & gates",door or gate,Joseon Korea,door,a flower-head pine braced door,pine,Large,VeryGood,25800,67,Era / Early Modern Era; Functions / Household Items / Household Construction Materials; Market / Construction Materials / Worked Timber,Holdable; Destroyable_Door; Door_Tough_Large,Carpentry and joinery,Carpentry,"Early Modern doors, locks and gates catalogue; culture admission Joseon Korea; availability Early Modern. Door behaviour is limited to the attached supported component profile."
earlymodern_door_jos_lockable_door_326,Early Modern,Early Modern,"Doors, locks & gates",door or gate,Joseon Korea,door,a bird cedar lockable door,cedar,Large,Good,27600,78,Era / Early Modern Era; Functions / Household Items / Household Construction Materials; Market / Construction Materials / Worked Timber,Holdable; Destroyable_Door; Door_Lockable_Normal_Large,Carpentry and joinery,Carpentry,"Early Modern doors, locks and gates catalogue; culture admission Joseon Korea; availability Early Modern. Door behaviour is limited to the attached supported component profile."
earlymodern_door_jos_secure_door_327,Early Modern,Early Modern,"Doors, locks & gates",door or gate,Joseon Korea,door,a geometric teak secure door,teak,Large,Standard,29400,89,Era / Early Modern Era; Functions / Household Items / Household Construction Materials; Market / Construction Materials / Worked Timber,Holdable; Destroyable_Door; Door_Lockable_Secure_Large,Carpentry and joinery,Carpentry,"Early Modern doors, locks and gates catalogue; culture admission Joseon Korea; availability Early Modern. Door behaviour is limited to the attached supported component profile."
earlymodern_door_jos_shutter_328,Early Modern,Early Modern,"Doors, locks & gates",door or gate,Joseon Korea,shutter,a shell wood shuttered opening,wood,Large,Poor,31200,100,Era / Early Modern Era; Functions / Household Items / Household Construction Materials; Market / Construction Materials / Worked Timber,Holdable; Destroyable_Door; Door_Bad_Large,Carpentry and joinery,Carpentry,"Early Modern doors, locks and gates catalogue; culture admission Joseon Korea; availability Early Modern. Door behaviour is limited to the attached supported component profile."
earlymodern_door_jos_screen_329,Early Modern,Early Modern,"Doors, locks & gates",door or gate,Joseon Korea,screen,a rosette bamboo screen door,bamboo,Large,Standard,33000,111,Era / Early Modern Era; Functions / Household Items / Household Construction Materials; Market / Construction Materials / Worked Timber,Holdable; Destroyable_Door; Door_Bad_Large,Carpentry and joinery,Carpentry,"Early Modern doors, locks and gates catalogue; culture admission Joseon Korea; availability Early Modern. Door behaviour is limited to the attached supported component profile."
earlymodern_door_jos_lattice_gate_330,Early Modern,Early Modern,"Doors, locks & gates",door or gate,Joseon Korea,gate,a braided cedar lattice gate,cedar,VeryLarge,Good,34800,122,Era / Early Modern Era; Functions / Household Items / Household Construction Materials; Market / Construction Materials / Worked Timber,Holdable; Destroyable_Door; Door_Normal_Large,Carpentry and joinery,Carpentry,"Early Modern doors, locks and gates catalogue; culture admission Joseon Korea; availability Early Modern. Door behaviour is limited to the attached supported component profile."
earlymodern_door_jos_courtyard_gate_331,Early Modern,Early Modern,"Doors, locks & gates",door or gate,Joseon Korea,gate,a leaf-scroll teak courtyard gate,teak,VeryLarge,Good,36600,133,Era / Early Modern Era; Functions / Household Items / Household Construction Materials; Market / Construction Materials / Worked Timber,Holdable; Destroyable_Door; Door_Lockable_Normal_Large,Carpentry and joinery,Carpentry,"Early Modern doors, locks and gates catalogue; culture admission Joseon Korea; availability Early Modern. Door behaviour is limited to the attached supported component profile."
earlymodern_door_jos_warehouse_gate_332,Early Modern,Early Modern,"Doors, locks & gates",door or gate,Joseon Korea,gate,a water-wave wrought iron warehouse gate,wrought iron,VeryLarge,Standard,38400,144,Era / Early Modern Era; Functions / Household Items / Household Construction Materials; Market / Household Goods / Standard Wares,Holdable; Destroyable_Door; Door_Lockable_Tough_Large,Carpentry and joinery,Carpentry,"Early Modern doors, locks and gates catalogue; culture admission Joseon Korea; availability Early Modern. Door behaviour is limited to the attached supported component profile."
earlymodern_door_jos_garden_gate_333,Early Modern,Early Modern,"Doors, locks & gates",door or gate,Joseon Korea,gate,a flower-head bronze garden gate,bronze,VeryLarge,VeryGood,40200,155,Era / Early Modern Era; Functions / Household Items / Household Construction Materials; Market / Household Goods / Standard Wares,Holdable; Destroyable_Door; Door_Normal_Large,Carpentry and joinery,Carpentry,"Early Modern doors, locks and gates catalogue; culture admission Joseon Korea; availability Early Modern. Door behaviour is limited to the attached supported component profile."
earlymodern_door_jos_grille_334,Early Modern,Early Modern,"Doors, locks & gates",door or gate,Joseon Korea,grille,a bird wrought iron metal grille,wrought iron,Large,Good,42000,166,Era / Early Modern Era; Functions / Household Items / Household Construction Materials; Market / Household Goods / Standard Wares,Holdable; Destroyable_Door; Door_Secure_Large,Carpentry and joinery,Carpentry,"Early Modern doors, locks and gates catalogue; culture admission Joseon Korea; availability Early Modern. Door behaviour is limited to the attached supported component profile."
earlymodern_door_jos_strike_plate_335,Early Modern,Early Modern,"Doors, locks & gates",lock and hardware,Joseon Korea,strike plate,a bird pewter strike plate,pewter,Small,Standard,1095,95,Era / Early Modern Era; Functions / Household Items / Household Wares; Market / Household Goods / Standard Wares,Holdable; Destroyable_HeavyMetal; Latch_Normal,Locksmithing,Blacksmithing,"Early Modern doors, locks and gates hardware catalogue; culture admission Joseon Korea; availability Early Modern. It does not imply a custom matched-key or hidden-lock system."
earlymodern_door_jos_hinge_pair_336,Early Modern,Early Modern,"Doors, locks & gates",lock and hardware,Joseon Korea,hinges,a vine wrought iron hinge pair,wrought iron,Small,Poor,1180,103,Era / Early Modern Era; Functions / Household Items / Household Wares; Market / Household Goods / Standard Wares,Holdable; Destroyable_HeavyMetal; Latch_Normal,Locksmithing,Blacksmithing,"Early Modern doors, locks and gates hardware catalogue; culture admission Joseon Korea; availability Early Modern. It does not imply a custom matched-key or hidden-lock system."
earlymodern_door_jos_keyring_337,Early Modern,Early Modern,"Doors, locks & gates",lock and hardware,Joseon Korea,keyring,a geometric bronze keyring,bronze,Small,Standard,1265,111,Era / Early Modern Era; Functions / Household Items / Household Wares; Market / Household Goods / Standard Wares,Holdable; Destroyable_HeavyMetal; Warded_Key,Locksmithing,Blacksmithing,"Early Modern doors, locks and gates hardware catalogue; culture admission Joseon Korea; availability Early Modern. It does not imply a custom matched-key or hidden-lock system."
earlymodern_door_jos_escutcheon_338,Early Modern,Early Modern,"Doors, locks & gates",lock and hardware,Joseon Korea,escutcheon,a cloud brass keyhole escutcheon,brass,Small,Good,1350,119,Era / Early Modern Era; Functions / Household Items / Household Wares; Market / Household Goods / Standard Wares,Holdable; Destroyable_HeavyMetal; Latch_Normal,Locksmithing,Blacksmithing,"Early Modern doors, locks and gates hardware catalogue; culture admission Joseon Korea; availability Early Modern. It does not imply a custom matched-key or hidden-lock system."
earlymodern_door_jos_warded_lock_339,Early Modern,Early Modern,"Doors, locks & gates",lock and hardware,Joseon Korea,lock,a shell copper warded lock,copper,Small,Good,1435,127,Era / Early Modern Era; Functions / Household Items / Household Wares; Market / Household Goods / Standard Wares,Holdable; Destroyable_HeavyMetal; Warded_Lock_Normal,Locksmithing,Blacksmithing,"Early Modern doors, locks and gates hardware catalogue; culture admission Joseon Korea; availability Early Modern. It does not imply a custom matched-key or hidden-lock system."
earlymodern_door_jos_good_warded_lock_340,Early Modern,Early Modern,"Doors, locks & gates",lock and hardware,Joseon Korea,lock,a reed pewter fine warded lock,pewter,Small,Standard,1520,135,Era / Early Modern Era; Functions / Household Items / Household Wares; Market / Household Goods / Standard Wares,Holdable; Destroyable_HeavyMetal; Warded_Lock_Good,Locksmithing,Blacksmithing,"Early Modern doors, locks and gates hardware catalogue; culture admission Joseon Korea; availability Early Modern. It does not imply a custom matched-key or hidden-lock system."
earlymodern_door_jos_master_warded_lock_341,Early Modern,Early Modern,"Doors, locks & gates",lock and hardware,Joseon Korea,lock,a rosette wrought iron master warded lock,wrought iron,Small,VeryGood,160,143,Era / Early Modern Era; Functions / Household Items / Household Wares; Market / Household Goods / Standard Wares,Holdable; Destroyable_HeavyMetal; Warded_Lock_Master,Locksmithing,Blacksmithing,"Early Modern doors, locks and gates hardware catalogue; culture admission Joseon Korea; availability Early Modern. It does not imply a custom matched-key or hidden-lock system."
earlymodern_door_jos_warded_key_342,Early Modern,Early Modern,"Doors, locks & gates",lock and hardware,Joseon Korea,key,a checker bronze warded key,bronze,Small,Good,245,151,Era / Early Modern Era; Functions / Household Items / Household Wares; Market / Household Goods / Standard Wares,Holdable; Destroyable_HeavyMetal; Warded_Key,Locksmithing,Blacksmithing,"Early Modern doors, locks and gates hardware catalogue; culture admission Joseon Korea; availability Early Modern. It does not imply a custom matched-key or hidden-lock system."
earlymodern_door_edo_panel_door_343,Early Modern,Early Modern,"Doors, locks & gates",door or gate,Edo Japan,door,a star pine door leaf,pine,Large,Standard,24000,265,Era / Early Modern Era; Functions / Household Items / Household Construction Materials; Market / Construction Materials / Worked Timber,Holdable; Destroyable_Door; Door_Normal_Large,Carpentry and joinery,Carpentry,"Early Modern doors, locks and gates catalogue; culture admission Edo Japan; availability Early Modern. Door behaviour is limited to the attached supported component profile."
earlymodern_door_edo_braced_door_344,Early Modern,Early Modern,"Doors, locks & gates",door or gate,Edo Japan,door,a vine cedar braced door,cedar,Large,Poor,25800,276,Era / Early Modern Era; Functions / Household Items / Household Construction Materials; Market / Construction Materials / Worked Timber,Holdable; Destroyable_Door; Door_Tough_Large,Carpentry and joinery,Carpentry,"Early Modern doors, locks and gates catalogue; culture admission Edo Japan; availability Early Modern. Door behaviour is limited to the attached supported component profile."
earlymodern_door_edo_lockable_door_345,Early Modern,Early Modern,"Doors, locks & gates",door or gate,Edo Japan,door,a cloud teak lockable door,teak,Large,Standard,27600,287,Era / Early Modern Era; Functions / Household Items / Household Construction Materials; Market / Construction Materials / Worked Timber,Holdable; Destroyable_Door; Door_Lockable_Normal_Large,Carpentry and joinery,Carpentry,"Early Modern doors, locks and gates catalogue; culture admission Edo Japan; availability Early Modern. Door behaviour is limited to the attached supported component profile."
earlymodern_door_edo_secure_door_346,Early Modern,Early Modern,"Doors, locks & gates",door or gate,Edo Japan,door,a reed wood secure door,wood,Large,Good,29400,45,Era / Early Modern Era; Functions / Household Items / Household Construction Materials; Market / Construction Materials / Worked Timber,Holdable; Destroyable_Door; Door_Lockable_Secure_Large,Carpentry and joinery,Carpentry,"Early Modern doors, locks and gates catalogue; culture admission Edo Japan; availability Early Modern. Door behaviour is limited to the attached supported component profile."
earlymodern_door_edo_shutter_347,Early Modern,Early Modern,"Doors, locks & gates",door or gate,Edo Japan,shutter,a checker oak shuttered opening,oak,Large,Good,31200,56,Era / Early Modern Era; Functions / Household Items / Household Construction Materials; Market / Construction Materials / Worked Timber,Holdable; Destroyable_Door; Door_Bad_Large,Carpentry and joinery,Carpentry,"Early Modern doors, locks and gates catalogue; culture admission Edo Japan; availability Early Modern. Door behaviour is limited to the attached supported component profile."
earlymodern_door_edo_screen_348,Early Modern,Early Modern,"Doors, locks & gates",door or gate,Edo Japan,screen,a radiating bamboo screen door,bamboo,Large,Standard,33000,67,Era / Early Modern Era; Functions / Household Items / Household Construction Materials; Market / Construction Materials / Worked Timber,Holdable; Destroyable_Door; Door_Bad_Large,Carpentry and joinery,Carpentry,"Early Modern doors, locks and gates catalogue; culture admission Edo Japan; availability Early Modern. Door behaviour is limited to the attached supported component profile."
earlymodern_door_edo_lattice_gate_349,Early Modern,Early Modern,"Doors, locks & gates",door or gate,Edo Japan,gate,a sunburst teak lattice gate,teak,VeryLarge,VeryGood,34800,78,Era / Early Modern Era; Functions / Household Items / Household Construction Materials; Market / Construction Materials / Worked Timber,Holdable; Destroyable_Door; Door_Normal_Large,Carpentry and joinery,Carpentry,"Early Modern doors, locks and gates catalogue; culture admission Edo Japan; availability Early Modern. Door behaviour is limited to the attached supported component profile."
earlymodern_door_edo_courtyard_gate_350,Early Modern,Early Modern,"Doors, locks & gates",door or gate,Edo Japan,gate,a knotted wrought iron courtyard gate,wrought iron,VeryLarge,Good,36600,89,Era / Early Modern Era; Functions / Household Items / Household Construction Materials; Market / Household Goods / Standard Wares,Holdable; Destroyable_Door; Door_Lockable_Normal_Large,Carpentry and joinery,Carpentry,"Early Modern doors, locks and gates catalogue; culture admission Edo Japan; availability Early Modern. Door behaviour is limited to the attached supported component profile."
earlymodern_door_edo_warehouse_gate_351,Early Modern,Early Modern,"Doors, locks & gates",door or gate,Edo Japan,gate,a star bronze warehouse gate,bronze,VeryLarge,Standard,38400,100,Era / Early Modern Era; Functions / Household Items / Household Construction Materials; Market / Household Goods / Standard Wares,Holdable; Destroyable_Door; Door_Lockable_Tough_Large,Carpentry and joinery,Carpentry,"Early Modern doors, locks and gates catalogue; culture admission Edo Japan; availability Early Modern. Door behaviour is limited to the attached supported component profile."
earlymodern_door_edo_garden_gate_352,Early Modern,Early Modern,"Doors, locks & gates",door or gate,Edo Japan,gate,a vine oak garden gate,oak,VeryLarge,Poor,40200,111,Era / Early Modern Era; Functions / Household Items / Household Construction Materials; Market / Construction Materials / Worked Timber,Holdable; Destroyable_Door; Door_Normal_Large,Carpentry and joinery,Carpentry,"Early Modern doors, locks and gates catalogue; culture admission Edo Japan; availability Early Modern. Door behaviour is limited to the attached supported component profile."
earlymodern_door_edo_grille_353,Early Modern,Early Modern,"Doors, locks & gates",door or gate,Edo Japan,grille,a cloud bronze metal grille,bronze,Large,Standard,42000,122,Era / Early Modern Era; Functions / Household Items / Household Construction Materials; Market / Household Goods / Standard Wares,Holdable; Destroyable_Door; Door_Secure_Large,Carpentry and joinery,Carpentry,"Early Modern doors, locks and gates catalogue; culture admission Edo Japan; availability Early Modern. Door behaviour is limited to the attached supported component profile."
earlymodern_door_edo_strike_plate_354,Early Modern,Early Modern,"Doors, locks & gates",lock and hardware,Edo Japan,strike plate,a knotted copper strike plate,copper,Small,Good,1265,95,Era / Early Modern Era; Functions / Household Items / Household Wares; Market / Household Goods / Standard Wares,Holdable; Destroyable_HeavyMetal; Latch_Normal,Locksmithing,Blacksmithing,"Early Modern doors, locks and gates hardware catalogue; culture admission Edo Japan; availability Early Modern. It does not imply a custom matched-key or hidden-lock system."
earlymodern_door_edo_hinge_pair_355,Early Modern,Early Modern,"Doors, locks & gates",lock and hardware,Edo Japan,hinges,a flower-head pewter hinge pair,pewter,Small,Good,1350,103,Era / Early Modern Era; Functions / Household Items / Household Wares; Market / Household Goods / Standard Wares,Holdable; Destroyable_HeavyMetal; Latch_Normal,Locksmithing,Blacksmithing,"Early Modern doors, locks and gates hardware catalogue; culture admission Edo Japan; availability Early Modern. It does not imply a custom matched-key or hidden-lock system."
earlymodern_door_edo_keyring_356,Early Modern,Early Modern,"Doors, locks & gates",lock and hardware,Edo Japan,keyring,a star wrought iron keyring,wrought iron,Small,Standard,1435,111,Era / Early Modern Era; Functions / Household Items / Household Wares; Market / Household Goods / Standard Wares,Holdable; Destroyable_HeavyMetal; Warded_Key,Locksmithing,Blacksmithing,"Early Modern doors, locks and gates hardware catalogue; culture admission Edo Japan; availability Early Modern. It does not imply a custom matched-key or hidden-lock system."
earlymodern_door_edo_escutcheon_357,Early Modern,Early Modern,"Doors, locks & gates",lock and hardware,Edo Japan,escutcheon,a bird bronze keyhole escutcheon,bronze,Small,VeryGood,1520,119,Era / Early Modern Era; Functions / Household Items / Household Wares; Market / Household Goods / Standard Wares,Holdable; Destroyable_HeavyMetal; Latch_Normal,Locksmithing,Blacksmithing,"Early Modern doors, locks and gates hardware catalogue; culture admission Edo Japan; availability Early Modern. It does not imply a custom matched-key or hidden-lock system."
earlymodern_door_edo_warded_lock_358,Early Modern,Early Modern,"Doors, locks & gates",lock and hardware,Edo Japan,lock,a vine brass warded lock,brass,Small,Good,160,127,Era / Early Modern Era; Functions / Household Items / Household Wares; Market / Household Goods / Standard Wares,Holdable; Destroyable_HeavyMetal; Warded_Lock_Normal,Locksmithing,Blacksmithing,"Early Modern doors, locks and gates hardware catalogue; culture admission Edo Japan; availability Early Modern. It does not imply a custom matched-key or hidden-lock system."
earlymodern_door_edo_good_warded_lock_359,Early Modern,Early Modern,"Doors, locks & gates",lock and hardware,Edo Japan,lock,a geometric copper fine warded lock,copper,Small,Standard,245,135,Era / Early Modern Era; Functions / Household Items / Household Wares; Market / Household Goods / Standard Wares,Holdable; Destroyable_HeavyMetal; Warded_Lock_Good,Locksmithing,Blacksmithing,"Early Modern doors, locks and gates hardware catalogue; culture admission Edo Japan; availability Early Modern. It does not imply a custom matched-key or hidden-lock system."
earlymodern_door_edo_master_warded_lock_360,Early Modern,Early Modern,"Doors, locks & gates",lock and hardware,Edo Japan,lock,a cloud pewter master warded lock,pewter,Small,Poor,330,143,Era / Early Modern Era; Functions / Household Items / Household Wares; Market / Household Goods / Standard Wares,Holdable; Destroyable_HeavyMetal; Warded_Lock_Master,Locksmithing,Blacksmithing,"Early Modern doors, locks and gates hardware catalogue; culture admission Edo Japan; availability Early Modern. It does not imply a custom matched-key or hidden-lock system."
earlymodern_door_edo_warded_key_361,Early Modern,Early Modern,"Doors, locks & gates",lock and hardware,Edo Japan,key,a shell wrought iron warded key,wrought iron,Small,Standard,415,151,Era / Early Modern Era; Functions / Household Items / Household Wares; Market / Household Goods / Standard Wares,Holdable; Destroyable_HeavyMetal; Warded_Key,Locksmithing,Blacksmithing,"Early Modern doors, locks and gates hardware catalogue; culture admission Edo Japan; availability Early Modern. It does not imply a custom matched-key or hidden-lock system."
earlymodern_door_ryu_panel_door_362,Early Modern,Early Modern,"Doors, locks & gates",door or gate,Ryukyu maritime East Asia,door,a reed pine door leaf,pine,Large,Good,24000,221,Era / Early Modern Era; Functions / Household Items / Household Construction Materials; Market / Construction Materials / Worked Timber,Holdable; Destroyable_Door; Door_Normal_Large,Carpentry and joinery,Carpentry,"Early Modern doors, locks and gates catalogue; culture admission Ryukyu maritime East Asia; availability Early Modern. Door behaviour is limited to the attached supported component profile."
earlymodern_door_ryu_braced_door_363,Early Modern,Early Modern,"Doors, locks & gates",door or gate,Ryukyu maritime East Asia,door,a checker cedar braced door,cedar,Large,Good,25800,232,Era / Early Modern Era; Functions / Household Items / Household Construction Materials; Market / Construction Materials / Worked Timber,Holdable; Destroyable_Door; Door_Tough_Large,Carpentry and joinery,Carpentry,"Early Modern doors, locks and gates catalogue; culture admission Ryukyu maritime East Asia; availability Early Modern. Door behaviour is limited to the attached supported component profile."
earlymodern_door_ryu_lockable_door_364,Early Modern,Early Modern,"Doors, locks & gates",door or gate,Ryukyu maritime East Asia,door,a radiating teak lockable door,teak,Large,Standard,27600,243,Era / Early Modern Era; Functions / Household Items / Household Construction Materials; Market / Construction Materials / Worked Timber,Holdable; Destroyable_Door; Door_Lockable_Normal_Large,Carpentry and joinery,Carpentry,"Early Modern doors, locks and gates catalogue; culture admission Ryukyu maritime East Asia; availability Early Modern. Door behaviour is limited to the attached supported component profile."
earlymodern_door_ryu_secure_door_365,Early Modern,Early Modern,"Doors, locks & gates",door or gate,Ryukyu maritime East Asia,door,a sunburst wood secure door,wood,Large,VeryGood,29400,254,Era / Early Modern Era; Functions / Household Items / Household Construction Materials; Market / Construction Materials / Worked Timber,Holdable; Destroyable_Door; Door_Lockable_Secure_Large,Carpentry and joinery,Carpentry,"Early Modern doors, locks and gates catalogue; culture admission Ryukyu maritime East Asia; availability Early Modern. Door behaviour is limited to the attached supported component profile."
earlymodern_door_ryu_shutter_366,Early Modern,Early Modern,"Doors, locks & gates",door or gate,Ryukyu maritime East Asia,shutter,a knotted oak shuttered opening,oak,Large,Good,31200,265,Era / Early Modern Era; Functions / Household Items / Household Construction Materials; Market / Construction Materials / Worked Timber,Holdable; Destroyable_Door; Door_Bad_Large,Carpentry and joinery,Carpentry,"Early Modern doors, locks and gates catalogue; culture admission Ryukyu maritime East Asia; availability Early Modern. Door behaviour is limited to the attached supported component profile."
earlymodern_door_ryu_screen_367,Early Modern,Early Modern,"Doors, locks & gates",door or gate,Ryukyu maritime East Asia,screen,a star wood screen door,wood,Large,Standard,33000,276,Era / Early Modern Era; Functions / Household Items / Household Construction Materials; Market / Construction Materials / Worked Timber,Holdable; Destroyable_Door; Door_Bad_Large,Carpentry and joinery,Carpentry,"Early Modern doors, locks and gates catalogue; culture admission Ryukyu maritime East Asia; availability Early Modern. Door behaviour is limited to the attached supported component profile."
earlymodern_door_ryu_lattice_gate_368,Early Modern,Early Modern,"Doors, locks & gates",door or gate,Ryukyu maritime East Asia,gate,a vine teak lattice gate,teak,VeryLarge,Poor,34800,287,Era / Early Modern Era; Functions / Household Items / Household Construction Materials; Market / Construction Materials / Worked Timber,Holdable; Destroyable_Door; Door_Normal_Large,Carpentry and joinery,Carpentry,"Early Modern doors, locks and gates catalogue; culture admission Ryukyu maritime East Asia; availability Early Modern. Door behaviour is limited to the attached supported component profile."
earlymodern_door_ryu_courtyard_gate_369,Early Modern,Early Modern,"Doors, locks & gates",door or gate,Ryukyu maritime East Asia,gate,a cloud wrought iron courtyard gate,wrought iron,VeryLarge,Standard,36600,45,Era / Early Modern Era; Functions / Household Items / Household Construction Materials; Market / Household Goods / Standard Wares,Holdable; Destroyable_Door; Door_Lockable_Normal_Large,Carpentry and joinery,Carpentry,"Early Modern doors, locks and gates catalogue; culture admission Ryukyu maritime East Asia; availability Early Modern. Door behaviour is limited to the attached supported component profile."
earlymodern_door_ryu_warehouse_gate_370,Early Modern,Early Modern,"Doors, locks & gates",door or gate,Ryukyu maritime East Asia,gate,a reed bronze warehouse gate,bronze,VeryLarge,Good,38400,56,Era / Early Modern Era; Functions / Household Items / Household Construction Materials; Market / Household Goods / Standard Wares,Holdable; Destroyable_Door; Door_Lockable_Tough_Large,Carpentry and joinery,Carpentry,"Early Modern doors, locks and gates catalogue; culture admission Ryukyu maritime East Asia; availability Early Modern. Door behaviour is limited to the attached supported component profile."
earlymodern_door_ryu_garden_gate_371,Early Modern,Early Modern,"Doors, locks & gates",door or gate,Ryukyu maritime East Asia,gate,a checker oak garden gate,oak,VeryLarge,Good,40200,67,Era / Early Modern Era; Functions / Household Items / Household Construction Materials; Market / Construction Materials / Worked Timber,Holdable; Destroyable_Door; Door_Normal_Large,Carpentry and joinery,Carpentry,"Early Modern doors, locks and gates catalogue; culture admission Ryukyu maritime East Asia; availability Early Modern. Door behaviour is limited to the attached supported component profile."
earlymodern_door_ryu_grille_372,Early Modern,Early Modern,"Doors, locks & gates",door or gate,Ryukyu maritime East Asia,grille,a radiating wrought iron metal grille,wrought iron,Large,Standard,42000,78,Era / Early Modern Era; Functions / Household Items / Household Construction Materials; Market / Household Goods / Standard Wares,Holdable; Destroyable_Door; Door_Secure_Large,Carpentry and joinery,Carpentry,"Early Modern doors, locks and gates catalogue; culture admission Ryukyu maritime East Asia; availability Early Modern. Door behaviour is limited to the attached supported component profile."
earlymodern_door_ryu_strike_plate_373,Early Modern,Early Modern,"Doors, locks & gates",lock and hardware,Ryukyu maritime East Asia,strike plate,a bird brass strike plate,brass,Small,VeryGood,1435,95,Era / Early Modern Era; Functions / Household Items / Household Wares; Market / Household Goods / Standard Wares,Holdable; Destroyable_HeavyMetal; Latch_Normal,Locksmithing,Blacksmithing,"Early Modern doors, locks and gates hardware catalogue; culture admission Ryukyu maritime East Asia; availability Early Modern. It does not imply a custom matched-key or hidden-lock system."
earlymodern_door_ryu_hinge_pair_374,Early Modern,Early Modern,"Doors, locks & gates",lock and hardware,Ryukyu maritime East Asia,hinges,a vine copper hinge pair,copper,Small,Good,1520,103,Era / Early Modern Era; Functions / Household Items / Household Wares; Market / Household Goods / Standard Wares,Holdable; Destroyable_HeavyMetal; Latch_Normal,Locksmithing,Blacksmithing,"Early Modern doors, locks and gates hardware catalogue; culture admission Ryukyu maritime East Asia; availability Early Modern. It does not imply a custom matched-key or hidden-lock system."
earlymodern_door_ryu_keyring_375,Early Modern,Early Modern,"Doors, locks & gates",lock and hardware,Ryukyu maritime East Asia,keyring,a geometric pewter keyring,pewter,Small,Standard,160,111,Era / Early Modern Era; Functions / Household Items / Household Wares; Market / Household Goods / Standard Wares,Holdable; Destroyable_HeavyMetal; Warded_Key,Locksmithing,Blacksmithing,"Early Modern doors, locks and gates hardware catalogue; culture admission Ryukyu maritime East Asia; availability Early Modern. It does not imply a custom matched-key or hidden-lock system."
earlymodern_door_ryu_escutcheon_376,Early Modern,Early Modern,"Doors, locks & gates",lock and hardware,Ryukyu maritime East Asia,escutcheon,a cloud wrought iron keyhole escutcheon,wrought iron,Small,Poor,245,119,Era / Early Modern Era; Functions / Household Items / Household Wares; Market / Household Goods / Standard Wares,Holdable; Destroyable_HeavyMetal; Latch_Normal,Locksmithing,Blacksmithing,"Early Modern doors, locks and gates hardware catalogue; culture admission Ryukyu maritime East Asia; availability Early Modern. It does not imply a custom matched-key or hidden-lock system."
earlymodern_door_ryu_warded_lock_377,Early Modern,Early Modern,"Doors, locks & gates",lock and hardware,Ryukyu maritime East Asia,lock,a shell bronze warded lock,bronze,Small,Standard,330,127,Era / Early Modern Era; Functions / Household Items / Household Wares; Market / Household Goods / Standard Wares,Holdable; Destroyable_HeavyMetal; Warded_Lock_Normal,Locksmithing,Blacksmithing,"Early Modern doors, locks and gates hardware catalogue; culture admission Ryukyu maritime East Asia; availability Early Modern. It does not imply a custom matched-key or hidden-lock system."
earlymodern_door_ryu_good_warded_lock_378,Early Modern,Early Modern,"Doors, locks & gates",lock and hardware,Ryukyu maritime East Asia,lock,a reed brass fine warded lock,brass,Small,Good,415,135,Era / Early Modern Era; Functions / Household Items / Household Wares; Market / Household Goods / Standard Wares,Holdable; Destroyable_HeavyMetal; Warded_Lock_Good,Locksmithing,Blacksmithing,"Early Modern doors, locks and gates hardware catalogue; culture admission Ryukyu maritime East Asia; availability Early Modern. It does not imply a custom matched-key or hidden-lock system."
earlymodern_door_ryu_master_warded_lock_379,Early Modern,Early Modern,"Doors, locks & gates",lock and hardware,Ryukyu maritime East Asia,lock,a rosette copper master warded lock,copper,Small,Good,500,143,Era / Early Modern Era; Functions / Household Items / Household Wares; Market / Household Goods / Standard Wares,Holdable; Destroyable_HeavyMetal; Warded_Lock_Master,Locksmithing,Blacksmithing,"Early Modern doors, locks and gates hardware catalogue; culture admission Ryukyu maritime East Asia; availability Early Modern. It does not imply a custom matched-key or hidden-lock system."
earlymodern_door_ryu_warded_key_380,Early Modern,Early Modern,"Doors, locks & gates",lock and hardware,Ryukyu maritime East Asia,key,a checker pewter warded key,pewter,Small,Standard,585,151,Era / Early Modern Era; Functions / Household Items / Household Wares; Market / Household Goods / Standard Wares,Holdable; Destroyable_HeavyMetal; Warded_Key,Locksmithing,Blacksmithing,"Early Modern doors, locks and gates hardware catalogue; culture admission Ryukyu maritime East Asia; availability Early Modern. It does not imply a custom matched-key or hidden-lock system."
earlymodern_door_sea_panel_door_381,Early Modern,Early Modern,"Doors, locks & gates",door or gate,Mainland South-east Asian courts,door,a geometric cedar door leaf,cedar,Large,VeryGood,24000,177,Era / Early Modern Era; Functions / Household Items / Household Construction Materials; Market / Construction Materials / Worked Timber,Holdable; Destroyable_Door; Door_Normal_Large,Carpentry and joinery,Carpentry,"Early Modern doors, locks and gates catalogue; culture admission Mainland South-east Asian courts; availability Early Modern. Door behaviour is limited to the attached supported component profile."
earlymodern_door_sea_braced_door_382,Early Modern,Early Modern,"Doors, locks & gates",door or gate,Mainland South-east Asian courts,door,a shell teak braced door,teak,Large,Good,25800,188,Era / Early Modern Era; Functions / Household Items / Household Construction Materials; Market / Construction Materials / Worked Timber,Holdable; Destroyable_Door; Door_Tough_Large,Carpentry and joinery,Carpentry,"Early Modern doors, locks and gates catalogue; culture admission Mainland South-east Asian courts; availability Early Modern. Door behaviour is limited to the attached supported component profile."
earlymodern_door_sea_lockable_door_383,Early Modern,Early Modern,"Doors, locks & gates",door or gate,Mainland South-east Asian courts,door,a rosette wood lockable door,wood,Large,Standard,27600,199,Era / Early Modern Era; Functions / Household Items / Household Construction Materials; Market / Construction Materials / Worked Timber,Holdable; Destroyable_Door; Door_Lockable_Normal_Large,Carpentry and joinery,Carpentry,"Early Modern doors, locks and gates catalogue; culture admission Mainland South-east Asian courts; availability Early Modern. Door behaviour is limited to the attached supported component profile."
earlymodern_door_sea_secure_door_384,Early Modern,Early Modern,"Doors, locks & gates",door or gate,Mainland South-east Asian courts,door,a braided oak secure door,oak,Large,Poor,29400,210,Era / Early Modern Era; Functions / Household Items / Household Construction Materials; Market / Construction Materials / Worked Timber,Holdable; Destroyable_Door; Door_Lockable_Secure_Large,Carpentry and joinery,Carpentry,"Early Modern doors, locks and gates catalogue; culture admission Mainland South-east Asian courts; availability Early Modern. Door behaviour is limited to the attached supported component profile."
earlymodern_door_sea_shutter_385,Early Modern,Early Modern,"Doors, locks & gates",door or gate,Mainland South-east Asian courts,shutter,a leaf-scroll pine shuttered opening,pine,Large,Standard,31200,221,Era / Early Modern Era; Functions / Household Items / Household Construction Materials; Market / Construction Materials / Worked Timber,Holdable; Destroyable_Door; Door_Bad_Large,Carpentry and joinery,Carpentry,"Early Modern doors, locks and gates catalogue; culture admission Mainland South-east Asian courts; availability Early Modern. Door behaviour is limited to the attached supported component profile."
earlymodern_door_sea_screen_386,Early Modern,Early Modern,"Doors, locks & gates",door or gate,Mainland South-east Asian courts,screen,a water-wave teak screen door,teak,Large,Good,33000,232,Era / Early Modern Era; Functions / Household Items / Household Construction Materials; Market / Construction Materials / Worked Timber,Holdable; Destroyable_Door; Door_Bad_Large,Carpentry and joinery,Carpentry,"Early Modern doors, locks and gates catalogue; culture admission Mainland South-east Asian courts; availability Early Modern. Door behaviour is limited to the attached supported component profile."
earlymodern_door_sea_lattice_gate_387,Early Modern,Early Modern,"Doors, locks & gates",door or gate,Mainland South-east Asian courts,gate,a flower-head wrought iron lattice gate,wrought iron,VeryLarge,Good,34800,243,Era / Early Modern Era; Functions / Household Items / Household Construction Materials; Market / Household Goods / Standard Wares,Holdable; Destroyable_Door; Door_Normal_Large,Carpentry and joinery,Carpentry,"Early Modern doors, locks and gates catalogue; culture admission Mainland South-east Asian courts; availability Early Modern. Door behaviour is limited to the attached supported component profile."
earlymodern_door_sea_courtyard_gate_388,Early Modern,Early Modern,"Doors, locks & gates",door or gate,Mainland South-east Asian courts,gate,a bird bronze courtyard gate,bronze,VeryLarge,Standard,36600,254,Era / Early Modern Era; Functions / Household Items / Household Construction Materials; Market / Household Goods / Standard Wares,Holdable; Destroyable_Door; Door_Lockable_Normal_Large,Carpentry and joinery,Carpentry,"Early Modern doors, locks and gates catalogue; culture admission Mainland South-east Asian courts; availability Early Modern. Door behaviour is limited to the attached supported component profile."
earlymodern_door_sea_warehouse_gate_389,Early Modern,Early Modern,"Doors, locks & gates",door or gate,Mainland South-east Asian courts,gate,a geometric oak warehouse gate,oak,VeryLarge,VeryGood,38400,265,Era / Early Modern Era; Functions / Household Items / Household Construction Materials; Market / Construction Materials / Worked Timber,Holdable; Destroyable_Door; Door_Lockable_Tough_Large,Carpentry and joinery,Carpentry,"Early Modern doors, locks and gates catalogue; culture admission Mainland South-east Asian courts; availability Early Modern. Door behaviour is limited to the attached supported component profile."
earlymodern_door_sea_garden_gate_390,Early Modern,Early Modern,"Doors, locks & gates",door or gate,Mainland South-east Asian courts,gate,a shell cedar garden gate,cedar,VeryLarge,Good,40200,276,Era / Early Modern Era; Functions / Household Items / Household Construction Materials; Market / Construction Materials / Worked Timber,Holdable; Destroyable_Door; Door_Normal_Large,Carpentry and joinery,Carpentry,"Early Modern doors, locks and gates catalogue; culture admission Mainland South-east Asian courts; availability Early Modern. Door behaviour is limited to the attached supported component profile."
earlymodern_door_sea_grille_391,Early Modern,Early Modern,"Doors, locks & gates",door or gate,Mainland South-east Asian courts,grille,a rosette brass metal grille,brass,Large,Standard,42000,287,Era / Early Modern Era; Functions / Household Items / Household Construction Materials; Market / Household Goods / Standard Wares,Holdable; Destroyable_Door; Door_Secure_Large,Carpentry and joinery,Carpentry,"Early Modern doors, locks and gates catalogue; culture admission Mainland South-east Asian courts; availability Early Modern. Door behaviour is limited to the attached supported component profile."
earlymodern_door_sea_strike_plate_392,Early Modern,Early Modern,"Doors, locks & gates",lock and hardware,Mainland South-east Asian courts,strike plate,a vine bronze strike plate,bronze,Small,Poor,160,95,Era / Early Modern Era; Functions / Household Items / Household Wares; Market / Household Goods / Standard Wares,Holdable; Destroyable_HeavyMetal; Latch_Normal,Locksmithing,Blacksmithing,"Early Modern doors, locks and gates hardware catalogue; culture admission Mainland South-east Asian courts; availability Early Modern. It does not imply a custom matched-key or hidden-lock system."
earlymodern_door_sea_hinge_pair_393,Early Modern,Early Modern,"Doors, locks & gates",lock and hardware,Mainland South-east Asian courts,hinges,a geometric brass hinge pair,brass,Small,Standard,245,103,Era / Early Modern Era; Functions / Household Items / Household Wares; Market / Household Goods / Standard Wares,Holdable; Destroyable_HeavyMetal; Latch_Normal,Locksmithing,Blacksmithing,"Early Modern doors, locks and gates hardware catalogue; culture admission Mainland South-east Asian courts; availability Early Modern. It does not imply a custom matched-key or hidden-lock system."
earlymodern_door_sea_keyring_394,Early Modern,Early Modern,"Doors, locks & gates",lock and hardware,Mainland South-east Asian courts,keyring,a cloud copper keyring,copper,Small,Good,330,111,Era / Early Modern Era; Functions / Household Items / Household Wares; Market / Household Goods / Standard Wares,Holdable; Destroyable_HeavyMetal; Warded_Key,Locksmithing,Blacksmithing,"Early Modern doors, locks and gates hardware catalogue; culture admission Mainland South-east Asian courts; availability Early Modern. It does not imply a custom matched-key or hidden-lock system."
earlymodern_door_sea_escutcheon_395,Early Modern,Early Modern,"Doors, locks & gates",lock and hardware,Mainland South-east Asian courts,escutcheon,a shell pewter keyhole escutcheon,pewter,Small,Good,415,119,Era / Early Modern Era; Functions / Household Items / Household Wares; Market / Household Goods / Standard Wares,Holdable; Destroyable_HeavyMetal; Latch_Normal,Locksmithing,Blacksmithing,"Early Modern doors, locks and gates hardware catalogue; culture admission Mainland South-east Asian courts; availability Early Modern. It does not imply a custom matched-key or hidden-lock system."
earlymodern_door_sea_warded_lock_396,Early Modern,Early Modern,"Doors, locks & gates",lock and hardware,Mainland South-east Asian courts,lock,a reed wrought iron warded lock,wrought iron,Small,Standard,500,127,Era / Early Modern Era; Functions / Household Items / Household Wares; Market / Household Goods / Standard Wares,Holdable; Destroyable_HeavyMetal; Warded_Lock_Normal,Locksmithing,Blacksmithing,"Early Modern doors, locks and gates hardware catalogue; culture admission Mainland South-east Asian courts; availability Early Modern. It does not imply a custom matched-key or hidden-lock system."
earlymodern_door_sea_good_warded_lock_397,Early Modern,Early Modern,"Doors, locks & gates",lock and hardware,Mainland South-east Asian courts,lock,a rosette bronze fine warded lock,bronze,Small,VeryGood,585,135,Era / Early Modern Era; Functions / Household Items / Household Wares; Market / Household Goods / Standard Wares,Holdable; Destroyable_HeavyMetal; Warded_Lock_Good,Locksmithing,Blacksmithing,"Early Modern doors, locks and gates hardware catalogue; culture admission Mainland South-east Asian courts; availability Early Modern. It does not imply a custom matched-key or hidden-lock system."
earlymodern_door_sea_master_warded_lock_398,Early Modern,Early Modern,"Doors, locks & gates",lock and hardware,Mainland South-east Asian courts,lock,a checker brass master warded lock,brass,Small,Good,670,143,Era / Early Modern Era; Functions / Household Items / Household Wares; Market / Household Goods / Standard Wares,Holdable; Destroyable_HeavyMetal; Warded_Lock_Master,Locksmithing,Blacksmithing,"Early Modern doors, locks and gates hardware catalogue; culture admission Mainland South-east Asian courts; availability Early Modern. It does not imply a custom matched-key or hidden-lock system."
earlymodern_door_sea_warded_key_399,Early Modern,Early Modern,"Doors, locks & gates",lock and hardware,Mainland South-east Asian courts,key,a braided copper warded key,copper,Small,Standard,755,151,Era / Early Modern Era; Functions / Household Items / Household Wares; Market / Household Goods / Standard Wares,Holdable; Destroyable_HeavyMetal; Warded_Key,Locksmithing,Blacksmithing,"Early Modern doors, locks and gates hardware catalogue; culture admission Mainland South-east Asian courts; availability Early Modern. It does not imply a custom matched-key or hidden-lock system."
earlymodern_door_msea_panel_door_400,Early Modern,Early Modern,"Doors, locks & gates",door or gate,Maritime South-east Asian trade worlds,door,a flower-head cedar door leaf,cedar,Large,Poor,24000,133,Era / Early Modern Era; Functions / Household Items / Household Construction Materials; Market / Construction Materials / Worked Timber,Holdable; Destroyable_Door; Door_Normal_Large,Carpentry and joinery,Carpentry,"Early Modern doors, locks and gates catalogue; culture admission Maritime South-east Asian trade worlds; availability Early Modern. Door behaviour is limited to the attached supported component profile."
earlymodern_door_msea_braced_door_401,Early Modern,Early Modern,"Doors, locks & gates",door or gate,Maritime South-east Asian trade worlds,door,a bird teak braced door,teak,Large,Standard,25800,144,Era / Early Modern Era; Functions / Household Items / Household Construction Materials; Market / Construction Materials / Worked Timber,Holdable; Destroyable_Door; Door_Tough_Large,Carpentry and joinery,Carpentry,"Early Modern doors, locks and gates catalogue; culture admission Maritime South-east Asian trade worlds; availability Early Modern. Door behaviour is limited to the attached supported component profile."
earlymodern_door_msea_lockable_door_402,Early Modern,Early Modern,"Doors, locks & gates",door or gate,Maritime South-east Asian trade worlds,door,a geometric wood lockable door,wood,Large,Good,27600,155,Era / Early Modern Era; Functions / Household Items / Household Construction Materials; Market / Construction Materials / Worked Timber,Holdable; Destroyable_Door; Door_Lockable_Normal_Large,Carpentry and joinery,Carpentry,"Early Modern doors, locks and gates catalogue; culture admission Maritime South-east Asian trade worlds; availability Early Modern. Door behaviour is limited to the attached supported component profile."
earlymodern_door_msea_secure_door_403,Early Modern,Early Modern,"Doors, locks & gates",door or gate,Maritime South-east Asian trade worlds,door,a shell oak secure door,oak,Large,Good,29400,166,Era / Early Modern Era; Functions / Household Items / Household Construction Materials; Market / Construction Materials / Worked Timber,Holdable; Destroyable_Door; Door_Lockable_Secure_Large,Carpentry and joinery,Carpentry,"Early Modern doors, locks and gates catalogue; culture admission Maritime South-east Asian trade worlds; availability Early Modern. Door behaviour is limited to the attached supported component profile."
earlymodern_door_msea_shutter_404,Early Modern,Early Modern,"Doors, locks & gates",door or gate,Maritime South-east Asian trade worlds,shutter,a rosette pine shuttered opening,pine,Large,Standard,31200,177,Era / Early Modern Era; Functions / Household Items / Household Construction Materials; Market / Construction Materials / Worked Timber,Holdable; Destroyable_Door; Door_Bad_Large,Carpentry and joinery,Carpentry,"Early Modern doors, locks and gates catalogue; culture admission Maritime South-east Asian trade worlds; availability Early Modern. Door behaviour is limited to the attached supported component profile."
earlymodern_door_msea_screen_405,Early Modern,Early Modern,"Doors, locks & gates",door or gate,Maritime South-east Asian trade worlds,screen,a braided cedar screen door,cedar,Large,VeryGood,33000,188,Era / Early Modern Era; Functions / Household Items / Household Construction Materials; Market / Construction Materials / Worked Timber,Holdable; Destroyable_Door; Door_Bad_Large,Carpentry and joinery,Carpentry,"Early Modern doors, locks and gates catalogue; culture admission Maritime South-east Asian trade worlds; availability Early Modern. Door behaviour is limited to the attached supported component profile."
earlymodern_door_msea_lattice_gate_406,Early Modern,Early Modern,"Doors, locks & gates",door or gate,Maritime South-east Asian trade worlds,gate,a leaf-scroll wrought iron lattice gate,wrought iron,VeryLarge,Good,34800,199,Era / Early Modern Era; Functions / Household Items / Household Construction Materials; Market / Household Goods / Standard Wares,Holdable; Destroyable_Door; Door_Normal_Large,Carpentry and joinery,Carpentry,"Early Modern doors, locks and gates catalogue; culture admission Maritime South-east Asian trade worlds; availability Early Modern. Door behaviour is limited to the attached supported component profile."
earlymodern_door_msea_courtyard_gate_407,Early Modern,Early Modern,"Doors, locks & gates",door or gate,Maritime South-east Asian trade worlds,gate,a water-wave bronze courtyard gate,bronze,VeryLarge,Standard,36600,210,Era / Early Modern Era; Functions / Household Items / Household Construction Materials; Market / Household Goods / Standard Wares,Holdable; Destroyable_Door; Door_Lockable_Normal_Large,Carpentry and joinery,Carpentry,"Early Modern doors, locks and gates catalogue; culture admission Maritime South-east Asian trade worlds; availability Early Modern. Door behaviour is limited to the attached supported component profile."
earlymodern_door_msea_warehouse_gate_408,Early Modern,Early Modern,"Doors, locks & gates",door or gate,Maritime South-east Asian trade worlds,gate,a flower-head oak warehouse gate,oak,VeryLarge,Poor,38400,221,Era / Early Modern Era; Functions / Household Items / Household Construction Materials; Market / Construction Materials / Worked Timber,Holdable; Destroyable_Door; Door_Lockable_Tough_Large,Carpentry and joinery,Carpentry,"Early Modern doors, locks and gates catalogue; culture admission Maritime South-east Asian trade worlds; availability Early Modern. Door behaviour is limited to the attached supported component profile."
earlymodern_door_msea_garden_gate_409,Early Modern,Early Modern,"Doors, locks & gates",door or gate,Maritime South-east Asian trade worlds,gate,a bird cedar garden gate,cedar,VeryLarge,Standard,40200,232,Era / Early Modern Era; Functions / Household Items / Household Construction Materials; Market / Construction Materials / Worked Timber,Holdable; Destroyable_Door; Door_Normal_Large,Carpentry and joinery,Carpentry,"Early Modern doors, locks and gates catalogue; culture admission Maritime South-east Asian trade worlds; availability Early Modern. Door behaviour is limited to the attached supported component profile."
earlymodern_door_msea_grille_410,Early Modern,Early Modern,"Doors, locks & gates",door or gate,Maritime South-east Asian trade worlds,grille,a geometric wrought iron metal grille,wrought iron,Large,Good,42000,243,Era / Early Modern Era; Functions / Household Items / Household Construction Materials; Market / Household Goods / Standard Wares,Holdable; Destroyable_Door; Door_Secure_Large,Carpentry and joinery,Carpentry,"Early Modern doors, locks and gates catalogue; culture admission Maritime South-east Asian trade worlds; availability Early Modern. Door behaviour is limited to the attached supported component profile."
earlymodern_door_msea_strike_plate_411,Early Modern,Early Modern,"Doors, locks & gates",lock and hardware,Maritime South-east Asian trade worlds,strike plate,a bird wrought iron strike plate,wrought iron,Small,Good,330,95,Era / Early Modern Era; Functions / Household Items / Household Wares; Market / Household Goods / Standard Wares,Holdable; Destroyable_HeavyMetal; Latch_Normal,Locksmithing,Blacksmithing,"Early Modern doors, locks and gates hardware catalogue; culture admission Maritime South-east Asian trade worlds; availability Early Modern. It does not imply a custom matched-key or hidden-lock system."
earlymodern_door_msea_hinge_pair_412,Early Modern,Early Modern,"Doors, locks & gates",lock and hardware,Maritime South-east Asian trade worlds,hinges,a vine bronze hinge pair,bronze,Small,Standard,415,103,Era / Early Modern Era; Functions / Household Items / Household Wares; Market / Household Goods / Standard Wares,Holdable; Destroyable_HeavyMetal; Latch_Normal,Locksmithing,Blacksmithing,"Early Modern doors, locks and gates hardware catalogue; culture admission Maritime South-east Asian trade worlds; availability Early Modern. It does not imply a custom matched-key or hidden-lock system."
earlymodern_door_msea_keyring_413,Early Modern,Early Modern,"Doors, locks & gates",lock and hardware,Maritime South-east Asian trade worlds,keyring,a geometric brass keyring,brass,Small,VeryGood,500,111,Era / Early Modern Era; Functions / Household Items / Household Wares; Market / Household Goods / Standard Wares,Holdable; Destroyable_HeavyMetal; Warded_Key,Locksmithing,Blacksmithing,"Early Modern doors, locks and gates hardware catalogue; culture admission Maritime South-east Asian trade worlds; availability Early Modern. It does not imply a custom matched-key or hidden-lock system."
earlymodern_door_msea_escutcheon_414,Early Modern,Early Modern,"Doors, locks & gates",lock and hardware,Maritime South-east Asian trade worlds,escutcheon,a cloud copper keyhole escutcheon,copper,Small,Good,585,119,Era / Early Modern Era; Functions / Household Items / Household Wares; Market / Household Goods / Standard Wares,Holdable; Destroyable_HeavyMetal; Latch_Normal,Locksmithing,Blacksmithing,"Early Modern doors, locks and gates hardware catalogue; culture admission Maritime South-east Asian trade worlds; availability Early Modern. It does not imply a custom matched-key or hidden-lock system."
earlymodern_door_msea_warded_lock_415,Early Modern,Early Modern,"Doors, locks & gates",lock and hardware,Maritime South-east Asian trade worlds,lock,a shell pewter warded lock,pewter,Small,Standard,670,127,Era / Early Modern Era; Functions / Household Items / Household Wares; Market / Household Goods / Standard Wares,Holdable; Destroyable_HeavyMetal; Warded_Lock_Normal,Locksmithing,Blacksmithing,"Early Modern doors, locks and gates hardware catalogue; culture admission Maritime South-east Asian trade worlds; availability Early Modern. It does not imply a custom matched-key or hidden-lock system."
earlymodern_door_msea_good_warded_lock_416,Early Modern,Early Modern,"Doors, locks & gates",lock and hardware,Maritime South-east Asian trade worlds,lock,a reed wrought iron fine warded lock,wrought iron,Small,Poor,755,135,Era / Early Modern Era; Functions / Household Items / Household Wares; Market / Household Goods / Standard Wares,Holdable; Destroyable_HeavyMetal; Warded_Lock_Good,Locksmithing,Blacksmithing,"Early Modern doors, locks and gates hardware catalogue; culture admission Maritime South-east Asian trade worlds; availability Early Modern. It does not imply a custom matched-key or hidden-lock system."
earlymodern_door_msea_master_warded_lock_417,Early Modern,Early Modern,"Doors, locks & gates",lock and hardware,Maritime South-east Asian trade worlds,lock,a rosette bronze master warded lock,bronze,Small,Standard,840,143,Era / Early Modern Era; Functions / Household Items / Household Wares; Market / Household Goods / Standard Wares,Holdable; Destroyable_HeavyMetal; Warded_Lock_Master,Locksmithing,Blacksmithing,"Early Modern doors, locks and gates hardware catalogue; culture admission Maritime South-east Asian trade worlds; availability Early Modern. It does not imply a custom matched-key or hidden-lock system."
earlymodern_door_msea_warded_key_418,Early Modern,Early Modern,"Doors, locks & gates",lock and hardware,Maritime South-east Asian trade worlds,key,a checker brass warded key,brass,Small,Good,925,151,Era / Early Modern Era; Functions / Household Items / Household Wares; Market / Household Goods / Standard Wares,Holdable; Destroyable_HeavyMetal; Warded_Key,Locksmithing,Blacksmithing,"Early Modern doors, locks and gates hardware catalogue; culture admission Maritime South-east Asian trade worlds; availability Early Modern. It does not imply a custom matched-key or hidden-lock system."
earlymodern_door_ias_panel_door_419,Early Modern,Early Modern,"Doors, locks & gates",door or gate,Inner Asian steppe frontier,door,a radiating oak door leaf,oak,Large,Good,24000,89,Era / Early Modern Era; Functions / Household Items / Household Construction Materials; Market / Construction Materials / Worked Timber,Holdable; Destroyable_Door; Door_Normal_Large,Carpentry and joinery,Carpentry,"Early Modern doors, locks and gates catalogue; culture admission Inner Asian steppe frontier; availability Early Modern. Door behaviour is limited to the attached supported component profile."
earlymodern_door_ias_braced_door_420,Early Modern,Early Modern,"Doors, locks & gates",door or gate,Inner Asian steppe frontier,door,a sunburst pine braced door,pine,Large,Standard,25800,100,Era / Early Modern Era; Functions / Household Items / Household Construction Materials; Market / Construction Materials / Worked Timber,Holdable; Destroyable_Door; Door_Tough_Large,Carpentry and joinery,Carpentry,"Early Modern doors, locks and gates catalogue; culture admission Inner Asian steppe frontier; availability Early Modern. Door behaviour is limited to the attached supported component profile."
earlymodern_door_ias_lockable_door_421,Early Modern,Early Modern,"Doors, locks & gates",door or gate,Inner Asian steppe frontier,door,a knotted cedar lockable door,cedar,Large,VeryGood,27600,111,Era / Early Modern Era; Functions / Household Items / Household Construction Materials; Market / Construction Materials / Worked Timber,Holdable; Destroyable_Door; Door_Lockable_Normal_Large,Carpentry and joinery,Carpentry,"Early Modern doors, locks and gates catalogue; culture admission Inner Asian steppe frontier; availability Early Modern. Door behaviour is limited to the attached supported component profile."
earlymodern_door_ias_secure_door_422,Early Modern,Early Modern,"Doors, locks & gates",door or gate,Inner Asian steppe frontier,door,a star teak secure door,teak,Large,Good,29400,122,Era / Early Modern Era; Functions / Household Items / Household Construction Materials; Market / Construction Materials / Worked Timber,Holdable; Destroyable_Door; Door_Lockable_Secure_Large,Carpentry and joinery,Carpentry,"Early Modern doors, locks and gates catalogue; culture admission Inner Asian steppe frontier; availability Early Modern. Door behaviour is limited to the attached supported component profile."
earlymodern_door_ias_shutter_423,Early Modern,Early Modern,"Doors, locks & gates",door or gate,Inner Asian steppe frontier,shutter,a vine wood shuttered opening,wood,Large,Standard,31200,133,Era / Early Modern Era; Functions / Household Items / Household Construction Materials; Market / Construction Materials / Worked Timber,Holdable; Destroyable_Door; Door_Bad_Large,Carpentry and joinery,Carpentry,"Early Modern doors, locks and gates catalogue; culture admission Inner Asian steppe frontier; availability Early Modern. Door behaviour is limited to the attached supported component profile."
earlymodern_door_ias_screen_424,Early Modern,Early Modern,"Doors, locks & gates",door or gate,Inner Asian steppe frontier,screen,a cloud cedar screen door,cedar,Large,Poor,33000,144,Era / Early Modern Era; Functions / Household Items / Household Construction Materials; Market / Construction Materials / Worked Timber,Holdable; Destroyable_Door; Door_Bad_Large,Carpentry and joinery,Carpentry,"Early Modern doors, locks and gates catalogue; culture admission Inner Asian steppe frontier; availability Early Modern. Door behaviour is limited to the attached supported component profile."
earlymodern_door_ias_lattice_gate_425,Early Modern,Early Modern,"Doors, locks & gates",door or gate,Inner Asian steppe frontier,gate,a reed cedar lattice gate,cedar,VeryLarge,Standard,34800,155,Era / Early Modern Era; Functions / Household Items / Household Construction Materials; Market / Construction Materials / Worked Timber,Holdable; Destroyable_Door; Door_Normal_Large,Carpentry and joinery,Carpentry,"Early Modern doors, locks and gates catalogue; culture admission Inner Asian steppe frontier; availability Early Modern. Door behaviour is limited to the attached supported component profile."
earlymodern_door_ias_courtyard_gate_426,Early Modern,Early Modern,"Doors, locks & gates",door or gate,Inner Asian steppe frontier,gate,a checker teak courtyard gate,teak,VeryLarge,Good,36600,166,Era / Early Modern Era; Functions / Household Items / Household Construction Materials; Market / Construction Materials / Worked Timber,Holdable; Destroyable_Door; Door_Lockable_Normal_Large,Carpentry and joinery,Carpentry,"Early Modern doors, locks and gates catalogue; culture admission Inner Asian steppe frontier; availability Early Modern. Door behaviour is limited to the attached supported component profile."
earlymodern_door_ias_warehouse_gate_427,Early Modern,Early Modern,"Doors, locks & gates",door or gate,Inner Asian steppe frontier,gate,a radiating wrought iron warehouse gate,wrought iron,VeryLarge,Good,38400,177,Era / Early Modern Era; Functions / Household Items / Household Construction Materials; Market / Household Goods / Standard Wares,Holdable; Destroyable_Door; Door_Lockable_Tough_Large,Carpentry and joinery,Carpentry,"Early Modern doors, locks and gates catalogue; culture admission Inner Asian steppe frontier; availability Early Modern. Door behaviour is limited to the attached supported component profile."
earlymodern_door_ias_garden_gate_428,Early Modern,Early Modern,"Doors, locks & gates",door or gate,Inner Asian steppe frontier,gate,a sunburst bronze garden gate,bronze,VeryLarge,Standard,40200,188,Era / Early Modern Era; Functions / Household Items / Household Construction Materials; Market / Household Goods / Standard Wares,Holdable; Destroyable_Door; Door_Normal_Large,Carpentry and joinery,Carpentry,"Early Modern doors, locks and gates catalogue; culture admission Inner Asian steppe frontier; availability Early Modern. Door behaviour is limited to the attached supported component profile."
earlymodern_door_ias_grille_429,Early Modern,Early Modern,"Doors, locks & gates",door or gate,Inner Asian steppe frontier,grille,a knotted brass metal grille,brass,Large,VeryGood,42000,199,Era / Early Modern Era; Functions / Household Items / Household Construction Materials; Market / Household Goods / Standard Wares,Holdable; Destroyable_Door; Door_Secure_Large,Carpentry and joinery,Carpentry,"Early Modern doors, locks and gates catalogue; culture admission Inner Asian steppe frontier; availability Early Modern. Door behaviour is limited to the attached supported component profile."
earlymodern_door_ias_strike_plate_430,Early Modern,Early Modern,"Doors, locks & gates",lock and hardware,Inner Asian steppe frontier,strike plate,a knotted pewter strike plate,pewter,Small,Good,500,95,Era / Early Modern Era; Functions / Household Items / Household Wares; Market / Household Goods / Standard Wares,Holdable; Destroyable_HeavyMetal; Latch_Normal,Locksmithing,Blacksmithing,"Early Modern doors, locks and gates hardware catalogue; culture admission Inner Asian steppe frontier; availability Early Modern. It does not imply a custom matched-key or hidden-lock system."
earlymodern_door_ias_hinge_pair_431,Early Modern,Early Modern,"Doors, locks & gates",lock and hardware,Inner Asian steppe frontier,hinges,a flower-head wrought iron hinge pair,wrought iron,Small,Standard,585,103,Era / Early Modern Era; Functions / Household Items / Household Wares; Market / Household Goods / Standard Wares,Holdable; Destroyable_HeavyMetal; Latch_Normal,Locksmithing,Blacksmithing,"Early Modern doors, locks and gates hardware catalogue; culture admission Inner Asian steppe frontier; availability Early Modern. It does not imply a custom matched-key or hidden-lock system."
earlymodern_door_ias_keyring_432,Early Modern,Early Modern,"Doors, locks & gates",lock and hardware,Inner Asian steppe frontier,keyring,a star bronze keyring,bronze,Small,Poor,670,111,Era / Early Modern Era; Functions / Household Items / Household Wares; Market / Household Goods / Standard Wares,Holdable; Destroyable_HeavyMetal; Warded_Key,Locksmithing,Blacksmithing,"Early Modern doors, locks and gates hardware catalogue; culture admission Inner Asian steppe frontier; availability Early Modern. It does not imply a custom matched-key or hidden-lock system."
earlymodern_door_ias_escutcheon_433,Early Modern,Early Modern,"Doors, locks & gates",lock and hardware,Inner Asian steppe frontier,escutcheon,a bird brass keyhole escutcheon,brass,Small,Standard,755,119,Era / Early Modern Era; Functions / Household Items / Household Wares; Market / Household Goods / Standard Wares,Holdable; Destroyable_HeavyMetal; Latch_Normal,Locksmithing,Blacksmithing,"Early Modern doors, locks and gates hardware catalogue; culture admission Inner Asian steppe frontier; availability Early Modern. It does not imply a custom matched-key or hidden-lock system."
earlymodern_door_ias_warded_lock_434,Early Modern,Early Modern,"Doors, locks & gates",lock and hardware,Inner Asian steppe frontier,lock,a vine copper warded lock,copper,Small,Good,840,127,Era / Early Modern Era; Functions / Household Items / Household Wares; Market / Household Goods / Standard Wares,Holdable; Destroyable_HeavyMetal; Warded_Lock_Normal,Locksmithing,Blacksmithing,"Early Modern doors, locks and gates hardware catalogue; culture admission Inner Asian steppe frontier; availability Early Modern. It does not imply a custom matched-key or hidden-lock system."
earlymodern_door_ias_good_warded_lock_435,Early Modern,Early Modern,"Doors, locks & gates",lock and hardware,Inner Asian steppe frontier,lock,a geometric pewter fine warded lock,pewter,Small,Good,925,135,Era / Early Modern Era; Functions / Household Items / Household Wares; Market / Household Goods / Standard Wares,Holdable; Destroyable_HeavyMetal; Warded_Lock_Good,Locksmithing,Blacksmithing,"Early Modern doors, locks and gates hardware catalogue; culture admission Inner Asian steppe frontier; availability Early Modern. It does not imply a custom matched-key or hidden-lock system."
earlymodern_door_ias_master_warded_lock_436,Early Modern,Early Modern,"Doors, locks & gates",lock and hardware,Inner Asian steppe frontier,lock,a cloud wrought iron master warded lock,wrought iron,Small,Standard,1010,143,Era / Early Modern Era; Functions / Household Items / Household Wares; Market / Household Goods / Standard Wares,Holdable; Destroyable_HeavyMetal; Warded_Lock_Master,Locksmithing,Blacksmithing,"Early Modern doors, locks and gates hardware catalogue; culture admission Inner Asian steppe frontier; availability Early Modern. It does not imply a custom matched-key or hidden-lock system."
earlymodern_door_wa_panel_door_438,Early Modern,Early Modern,"Doors, locks & gates",door or gate,West African court Atlantic trade,door,a reed oak door leaf,oak,Large,Good,24000,45,Era / Early Modern Era; Functions / Household Items / Household Construction Materials; Market / Construction Materials / Worked Timber,Holdable; Destroyable_Door; Door_Normal_Large,Carpentry and joinery,Carpentry,"Early Modern doors, locks and gates catalogue; culture admission West African court Atlantic trade; availability Early Modern. Door behaviour is limited to the attached supported component profile."
earlymodern_door_wa_braced_door_439,Early Modern,Early Modern,"Doors, locks & gates",door or gate,West African court Atlantic trade,door,a checker pine braced door,pine,Large,Standard,25800,56,Era / Early Modern Era; Functions / Household Items / Household Construction Materials; Market / Construction Materials / Worked Timber,Holdable; Destroyable_Door; Door_Tough_Large,Carpentry and joinery,Carpentry,"Early Modern doors, locks and gates catalogue; culture admission West African court Atlantic trade; availability Early Modern. Door behaviour is limited to the attached supported component profile."
earlymodern_door_wa_lockable_door_440,Early Modern,Early Modern,"Doors, locks & gates",door or gate,West African court Atlantic trade,door,a radiating cedar lockable door,cedar,Large,Poor,27600,67,Era / Early Modern Era; Functions / Household Items / Household Construction Materials; Market / Construction Materials / Worked Timber,Holdable; Destroyable_Door; Door_Lockable_Normal_Large,Carpentry and joinery,Carpentry,"Early Modern doors, locks and gates catalogue; culture admission West African court Atlantic trade; availability Early Modern. Door behaviour is limited to the attached supported component profile."
earlymodern_door_wa_secure_door_441,Early Modern,Early Modern,"Doors, locks & gates",door or gate,West African court Atlantic trade,door,a sunburst teak secure door,teak,Large,Standard,29400,78,Era / Early Modern Era; Functions / Household Items / Household Construction Materials; Market / Construction Materials / Worked Timber,Holdable; Destroyable_Door; Door_Lockable_Secure_Large,Carpentry and joinery,Carpentry,"Early Modern doors, locks and gates catalogue; culture admission West African court Atlantic trade; availability Early Modern. Door behaviour is limited to the attached supported component profile."
earlymodern_door_wa_shutter_442,Early Modern,Early Modern,"Doors, locks & gates",door or gate,West African court Atlantic trade,shutter,a knotted wood shuttered opening,wood,Large,Good,31200,89,Era / Early Modern Era; Functions / Household Items / Household Construction Materials; Market / Construction Materials / Worked Timber,Holdable; Destroyable_Door; Door_Bad_Large,Carpentry and joinery,Carpentry,"Early Modern doors, locks and gates catalogue; culture admission West African court Atlantic trade; availability Early Modern. Door behaviour is limited to the attached supported component profile."
earlymodern_door_wa_screen_443,Early Modern,Early Modern,"Doors, locks & gates",door or gate,West African court Atlantic trade,screen,a star wood screen door,wood,Large,Good,33000,100,Era / Early Modern Era; Functions / Household Items / Household Construction Materials; Market / Construction Materials / Worked Timber,Holdable; Destroyable_Door; Door_Bad_Large,Carpentry and joinery,Carpentry,"Early Modern doors, locks and gates catalogue; culture admission West African court Atlantic trade; availability Early Modern. Door behaviour is limited to the attached supported component profile."
earlymodern_door_wa_lattice_gate_444,Early Modern,Early Modern,"Doors, locks & gates",door or gate,West African court Atlantic trade,gate,a vine cedar lattice gate,cedar,VeryLarge,Standard,34800,111,Era / Early Modern Era; Functions / Household Items / Household Construction Materials; Market / Construction Materials / Worked Timber,Holdable; Destroyable_Door; Door_Normal_Large,Carpentry and joinery,Carpentry,"Early Modern doors, locks and gates catalogue; culture admission West African court Atlantic trade; availability Early Modern. Door behaviour is limited to the attached supported component profile."
earlymodern_door_wa_courtyard_gate_445,Early Modern,Early Modern,"Doors, locks & gates",door or gate,West African court Atlantic trade,gate,a cloud teak courtyard gate,teak,VeryLarge,VeryGood,36600,122,Era / Early Modern Era; Functions / Household Items / Household Construction Materials; Market / Construction Materials / Worked Timber,Holdable; Destroyable_Door; Door_Lockable_Normal_Large,Carpentry and joinery,Carpentry,"Early Modern doors, locks and gates catalogue; culture admission West African court Atlantic trade; availability Early Modern. Door behaviour is limited to the attached supported component profile."
earlymodern_door_wa_warehouse_gate_446,Early Modern,Early Modern,"Doors, locks & gates",door or gate,West African court Atlantic trade,gate,a reed wrought iron warehouse gate,wrought iron,VeryLarge,Good,38400,133,Era / Early Modern Era; Functions / Household Items / Household Construction Materials; Market / Household Goods / Standard Wares,Holdable; Destroyable_Door; Door_Lockable_Tough_Large,Carpentry and joinery,Carpentry,"Early Modern doors, locks and gates catalogue; culture admission West African court Atlantic trade; availability Early Modern. Door behaviour is limited to the attached supported component profile."
earlymodern_door_wa_garden_gate_447,Early Modern,Early Modern,"Doors, locks & gates",door or gate,West African court Atlantic trade,gate,a checker bronze garden gate,bronze,VeryLarge,Standard,40200,144,Era / Early Modern Era; Functions / Household Items / Household Construction Materials; Market / Household Goods / Standard Wares,Holdable; Destroyable_Door; Door_Normal_Large,Carpentry and joinery,Carpentry,"Early Modern doors, locks and gates catalogue; culture admission West African court Atlantic trade; availability Early Modern. Door behaviour is limited to the attached supported component profile."
earlymodern_door_wa_grille_448,Early Modern,Early Modern,"Doors, locks & gates",door or gate,West African court Atlantic trade,grille,a radiating wrought iron metal grille,wrought iron,Large,Poor,42000,155,Era / Early Modern Era; Functions / Household Items / Household Construction Materials; Market / Household Goods / Standard Wares,Holdable; Destroyable_Door; Door_Secure_Large,Carpentry and joinery,Carpentry,"Early Modern doors, locks and gates catalogue; culture admission West African court Atlantic trade; availability Early Modern. Door behaviour is limited to the attached supported component profile."
earlymodern_door_wa_strike_plate_449,Early Modern,Early Modern,"Doors, locks & gates",lock and hardware,West African court Atlantic trade,strike plate,a water-wave copper strike plate,copper,Small,Standard,670,95,Era / Early Modern Era; Functions / Household Items / Household Wares; Market / Household Goods / Standard Wares,Holdable; Destroyable_HeavyMetal; Latch_Normal,Locksmithing,Blacksmithing,"Early Modern doors, locks and gates hardware catalogue; culture admission West African court Atlantic trade; availability Early Modern. It does not imply a custom matched-key or hidden-lock system."
earlymodern_door_wa_hinge_pair_450,Early Modern,Early Modern,"Doors, locks & gates",lock and hardware,West African court Atlantic trade,hinges,a knotted pewter hinge pair,pewter,Small,Good,755,103,Era / Early Modern Era; Functions / Household Items / Household Wares; Market / Household Goods / Standard Wares,Holdable; Destroyable_HeavyMetal; Latch_Normal,Locksmithing,Blacksmithing,"Early Modern doors, locks and gates hardware catalogue; culture admission West African court Atlantic trade; availability Early Modern. It does not imply a custom matched-key or hidden-lock system."
earlymodern_door_wa_keyring_451,Early Modern,Early Modern,"Doors, locks & gates",lock and hardware,West African court Atlantic trade,keyring,a flower-head wrought iron keyring,wrought iron,Small,Good,840,111,Era / Early Modern Era; Functions / Household Items / Household Wares; Market / Household Goods / Standard Wares,Holdable; Destroyable_HeavyMetal; Warded_Key,Locksmithing,Blacksmithing,"Early Modern doors, locks and gates hardware catalogue; culture admission West African court Atlantic trade; availability Early Modern. It does not imply a custom matched-key or hidden-lock system."
earlymodern_door_wa_escutcheon_452,Early Modern,Early Modern,"Doors, locks & gates",lock and hardware,West African court Atlantic trade,escutcheon,a star bronze keyhole escutcheon,bronze,Small,Standard,925,119,Era / Early Modern Era; Functions / Household Items / Household Wares; Market / Household Goods / Standard Wares,Holdable; Destroyable_HeavyMetal; Latch_Normal,Locksmithing,Blacksmithing,"Early Modern doors, locks and gates hardware catalogue; culture admission West African court Atlantic trade; availability Early Modern. It does not imply a custom matched-key or hidden-lock system."
earlymodern_door_wa_warded_lock_453,Early Modern,Early Modern,"Doors, locks & gates",lock and hardware,West African court Atlantic trade,lock,a bird brass warded lock,brass,Small,VeryGood,1010,127,Era / Early Modern Era; Functions / Household Items / Household Wares; Market / Household Goods / Standard Wares,Holdable; Destroyable_HeavyMetal; Warded_Lock_Normal,Locksmithing,Blacksmithing,"Early Modern doors, locks and gates hardware catalogue; culture admission West African court Atlantic trade; availability Early Modern. It does not imply a custom matched-key or hidden-lock system."
earlymodern_door_wa_good_warded_lock_454,Early Modern,Early Modern,"Doors, locks & gates",lock and hardware,West African court Atlantic trade,lock,a vine copper fine warded lock,copper,Small,Good,1095,135,Era / Early Modern Era; Functions / Household Items / Household Wares; Market / Household Goods / Standard Wares,Holdable; Destroyable_HeavyMetal; Warded_Lock_Good,Locksmithing,Blacksmithing,"Early Modern doors, locks and gates hardware catalogue; culture admission West African court Atlantic trade; availability Early Modern. It does not imply a custom matched-key or hidden-lock system."
earlymodern_door_wa_master_warded_lock_455,Early Modern,Early Modern,"Doors, locks & gates",lock and hardware,West African court Atlantic trade,lock,a geometric pewter master warded lock,pewter,Small,Standard,1180,143,Era / Early Modern Era; Functions / Household Items / Household Wares; Market / Household Goods / Standard Wares,Holdable; Destroyable_HeavyMetal; Warded_Lock_Master,Locksmithing,Blacksmithing,"Early Modern doors, locks and gates hardware catalogue; culture admission West African court Atlantic trade; availability Early Modern. It does not imply a custom matched-key or hidden-lock system."
earlymodern_door_kongo_panel_door_457,Early Modern,Early Modern,"Doors, locks & gates",door or gate,Kongo Angola West Central Africa,door,a leaf-scroll teak door leaf,teak,Large,Standard,24000,254,Era / Early Modern Era; Functions / Household Items / Household Construction Materials; Market / Construction Materials / Worked Timber,Holdable; Destroyable_Door; Door_Normal_Large,Carpentry and joinery,Carpentry,"Early Modern doors, locks and gates catalogue; culture admission Kongo Angola West Central Africa; availability Early Modern. Door behaviour is limited to the attached supported component profile."
earlymodern_door_kongo_braced_door_458,Early Modern,Early Modern,"Doors, locks & gates",door or gate,Kongo Angola West Central Africa,door,a water-wave wood braced door,wood,Large,Good,25800,265,Era / Early Modern Era; Functions / Household Items / Household Construction Materials; Market / Construction Materials / Worked Timber,Holdable; Destroyable_Door; Door_Tough_Large,Carpentry and joinery,Carpentry,"Early Modern doors, locks and gates catalogue; culture admission Kongo Angola West Central Africa; availability Early Modern. Door behaviour is limited to the attached supported component profile."
earlymodern_door_kongo_lockable_door_459,Early Modern,Early Modern,"Doors, locks & gates",door or gate,Kongo Angola West Central Africa,door,a flower-head oak lockable door,oak,Large,Good,27600,276,Era / Early Modern Era; Functions / Household Items / Household Construction Materials; Market / Construction Materials / Worked Timber,Holdable; Destroyable_Door; Door_Lockable_Normal_Large,Carpentry and joinery,Carpentry,"Early Modern doors, locks and gates catalogue; culture admission Kongo Angola West Central Africa; availability Early Modern. Door behaviour is limited to the attached supported component profile."
earlymodern_door_kongo_secure_door_460,Early Modern,Early Modern,"Doors, locks & gates",door or gate,Kongo Angola West Central Africa,door,a bird pine secure door,pine,Large,Standard,29400,287,Era / Early Modern Era; Functions / Household Items / Household Construction Materials; Market / Construction Materials / Worked Timber,Holdable; Destroyable_Door; Door_Lockable_Secure_Large,Carpentry and joinery,Carpentry,"Early Modern doors, locks and gates catalogue; culture admission Kongo Angola West Central Africa; availability Early Modern. Door behaviour is limited to the attached supported component profile."
earlymodern_door_kongo_shutter_461,Early Modern,Early Modern,"Doors, locks & gates",door or gate,Kongo Angola West Central Africa,shutter,a geometric cedar shuttered opening,cedar,Large,VeryGood,31200,45,Era / Early Modern Era; Functions / Household Items / Household Construction Materials; Market / Construction Materials / Worked Timber,Holdable; Destroyable_Door; Door_Bad_Large,Carpentry and joinery,Carpentry,"Early Modern doors, locks and gates catalogue; culture admission Kongo Angola West Central Africa; availability Early Modern. Door behaviour is limited to the attached supported component profile."
earlymodern_door_kongo_screen_462,Early Modern,Early Modern,"Doors, locks & gates",door or gate,Kongo Angola West Central Africa,screen,a shell teak screen door,teak,Large,Good,33000,56,Era / Early Modern Era; Functions / Household Items / Household Construction Materials; Market / Construction Materials / Worked Timber,Holdable; Destroyable_Door; Door_Bad_Large,Carpentry and joinery,Carpentry,"Early Modern doors, locks and gates catalogue; culture admission Kongo Angola West Central Africa; availability Early Modern. Door behaviour is limited to the attached supported component profile."
earlymodern_door_kongo_lattice_gate_463,Early Modern,Early Modern,"Doors, locks & gates",door or gate,Kongo Angola West Central Africa,gate,a rosette bronze lattice gate,bronze,VeryLarge,Standard,34800,67,Era / Early Modern Era; Functions / Household Items / Household Construction Materials; Market / Household Goods / Standard Wares,Holdable; Destroyable_Door; Door_Normal_Large,Carpentry and joinery,Carpentry,"Early Modern doors, locks and gates catalogue; culture admission Kongo Angola West Central Africa; availability Early Modern. Door behaviour is limited to the attached supported component profile."
earlymodern_door_kongo_courtyard_gate_464,Early Modern,Early Modern,"Doors, locks & gates",door or gate,Kongo Angola West Central Africa,gate,a braided oak courtyard gate,oak,VeryLarge,Poor,36600,78,Era / Early Modern Era; Functions / Household Items / Household Construction Materials; Market / Construction Materials / Worked Timber,Holdable; Destroyable_Door; Door_Lockable_Normal_Large,Carpentry and joinery,Carpentry,"Early Modern doors, locks and gates catalogue; culture admission Kongo Angola West Central Africa; availability Early Modern. Door behaviour is limited to the attached supported component profile."
earlymodern_door_kongo_warehouse_gate_465,Early Modern,Early Modern,"Doors, locks & gates",door or gate,Kongo Angola West Central Africa,gate,a leaf-scroll cedar warehouse gate,cedar,VeryLarge,Standard,38400,89,Era / Early Modern Era; Functions / Household Items / Household Construction Materials; Market / Construction Materials / Worked Timber,Holdable; Destroyable_Door; Door_Lockable_Tough_Large,Carpentry and joinery,Carpentry,"Early Modern doors, locks and gates catalogue; culture admission Kongo Angola West Central Africa; availability Early Modern. Door behaviour is limited to the attached supported component profile."
earlymodern_door_kongo_garden_gate_466,Early Modern,Early Modern,"Doors, locks & gates",door or gate,Kongo Angola West Central Africa,gate,a water-wave teak garden gate,teak,VeryLarge,Good,40200,100,Era / Early Modern Era; Functions / Household Items / Household Construction Materials; Market / Construction Materials / Worked Timber,Holdable; Destroyable_Door; Door_Normal_Large,Carpentry and joinery,Carpentry,"Early Modern doors, locks and gates catalogue; culture admission Kongo Angola West Central Africa; availability Early Modern. Door behaviour is limited to the attached supported component profile."
earlymodern_door_kongo_grille_467,Early Modern,Early Modern,"Doors, locks & gates",door or gate,Kongo Angola West Central Africa,grille,a flower-head wrought iron metal grille,wrought iron,Large,Good,42000,111,Era / Early Modern Era; Functions / Household Items / Household Construction Materials; Market / Household Goods / Standard Wares,Holdable; Destroyable_Door; Door_Secure_Large,Carpentry and joinery,Carpentry,"Early Modern doors, locks and gates catalogue; culture admission Kongo Angola West Central Africa; availability Early Modern. Door behaviour is limited to the attached supported component profile."
earlymodern_door_kongo_strike_plate_468,Early Modern,Early Modern,"Doors, locks & gates",lock and hardware,Kongo Angola West Central Africa,strike plate,a knotted brass strike plate,brass,Small,Standard,840,95,Era / Early Modern Era; Functions / Household Items / Household Wares; Market / Household Goods / Standard Wares,Holdable; Destroyable_HeavyMetal; Latch_Normal,Locksmithing,Blacksmithing,"Early Modern doors, locks and gates hardware catalogue; culture admission Kongo Angola West Central Africa; availability Early Modern. It does not imply a custom matched-key or hidden-lock system."
earlymodern_door_kongo_hinge_pair_469,Early Modern,Early Modern,"Doors, locks & gates",lock and hardware,Kongo Angola West Central Africa,hinges,a flower-head copper hinge pair,copper,Small,VeryGood,925,103,Era / Early Modern Era; Functions / Household Items / Household Wares; Market / Household Goods / Standard Wares,Holdable; Destroyable_HeavyMetal; Latch_Normal,Locksmithing,Blacksmithing,"Early Modern doors, locks and gates hardware catalogue; culture admission Kongo Angola West Central Africa; availability Early Modern. It does not imply a custom matched-key or hidden-lock system."
earlymodern_door_kongo_keyring_470,Early Modern,Early Modern,"Doors, locks & gates",lock and hardware,Kongo Angola West Central Africa,keyring,a star pewter keyring,pewter,Small,Good,1010,111,Era / Early Modern Era; Functions / Household Items / Household Wares; Market / Household Goods / Standard Wares,Holdable; Destroyable_HeavyMetal; Warded_Key,Locksmithing,Blacksmithing,"Early Modern doors, locks and gates hardware catalogue; culture admission Kongo Angola West Central Africa; availability Early Modern. It does not imply a custom matched-key or hidden-lock system."
earlymodern_door_kongo_escutcheon_471,Early Modern,Early Modern,"Doors, locks & gates",lock and hardware,Kongo Angola West Central Africa,escutcheon,a bird wrought iron keyhole escutcheon,wrought iron,Small,Standard,1095,119,Era / Early Modern Era; Functions / Household Items / Household Wares; Market / Household Goods / Standard Wares,Holdable; Destroyable_HeavyMetal; Latch_Normal,Locksmithing,Blacksmithing,"Early Modern doors, locks and gates hardware catalogue; culture admission Kongo Angola West Central Africa; availability Early Modern. It does not imply a custom matched-key or hidden-lock system."
earlymodern_door_kongo_warded_lock_472,Early Modern,Early Modern,"Doors, locks & gates",lock and hardware,Kongo Angola West Central Africa,lock,a vine bronze warded lock,bronze,Small,Poor,1180,127,Era / Early Modern Era; Functions / Household Items / Household Wares; Market / Household Goods / Standard Wares,Holdable; Destroyable_HeavyMetal; Warded_Lock_Normal,Locksmithing,Blacksmithing,"Early Modern doors, locks and gates hardware catalogue; culture admission Kongo Angola West Central Africa; availability Early Modern. It does not imply a custom matched-key or hidden-lock system."
earlymodern_door_kongo_good_warded_lock_473,Early Modern,Early Modern,"Doors, locks & gates",lock and hardware,Kongo Angola West Central Africa,lock,a geometric brass fine warded lock,brass,Small,Standard,1265,135,Era / Early Modern Era; Functions / Household Items / Household Wares; Market / Household Goods / Standard Wares,Holdable; Destroyable_HeavyMetal; Warded_Lock_Good,Locksmithing,Blacksmithing,"Early Modern doors, locks and gates hardware catalogue; culture admission Kongo Angola West Central Africa; availability Early Modern. It does not imply a custom matched-key or hidden-lock system."
earlymodern_door_kongo_master_warded_lock_474,Early Modern,Early Modern,"Doors, locks & gates",lock and hardware,Kongo Angola West Central Africa,lock,a cloud copper master warded lock,copper,Small,Good,1350,143,Era / Early Modern Era; Functions / Household Items / Household Wares; Market / Household Goods / Standard Wares,Holdable; Destroyable_HeavyMetal; Warded_Lock_Master,Locksmithing,Blacksmithing,"Early Modern doors, locks and gates hardware catalogue; culture admission Kongo Angola West Central Africa; availability Early Modern. It does not imply a custom matched-key or hidden-lock system."
earlymodern_door_sahel_panel_door_476,Early Modern,Early Modern,"Doors, locks & gates",door or gate,Sahelian Hausa Islamic West Africa,door,a geometric wood door leaf,wood,Large,Standard,24000,210,Era / Early Modern Era; Functions / Household Items / Household Construction Materials; Market / Construction Materials / Worked Timber,Holdable; Destroyable_Door; Door_Normal_Large,Carpentry and joinery,Carpentry,"Early Modern doors, locks and gates catalogue; culture admission Sahelian Hausa Islamic West Africa; availability Early Modern. Door behaviour is limited to the attached supported component profile."
earlymodern_door_sahel_braced_door_477,Early Modern,Early Modern,"Doors, locks & gates",door or gate,Sahelian Hausa Islamic West Africa,door,a shell oak braced door,oak,Large,VeryGood,25800,221,Era / Early Modern Era; Functions / Household Items / Household Construction Materials; Market / Construction Materials / Worked Timber,Holdable; Destroyable_Door; Door_Tough_Large,Carpentry and joinery,Carpentry,"Early Modern doors, locks and gates catalogue; culture admission Sahelian Hausa Islamic West Africa; availability Early Modern. Door behaviour is limited to the attached supported component profile."
earlymodern_door_sahel_lockable_door_478,Early Modern,Early Modern,"Doors, locks & gates",door or gate,Sahelian Hausa Islamic West Africa,door,a rosette pine lockable door,pine,Large,Good,27600,232,Era / Early Modern Era; Functions / Household Items / Household Construction Materials; Market / Construction Materials / Worked Timber,Holdable; Destroyable_Door; Door_Lockable_Normal_Large,Carpentry and joinery,Carpentry,"Early Modern doors, locks and gates catalogue; culture admission Sahelian Hausa Islamic West Africa; availability Early Modern. Door behaviour is limited to the attached supported component profile."
earlymodern_door_sahel_secure_door_479,Early Modern,Early Modern,"Doors, locks & gates",door or gate,Sahelian Hausa Islamic West Africa,door,a braided cedar secure door,cedar,Large,Standard,29400,243,Era / Early Modern Era; Functions / Household Items / Household Construction Materials; Market / Construction Materials / Worked Timber,Holdable; Destroyable_Door; Door_Lockable_Secure_Large,Carpentry and joinery,Carpentry,"Early Modern doors, locks and gates catalogue; culture admission Sahelian Hausa Islamic West Africa; availability Early Modern. Door behaviour is limited to the attached supported component profile."
earlymodern_door_sahel_shutter_480,Early Modern,Early Modern,"Doors, locks & gates",door or gate,Sahelian Hausa Islamic West Africa,shutter,a leaf-scroll teak shuttered opening,teak,Large,Poor,31200,254,Era / Early Modern Era; Functions / Household Items / Household Construction Materials; Market / Construction Materials / Worked Timber,Holdable; Destroyable_Door; Door_Bad_Large,Carpentry and joinery,Carpentry,"Early Modern doors, locks and gates catalogue; culture admission Sahelian Hausa Islamic West Africa; availability Early Modern. Door behaviour is limited to the attached supported component profile."
earlymodern_door_sahel_screen_481,Early Modern,Early Modern,"Doors, locks & gates",door or gate,Sahelian Hausa Islamic West Africa,screen,a water-wave cedar screen door,cedar,Large,Standard,33000,265,Era / Early Modern Era; Functions / Household Items / Household Construction Materials; Market / Construction Materials / Worked Timber,Holdable; Destroyable_Door; Door_Bad_Large,Carpentry and joinery,Carpentry,"Early Modern doors, locks and gates catalogue; culture admission Sahelian Hausa Islamic West Africa; availability Early Modern. Door behaviour is limited to the attached supported component profile."
earlymodern_door_sahel_lattice_gate_482,Early Modern,Early Modern,"Doors, locks & gates",door or gate,Sahelian Hausa Islamic West Africa,gate,a flower-head oak lattice gate,oak,VeryLarge,Good,34800,276,Era / Early Modern Era; Functions / Household Items / Household Construction Materials; Market / Construction Materials / Worked Timber,Holdable; Destroyable_Door; Door_Normal_Large,Carpentry and joinery,Carpentry,"Early Modern doors, locks and gates catalogue; culture admission Sahelian Hausa Islamic West Africa; availability Early Modern. Door behaviour is limited to the attached supported component profile."
earlymodern_door_sahel_courtyard_gate_483,Early Modern,Early Modern,"Doors, locks & gates",door or gate,Sahelian Hausa Islamic West Africa,gate,a bird cedar courtyard gate,cedar,VeryLarge,Good,36600,287,Era / Early Modern Era; Functions / Household Items / Household Construction Materials; Market / Construction Materials / Worked Timber,Holdable; Destroyable_Door; Door_Lockable_Normal_Large,Carpentry and joinery,Carpentry,"Early Modern doors, locks and gates catalogue; culture admission Sahelian Hausa Islamic West Africa; availability Early Modern. Door behaviour is limited to the attached supported component profile."
earlymodern_door_sahel_warehouse_gate_484,Early Modern,Early Modern,"Doors, locks & gates",door or gate,Sahelian Hausa Islamic West Africa,gate,a geometric teak warehouse gate,teak,VeryLarge,Standard,38400,45,Era / Early Modern Era; Functions / Household Items / Household Construction Materials; Market / Construction Materials / Worked Timber,Holdable; Destroyable_Door; Door_Lockable_Tough_Large,Carpentry and joinery,Carpentry,"Early Modern doors, locks and gates catalogue; culture admission Sahelian Hausa Islamic West Africa; availability Early Modern. Door behaviour is limited to the attached supported component profile."
earlymodern_door_sahel_garden_gate_485,Early Modern,Early Modern,"Doors, locks & gates",door or gate,Sahelian Hausa Islamic West Africa,gate,a shell wrought iron garden gate,wrought iron,VeryLarge,VeryGood,40200,56,Era / Early Modern Era; Functions / Household Items / Household Construction Materials; Market / Household Goods / Standard Wares,Holdable; Destroyable_Door; Door_Normal_Large,Carpentry and joinery,Carpentry,"Early Modern doors, locks and gates catalogue; culture admission Sahelian Hausa Islamic West Africa; availability Early Modern. Door behaviour is limited to the attached supported component profile."
earlymodern_door_sahel_grille_486,Early Modern,Early Modern,"Doors, locks & gates",door or gate,Sahelian Hausa Islamic West Africa,grille,a rosette wrought iron metal grille,wrought iron,Large,Good,42000,67,Era / Early Modern Era; Functions / Household Items / Household Construction Materials; Market / Household Goods / Standard Wares,Holdable; Destroyable_Door; Door_Secure_Large,Carpentry and joinery,Carpentry,"Early Modern doors, locks and gates catalogue; culture admission Sahelian Hausa Islamic West Africa; availability Early Modern. Door behaviour is limited to the attached supported component profile."
earlymodern_door_sahel_strike_plate_487,Early Modern,Early Modern,"Doors, locks & gates",lock and hardware,Sahelian Hausa Islamic West Africa,strike plate,a shell bronze strike plate,bronze,Small,Standard,1010,95,Era / Early Modern Era; Functions / Household Items / Household Wares; Market / Household Goods / Standard Wares,Holdable; Destroyable_HeavyMetal; Latch_Normal,Locksmithing,Blacksmithing,"Early Modern doors, locks and gates hardware catalogue; culture admission Sahelian Hausa Islamic West Africa; availability Early Modern. It does not imply a custom matched-key or hidden-lock system."
earlymodern_door_sahel_hinge_pair_488,Early Modern,Early Modern,"Doors, locks & gates",lock and hardware,Sahelian Hausa Islamic West Africa,hinges,a reed brass hinge pair,brass,Small,Poor,1095,103,Era / Early Modern Era; Functions / Household Items / Household Wares; Market / Household Goods / Standard Wares,Holdable; Destroyable_HeavyMetal; Latch_Normal,Locksmithing,Blacksmithing,"Early Modern doors, locks and gates hardware catalogue; culture admission Sahelian Hausa Islamic West Africa; availability Early Modern. It does not imply a custom matched-key or hidden-lock system."
earlymodern_door_sahel_keyring_489,Early Modern,Early Modern,"Doors, locks & gates",lock and hardware,Sahelian Hausa Islamic West Africa,keyring,a rosette copper keyring,copper,Small,Standard,1180,111,Era / Early Modern Era; Functions / Household Items / Household Wares; Market / Household Goods / Standard Wares,Holdable; Destroyable_HeavyMetal; Warded_Key,Locksmithing,Blacksmithing,"Early Modern doors, locks and gates hardware catalogue; culture admission Sahelian Hausa Islamic West Africa; availability Early Modern. It does not imply a custom matched-key or hidden-lock system."
earlymodern_door_sahel_escutcheon_490,Early Modern,Early Modern,"Doors, locks & gates",lock and hardware,Sahelian Hausa Islamic West Africa,escutcheon,a checker pewter keyhole escutcheon,pewter,Small,Good,1265,119,Era / Early Modern Era; Functions / Household Items / Household Wares; Market / Household Goods / Standard Wares,Holdable; Destroyable_HeavyMetal; Latch_Normal,Locksmithing,Blacksmithing,"Early Modern doors, locks and gates hardware catalogue; culture admission Sahelian Hausa Islamic West Africa; availability Early Modern. It does not imply a custom matched-key or hidden-lock system."
earlymodern_door_sahel_warded_lock_491,Early Modern,Early Modern,"Doors, locks & gates",lock and hardware,Sahelian Hausa Islamic West Africa,lock,a braided wrought iron warded lock,wrought iron,Small,Good,1350,127,Era / Early Modern Era; Functions / Household Items / Household Wares; Market / Household Goods / Standard Wares,Holdable; Destroyable_HeavyMetal; Warded_Lock_Normal,Locksmithing,Blacksmithing,"Early Modern doors, locks and gates hardware catalogue; culture admission Sahelian Hausa Islamic West Africa; availability Early Modern. It does not imply a custom matched-key or hidden-lock system."
earlymodern_door_sahel_good_warded_lock_492,Early Modern,Early Modern,"Doors, locks & gates",lock and hardware,Sahelian Hausa Islamic West Africa,lock,a radiating bronze fine warded lock,bronze,Small,Standard,1435,135,Era / Early Modern Era; Functions / Household Items / Household Wares; Market / Household Goods / Standard Wares,Holdable; Destroyable_HeavyMetal; Warded_Lock_Good,Locksmithing,Blacksmithing,"Early Modern doors, locks and gates hardware catalogue; culture admission Sahelian Hausa Islamic West Africa; availability Early Modern. It does not imply a custom matched-key or hidden-lock system."
earlymodern_door_sahel_master_warded_lock_493,Early Modern,Early Modern,"Doors, locks & gates",lock and hardware,Sahelian Hausa Islamic West Africa,lock,a leaf-scroll brass master warded lock,brass,Small,VeryGood,1520,143,Era / Early Modern Era; Functions / Household Items / Household Wares; Market / Household Goods / Standard Wares,Holdable; Destroyable_HeavyMetal; Warded_Lock_Master,Locksmithing,Blacksmithing,"Early Modern doors, locks and gates hardware catalogue; culture admission Sahelian Hausa Islamic West Africa; availability Early Modern. It does not imply a custom matched-key or hidden-lock system."
earlymodern_door_eth_panel_door_495,Early Modern,Early Modern,"Doors, locks & gates",door or gate,Ethiopian Red Sea,door,a checker pine door leaf,pine,Large,Standard,24000,166,Era / Early Modern Era; Functions / Household Items / Household Construction Materials; Market / Construction Materials / Worked Timber,Holdable; Destroyable_Door; Door_Normal_Large,Carpentry and joinery,Carpentry,"Early Modern doors, locks and gates catalogue; culture admission Ethiopian Red Sea; availability Early Modern. Door behaviour is limited to the attached supported component profile."
earlymodern_door_eth_braced_door_496,Early Modern,Early Modern,"Doors, locks & gates",door or gate,Ethiopian Red Sea,door,a radiating cedar braced door,cedar,Large,Poor,25800,177,Era / Early Modern Era; Functions / Household Items / Household Construction Materials; Market / Construction Materials / Worked Timber,Holdable; Destroyable_Door; Door_Tough_Large,Carpentry and joinery,Carpentry,"Early Modern doors, locks and gates catalogue; culture admission Ethiopian Red Sea; availability Early Modern. Door behaviour is limited to the attached supported component profile."
earlymodern_door_eth_lockable_door_497,Early Modern,Early Modern,"Doors, locks & gates",door or gate,Ethiopian Red Sea,door,a sunburst teak lockable door,teak,Large,Standard,27600,188,Era / Early Modern Era; Functions / Household Items / Household Construction Materials; Market / Construction Materials / Worked Timber,Holdable; Destroyable_Door; Door_Lockable_Normal_Large,Carpentry and joinery,Carpentry,"Early Modern doors, locks and gates catalogue; culture admission Ethiopian Red Sea; availability Early Modern. Door behaviour is limited to the attached supported component profile."
earlymodern_door_eth_secure_door_498,Early Modern,Early Modern,"Doors, locks & gates",door or gate,Ethiopian Red Sea,door,a knotted wood secure door,wood,Large,Good,29400,199,Era / Early Modern Era; Functions / Household Items / Household Construction Materials; Market / Construction Materials / Worked Timber,Holdable; Destroyable_Door; Door_Lockable_Secure_Large,Carpentry and joinery,Carpentry,"Early Modern doors, locks and gates catalogue; culture admission Ethiopian Red Sea; availability Early Modern. Door behaviour is limited to the attached supported component profile."
earlymodern_door_eth_shutter_499,Early Modern,Early Modern,"Doors, locks & gates",door or gate,Ethiopian Red Sea,shutter,a star oak shuttered opening,oak,Large,Good,31200,210,Era / Early Modern Era; Functions / Household Items / Household Construction Materials; Market / Construction Materials / Worked Timber,Holdable; Destroyable_Door; Door_Bad_Large,Carpentry and joinery,Carpentry,"Early Modern doors, locks and gates catalogue; culture admission Ethiopian Red Sea; availability Early Modern. Door behaviour is limited to the attached supported component profile."
earlymodern_door_eth_screen_500,Early Modern,Early Modern,"Doors, locks & gates",door or gate,Ethiopian Red Sea,screen,a vine bamboo screen door,bamboo,Large,Standard,33000,221,Era / Early Modern Era; Functions / Household Items / Household Construction Materials; Market / Construction Materials / Worked Timber,Holdable; Destroyable_Door; Door_Bad_Large,Carpentry and joinery,Carpentry,"Early Modern doors, locks and gates catalogue; culture admission Ethiopian Red Sea; availability Early Modern. Door behaviour is limited to the attached supported component profile."
earlymodern_door_eth_lattice_gate_501,Early Modern,Early Modern,"Doors, locks & gates",door or gate,Ethiopian Red Sea,gate,a cloud teak lattice gate,teak,VeryLarge,VeryGood,34800,232,Era / Early Modern Era; Functions / Household Items / Household Construction Materials; Market / Construction Materials / Worked Timber,Holdable; Destroyable_Door; Door_Normal_Large,Carpentry and joinery,Carpentry,"Early Modern doors, locks and gates catalogue; culture admission Ethiopian Red Sea; availability Early Modern. Door behaviour is limited to the attached supported component profile."
earlymodern_door_eth_courtyard_gate_502,Early Modern,Early Modern,"Doors, locks & gates",door or gate,Ethiopian Red Sea,gate,a reed wrought iron courtyard gate,wrought iron,VeryLarge,Good,36600,243,Era / Early Modern Era; Functions / Household Items / Household Construction Materials; Market / Household Goods / Standard Wares,Holdable; Destroyable_Door; Door_Lockable_Normal_Large,Carpentry and joinery,Carpentry,"Early Modern doors, locks and gates catalogue; culture admission Ethiopian Red Sea; availability Early Modern. Door behaviour is limited to the attached supported component profile."
earlymodern_door_eth_warehouse_gate_503,Early Modern,Early Modern,"Doors, locks & gates",door or gate,Ethiopian Red Sea,gate,a checker bronze warehouse gate,bronze,VeryLarge,Standard,38400,254,Era / Early Modern Era; Functions / Household Items / Household Construction Materials; Market / Household Goods / Standard Wares,Holdable; Destroyable_Door; Door_Lockable_Tough_Large,Carpentry and joinery,Carpentry,"Early Modern doors, locks and gates catalogue; culture admission Ethiopian Red Sea; availability Early Modern. Door behaviour is limited to the attached supported component profile."
earlymodern_door_eth_garden_gate_504,Early Modern,Early Modern,"Doors, locks & gates",door or gate,Ethiopian Red Sea,gate,a radiating oak garden gate,oak,VeryLarge,Poor,40200,265,Era / Early Modern Era; Functions / Household Items / Household Construction Materials; Market / Construction Materials / Worked Timber,Holdable; Destroyable_Door; Door_Normal_Large,Carpentry and joinery,Carpentry,"Early Modern doors, locks and gates catalogue; culture admission Ethiopian Red Sea; availability Early Modern. Door behaviour is limited to the attached supported component profile."
earlymodern_door_eth_grille_505,Early Modern,Early Modern,"Doors, locks & gates",door or gate,Ethiopian Red Sea,grille,a sunburst brass metal grille,brass,Large,Standard,42000,276,Era / Early Modern Era; Functions / Household Items / Household Construction Materials; Market / Household Goods / Standard Wares,Holdable; Destroyable_Door; Door_Secure_Large,Carpentry and joinery,Carpentry,"Early Modern doors, locks and gates catalogue; culture admission Ethiopian Red Sea; availability Early Modern. Door behaviour is limited to the attached supported component profile."
earlymodern_door_eth_strike_plate_506,Early Modern,Early Modern,"Doors, locks & gates",lock and hardware,Ethiopian Red Sea,strike plate,a reed wrought iron strike plate,wrought iron,Small,Good,1180,95,Era / Early Modern Era; Functions / Household Items / Household Wares; Market / Household Goods / Standard Wares,Holdable; Destroyable_HeavyMetal; Latch_Normal,Locksmithing,Blacksmithing,"Early Modern doors, locks and gates hardware catalogue; culture admission Ethiopian Red Sea; availability Early Modern. It does not imply a custom matched-key or hidden-lock system."
earlymodern_door_eth_hinge_pair_507,Early Modern,Early Modern,"Doors, locks & gates",lock and hardware,Ethiopian Red Sea,hinges,a rosette bronze hinge pair,bronze,Small,Good,1265,103,Era / Early Modern Era; Functions / Household Items / Household Wares; Market / Household Goods / Standard Wares,Holdable; Destroyable_HeavyMetal; Latch_Normal,Locksmithing,Blacksmithing,"Early Modern doors, locks and gates hardware catalogue; culture admission Ethiopian Red Sea; availability Early Modern. It does not imply a custom matched-key or hidden-lock system."
earlymodern_door_eth_keyring_508,Early Modern,Early Modern,"Doors, locks & gates",lock and hardware,Ethiopian Red Sea,keyring,a checker brass keyring,brass,Small,Standard,1350,111,Era / Early Modern Era; Functions / Household Items / Household Wares; Market / Household Goods / Standard Wares,Holdable; Destroyable_HeavyMetal; Warded_Key,Locksmithing,Blacksmithing,"Early Modern doors, locks and gates hardware catalogue; culture admission Ethiopian Red Sea; availability Early Modern. It does not imply a custom matched-key or hidden-lock system."
earlymodern_door_eth_escutcheon_509,Early Modern,Early Modern,"Doors, locks & gates",lock and hardware,Ethiopian Red Sea,escutcheon,a braided copper keyhole escutcheon,copper,Small,VeryGood,1435,119,Era / Early Modern Era; Functions / Household Items / Household Wares; Market / Household Goods / Standard Wares,Holdable; Destroyable_HeavyMetal; Latch_Normal,Locksmithing,Blacksmithing,"Early Modern doors, locks and gates hardware catalogue; culture admission Ethiopian Red Sea; availability Early Modern. It does not imply a custom matched-key or hidden-lock system."
earlymodern_door_eth_warded_lock_510,Early Modern,Early Modern,"Doors, locks & gates",lock and hardware,Ethiopian Red Sea,lock,a radiating pewter warded lock,pewter,Small,Good,1520,127,Era / Early Modern Era; Functions / Household Items / Household Wares; Market / Household Goods / Standard Wares,Holdable; Destroyable_HeavyMetal; Warded_Lock_Normal,Locksmithing,Blacksmithing,"Early Modern doors, locks and gates hardware catalogue; culture admission Ethiopian Red Sea; availability Early Modern. It does not imply a custom matched-key or hidden-lock system."
earlymodern_door_eth_good_warded_lock_511,Early Modern,Early Modern,"Doors, locks & gates",lock and hardware,Ethiopian Red Sea,lock,a leaf-scroll wrought iron fine warded lock,wrought iron,Small,Standard,160,135,Era / Early Modern Era; Functions / Household Items / Household Wares; Market / Household Goods / Standard Wares,Holdable; Destroyable_HeavyMetal; Warded_Lock_Good,Locksmithing,Blacksmithing,"Early Modern doors, locks and gates hardware catalogue; culture admission Ethiopian Red Sea; availability Early Modern. It does not imply a custom matched-key or hidden-lock system."
earlymodern_door_eth_master_warded_lock_512,Early Modern,Early Modern,"Doors, locks & gates",lock and hardware,Ethiopian Red Sea,lock,a sunburst bronze master warded lock,bronze,Small,Poor,245,143,Era / Early Modern Era; Functions / Household Items / Household Wares; Market / Household Goods / Standard Wares,Holdable; Destroyable_HeavyMetal; Warded_Lock_Master,Locksmithing,Blacksmithing,"Early Modern doors, locks and gates hardware catalogue; culture admission Ethiopian Red Sea; availability Early Modern. It does not imply a custom matched-key or hidden-lock system."
earlymodern_door_swa_panel_door_514,Early Modern,Early Modern,"Doors, locks & gates",door or gate,Swahili Coast Indian Ocean Africa,door,a knotted pine door leaf,pine,Large,Good,24000,122,Era / Early Modern Era; Functions / Household Items / Household Construction Materials; Market / Construction Materials / Worked Timber,Holdable; Destroyable_Door; Door_Normal_Large,Carpentry and joinery,Carpentry,"Early Modern doors, locks and gates catalogue; culture admission Swahili Coast Indian Ocean Africa; availability Early Modern. Door behaviour is limited to the attached supported component profile."
earlymodern_door_swa_braced_door_515,Early Modern,Early Modern,"Doors, locks & gates",door or gate,Swahili Coast Indian Ocean Africa,door,a star cedar braced door,cedar,Large,Good,25800,133,Era / Early Modern Era; Functions / Household Items / Household Construction Materials; Market / Construction Materials / Worked Timber,Holdable; Destroyable_Door; Door_Tough_Large,Carpentry and joinery,Carpentry,"Early Modern doors, locks and gates catalogue; culture admission Swahili Coast Indian Ocean Africa; availability Early Modern. Door behaviour is limited to the attached supported component profile."
earlymodern_door_swa_lockable_door_516,Early Modern,Early Modern,"Doors, locks & gates",door or gate,Swahili Coast Indian Ocean Africa,door,a vine teak lockable door,teak,Large,Standard,27600,144,Era / Early Modern Era; Functions / Household Items / Household Construction Materials; Market / Construction Materials / Worked Timber,Holdable; Destroyable_Door; Door_Lockable_Normal_Large,Carpentry and joinery,Carpentry,"Early Modern doors, locks and gates catalogue; culture admission Swahili Coast Indian Ocean Africa; availability Early Modern. Door behaviour is limited to the attached supported component profile."
earlymodern_door_swa_secure_door_517,Early Modern,Early Modern,"Doors, locks & gates",door or gate,Swahili Coast Indian Ocean Africa,door,a cloud wood secure door,wood,Large,VeryGood,29400,155,Era / Early Modern Era; Functions / Household Items / Household Construction Materials; Market / Construction Materials / Worked Timber,Holdable; Destroyable_Door; Door_Lockable_Secure_Large,Carpentry and joinery,Carpentry,"Early Modern doors, locks and gates catalogue; culture admission Swahili Coast Indian Ocean Africa; availability Early Modern. Door behaviour is limited to the attached supported component profile."
earlymodern_door_swa_shutter_518,Early Modern,Early Modern,"Doors, locks & gates",door or gate,Swahili Coast Indian Ocean Africa,shutter,a reed oak shuttered opening,oak,Large,Good,31200,166,Era / Early Modern Era; Functions / Household Items / Household Construction Materials; Market / Construction Materials / Worked Timber,Holdable; Destroyable_Door; Door_Bad_Large,Carpentry and joinery,Carpentry,"Early Modern doors, locks and gates catalogue; culture admission Swahili Coast Indian Ocean Africa; availability Early Modern. Door behaviour is limited to the attached supported component profile."
earlymodern_door_swa_screen_519,Early Modern,Early Modern,"Doors, locks & gates",door or gate,Swahili Coast Indian Ocean Africa,screen,a checker wood screen door,wood,Large,Standard,33000,177,Era / Early Modern Era; Functions / Household Items / Household Construction Materials; Market / Construction Materials / Worked Timber,Holdable; Destroyable_Door; Door_Bad_Large,Carpentry and joinery,Carpentry,"Early Modern doors, locks and gates catalogue; culture admission Swahili Coast Indian Ocean Africa; availability Early Modern. Door behaviour is limited to the attached supported component profile."
earlymodern_door_swa_lattice_gate_520,Early Modern,Early Modern,"Doors, locks & gates",door or gate,Swahili Coast Indian Ocean Africa,gate,a radiating teak lattice gate,teak,VeryLarge,Poor,34800,188,Era / Early Modern Era; Functions / Household Items / Household Construction Materials; Market / Construction Materials / Worked Timber,Holdable; Destroyable_Door; Door_Normal_Large,Carpentry and joinery,Carpentry,"Early Modern doors, locks and gates catalogue; culture admission Swahili Coast Indian Ocean Africa; availability Early Modern. Door behaviour is limited to the attached supported component profile."
earlymodern_door_swa_courtyard_gate_521,Early Modern,Early Modern,"Doors, locks & gates",door or gate,Swahili Coast Indian Ocean Africa,gate,a sunburst wrought iron courtyard gate,wrought iron,VeryLarge,Standard,36600,199,Era / Early Modern Era; Functions / Household Items / Household Construction Materials; Market / Household Goods / Standard Wares,Holdable; Destroyable_Door; Door_Lockable_Normal_Large,Carpentry and joinery,Carpentry,"Early Modern doors, locks and gates catalogue; culture admission Swahili Coast Indian Ocean Africa; availability Early Modern. Door behaviour is limited to the attached supported component profile."
earlymodern_door_swa_warehouse_gate_522,Early Modern,Early Modern,"Doors, locks & gates",door or gate,Swahili Coast Indian Ocean Africa,gate,a knotted bronze warehouse gate,bronze,VeryLarge,Good,38400,210,Era / Early Modern Era; Functions / Household Items / Household Construction Materials; Market / Household Goods / Standard Wares,Holdable; Destroyable_Door; Door_Lockable_Tough_Large,Carpentry and joinery,Carpentry,"Early Modern doors, locks and gates catalogue; culture admission Swahili Coast Indian Ocean Africa; availability Early Modern. Door behaviour is limited to the attached supported component profile."
earlymodern_door_swa_garden_gate_523,Early Modern,Early Modern,"Doors, locks & gates",door or gate,Swahili Coast Indian Ocean Africa,gate,a star oak garden gate,oak,VeryLarge,Good,40200,221,Era / Early Modern Era; Functions / Household Items / Household Construction Materials; Market / Construction Materials / Worked Timber,Holdable; Destroyable_Door; Door_Normal_Large,Carpentry and joinery,Carpentry,"Early Modern doors, locks and gates catalogue; culture admission Swahili Coast Indian Ocean Africa; availability Early Modern. Door behaviour is limited to the attached supported component profile."
earlymodern_door_swa_grille_524,Early Modern,Early Modern,"Doors, locks & gates",door or gate,Swahili Coast Indian Ocean Africa,grille,a vine bronze metal grille,bronze,Large,Standard,42000,232,Era / Early Modern Era; Functions / Household Items / Household Construction Materials; Market / Household Goods / Standard Wares,Holdable; Destroyable_Door; Door_Secure_Large,Carpentry and joinery,Carpentry,"Early Modern doors, locks and gates catalogue; culture admission Swahili Coast Indian Ocean Africa; availability Early Modern. Door behaviour is limited to the attached supported component profile."
earlymodern_door_swa_strike_plate_525,Early Modern,Early Modern,"Doors, locks & gates",lock and hardware,Swahili Coast Indian Ocean Africa,strike plate,a braided pewter strike plate,pewter,Small,VeryGood,1350,95,Era / Early Modern Era; Functions / Household Items / Household Wares; Market / Household Goods / Standard Wares,Holdable; Destroyable_HeavyMetal; Latch_Normal,Locksmithing,Blacksmithing,"Early Modern doors, locks and gates hardware catalogue; culture admission Swahili Coast Indian Ocean Africa; availability Early Modern. It does not imply a custom matched-key or hidden-lock system."
earlymodern_door_swa_hinge_pair_526,Early Modern,Early Modern,"Doors, locks & gates",lock and hardware,Swahili Coast Indian Ocean Africa,hinges,a radiating wrought iron hinge pair,wrought iron,Small,Good,1435,103,Era / Early Modern Era; Functions / Household Items / Household Wares; Market / Household Goods / Standard Wares,Holdable; Destroyable_HeavyMetal; Latch_Normal,Locksmithing,Blacksmithing,"Early Modern doors, locks and gates hardware catalogue; culture admission Swahili Coast Indian Ocean Africa; availability Early Modern. It does not imply a custom matched-key or hidden-lock system."
earlymodern_door_swa_keyring_527,Early Modern,Early Modern,"Doors, locks & gates",lock and hardware,Swahili Coast Indian Ocean Africa,keyring,a leaf-scroll bronze keyring,bronze,Small,Standard,1520,111,Era / Early Modern Era; Functions / Household Items / Household Wares; Market / Household Goods / Standard Wares,Holdable; Destroyable_HeavyMetal; Warded_Key,Locksmithing,Blacksmithing,"Early Modern doors, locks and gates hardware catalogue; culture admission Swahili Coast Indian Ocean Africa; availability Early Modern. It does not imply a custom matched-key or hidden-lock system."
earlymodern_door_swa_escutcheon_528,Early Modern,Early Modern,"Doors, locks & gates",lock and hardware,Swahili Coast Indian Ocean Africa,escutcheon,a sunburst brass keyhole escutcheon,brass,Small,Poor,160,119,Era / Early Modern Era; Functions / Household Items / Household Wares; Market / Household Goods / Standard Wares,Holdable; Destroyable_HeavyMetal; Latch_Normal,Locksmithing,Blacksmithing,"Early Modern doors, locks and gates hardware catalogue; culture admission Swahili Coast Indian Ocean Africa; availability Early Modern. It does not imply a custom matched-key or hidden-lock system."
earlymodern_door_swa_warded_lock_529,Early Modern,Early Modern,"Doors, locks & gates",lock and hardware,Swahili Coast Indian Ocean Africa,lock,a water-wave copper warded lock,copper,Small,Standard,245,127,Era / Early Modern Era; Functions / Household Items / Household Wares; Market / Household Goods / Standard Wares,Holdable; Destroyable_HeavyMetal; Warded_Lock_Normal,Locksmithing,Blacksmithing,"Early Modern doors, locks and gates hardware catalogue; culture admission Swahili Coast Indian Ocean Africa; availability Early Modern. It does not imply a custom matched-key or hidden-lock system."
earlymodern_door_swa_good_warded_lock_530,Early Modern,Early Modern,"Doors, locks & gates",lock and hardware,Swahili Coast Indian Ocean Africa,lock,a knotted pewter fine warded lock,pewter,Small,Good,330,135,Era / Early Modern Era; Functions / Household Items / Household Wares; Market / Household Goods / Standard Wares,Holdable; Destroyable_HeavyMetal; Warded_Lock_Good,Locksmithing,Blacksmithing,"Early Modern doors, locks and gates hardware catalogue; culture admission Swahili Coast Indian Ocean Africa; availability Early Modern. It does not imply a custom matched-key or hidden-lock system."
earlymodern_door_swa_master_warded_lock_531,Early Modern,Early Modern,"Doors, locks & gates",lock and hardware,Swahili Coast Indian Ocean Africa,lock,a flower-head wrought iron master warded lock,wrought iron,Small,Good,415,143,Era / Early Modern Era; Functions / Household Items / Household Wares; Market / Household Goods / Standard Wares,Holdable; Destroyable_HeavyMetal; Warded_Lock_Master,Locksmithing,Blacksmithing,"Early Modern doors, locks and gates hardware catalogue; culture admission Swahili Coast Indian Ocean Africa; availability Early Modern. It does not imply a custom matched-key or hidden-lock system."
earlymodern_door_spa_panel_door_533,Early Modern,Early Modern,"Doors, locks & gates",door or gate,Spanish colonial Americas,door,a sunburst cedar door leaf,cedar,Large,VeryGood,24000,78,Era / Early Modern Era; Functions / Household Items / Household Construction Materials; Market / Construction Materials / Worked Timber,Holdable; Destroyable_Door; Door_Normal_Large,Carpentry and joinery,Carpentry,"Early Modern doors, locks and gates catalogue; culture admission Spanish colonial Americas; availability Early Modern. Door behaviour is limited to the attached supported component profile."
earlymodern_door_spa_braced_door_534,Early Modern,Early Modern,"Doors, locks & gates",door or gate,Spanish colonial Americas,door,a knotted teak braced door,teak,Large,Good,25800,89,Era / Early Modern Era; Functions / Household Items / Household Construction Materials; Market / Construction Materials / Worked Timber,Holdable; Destroyable_Door; Door_Tough_Large,Carpentry and joinery,Carpentry,"Early Modern doors, locks and gates catalogue; culture admission Spanish colonial Americas; availability Early Modern. Door behaviour is limited to the attached supported component profile."
earlymodern_door_spa_lockable_door_535,Early Modern,Early Modern,"Doors, locks & gates",door or gate,Spanish colonial Americas,door,a star wood lockable door,wood,Large,Standard,27600,100,Era / Early Modern Era; Functions / Household Items / Household Construction Materials; Market / Construction Materials / Worked Timber,Holdable; Destroyable_Door; Door_Lockable_Normal_Large,Carpentry and joinery,Carpentry,"Early Modern doors, locks and gates catalogue; culture admission Spanish colonial Americas; availability Early Modern. Door behaviour is limited to the attached supported component profile."
earlymodern_door_spa_secure_door_536,Early Modern,Early Modern,"Doors, locks & gates",door or gate,Spanish colonial Americas,door,a vine oak secure door,oak,Large,Poor,29400,111,Era / Early Modern Era; Functions / Household Items / Household Construction Materials; Market / Construction Materials / Worked Timber,Holdable; Destroyable_Door; Door_Lockable_Secure_Large,Carpentry and joinery,Carpentry,"Early Modern doors, locks and gates catalogue; culture admission Spanish colonial Americas; availability Early Modern. Door behaviour is limited to the attached supported component profile."
earlymodern_door_spa_shutter_537,Early Modern,Early Modern,"Doors, locks & gates",door or gate,Spanish colonial Americas,shutter,a cloud pine shuttered opening,pine,Large,Standard,31200,122,Era / Early Modern Era; Functions / Household Items / Household Construction Materials; Market / Construction Materials / Worked Timber,Holdable; Destroyable_Door; Door_Bad_Large,Carpentry and joinery,Carpentry,"Early Modern doors, locks and gates catalogue; culture admission Spanish colonial Americas; availability Early Modern. Door behaviour is limited to the attached supported component profile."
earlymodern_door_spa_screen_538,Early Modern,Early Modern,"Doors, locks & gates",door or gate,Spanish colonial Americas,screen,a reed cedar screen door,cedar,Large,Good,33000,133,Era / Early Modern Era; Functions / Household Items / Household Construction Materials; Market / Construction Materials / Worked Timber,Holdable; Destroyable_Door; Door_Bad_Large,Carpentry and joinery,Carpentry,"Early Modern doors, locks and gates catalogue; culture admission Spanish colonial Americas; availability Early Modern. Door behaviour is limited to the attached supported component profile."
earlymodern_door_spa_lattice_gate_539,Early Modern,Early Modern,"Doors, locks & gates",door or gate,Spanish colonial Americas,gate,a checker wrought iron lattice gate,wrought iron,VeryLarge,Good,34800,144,Era / Early Modern Era; Functions / Household Items / Household Construction Materials; Market / Household Goods / Standard Wares,Holdable; Destroyable_Door; Door_Normal_Large,Carpentry and joinery,Carpentry,"Early Modern doors, locks and gates catalogue; culture admission Spanish colonial Americas; availability Early Modern. Door behaviour is limited to the attached supported component profile."
earlymodern_door_spa_courtyard_gate_540,Early Modern,Early Modern,"Doors, locks & gates",door or gate,Spanish colonial Americas,gate,a radiating bronze courtyard gate,bronze,VeryLarge,Standard,36600,155,Era / Early Modern Era; Functions / Household Items / Household Construction Materials; Market / Household Goods / Standard Wares,Holdable; Destroyable_Door; Door_Lockable_Normal_Large,Carpentry and joinery,Carpentry,"Early Modern doors, locks and gates catalogue; culture admission Spanish colonial Americas; availability Early Modern. Door behaviour is limited to the attached supported component profile."
earlymodern_door_spa_warehouse_gate_541,Early Modern,Early Modern,"Doors, locks & gates",door or gate,Spanish colonial Americas,gate,a sunburst oak warehouse gate,oak,VeryLarge,VeryGood,38400,166,Era / Early Modern Era; Functions / Household Items / Household Construction Materials; Market / Construction Materials / Worked Timber,Holdable; Destroyable_Door; Door_Lockable_Tough_Large,Carpentry and joinery,Carpentry,"Early Modern doors, locks and gates catalogue; culture admission Spanish colonial Americas; availability Early Modern. Door behaviour is limited to the attached supported component profile."
earlymodern_door_spa_garden_gate_542,Early Modern,Early Modern,"Doors, locks & gates",door or gate,Spanish colonial Americas,gate,a knotted cedar garden gate,cedar,VeryLarge,Good,40200,177,Era / Early Modern Era; Functions / Household Items / Household Construction Materials; Market / Construction Materials / Worked Timber,Holdable; Destroyable_Door; Door_Normal_Large,Carpentry and joinery,Carpentry,"Early Modern doors, locks and gates catalogue; culture admission Spanish colonial Americas; availability Early Modern. Door behaviour is limited to the attached supported component profile."
earlymodern_door_spa_grille_543,Early Modern,Early Modern,"Doors, locks & gates",door or gate,Spanish colonial Americas,grille,a star wrought iron metal grille,wrought iron,Large,Standard,42000,188,Era / Early Modern Era; Functions / Household Items / Household Construction Materials; Market / Household Goods / Standard Wares,Holdable; Destroyable_Door; Door_Secure_Large,Carpentry and joinery,Carpentry,"Early Modern doors, locks and gates catalogue; culture admission Spanish colonial Americas; availability Early Modern. Door behaviour is limited to the attached supported component profile."
earlymodern_door_spa_strike_plate_544,Early Modern,Early Modern,"Doors, locks & gates",lock and hardware,Spanish colonial Americas,strike plate,a sunburst copper strike plate,copper,Small,Poor,1520,95,Era / Early Modern Era; Functions / Household Items / Household Wares; Market / Household Goods / Standard Wares,Holdable; Destroyable_HeavyMetal; Latch_Normal,Locksmithing,Blacksmithing,"Early Modern doors, locks and gates hardware catalogue; culture admission Spanish colonial Americas; availability Early Modern. It does not imply a custom matched-key or hidden-lock system."
earlymodern_door_spa_hinge_pair_545,Early Modern,Early Modern,"Doors, locks & gates",lock and hardware,Spanish colonial Americas,hinges,a water-wave pewter hinge pair,pewter,Small,Standard,160,103,Era / Early Modern Era; Functions / Household Items / Household Wares; Market / Household Goods / Standard Wares,Holdable; Destroyable_HeavyMetal; Latch_Normal,Locksmithing,Blacksmithing,"Early Modern doors, locks and gates hardware catalogue; culture admission Spanish colonial Americas; availability Early Modern. It does not imply a custom matched-key or hidden-lock system."
earlymodern_door_spa_keyring_546,Early Modern,Early Modern,"Doors, locks & gates",lock and hardware,Spanish colonial Americas,keyring,a knotted wrought iron keyring,wrought iron,Small,Good,245,111,Era / Early Modern Era; Functions / Household Items / Household Wares; Market / Household Goods / Standard Wares,Holdable; Destroyable_HeavyMetal; Warded_Key,Locksmithing,Blacksmithing,"Early Modern doors, locks and gates hardware catalogue; culture admission Spanish colonial Americas; availability Early Modern. It does not imply a custom matched-key or hidden-lock system."
earlymodern_door_spa_escutcheon_547,Early Modern,Early Modern,"Doors, locks & gates",lock and hardware,Spanish colonial Americas,escutcheon,a flower-head bronze keyhole escutcheon,bronze,Small,Good,330,119,Era / Early Modern Era; Functions / Household Items / Household Wares; Market / Household Goods / Standard Wares,Holdable; Destroyable_HeavyMetal; Latch_Normal,Locksmithing,Blacksmithing,"Early Modern doors, locks and gates hardware catalogue; culture admission Spanish colonial Americas; availability Early Modern. It does not imply a custom matched-key or hidden-lock system."
earlymodern_door_spa_warded_lock_548,Early Modern,Early Modern,"Doors, locks & gates",lock and hardware,Spanish colonial Americas,lock,a star brass warded lock,brass,Small,Standard,415,127,Era / Early Modern Era; Functions / Household Items / Household Wares; Market / Household Goods / Standard Wares,Holdable; Destroyable_HeavyMetal; Warded_Lock_Normal,Locksmithing,Blacksmithing,"Early Modern doors, locks and gates hardware catalogue; culture admission Spanish colonial Americas; availability Early Modern. It does not imply a custom matched-key or hidden-lock system."
earlymodern_door_spa_good_warded_lock_549,Early Modern,Early Modern,"Doors, locks & gates",lock and hardware,Spanish colonial Americas,lock,a bird copper fine warded lock,copper,Small,VeryGood,500,135,Era / Early Modern Era; Functions / Household Items / Household Wares; Market / Household Goods / Standard Wares,Holdable; Destroyable_HeavyMetal; Warded_Lock_Good,Locksmithing,Blacksmithing,"Early Modern doors, locks and gates hardware catalogue; culture admission Spanish colonial Americas; availability Early Modern. It does not imply a custom matched-key or hidden-lock system."
earlymodern_door_spa_master_warded_lock_550,Early Modern,Early Modern,"Doors, locks & gates",lock and hardware,Spanish colonial Americas,lock,a vine pewter master warded lock,pewter,Small,Good,585,143,Era / Early Modern Era; Functions / Household Items / Household Wares; Market / Household Goods / Standard Wares,Holdable; Destroyable_HeavyMetal; Warded_Lock_Master,Locksmithing,Blacksmithing,"Early Modern doors, locks and gates hardware catalogue; culture admission Spanish colonial Americas; availability Early Modern. It does not imply a custom matched-key or hidden-lock system."
earlymodern_door_bra_panel_door_552,Early Modern,Early Modern,"Doors, locks & gates",door or gate,Portuguese Brazil Atlantic plantation,door,a knotted teak door leaf,teak,Large,Poor,24000,287,Era / Early Modern Era; Functions / Household Items / Household Construction Materials; Market / Construction Materials / Worked Timber,Holdable; Destroyable_Door; Door_Normal_Large,Carpentry and joinery,Carpentry,"Early Modern doors, locks and gates catalogue; culture admission Portuguese Brazil Atlantic plantation; availability Early Modern. Door behaviour is limited to the attached supported component profile."
earlymodern_door_bra_braced_door_553,Early Modern,Early Modern,"Doors, locks & gates",door or gate,Portuguese Brazil Atlantic plantation,door,a star wood braced door,wood,Large,Standard,25800,45,Era / Early Modern Era; Functions / Household Items / Household Construction Materials; Market / Construction Materials / Worked Timber,Holdable; Destroyable_Door; Door_Tough_Large,Carpentry and joinery,Carpentry,"Early Modern doors, locks and gates catalogue; culture admission Portuguese Brazil Atlantic plantation; availability Early Modern. Door behaviour is limited to the attached supported component profile."
earlymodern_door_bra_lockable_door_554,Early Modern,Early Modern,"Doors, locks & gates",door or gate,Portuguese Brazil Atlantic plantation,door,a vine oak lockable door,oak,Large,Good,27600,56,Era / Early Modern Era; Functions / Household Items / Household Construction Materials; Market / Construction Materials / Worked Timber,Holdable; Destroyable_Door; Door_Lockable_Normal_Large,Carpentry and joinery,Carpentry,"Early Modern doors, locks and gates catalogue; culture admission Portuguese Brazil Atlantic plantation; availability Early Modern. Door behaviour is limited to the attached supported component profile."
earlymodern_door_bra_secure_door_555,Early Modern,Early Modern,"Doors, locks & gates",door or gate,Portuguese Brazil Atlantic plantation,door,a cloud pine secure door,pine,Large,Good,29400,67,Era / Early Modern Era; Functions / Household Items / Household Construction Materials; Market / Construction Materials / Worked Timber,Holdable; Destroyable_Door; Door_Lockable_Secure_Large,Carpentry and joinery,Carpentry,"Early Modern doors, locks and gates catalogue; culture admission Portuguese Brazil Atlantic plantation; availability Early Modern. Door behaviour is limited to the attached supported component profile."
earlymodern_door_bra_shutter_556,Early Modern,Early Modern,"Doors, locks & gates",door or gate,Portuguese Brazil Atlantic plantation,shutter,a reed cedar shuttered opening,cedar,Large,Standard,31200,78,Era / Early Modern Era; Functions / Household Items / Household Construction Materials; Market / Construction Materials / Worked Timber,Holdable; Destroyable_Door; Door_Bad_Large,Carpentry and joinery,Carpentry,"Early Modern doors, locks and gates catalogue; culture admission Portuguese Brazil Atlantic plantation; availability Early Modern. Door behaviour is limited to the attached supported component profile."
earlymodern_door_bra_screen_557,Early Modern,Early Modern,"Doors, locks & gates",door or gate,Portuguese Brazil Atlantic plantation,screen,a checker teak screen door,teak,Large,VeryGood,33000,89,Era / Early Modern Era; Functions / Household Items / Household Construction Materials; Market / Construction Materials / Worked Timber,Holdable; Destroyable_Door; Door_Bad_Large,Carpentry and joinery,Carpentry,"Early Modern doors, locks and gates catalogue; culture admission Portuguese Brazil Atlantic plantation; availability Early Modern. Door behaviour is limited to the attached supported component profile."
earlymodern_door_bra_lattice_gate_558,Early Modern,Early Modern,"Doors, locks & gates",door or gate,Portuguese Brazil Atlantic plantation,gate,a radiating bronze lattice gate,bronze,VeryLarge,Good,34800,100,Era / Early Modern Era; Functions / Household Items / Household Construction Materials; Market / Household Goods / Standard Wares,Holdable; Destroyable_Door; Door_Normal_Large,Carpentry and joinery,Carpentry,"Early Modern doors, locks and gates catalogue; culture admission Portuguese Brazil Atlantic plantation; availability Early Modern. Door behaviour is limited to the attached supported component profile."
earlymodern_door_bra_courtyard_gate_559,Early Modern,Early Modern,"Doors, locks & gates",door or gate,Portuguese Brazil Atlantic plantation,gate,a sunburst oak courtyard gate,oak,VeryLarge,Standard,36600,111,Era / Early Modern Era; Functions / Household Items / Household Construction Materials; Market / Construction Materials / Worked Timber,Holdable; Destroyable_Door; Door_Lockable_Normal_Large,Carpentry and joinery,Carpentry,"Early Modern doors, locks and gates catalogue; culture admission Portuguese Brazil Atlantic plantation; availability Early Modern. Door behaviour is limited to the attached supported component profile."
earlymodern_door_bra_warehouse_gate_560,Early Modern,Early Modern,"Doors, locks & gates",door or gate,Portuguese Brazil Atlantic plantation,gate,a knotted cedar warehouse gate,cedar,VeryLarge,Poor,38400,122,Era / Early Modern Era; Functions / Household Items / Household Construction Materials; Market / Construction Materials / Worked Timber,Holdable; Destroyable_Door; Door_Lockable_Tough_Large,Carpentry and joinery,Carpentry,"Early Modern doors, locks and gates catalogue; culture admission Portuguese Brazil Atlantic plantation; availability Early Modern. Door behaviour is limited to the attached supported component profile."
earlymodern_door_bra_garden_gate_561,Early Modern,Early Modern,"Doors, locks & gates",door or gate,Portuguese Brazil Atlantic plantation,gate,a star teak garden gate,teak,VeryLarge,Standard,40200,133,Era / Early Modern Era; Functions / Household Items / Household Construction Materials; Market / Construction Materials / Worked Timber,Holdable; Destroyable_Door; Door_Normal_Large,Carpentry and joinery,Carpentry,"Early Modern doors, locks and gates catalogue; culture admission Portuguese Brazil Atlantic plantation; availability Early Modern. Door behaviour is limited to the attached supported component profile."
earlymodern_door_bra_grille_562,Early Modern,Early Modern,"Doors, locks & gates",door or gate,Portuguese Brazil Atlantic plantation,grille,a vine bronze metal grille,bronze,Large,Good,42000,144,Era / Early Modern Era; Functions / Household Items / Household Construction Materials; Market / Household Goods / Standard Wares,Holdable; Destroyable_Door; Door_Secure_Large,Carpentry and joinery,Carpentry,"Early Modern doors, locks and gates catalogue; culture admission Portuguese Brazil Atlantic plantation; availability Early Modern. Door behaviour is limited to the attached supported component profile."
earlymodern_door_bra_strike_plate_563,Early Modern,Early Modern,"Doors, locks & gates",lock and hardware,Portuguese Brazil Atlantic plantation,strike plate,a rosette brass strike plate,brass,Small,Good,245,95,Era / Early Modern Era; Functions / Household Items / Household Wares; Market / Household Goods / Standard Wares,Holdable; Destroyable_HeavyMetal; Latch_Normal,Locksmithing,Blacksmithing,"Early Modern doors, locks and gates hardware catalogue; culture admission Portuguese Brazil Atlantic plantation; availability Early Modern. It does not imply a custom matched-key or hidden-lock system."
earlymodern_door_bra_hinge_pair_564,Early Modern,Early Modern,"Doors, locks & gates",lock and hardware,Portuguese Brazil Atlantic plantation,hinges,a checker copper hinge pair,copper,Small,Standard,330,103,Era / Early Modern Era; Functions / Household Items / Household Wares; Market / Household Goods / Standard Wares,Holdable; Destroyable_HeavyMetal; Latch_Normal,Locksmithing,Blacksmithing,"Early Modern doors, locks and gates hardware catalogue; culture admission Portuguese Brazil Atlantic plantation; availability Early Modern. It does not imply a custom matched-key or hidden-lock system."
earlymodern_door_bra_keyring_565,Early Modern,Early Modern,"Doors, locks & gates",lock and hardware,Portuguese Brazil Atlantic plantation,keyring,a braided pewter keyring,pewter,Small,VeryGood,415,111,Era / Early Modern Era; Functions / Household Items / Household Wares; Market / Household Goods / Standard Wares,Holdable; Destroyable_HeavyMetal; Warded_Key,Locksmithing,Blacksmithing,"Early Modern doors, locks and gates hardware catalogue; culture admission Portuguese Brazil Atlantic plantation; availability Early Modern. It does not imply a custom matched-key or hidden-lock system."
earlymodern_door_bra_escutcheon_566,Early Modern,Early Modern,"Doors, locks & gates",lock and hardware,Portuguese Brazil Atlantic plantation,escutcheon,a radiating wrought iron keyhole escutcheon,wrought iron,Small,Good,500,119,Era / Early Modern Era; Functions / Household Items / Household Wares; Market / Household Goods / Standard Wares,Holdable; Destroyable_HeavyMetal; Latch_Normal,Locksmithing,Blacksmithing,"Early Modern doors, locks and gates hardware catalogue; culture admission Portuguese Brazil Atlantic plantation; availability Early Modern. It does not imply a custom matched-key or hidden-lock system."
earlymodern_door_bra_warded_lock_567,Early Modern,Early Modern,"Doors, locks & gates",lock and hardware,Portuguese Brazil Atlantic plantation,lock,a leaf-scroll bronze warded lock,bronze,Small,Standard,585,127,Era / Early Modern Era; Functions / Household Items / Household Wares; Market / Household Goods / Standard Wares,Holdable; Destroyable_HeavyMetal; Warded_Lock_Normal,Locksmithing,Blacksmithing,"Early Modern doors, locks and gates hardware catalogue; culture admission Portuguese Brazil Atlantic plantation; availability Early Modern. It does not imply a custom matched-key or hidden-lock system."
earlymodern_door_bra_good_warded_lock_568,Early Modern,Early Modern,"Doors, locks & gates",lock and hardware,Portuguese Brazil Atlantic plantation,lock,a sunburst brass fine warded lock,brass,Small,Poor,670,135,Era / Early Modern Era; Functions / Household Items / Household Wares; Market / Household Goods / Standard Wares,Holdable; Destroyable_HeavyMetal; Warded_Lock_Good,Locksmithing,Blacksmithing,"Early Modern doors, locks and gates hardware catalogue; culture admission Portuguese Brazil Atlantic plantation; availability Early Modern. It does not imply a custom matched-key or hidden-lock system."
earlymodern_door_bra_master_warded_lock_569,Early Modern,Early Modern,"Doors, locks & gates",lock and hardware,Portuguese Brazil Atlantic plantation,lock,a water-wave copper master warded lock,copper,Small,Standard,755,143,Era / Early Modern Era; Functions / Household Items / Household Wares; Market / Household Goods / Standard Wares,Holdable; Destroyable_HeavyMetal; Warded_Lock_Master,Locksmithing,Blacksmithing,"Early Modern doors, locks and gates hardware catalogue; culture admission Portuguese Brazil Atlantic plantation; availability Early Modern. It does not imply a custom matched-key or hidden-lock system."
earlymodern_door_ena_panel_door_571,Early Modern,Early Modern,"Doors, locks & gates",door or gate,English French Dutch colonial North America,door,a radiating teak door leaf,teak,Large,Good,24000,243,Era / Early Modern Era; Functions / Household Items / Household Construction Materials; Market / Construction Materials / Worked Timber,Holdable; Destroyable_Door; Door_Normal_Large,Carpentry and joinery,Carpentry,"Early Modern doors, locks and gates catalogue; culture admission English French Dutch colonial North America; availability Early Modern. Door behaviour is limited to the attached supported component profile."
earlymodern_door_ena_braced_door_572,Early Modern,Early Modern,"Doors, locks & gates",door or gate,English French Dutch colonial North America,door,a sunburst wood braced door,wood,Large,Standard,25800,254,Era / Early Modern Era; Functions / Household Items / Household Construction Materials; Market / Construction Materials / Worked Timber,Holdable; Destroyable_Door; Door_Tough_Large,Carpentry and joinery,Carpentry,"Early Modern doors, locks and gates catalogue; culture admission English French Dutch colonial North America; availability Early Modern. Door behaviour is limited to the attached supported component profile."
earlymodern_door_ena_lockable_door_573,Early Modern,Early Modern,"Doors, locks & gates",door or gate,English French Dutch colonial North America,door,a knotted oak lockable door,oak,Large,VeryGood,27600,265,Era / Early Modern Era; Functions / Household Items / Household Construction Materials; Market / Construction Materials / Worked Timber,Holdable; Destroyable_Door; Door_Lockable_Normal_Large,Carpentry and joinery,Carpentry,"Early Modern doors, locks and gates catalogue; culture admission English French Dutch colonial North America; availability Early Modern. Door behaviour is limited to the attached supported component profile."
earlymodern_door_ena_secure_door_574,Early Modern,Early Modern,"Doors, locks & gates",door or gate,English French Dutch colonial North America,door,a star pine secure door,pine,Large,Good,29400,276,Era / Early Modern Era; Functions / Household Items / Household Construction Materials; Market / Construction Materials / Worked Timber,Holdable; Destroyable_Door; Door_Lockable_Secure_Large,Carpentry and joinery,Carpentry,"Early Modern doors, locks and gates catalogue; culture admission English French Dutch colonial North America; availability Early Modern. Door behaviour is limited to the attached supported component profile."
earlymodern_door_ena_shutter_575,Early Modern,Early Modern,"Doors, locks & gates",door or gate,English French Dutch colonial North America,shutter,a vine cedar shuttered opening,cedar,Large,Standard,31200,287,Era / Early Modern Era; Functions / Household Items / Household Construction Materials; Market / Construction Materials / Worked Timber,Holdable; Destroyable_Door; Door_Bad_Large,Carpentry and joinery,Carpentry,"Early Modern doors, locks and gates catalogue; culture admission English French Dutch colonial North America; availability Early Modern. Door behaviour is limited to the attached supported component profile."
earlymodern_door_ena_screen_576,Early Modern,Early Modern,"Doors, locks & gates",door or gate,English French Dutch colonial North America,screen,a cloud cedar screen door,cedar,Large,Poor,33000,45,Era / Early Modern Era; Functions / Household Items / Household Construction Materials; Market / Construction Materials / Worked Timber,Holdable; Destroyable_Door; Door_Bad_Large,Carpentry and joinery,Carpentry,"Early Modern doors, locks and gates catalogue; culture admission English French Dutch colonial North America; availability Early Modern. Door behaviour is limited to the attached supported component profile."
earlymodern_door_ena_lattice_gate_577,Early Modern,Early Modern,"Doors, locks & gates",door or gate,English French Dutch colonial North America,gate,a reed bronze lattice gate,bronze,VeryLarge,Standard,34800,56,Era / Early Modern Era; Functions / Household Items / Household Construction Materials; Market / Household Goods / Standard Wares,Holdable; Destroyable_Door; Door_Normal_Large,Carpentry and joinery,Carpentry,"Early Modern doors, locks and gates catalogue; culture admission English French Dutch colonial North America; availability Early Modern. Door behaviour is limited to the attached supported component profile."
earlymodern_door_ena_courtyard_gate_578,Early Modern,Early Modern,"Doors, locks & gates",door or gate,English French Dutch colonial North America,gate,a checker oak courtyard gate,oak,VeryLarge,Good,36600,67,Era / Early Modern Era; Functions / Household Items / Household Construction Materials; Market / Construction Materials / Worked Timber,Holdable; Destroyable_Door; Door_Lockable_Normal_Large,Carpentry and joinery,Carpentry,"Early Modern doors, locks and gates catalogue; culture admission English French Dutch colonial North America; availability Early Modern. Door behaviour is limited to the attached supported component profile."
earlymodern_door_ena_warehouse_gate_579,Early Modern,Early Modern,"Doors, locks & gates",door or gate,English French Dutch colonial North America,gate,a radiating cedar warehouse gate,cedar,VeryLarge,Good,38400,78,Era / Early Modern Era; Functions / Household Items / Household Construction Materials; Market / Construction Materials / Worked Timber,Holdable; Destroyable_Door; Door_Lockable_Tough_Large,Carpentry and joinery,Carpentry,"Early Modern doors, locks and gates catalogue; culture admission English French Dutch colonial North America; availability Early Modern. Door behaviour is limited to the attached supported component profile."
earlymodern_door_ena_garden_gate_580,Early Modern,Early Modern,"Doors, locks & gates",door or gate,English French Dutch colonial North America,gate,a sunburst teak garden gate,teak,VeryLarge,Standard,40200,89,Era / Early Modern Era; Functions / Household Items / Household Construction Materials; Market / Construction Materials / Worked Timber,Holdable; Destroyable_Door; Door_Normal_Large,Carpentry and joinery,Carpentry,"Early Modern doors, locks and gates catalogue; culture admission English French Dutch colonial North America; availability Early Modern. Door behaviour is limited to the attached supported component profile."
earlymodern_door_ena_grille_581,Early Modern,Early Modern,"Doors, locks & gates",door or gate,English French Dutch colonial North America,grille,a knotted brass metal grille,brass,Large,VeryGood,42000,100,Era / Early Modern Era; Functions / Household Items / Household Construction Materials; Market / Household Goods / Standard Wares,Holdable; Destroyable_Door; Door_Secure_Large,Carpentry and joinery,Carpentry,"Early Modern doors, locks and gates catalogue; culture admission English French Dutch colonial North America; availability Early Modern. Door behaviour is limited to the attached supported component profile."
earlymodern_door_ena_strike_plate_582,Early Modern,Early Modern,"Doors, locks & gates",lock and hardware,English French Dutch colonial North America,strike plate,a reed bronze strike plate,bronze,Small,Good,415,95,Era / Early Modern Era; Functions / Household Items / Household Wares; Market / Household Goods / Standard Wares,Holdable; Destroyable_HeavyMetal; Latch_Normal,Locksmithing,Blacksmithing,"Early Modern doors, locks and gates hardware catalogue; culture admission English French Dutch colonial North America; availability Early Modern. It does not imply a custom matched-key or hidden-lock system."
earlymodern_door_ena_hinge_pair_583,Early Modern,Early Modern,"Doors, locks & gates",lock and hardware,English French Dutch colonial North America,hinges,a rosette brass hinge pair,brass,Small,Standard,500,103,Era / Early Modern Era; Functions / Household Items / Household Wares; Market / Household Goods / Standard Wares,Holdable; Destroyable_HeavyMetal; Latch_Normal,Locksmithing,Blacksmithing,"Early Modern doors, locks and gates hardware catalogue; culture admission English French Dutch colonial North America; availability Early Modern. It does not imply a custom matched-key or hidden-lock system."
earlymodern_door_ena_keyring_584,Early Modern,Early Modern,"Doors, locks & gates",lock and hardware,English French Dutch colonial North America,keyring,a checker copper keyring,copper,Small,Poor,585,111,Era / Early Modern Era; Functions / Household Items / Household Wares; Market / Household Goods / Standard Wares,Holdable; Destroyable_HeavyMetal; Warded_Key,Locksmithing,Blacksmithing,"Early Modern doors, locks and gates hardware catalogue; culture admission English French Dutch colonial North America; availability Early Modern. It does not imply a custom matched-key or hidden-lock system."
earlymodern_door_ena_escutcheon_585,Early Modern,Early Modern,"Doors, locks & gates",lock and hardware,English French Dutch colonial North America,escutcheon,a braided pewter keyhole escutcheon,pewter,Small,Standard,670,119,Era / Early Modern Era; Functions / Household Items / Household Wares; Market / Household Goods / Standard Wares,Holdable; Destroyable_HeavyMetal; Latch_Normal,Locksmithing,Blacksmithing,"Early Modern doors, locks and gates hardware catalogue; culture admission English French Dutch colonial North America; availability Early Modern. It does not imply a custom matched-key or hidden-lock system."
earlymodern_door_ena_warded_lock_586,Early Modern,Early Modern,"Doors, locks & gates",lock and hardware,English French Dutch colonial North America,lock,a radiating wrought iron warded lock,wrought iron,Small,Good,755,127,Era / Early Modern Era; Functions / Household Items / Household Wares; Market / Household Goods / Standard Wares,Holdable; Destroyable_HeavyMetal; Warded_Lock_Normal,Locksmithing,Blacksmithing,"Early Modern doors, locks and gates hardware catalogue; culture admission English French Dutch colonial North America; availability Early Modern. It does not imply a custom matched-key or hidden-lock system."
earlymodern_door_ena_good_warded_lock_587,Early Modern,Early Modern,"Doors, locks & gates",lock and hardware,English French Dutch colonial North America,lock,a leaf-scroll bronze fine warded lock,bronze,Small,Good,840,135,Era / Early Modern Era; Functions / Household Items / Household Wares; Market / Household Goods / Standard Wares,Holdable; Destroyable_HeavyMetal; Warded_Lock_Good,Locksmithing,Blacksmithing,"Early Modern doors, locks and gates hardware catalogue; culture admission English French Dutch colonial North America; availability Early Modern. It does not imply a custom matched-key or hidden-lock system."
earlymodern_door_ena_master_warded_lock_588,Early Modern,Early Modern,"Doors, locks & gates",lock and hardware,English French Dutch colonial North America,lock,a sunburst brass master warded lock,brass,Small,Standard,925,143,Era / Early Modern Era; Functions / Household Items / Household Wares; Market / Household Goods / Standard Wares,Holdable; Destroyable_HeavyMetal; Warded_Lock_Master,Locksmithing,Blacksmithing,"Early Modern doors, locks and gates hardware catalogue; culture admission English French Dutch colonial North America; availability Early Modern. It does not imply a custom matched-key or hidden-lock system."
earlymodern_door_ina_panel_door_590,Early Modern,Early Modern,"Doors, locks & gates",door or gate,Indigenous North American regional families,door,a star cedar door leaf,cedar,Large,Good,24000,199,Era / Early Modern Era; Functions / Household Items / Household Construction Materials; Market / Construction Materials / Worked Timber,Holdable; Destroyable_Door; Door_Normal_Large,Carpentry and joinery,Carpentry,"Early Modern doors, locks and gates catalogue; culture admission Indigenous North American regional families; availability Early Modern. Door behaviour is limited to the attached supported component profile."
earlymodern_door_ina_braced_door_591,Early Modern,Early Modern,"Doors, locks & gates",door or gate,Indigenous North American regional families,door,a vine teak braced door,teak,Large,Standard,25800,210,Era / Early Modern Era; Functions / Household Items / Household Construction Materials; Market / Construction Materials / Worked Timber,Holdable; Destroyable_Door; Door_Tough_Large,Carpentry and joinery,Carpentry,"Early Modern doors, locks and gates catalogue; culture admission Indigenous North American regional families; availability Early Modern. Door behaviour is limited to the attached supported component profile."
earlymodern_door_ina_lockable_door_592,Early Modern,Early Modern,"Doors, locks & gates",door or gate,Indigenous North American regional families,door,a cloud wood lockable door,wood,Large,Poor,27600,221,Era / Early Modern Era; Functions / Household Items / Household Construction Materials; Market / Construction Materials / Worked Timber,Holdable; Destroyable_Door; Door_Lockable_Normal_Large,Carpentry and joinery,Carpentry,"Early Modern doors, locks and gates catalogue; culture admission Indigenous North American regional families; availability Early Modern. Door behaviour is limited to the attached supported component profile."
earlymodern_door_ina_secure_door_593,Early Modern,Early Modern,"Doors, locks & gates",door or gate,Indigenous North American regional families,door,a reed oak secure door,oak,Large,Standard,29400,232,Era / Early Modern Era; Functions / Household Items / Household Construction Materials; Market / Construction Materials / Worked Timber,Holdable; Destroyable_Door; Door_Lockable_Secure_Large,Carpentry and joinery,Carpentry,"Early Modern doors, locks and gates catalogue; culture admission Indigenous North American regional families; availability Early Modern. Door behaviour is limited to the attached supported component profile."
earlymodern_door_ina_shutter_594,Early Modern,Early Modern,"Doors, locks & gates",door or gate,Indigenous North American regional families,shutter,a checker pine shuttered opening,pine,Large,Good,31200,243,Era / Early Modern Era; Functions / Household Items / Household Construction Materials; Market / Construction Materials / Worked Timber,Holdable; Destroyable_Door; Door_Bad_Large,Carpentry and joinery,Carpentry,"Early Modern doors, locks and gates catalogue; culture admission Indigenous North American regional families; availability Early Modern. Door behaviour is limited to the attached supported component profile."
earlymodern_door_ina_screen_595,Early Modern,Early Modern,"Doors, locks & gates",door or gate,Indigenous North American regional families,screen,a radiating teak screen door,teak,Large,Good,33000,254,Era / Early Modern Era; Functions / Household Items / Household Construction Materials; Market / Construction Materials / Worked Timber,Holdable; Destroyable_Door; Door_Bad_Large,Carpentry and joinery,Carpentry,"Early Modern doors, locks and gates catalogue; culture admission Indigenous North American regional families; availability Early Modern. Door behaviour is limited to the attached supported component profile."
earlymodern_door_ina_lattice_gate_596,Early Modern,Early Modern,"Doors, locks & gates",door or gate,Indigenous North American regional families,gate,a sunburst wrought iron lattice gate,wrought iron,VeryLarge,Standard,34800,265,Era / Early Modern Era; Functions / Household Items / Household Construction Materials; Market / Household Goods / Standard Wares,Holdable; Destroyable_Door; Door_Normal_Large,Carpentry and joinery,Carpentry,"Early Modern doors, locks and gates catalogue; culture admission Indigenous North American regional families; availability Early Modern. Door behaviour is limited to the attached supported component profile."
earlymodern_door_ina_courtyard_gate_597,Early Modern,Early Modern,"Doors, locks & gates",door or gate,Indigenous North American regional families,gate,a knotted bronze courtyard gate,bronze,VeryLarge,VeryGood,36600,276,Era / Early Modern Era; Functions / Household Items / Household Construction Materials; Market / Household Goods / Standard Wares,Holdable; Destroyable_Door; Door_Lockable_Normal_Large,Carpentry and joinery,Carpentry,"Early Modern doors, locks and gates catalogue; culture admission Indigenous North American regional families; availability Early Modern. Door behaviour is limited to the attached supported component profile."
earlymodern_door_ina_warehouse_gate_598,Early Modern,Early Modern,"Doors, locks & gates",door or gate,Indigenous North American regional families,gate,a star oak warehouse gate,oak,VeryLarge,Good,38400,287,Era / Early Modern Era; Functions / Household Items / Household Construction Materials; Market / Construction Materials / Worked Timber,Holdable; Destroyable_Door; Door_Lockable_Tough_Large,Carpentry and joinery,Carpentry,"Early Modern doors, locks and gates catalogue; culture admission Indigenous North American regional families; availability Early Modern. Door behaviour is limited to the attached supported component profile."
earlymodern_door_ina_garden_gate_599,Early Modern,Early Modern,"Doors, locks & gates",door or gate,Indigenous North American regional families,gate,a vine cedar garden gate,cedar,VeryLarge,Standard,40200,45,Era / Early Modern Era; Functions / Household Items / Household Construction Materials; Market / Construction Materials / Worked Timber,Holdable; Destroyable_Door; Door_Normal_Large,Carpentry and joinery,Carpentry,"Early Modern doors, locks and gates catalogue; culture admission Indigenous North American regional families; availability Early Modern. Door behaviour is limited to the attached supported component profile."
earlymodern_door_ina_grille_600,Early Modern,Early Modern,"Doors, locks & gates",door or gate,Indigenous North American regional families,grille,a cloud wrought iron metal grille,wrought iron,Large,Poor,42000,56,Era / Early Modern Era; Functions / Household Items / Household Construction Materials; Market / Household Goods / Standard Wares,Holdable; Destroyable_Door; Door_Secure_Large,Carpentry and joinery,Carpentry,"Early Modern doors, locks and gates catalogue; culture admission Indigenous North American regional families; availability Early Modern. Door behaviour is limited to the attached supported component profile."
earlymodern_door_ina_strike_plate_601,Early Modern,Early Modern,"Doors, locks & gates",lock and hardware,Indigenous North American regional families,strike plate,a braided wrought iron strike plate,wrought iron,Small,Standard,585,95,Era / Early Modern Era; Functions / Household Items / Household Wares; Market / Household Goods / Standard Wares,Holdable; Destroyable_HeavyMetal; Latch_Normal,Locksmithing,Blacksmithing,"Early Modern doors, locks and gates hardware catalogue; culture admission Indigenous North American regional families; availability Early Modern. It does not imply a custom matched-key or hidden-lock system."
earlymodern_door_ina_hinge_pair_602,Early Modern,Early Modern,"Doors, locks & gates",lock and hardware,Indigenous North American regional families,hinges,a radiating bronze hinge pair,bronze,Small,Good,670,103,Era / Early Modern Era; Functions / Household Items / Household Wares; Market / Household Goods / Standard Wares,Holdable; Destroyable_HeavyMetal; Latch_Normal,Locksmithing,Blacksmithing,"Early Modern doors, locks and gates hardware catalogue; culture admission Indigenous North American regional families; availability Early Modern. It does not imply a custom matched-key or hidden-lock system."
earlymodern_door_ina_keyring_603,Early Modern,Early Modern,"Doors, locks & gates",lock and hardware,Indigenous North American regional families,keyring,a leaf-scroll brass keyring,brass,Small,Good,755,111,Era / Early Modern Era; Functions / Household Items / Household Wares; Market / Household Goods / Standard Wares,Holdable; Destroyable_HeavyMetal; Warded_Key,Locksmithing,Blacksmithing,"Early Modern doors, locks and gates hardware catalogue; culture admission Indigenous North American regional families; availability Early Modern. It does not imply a custom matched-key or hidden-lock system."
earlymodern_door_ina_escutcheon_604,Early Modern,Early Modern,"Doors, locks & gates",lock and hardware,Indigenous North American regional families,escutcheon,a sunburst copper keyhole escutcheon,copper,Small,Standard,840,119,Era / Early Modern Era; Functions / Household Items / Household Wares; Market / Household Goods / Standard Wares,Holdable; Destroyable_HeavyMetal; Latch_Normal,Locksmithing,Blacksmithing,"Early Modern doors, locks and gates hardware catalogue; culture admission Indigenous North American regional families; availability Early Modern. It does not imply a custom matched-key or hidden-lock system."
earlymodern_door_ina_warded_lock_605,Early Modern,Early Modern,"Doors, locks & gates",lock and hardware,Indigenous North American regional families,lock,a water-wave pewter warded lock,pewter,Small,VeryGood,925,127,Era / Early Modern Era; Functions / Household Items / Household Wares; Market / Household Goods / Standard Wares,Holdable; Destroyable_HeavyMetal; Warded_Lock_Normal,Locksmithing,Blacksmithing,"Early Modern doors, locks and gates hardware catalogue; culture admission Indigenous North American regional families; availability Early Modern. It does not imply a custom matched-key or hidden-lock system."
earlymodern_door_ina_good_warded_lock_606,Early Modern,Early Modern,"Doors, locks & gates",lock and hardware,Indigenous North American regional families,lock,a knotted wrought iron fine warded lock,wrought iron,Small,Good,1010,135,Era / Early Modern Era; Functions / Household Items / Household Wares; Market / Household Goods / Standard Wares,Holdable; Destroyable_HeavyMetal; Warded_Lock_Good,Locksmithing,Blacksmithing,"Early Modern doors, locks and gates hardware catalogue; culture admission Indigenous North American regional families; availability Early Modern. It does not imply a custom matched-key or hidden-lock system."
earlymodern_door_ina_master_warded_lock_607,Early Modern,Early Modern,"Doors, locks & gates",lock and hardware,Indigenous North American regional families,lock,a flower-head bronze master warded lock,bronze,Small,Standard,1095,143,Era / Early Modern Era; Functions / Household Items / Household Wares; Market / Household Goods / Standard Wares,Holdable; Destroyable_HeavyMetal; Warded_Lock_Master,Locksmithing,Blacksmithing,"Early Modern doors, locks and gates hardware catalogue; culture admission Indigenous North American regional families; availability Early Modern. It does not imply a custom matched-key or hidden-lock system."
earlymodern_door_mca_panel_door_609,Early Modern,Early Modern,"Doors, locks & gates",door or gate,Mesoamerican colonial Indigenous,door,a leaf-scroll oak door leaf,oak,Large,Standard,24000,155,Era / Early Modern Era; Functions / Household Items / Household Construction Materials; Market / Construction Materials / Worked Timber,Holdable; Destroyable_Door; Door_Normal_Large,Carpentry and joinery,Carpentry,"Early Modern doors, locks and gates catalogue; culture admission Mesoamerican colonial Indigenous; availability Early Modern. Door behaviour is limited to the attached supported component profile."
earlymodern_door_mca_braced_door_610,Early Modern,Early Modern,"Doors, locks & gates",door or gate,Mesoamerican colonial Indigenous,door,a water-wave pine braced door,pine,Large,Good,25800,166,Era / Early Modern Era; Functions / Household Items / Household Construction Materials; Market / Construction Materials / Worked Timber,Holdable; Destroyable_Door; Door_Tough_Large,Carpentry and joinery,Carpentry,"Early Modern doors, locks and gates catalogue; culture admission Mesoamerican colonial Indigenous; availability Early Modern. Door behaviour is limited to the attached supported component profile."
earlymodern_door_mca_lockable_door_611,Early Modern,Early Modern,"Doors, locks & gates",door or gate,Mesoamerican colonial Indigenous,door,a flower-head cedar lockable door,cedar,Large,Good,27600,177,Era / Early Modern Era; Functions / Household Items / Household Construction Materials; Market / Construction Materials / Worked Timber,Holdable; Destroyable_Door; Door_Lockable_Normal_Large,Carpentry and joinery,Carpentry,"Early Modern doors, locks and gates catalogue; culture admission Mesoamerican colonial Indigenous; availability Early Modern. Door behaviour is limited to the attached supported component profile."
earlymodern_door_mca_secure_door_612,Early Modern,Early Modern,"Doors, locks & gates",door or gate,Mesoamerican colonial Indigenous,door,a bird teak secure door,teak,Large,Standard,29400,188,Era / Early Modern Era; Functions / Household Items / Household Construction Materials; Market / Construction Materials / Worked Timber,Holdable; Destroyable_Door; Door_Lockable_Secure_Large,Carpentry and joinery,Carpentry,"Early Modern doors, locks and gates catalogue; culture admission Mesoamerican colonial Indigenous; availability Early Modern. Door behaviour is limited to the attached supported component profile."
earlymodern_door_mca_shutter_613,Early Modern,Early Modern,"Doors, locks & gates",door or gate,Mesoamerican colonial Indigenous,shutter,a geometric wood shuttered opening,wood,Large,VeryGood,31200,199,Era / Early Modern Era; Functions / Household Items / Household Construction Materials; Market / Construction Materials / Worked Timber,Holdable; Destroyable_Door; Door_Bad_Large,Carpentry and joinery,Carpentry,"Early Modern doors, locks and gates catalogue; culture admission Mesoamerican colonial Indigenous; availability Early Modern. Door behaviour is limited to the attached supported component profile."
earlymodern_door_mca_screen_614,Early Modern,Early Modern,"Doors, locks & gates",door or gate,Mesoamerican colonial Indigenous,screen,a shell teak screen door,teak,Large,Good,33000,210,Era / Early Modern Era; Functions / Household Items / Household Construction Materials; Market / Construction Materials / Worked Timber,Holdable; Destroyable_Door; Door_Bad_Large,Carpentry and joinery,Carpentry,"Early Modern doors, locks and gates catalogue; culture admission Mesoamerican colonial Indigenous; availability Early Modern. Door behaviour is limited to the attached supported component profile."
earlymodern_door_mca_lattice_gate_615,Early Modern,Early Modern,"Doors, locks & gates",door or gate,Mesoamerican colonial Indigenous,gate,a rosette cedar lattice gate,cedar,VeryLarge,Standard,34800,221,Era / Early Modern Era; Functions / Household Items / Household Construction Materials; Market / Construction Materials / Worked Timber,Holdable; Destroyable_Door; Door_Normal_Large,Carpentry and joinery,Carpentry,"Early Modern doors, locks and gates catalogue; culture admission Mesoamerican colonial Indigenous; availability Early Modern. Door behaviour is limited to the attached supported component profile."
earlymodern_door_mca_courtyard_gate_616,Early Modern,Early Modern,"Doors, locks & gates",door or gate,Mesoamerican colonial Indigenous,gate,a braided teak courtyard gate,teak,VeryLarge,Poor,36600,232,Era / Early Modern Era; Functions / Household Items / Household Construction Materials; Market / Construction Materials / Worked Timber,Holdable; Destroyable_Door; Door_Lockable_Normal_Large,Carpentry and joinery,Carpentry,"Early Modern doors, locks and gates catalogue; culture admission Mesoamerican colonial Indigenous; availability Early Modern. Door behaviour is limited to the attached supported component profile."
earlymodern_door_mca_warehouse_gate_617,Early Modern,Early Modern,"Doors, locks & gates",door or gate,Mesoamerican colonial Indigenous,gate,a leaf-scroll wrought iron warehouse gate,wrought iron,VeryLarge,Standard,38400,243,Era / Early Modern Era; Functions / Household Items / Household Construction Materials; Market / Household Goods / Standard Wares,Holdable; Destroyable_Door; Door_Lockable_Tough_Large,Carpentry and joinery,Carpentry,"Early Modern doors, locks and gates catalogue; culture admission Mesoamerican colonial Indigenous; availability Early Modern. Door behaviour is limited to the attached supported component profile."
earlymodern_door_mca_garden_gate_618,Early Modern,Early Modern,"Doors, locks & gates",door or gate,Mesoamerican colonial Indigenous,gate,a water-wave bronze garden gate,bronze,VeryLarge,Good,40200,254,Era / Early Modern Era; Functions / Household Items / Household Construction Materials; Market / Household Goods / Standard Wares,Holdable; Destroyable_Door; Door_Normal_Large,Carpentry and joinery,Carpentry,"Early Modern doors, locks and gates catalogue; culture admission Mesoamerican colonial Indigenous; availability Early Modern. Door behaviour is limited to the attached supported component profile."
earlymodern_door_mca_grille_619,Early Modern,Early Modern,"Doors, locks & gates",door or gate,Mesoamerican colonial Indigenous,grille,a flower-head brass metal grille,brass,Large,Good,42000,265,Era / Early Modern Era; Functions / Household Items / Household Construction Materials; Market / Household Goods / Standard Wares,Holdable; Destroyable_Door; Door_Secure_Large,Carpentry and joinery,Carpentry,"Early Modern doors, locks and gates catalogue; culture admission Mesoamerican colonial Indigenous; availability Early Modern. Door behaviour is limited to the attached supported component profile."
earlymodern_door_mca_strike_plate_620,Early Modern,Early Modern,"Doors, locks & gates",lock and hardware,Mesoamerican colonial Indigenous,strike plate,a reed pewter strike plate,pewter,Small,Standard,755,95,Era / Early Modern Era; Functions / Household Items / Household Wares; Market / Household Goods / Standard Wares,Holdable; Destroyable_HeavyMetal; Latch_Normal,Locksmithing,Blacksmithing,"Early Modern doors, locks and gates hardware catalogue; culture admission Mesoamerican colonial Indigenous; availability Early Modern. It does not imply a custom matched-key or hidden-lock system."
earlymodern_door_mca_hinge_pair_621,Early Modern,Early Modern,"Doors, locks & gates",lock and hardware,Mesoamerican colonial Indigenous,hinges,a rosette wrought iron hinge pair,wrought iron,Small,VeryGood,840,103,Era / Early Modern Era; Functions / Household Items / Household Wares; Market / Household Goods / Standard Wares,Holdable; Destroyable_HeavyMetal; Latch_Normal,Locksmithing,Blacksmithing,"Early Modern doors, locks and gates hardware catalogue; culture admission Mesoamerican colonial Indigenous; availability Early Modern. It does not imply a custom matched-key or hidden-lock system."
earlymodern_door_mca_keyring_622,Early Modern,Early Modern,"Doors, locks & gates",lock and hardware,Mesoamerican colonial Indigenous,keyring,a checker bronze keyring,bronze,Small,Good,925,111,Era / Early Modern Era; Functions / Household Items / Household Wares; Market / Household Goods / Standard Wares,Holdable; Destroyable_HeavyMetal; Warded_Key,Locksmithing,Blacksmithing,"Early Modern doors, locks and gates hardware catalogue; culture admission Mesoamerican colonial Indigenous; availability Early Modern. It does not imply a custom matched-key or hidden-lock system."
earlymodern_door_mca_escutcheon_623,Early Modern,Early Modern,"Doors, locks & gates",lock and hardware,Mesoamerican colonial Indigenous,escutcheon,a braided brass keyhole escutcheon,brass,Small,Standard,1010,119,Era / Early Modern Era; Functions / Household Items / Household Wares; Market / Household Goods / Standard Wares,Holdable; Destroyable_HeavyMetal; Latch_Normal,Locksmithing,Blacksmithing,"Early Modern doors, locks and gates hardware catalogue; culture admission Mesoamerican colonial Indigenous; availability Early Modern. It does not imply a custom matched-key or hidden-lock system."
earlymodern_door_mca_warded_lock_624,Early Modern,Early Modern,"Doors, locks & gates",lock and hardware,Mesoamerican colonial Indigenous,lock,a radiating copper warded lock,copper,Small,Poor,1095,127,Era / Early Modern Era; Functions / Household Items / Household Wares; Market / Household Goods / Standard Wares,Holdable; Destroyable_HeavyMetal; Warded_Lock_Normal,Locksmithing,Blacksmithing,"Early Modern doors, locks and gates hardware catalogue; culture admission Mesoamerican colonial Indigenous; availability Early Modern. It does not imply a custom matched-key or hidden-lock system."
earlymodern_door_mca_good_warded_lock_625,Early Modern,Early Modern,"Doors, locks & gates",lock and hardware,Mesoamerican colonial Indigenous,lock,a leaf-scroll pewter fine warded lock,pewter,Small,Standard,1180,135,Era / Early Modern Era; Functions / Household Items / Household Wares; Market / Household Goods / Standard Wares,Holdable; Destroyable_HeavyMetal; Warded_Lock_Good,Locksmithing,Blacksmithing,"Early Modern doors, locks and gates hardware catalogue; culture admission Mesoamerican colonial Indigenous; availability Early Modern. It does not imply a custom matched-key or hidden-lock system."
earlymodern_door_mca_master_warded_lock_626,Early Modern,Early Modern,"Doors, locks & gates",lock and hardware,Mesoamerican colonial Indigenous,lock,a sunburst wrought iron master warded lock,wrought iron,Small,Good,1265,143,Era / Early Modern Era; Functions / Household Items / Household Wares; Market / Household Goods / Standard Wares,Holdable; Destroyable_HeavyMetal; Warded_Lock_Master,Locksmithing,Blacksmithing,"Early Modern doors, locks and gates hardware catalogue; culture admission Mesoamerican colonial Indigenous; availability Early Modern. It does not imply a custom matched-key or hidden-lock system."
earlymodern_door_and_panel_door_628,Early Modern,Early Modern,"Doors, locks & gates",door or gate,Andean colonial Indigenous,door,a leaf-scroll teak door leaf,teak,Large,Standard,24000,111,Era / Early Modern Era; Functions / Household Items / Household Construction Materials; Market / Construction Materials / Worked Timber,Holdable; Destroyable_Door; Door_Normal_Large,Carpentry and joinery,Carpentry,"Early Modern doors, locks and gates catalogue; culture admission Andean colonial Indigenous; availability Early Modern. Door behaviour is limited to the attached supported component profile."
earlymodern_door_and_braced_door_629,Early Modern,Early Modern,"Doors, locks & gates",door or gate,Andean colonial Indigenous,door,a water-wave wood braced door,wood,Large,VeryGood,25800,122,Era / Early Modern Era; Functions / Household Items / Household Construction Materials; Market / Construction Materials / Worked Timber,Holdable; Destroyable_Door; Door_Tough_Large,Carpentry and joinery,Carpentry,"Early Modern doors, locks and gates catalogue; culture admission Andean colonial Indigenous; availability Early Modern. Door behaviour is limited to the attached supported component profile."
earlymodern_door_and_lockable_door_630,Early Modern,Early Modern,"Doors, locks & gates",door or gate,Andean colonial Indigenous,door,a flower-head oak lockable door,oak,Large,Good,27600,133,Era / Early Modern Era; Functions / Household Items / Household Construction Materials; Market / Construction Materials / Worked Timber,Holdable; Destroyable_Door; Door_Lockable_Normal_Large,Carpentry and joinery,Carpentry,"Early Modern doors, locks and gates catalogue; culture admission Andean colonial Indigenous; availability Early Modern. Door behaviour is limited to the attached supported component profile."
earlymodern_door_and_secure_door_631,Early Modern,Early Modern,"Doors, locks & gates",door or gate,Andean colonial Indigenous,door,a bird pine secure door,pine,Large,Standard,29400,144,Era / Early Modern Era; Functions / Household Items / Household Construction Materials; Market / Construction Materials / Worked Timber,Holdable; Destroyable_Door; Door_Lockable_Secure_Large,Carpentry and joinery,Carpentry,"Early Modern doors, locks and gates catalogue; culture admission Andean colonial Indigenous; availability Early Modern. Door behaviour is limited to the attached supported component profile."
earlymodern_door_and_shutter_632,Early Modern,Early Modern,"Doors, locks & gates",door or gate,Andean colonial Indigenous,shutter,a geometric cedar shuttered opening,cedar,Large,Poor,31200,155,Era / Early Modern Era; Functions / Household Items / Household Construction Materials; Market / Construction Materials / Worked Timber,Holdable; Destroyable_Door; Door_Bad_Large,Carpentry and joinery,Carpentry,"Early Modern doors, locks and gates catalogue; culture admission Andean colonial Indigenous; availability Early Modern. Door behaviour is limited to the attached supported component profile."
earlymodern_door_and_screen_633,Early Modern,Early Modern,"Doors, locks & gates",door or gate,Andean colonial Indigenous,screen,a shell cedar screen door,cedar,Large,Standard,33000,166,Era / Early Modern Era; Functions / Household Items / Household Construction Materials; Market / Construction Materials / Worked Timber,Holdable; Destroyable_Door; Door_Bad_Large,Carpentry and joinery,Carpentry,"Early Modern doors, locks and gates catalogue; culture admission Andean colonial Indigenous; availability Early Modern. Door behaviour is limited to the attached supported component profile."
earlymodern_door_and_lattice_gate_634,Early Modern,Early Modern,"Doors, locks & gates",door or gate,Andean colonial Indigenous,gate,a rosette bronze lattice gate,bronze,VeryLarge,Good,34800,177,Era / Early Modern Era; Functions / Household Items / Household Construction Materials; Market / Household Goods / Standard Wares,Holdable; Destroyable_Door; Door_Normal_Large,Carpentry and joinery,Carpentry,"Early Modern doors, locks and gates catalogue; culture admission Andean colonial Indigenous; availability Early Modern. Door behaviour is limited to the attached supported component profile."
earlymodern_door_and_courtyard_gate_635,Early Modern,Early Modern,"Doors, locks & gates",door or gate,Andean colonial Indigenous,gate,a braided oak courtyard gate,oak,VeryLarge,Good,36600,188,Era / Early Modern Era; Functions / Household Items / Household Construction Materials; Market / Construction Materials / Worked Timber,Holdable; Destroyable_Door; Door_Lockable_Normal_Large,Carpentry and joinery,Carpentry,"Early Modern doors, locks and gates catalogue; culture admission Andean colonial Indigenous; availability Early Modern. Door behaviour is limited to the attached supported component profile."
earlymodern_door_and_warehouse_gate_636,Early Modern,Early Modern,"Doors, locks & gates",door or gate,Andean colonial Indigenous,gate,a leaf-scroll cedar warehouse gate,cedar,VeryLarge,Standard,38400,199,Era / Early Modern Era; Functions / Household Items / Household Construction Materials; Market / Construction Materials / Worked Timber,Holdable; Destroyable_Door; Door_Lockable_Tough_Large,Carpentry and joinery,Carpentry,"Early Modern doors, locks and gates catalogue; culture admission Andean colonial Indigenous; availability Early Modern. Door behaviour is limited to the attached supported component profile."
earlymodern_door_and_garden_gate_637,Early Modern,Early Modern,"Doors, locks & gates",door or gate,Andean colonial Indigenous,gate,a water-wave teak garden gate,teak,VeryLarge,VeryGood,40200,210,Era / Early Modern Era; Functions / Household Items / Household Construction Materials; Market / Construction Materials / Worked Timber,Holdable; Destroyable_Door; Door_Normal_Large,Carpentry and joinery,Carpentry,"Early Modern doors, locks and gates catalogue; culture admission Andean colonial Indigenous; availability Early Modern. Door behaviour is limited to the attached supported component profile."
earlymodern_door_and_grille_638,Early Modern,Early Modern,"Doors, locks & gates",door or gate,Andean colonial Indigenous,grille,a flower-head wrought iron metal grille,wrought iron,Large,Good,42000,221,Era / Early Modern Era; Functions / Household Items / Household Construction Materials; Market / Household Goods / Standard Wares,Holdable; Destroyable_Door; Door_Secure_Large,Carpentry and joinery,Carpentry,"Early Modern doors, locks and gates catalogue; culture admission Andean colonial Indigenous; availability Early Modern. Door behaviour is limited to the attached supported component profile."
earlymodern_door_and_strike_plate_639,Early Modern,Early Modern,"Doors, locks & gates",lock and hardware,Andean colonial Indigenous,strike plate,a water-wave copper strike plate,copper,Small,Standard,925,95,Era / Early Modern Era; Functions / Household Items / Household Wares; Market / Household Goods / Standard Wares,Holdable; Destroyable_HeavyMetal; Latch_Normal,Locksmithing,Blacksmithing,"Early Modern doors, locks and gates hardware catalogue; culture admission Andean colonial Indigenous; availability Early Modern. It does not imply a custom matched-key or hidden-lock system."
earlymodern_door_and_hinge_pair_640,Early Modern,Early Modern,"Doors, locks & gates",lock and hardware,Andean colonial Indigenous,hinges,a knotted pewter hinge pair,pewter,Small,Poor,1010,103,Era / Early Modern Era; Functions / Household Items / Household Wares; Market / Household Goods / Standard Wares,Holdable; Destroyable_HeavyMetal; Latch_Normal,Locksmithing,Blacksmithing,"Early Modern doors, locks and gates hardware catalogue; culture admission Andean colonial Indigenous; availability Early Modern. It does not imply a custom matched-key or hidden-lock system."
earlymodern_door_and_keyring_641,Early Modern,Early Modern,"Doors, locks & gates",lock and hardware,Andean colonial Indigenous,keyring,a flower-head wrought iron keyring,wrought iron,Small,Standard,1095,111,Era / Early Modern Era; Functions / Household Items / Household Wares; Market / Household Goods / Standard Wares,Holdable; Destroyable_HeavyMetal; Warded_Key,Locksmithing,Blacksmithing,"Early Modern doors, locks and gates hardware catalogue; culture admission Andean colonial Indigenous; availability Early Modern. It does not imply a custom matched-key or hidden-lock system."
earlymodern_door_and_escutcheon_642,Early Modern,Early Modern,"Doors, locks & gates",lock and hardware,Andean colonial Indigenous,escutcheon,a star bronze keyhole escutcheon,bronze,Small,Good,1180,119,Era / Early Modern Era; Functions / Household Items / Household Wares; Market / Household Goods / Standard Wares,Holdable; Destroyable_HeavyMetal; Latch_Normal,Locksmithing,Blacksmithing,"Early Modern doors, locks and gates hardware catalogue; culture admission Andean colonial Indigenous; availability Early Modern. It does not imply a custom matched-key or hidden-lock system."
earlymodern_door_and_warded_lock_643,Early Modern,Early Modern,"Doors, locks & gates",lock and hardware,Andean colonial Indigenous,lock,a bird brass warded lock,brass,Small,Good,1265,127,Era / Early Modern Era; Functions / Household Items / Household Wares; Market / Household Goods / Standard Wares,Holdable; Destroyable_HeavyMetal; Warded_Lock_Normal,Locksmithing,Blacksmithing,"Early Modern doors, locks and gates hardware catalogue; culture admission Andean colonial Indigenous; availability Early Modern. It does not imply a custom matched-key or hidden-lock system."
earlymodern_door_and_good_warded_lock_644,Early Modern,Early Modern,"Doors, locks & gates",lock and hardware,Andean colonial Indigenous,lock,a vine copper fine warded lock,copper,Small,Standard,1350,135,Era / Early Modern Era; Functions / Household Items / Household Wares; Market / Household Goods / Standard Wares,Holdable; Destroyable_HeavyMetal; Warded_Lock_Good,Locksmithing,Blacksmithing,"Early Modern doors, locks and gates hardware catalogue; culture admission Andean colonial Indigenous; availability Early Modern. It does not imply a custom matched-key or hidden-lock system."
earlymodern_door_and_master_warded_lock_645,Early Modern,Early Modern,"Doors, locks & gates",lock and hardware,Andean colonial Indigenous,lock,a geometric pewter master warded lock,pewter,Small,VeryGood,1435,143,Era / Early Modern Era; Functions / Household Items / Household Wares; Market / Household Goods / Standard Wares,Holdable; Destroyable_HeavyMetal; Warded_Lock_Master,Locksmithing,Blacksmithing,"Early Modern doors, locks and gates hardware catalogue; culture admission Andean colonial Indigenous; availability Early Modern. It does not imply a custom matched-key or hidden-lock system."
earlymodern_door_car_panel_door_647,Early Modern,Early Modern,"Doors, locks & gates",door or gate,Caribbean Atlantic plantation,door,a cloud oak door leaf,oak,Large,Standard,24000,67,Era / Early Modern Era; Functions / Household Items / Household Construction Materials; Market / Construction Materials / Worked Timber,Holdable; Destroyable_Door; Door_Normal_Large,Carpentry and joinery,Carpentry,"Early Modern doors, locks and gates catalogue; culture admission Caribbean Atlantic plantation; availability Early Modern. Door behaviour is limited to the attached supported component profile."
earlymodern_door_car_braced_door_648,Early Modern,Early Modern,"Doors, locks & gates",door or gate,Caribbean Atlantic plantation,door,a reed pine braced door,pine,Large,Poor,25800,78,Era / Early Modern Era; Functions / Household Items / Household Construction Materials; Market / Construction Materials / Worked Timber,Holdable; Destroyable_Door; Door_Tough_Large,Carpentry and joinery,Carpentry,"Early Modern doors, locks and gates catalogue; culture admission Caribbean Atlantic plantation; availability Early Modern. Door behaviour is limited to the attached supported component profile."
earlymodern_door_car_lockable_door_649,Early Modern,Early Modern,"Doors, locks & gates",door or gate,Caribbean Atlantic plantation,door,a checker cedar lockable door,cedar,Large,Standard,27600,89,Era / Early Modern Era; Functions / Household Items / Household Construction Materials; Market / Construction Materials / Worked Timber,Holdable; Destroyable_Door; Door_Lockable_Normal_Large,Carpentry and joinery,Carpentry,"Early Modern doors, locks and gates catalogue; culture admission Caribbean Atlantic plantation; availability Early Modern. Door behaviour is limited to the attached supported component profile."
earlymodern_door_car_secure_door_650,Early Modern,Early Modern,"Doors, locks & gates",door or gate,Caribbean Atlantic plantation,door,a radiating teak secure door,teak,Large,Good,29400,100,Era / Early Modern Era; Functions / Household Items / Household Construction Materials; Market / Construction Materials / Worked Timber,Holdable; Destroyable_Door; Door_Lockable_Secure_Large,Carpentry and joinery,Carpentry,"Early Modern doors, locks and gates catalogue; culture admission Caribbean Atlantic plantation; availability Early Modern. Door behaviour is limited to the attached supported component profile."
earlymodern_door_car_shutter_651,Early Modern,Early Modern,"Doors, locks & gates",door or gate,Caribbean Atlantic plantation,shutter,a sunburst wood shuttered opening,wood,Large,Good,31200,111,Era / Early Modern Era; Functions / Household Items / Household Construction Materials; Market / Construction Materials / Worked Timber,Holdable; Destroyable_Door; Door_Bad_Large,Carpentry and joinery,Carpentry,"Early Modern doors, locks and gates catalogue; culture admission Caribbean Atlantic plantation; availability Early Modern. Door behaviour is limited to the attached supported component profile."
earlymodern_door_car_screen_652,Early Modern,Early Modern,"Doors, locks & gates",door or gate,Caribbean Atlantic plantation,screen,a knotted bamboo screen door,bamboo,Large,Standard,33000,122,Era / Early Modern Era; Functions / Household Items / Household Construction Materials; Market / Construction Materials / Worked Timber,Holdable; Destroyable_Door; Door_Bad_Large,Carpentry and joinery,Carpentry,"Early Modern doors, locks and gates catalogue; culture admission Caribbean Atlantic plantation; availability Early Modern. Door behaviour is limited to the attached supported component profile."
earlymodern_door_car_lattice_gate_653,Early Modern,Early Modern,"Doors, locks & gates",door or gate,Caribbean Atlantic plantation,gate,a star cedar lattice gate,cedar,VeryLarge,VeryGood,34800,133,Era / Early Modern Era; Functions / Household Items / Household Construction Materials; Market / Construction Materials / Worked Timber,Holdable; Destroyable_Door; Door_Normal_Large,Carpentry and joinery,Carpentry,"Early Modern doors, locks and gates catalogue; culture admission Caribbean Atlantic plantation; availability Early Modern. Door behaviour is limited to the attached supported component profile."
earlymodern_door_car_courtyard_gate_654,Early Modern,Early Modern,"Doors, locks & gates",door or gate,Caribbean Atlantic plantation,gate,a vine teak courtyard gate,teak,VeryLarge,Good,36600,144,Era / Early Modern Era; Functions / Household Items / Household Construction Materials; Market / Construction Materials / Worked Timber,Holdable; Destroyable_Door; Door_Lockable_Normal_Large,Carpentry and joinery,Carpentry,"Early Modern doors, locks and gates catalogue; culture admission Caribbean Atlantic plantation; availability Early Modern. Door behaviour is limited to the attached supported component profile."
earlymodern_door_car_warehouse_gate_655,Early Modern,Early Modern,"Doors, locks & gates",door or gate,Caribbean Atlantic plantation,gate,a cloud wrought iron warehouse gate,wrought iron,VeryLarge,Standard,38400,155,Era / Early Modern Era; Functions / Household Items / Household Construction Materials; Market / Household Goods / Standard Wares,Holdable; Destroyable_Door; Door_Lockable_Tough_Large,Carpentry and joinery,Carpentry,"Early Modern doors, locks and gates catalogue; culture admission Caribbean Atlantic plantation; availability Early Modern. Door behaviour is limited to the attached supported component profile."
earlymodern_door_car_garden_gate_656,Early Modern,Early Modern,"Doors, locks & gates",door or gate,Caribbean Atlantic plantation,gate,a reed bronze garden gate,bronze,VeryLarge,Poor,40200,166,Era / Early Modern Era; Functions / Household Items / Household Construction Materials; Market / Household Goods / Standard Wares,Holdable; Destroyable_Door; Door_Normal_Large,Carpentry and joinery,Carpentry,"Early Modern doors, locks and gates catalogue; culture admission Caribbean Atlantic plantation; availability Early Modern. Door behaviour is limited to the attached supported component profile."
earlymodern_door_car_grille_657,Early Modern,Early Modern,"Doors, locks & gates",door or gate,Caribbean Atlantic plantation,grille,a checker bronze metal grille,bronze,Large,Standard,42000,177,Era / Early Modern Era; Functions / Household Items / Household Construction Materials; Market / Household Goods / Standard Wares,Holdable; Destroyable_Door; Door_Secure_Large,Carpentry and joinery,Carpentry,"Early Modern doors, locks and gates catalogue; culture admission Caribbean Atlantic plantation; availability Early Modern. Door behaviour is limited to the attached supported component profile."
earlymodern_door_car_strike_plate_658,Early Modern,Early Modern,"Doors, locks & gates",lock and hardware,Caribbean Atlantic plantation,strike plate,a reed brass strike plate,brass,Small,Good,1095,95,Era / Early Modern Era; Functions / Household Items / Household Wares; Market / Household Goods / Standard Wares,Holdable; Destroyable_HeavyMetal; Latch_Normal,Locksmithing,Blacksmithing,"Early Modern doors, locks and gates hardware catalogue; culture admission Caribbean Atlantic plantation; availability Early Modern. It does not imply a custom matched-key or hidden-lock system."
earlymodern_door_car_hinge_pair_659,Early Modern,Early Modern,"Doors, locks & gates",lock and hardware,Caribbean Atlantic plantation,hinges,a rosette copper hinge pair,copper,Small,Good,1180,103,Era / Early Modern Era; Functions / Household Items / Household Wares; Market / Household Goods / Standard Wares,Holdable; Destroyable_HeavyMetal; Latch_Normal,Locksmithing,Blacksmithing,"Early Modern doors, locks and gates hardware catalogue; culture admission Caribbean Atlantic plantation; availability Early Modern. It does not imply a custom matched-key or hidden-lock system."
earlymodern_door_car_keyring_660,Early Modern,Early Modern,"Doors, locks & gates",lock and hardware,Caribbean Atlantic plantation,keyring,a checker pewter keyring,pewter,Small,Standard,1265,111,Era / Early Modern Era; Functions / Household Items / Household Wares; Market / Household Goods / Standard Wares,Holdable; Destroyable_HeavyMetal; Warded_Key,Locksmithing,Blacksmithing,"Early Modern doors, locks and gates hardware catalogue; culture admission Caribbean Atlantic plantation; availability Early Modern. It does not imply a custom matched-key or hidden-lock system."
earlymodern_door_car_escutcheon_661,Early Modern,Early Modern,"Doors, locks & gates",lock and hardware,Caribbean Atlantic plantation,escutcheon,a braided wrought iron keyhole escutcheon,wrought iron,Small,VeryGood,1350,119,Era / Early Modern Era; Functions / Household Items / Household Wares; Market / Household Goods / Standard Wares,Holdable; Destroyable_HeavyMetal; Latch_Normal,Locksmithing,Blacksmithing,"Early Modern doors, locks and gates hardware catalogue; culture admission Caribbean Atlantic plantation; availability Early Modern. It does not imply a custom matched-key or hidden-lock system."
earlymodern_door_car_warded_lock_662,Early Modern,Early Modern,"Doors, locks & gates",lock and hardware,Caribbean Atlantic plantation,lock,a radiating bronze warded lock,bronze,Small,Good,1435,127,Era / Early Modern Era; Functions / Household Items / Household Wares; Market / Household Goods / Standard Wares,Holdable; Destroyable_HeavyMetal; Warded_Lock_Normal,Locksmithing,Blacksmithing,"Early Modern doors, locks and gates hardware catalogue; culture admission Caribbean Atlantic plantation; availability Early Modern. It does not imply a custom matched-key or hidden-lock system."
earlymodern_door_car_good_warded_lock_663,Early Modern,Early Modern,"Doors, locks & gates",lock and hardware,Caribbean Atlantic plantation,lock,a leaf-scroll brass fine warded lock,brass,Small,Standard,1520,135,Era / Early Modern Era; Functions / Household Items / Household Wares; Market / Household Goods / Standard Wares,Holdable; Destroyable_HeavyMetal; Warded_Lock_Good,Locksmithing,Blacksmithing,"Early Modern doors, locks and gates hardware catalogue; culture admission Caribbean Atlantic plantation; availability Early Modern. It does not imply a custom matched-key or hidden-lock system."
earlymodern_door_car_master_warded_lock_664,Early Modern,Early Modern,"Doors, locks & gates",lock and hardware,Caribbean Atlantic plantation,lock,a sunburst copper master warded lock,copper,Small,Poor,160,143,Era / Early Modern Era; Functions / Household Items / Household Wares; Market / Household Goods / Standard Wares,Holdable; Destroyable_HeavyMetal; Warded_Lock_Master,Locksmithing,Blacksmithing,"Early Modern doors, locks and gates hardware catalogue; culture admission Caribbean Atlantic plantation; availability Early Modern. It does not imply a custom matched-key or hidden-lock system."
earlymodern_door_gmt_panel_door_666,Early Modern,Early Modern,"Doors, locks & gates",door or gate,Global maritime chartered company trade,door,a cloud wood door leaf,wood,Large,Good,24000,276,Era / Early Modern Era; Functions / Household Items / Household Construction Materials; Market / Construction Materials / Worked Timber,Holdable; Destroyable_Door; Door_Normal_Large,Carpentry and joinery,Carpentry,"Early Modern doors, locks and gates catalogue; culture admission Global maritime chartered company trade; availability Early Modern. Door behaviour is limited to the attached supported component profile."
earlymodern_door_gmt_braced_door_667,Early Modern,Early Modern,"Doors, locks & gates",door or gate,Global maritime chartered company trade,door,a reed oak braced door,oak,Large,Good,25800,287,Era / Early Modern Era; Functions / Household Items / Household Construction Materials; Market / Construction Materials / Worked Timber,Holdable; Destroyable_Door; Door_Tough_Large,Carpentry and joinery,Carpentry,"Early Modern doors, locks and gates catalogue; culture admission Global maritime chartered company trade; availability Early Modern. Door behaviour is limited to the attached supported component profile."
earlymodern_door_gmt_lockable_door_668,Early Modern,Early Modern,"Doors, locks & gates",door or gate,Global maritime chartered company trade,door,a checker pine lockable door,pine,Large,Standard,27600,45,Era / Early Modern Era; Functions / Household Items / Household Construction Materials; Market / Construction Materials / Worked Timber,Holdable; Destroyable_Door; Door_Lockable_Normal_Large,Carpentry and joinery,Carpentry,"Early Modern doors, locks and gates catalogue; culture admission Global maritime chartered company trade; availability Early Modern. Door behaviour is limited to the attached supported component profile."
earlymodern_door_gmt_secure_door_669,Early Modern,Early Modern,"Doors, locks & gates",door or gate,Global maritime chartered company trade,door,a radiating cedar secure door,cedar,Large,VeryGood,29400,56,Era / Early Modern Era; Functions / Household Items / Household Construction Materials; Market / Construction Materials / Worked Timber,Holdable; Destroyable_Door; Door_Lockable_Secure_Large,Carpentry and joinery,Carpentry,"Early Modern doors, locks and gates catalogue; culture admission Global maritime chartered company trade; availability Early Modern. Door behaviour is limited to the attached supported component profile."
earlymodern_door_gmt_shutter_670,Early Modern,Early Modern,"Doors, locks & gates",door or gate,Global maritime chartered company trade,shutter,a sunburst teak shuttered opening,teak,Large,Good,31200,67,Era / Early Modern Era; Functions / Household Items / Household Construction Materials; Market / Construction Materials / Worked Timber,Holdable; Destroyable_Door; Door_Bad_Large,Carpentry and joinery,Carpentry,"Early Modern doors, locks and gates catalogue; culture admission Global maritime chartered company trade; availability Early Modern. Door behaviour is limited to the attached supported component profile."
earlymodern_door_gmt_screen_671,Early Modern,Early Modern,"Doors, locks & gates",door or gate,Global maritime chartered company trade,screen,a knotted teak screen door,teak,Large,Standard,33000,78,Era / Early Modern Era; Functions / Household Items / Household Construction Materials; Market / Construction Materials / Worked Timber,Holdable; Destroyable_Door; Door_Bad_Large,Carpentry and joinery,Carpentry,"Early Modern doors, locks and gates catalogue; culture admission Global maritime chartered company trade; availability Early Modern. Door behaviour is limited to the attached supported component profile."
earlymodern_door_gmt_lattice_gate_672,Early Modern,Early Modern,"Doors, locks & gates",door or gate,Global maritime chartered company trade,gate,a star oak lattice gate,oak,VeryLarge,Poor,34800,89,Era / Early Modern Era; Functions / Household Items / Household Construction Materials; Market / Construction Materials / Worked Timber,Holdable; Destroyable_Door; Door_Normal_Large,Carpentry and joinery,Carpentry,"Early Modern doors, locks and gates catalogue; culture admission Global maritime chartered company trade; availability Early Modern. Door behaviour is limited to the attached supported component profile."
earlymodern_door_gmt_courtyard_gate_673,Early Modern,Early Modern,"Doors, locks & gates",door or gate,Global maritime chartered company trade,gate,a vine cedar courtyard gate,cedar,VeryLarge,Standard,36600,100,Era / Early Modern Era; Functions / Household Items / Household Construction Materials; Market / Construction Materials / Worked Timber,Holdable; Destroyable_Door; Door_Lockable_Normal_Large,Carpentry and joinery,Carpentry,"Early Modern doors, locks and gates catalogue; culture admission Global maritime chartered company trade; availability Early Modern. Door behaviour is limited to the attached supported component profile."
earlymodern_door_gmt_warehouse_gate_674,Early Modern,Early Modern,"Doors, locks & gates",door or gate,Global maritime chartered company trade,gate,a cloud teak warehouse gate,teak,VeryLarge,Good,38400,111,Era / Early Modern Era; Functions / Household Items / Household Construction Materials; Market / Construction Materials / Worked Timber,Holdable; Destroyable_Door; Door_Lockable_Tough_Large,Carpentry and joinery,Carpentry,"Early Modern doors, locks and gates catalogue; culture admission Global maritime chartered company trade; availability Early Modern. Door behaviour is limited to the attached supported component profile."
earlymodern_door_gmt_garden_gate_675,Early Modern,Early Modern,"Doors, locks & gates",door or gate,Global maritime chartered company trade,gate,a reed wrought iron garden gate,wrought iron,VeryLarge,Good,40200,122,Era / Early Modern Era; Functions / Household Items / Household Construction Materials; Market / Household Goods / Standard Wares,Holdable; Destroyable_Door; Door_Normal_Large,Carpentry and joinery,Carpentry,"Early Modern doors, locks and gates catalogue; culture admission Global maritime chartered company trade; availability Early Modern. Door behaviour is limited to the attached supported component profile."
earlymodern_door_gmt_grille_676,Early Modern,Early Modern,"Doors, locks & gates",door or gate,Global maritime chartered company trade,grille,a checker wrought iron metal grille,wrought iron,Large,Standard,42000,133,Era / Early Modern Era; Functions / Household Items / Household Construction Materials; Market / Household Goods / Standard Wares,Holdable; Destroyable_Door; Door_Secure_Large,Carpentry and joinery,Carpentry,"Early Modern doors, locks and gates catalogue; culture admission Global maritime chartered company trade; availability Early Modern. Door behaviour is limited to the attached supported component profile."
earlymodern_door_gmt_strike_plate_677,Early Modern,Early Modern,"Doors, locks & gates",lock and hardware,Global maritime chartered company trade,strike plate,a water-wave bronze strike plate,bronze,Small,VeryGood,1265,95,Era / Early Modern Era; Functions / Household Items / Household Wares; Market / Household Goods / Standard Wares,Holdable; Destroyable_HeavyMetal; Latch_Normal,Locksmithing,Blacksmithing,"Early Modern doors, locks and gates hardware catalogue; culture admission Global maritime chartered company trade; availability Early Modern. It does not imply a custom matched-key or hidden-lock system."
earlymodern_door_gmt_hinge_pair_678,Early Modern,Early Modern,"Doors, locks & gates",lock and hardware,Global maritime chartered company trade,hinges,a knotted brass hinge pair,brass,Small,Good,1350,103,Era / Early Modern Era; Functions / Household Items / Household Wares; Market / Household Goods / Standard Wares,Holdable; Destroyable_HeavyMetal; Latch_Normal,Locksmithing,Blacksmithing,"Early Modern doors, locks and gates hardware catalogue; culture admission Global maritime chartered company trade; availability Early Modern. It does not imply a custom matched-key or hidden-lock system."
earlymodern_door_gmt_keyring_679,Early Modern,Early Modern,"Doors, locks & gates",lock and hardware,Global maritime chartered company trade,keyring,a flower-head copper keyring,copper,Small,Standard,1435,111,Era / Early Modern Era; Functions / Household Items / Household Wares; Market / Household Goods / Standard Wares,Holdable; Destroyable_HeavyMetal; Warded_Key,Locksmithing,Blacksmithing,"Early Modern doors, locks and gates hardware catalogue; culture admission Global maritime chartered company trade; availability Early Modern. It does not imply a custom matched-key or hidden-lock system."
earlymodern_door_gmt_escutcheon_680,Early Modern,Early Modern,"Doors, locks & gates",lock and hardware,Global maritime chartered company trade,escutcheon,a star pewter keyhole escutcheon,pewter,Small,Poor,1520,119,Era / Early Modern Era; Functions / Household Items / Household Wares; Market / Household Goods / Standard Wares,Holdable; Destroyable_HeavyMetal; Latch_Normal,Locksmithing,Blacksmithing,"Early Modern doors, locks and gates hardware catalogue; culture admission Global maritime chartered company trade; availability Early Modern. It does not imply a custom matched-key or hidden-lock system."
earlymodern_door_gmt_warded_lock_681,Early Modern,Early Modern,"Doors, locks & gates",lock and hardware,Global maritime chartered company trade,lock,a bird wrought iron warded lock,wrought iron,Small,Standard,160,127,Era / Early Modern Era; Functions / Household Items / Household Wares; Market / Household Goods / Standard Wares,Holdable; Destroyable_HeavyMetal; Warded_Lock_Normal,Locksmithing,Blacksmithing,"Early Modern doors, locks and gates hardware catalogue; culture admission Global maritime chartered company trade; availability Early Modern. It does not imply a custom matched-key or hidden-lock system."
earlymodern_door_gmt_good_warded_lock_682,Early Modern,Early Modern,"Doors, locks & gates",lock and hardware,Global maritime chartered company trade,lock,a vine bronze fine warded lock,bronze,Small,Good,245,135,Era / Early Modern Era; Functions / Household Items / Household Wares; Market / Household Goods / Standard Wares,Holdable; Destroyable_HeavyMetal; Warded_Lock_Good,Locksmithing,Blacksmithing,"Early Modern doors, locks and gates hardware catalogue; culture admission Global maritime chartered company trade; availability Early Modern. It does not imply a custom matched-key or hidden-lock system."
earlymodern_door_gmt_master_warded_lock_683,Early Modern,Early Modern,"Doors, locks & gates",lock and hardware,Global maritime chartered company trade,lock,a geometric brass master warded lock,brass,Small,Good,330,143,Era / Early Modern Era; Functions / Household Items / Household Wares; Market / Household Goods / Standard Wares,Holdable; Destroyable_HeavyMetal; Warded_Lock_Master,Locksmithing,Blacksmithing,"Early Modern doors, locks and gates hardware catalogue; culture admission Global maritime chartered company trade; availability Early Modern. It does not imply a custom matched-key or hidden-lock system."
