unique_reference,sdesc,fdesc
earlymodern_door_fr_panel_door_01,a braided oak door leaf,"The oak door leaf is framed with a firm outer rail and a braided worked face. Its hinge edge, closing edge, and lower corners show the ordinary abrasion of fitting and use."
earlymodern_door_fr_braced_door_02,a leaf-scroll pine braced door,"The pine braced door is framed with a firm outer rail and a leaf-scroll worked face. Its hinge edge, closing edge, and lower corners show the ordinary abrasion of fitting and use."
earlymodern_door_fr_lockable_door_03,a water-wave cedar lockable door,"The cedar lockable door is framed with a firm outer rail and a water-wave worked face. Its hinge edge, closing edge, and lower corners show the ordinary abrasion of fitting and use."
earlymodern_door_fr_secure_door_04,a flower-head teak secure door,"The teak secure door is framed with a firm outer rail and a flower-head worked face. Its hinge edge, closing edge, and lower corners show the ordinary abrasion of fitting and use."
earlymodern_door_fr_shutter_05,a bird wood shuttered opening,"The wood shuttered opening is framed with a firm outer rail and a bird worked face. Its hinge edge, closing edge, and lower corners show the ordinary abrasion of fitting and use."
earlymodern_door_fr_screen_06,a geometric wood screen door,"The wood screen door is framed with a firm outer rail and a geometric worked face. Its hinge edge, closing edge, and lower corners show the ordinary abrasion of fitting and use."
earlymodern_door_fr_lattice_gate_07,a shell cedar lattice gate,"The cedar lattice gate is framed with a firm outer rail and a shell worked face. Its hinge edge, closing edge, and lower corners show the ordinary abrasion of fitting and use."
earlymodern_door_fr_courtyard_gate_08,a rosette teak courtyard gate,"The teak courtyard gate is framed with a firm outer rail and a rosette worked face. Its hinge edge, closing edge, and lower corners show the ordinary abrasion of fitting and use."
earlymodern_door_fr_warehouse_gate_09,a braided wrought iron warehouse gate,"The wrought iron warehouse gate is framed with a firm outer rail and a braided worked face. Its hinge edge, closing edge, and lower corners show the ordinary abrasion of fitting and use."
earlymodern_door_fr_garden_gate_10,a leaf-scroll bronze garden gate,"The bronze garden gate is framed with a firm outer rail and a leaf-scroll worked face. Its hinge edge, closing edge, and lower corners show the ordinary abrasion of fitting and use."
earlymodern_door_fr_grille_11,a water-wave bronze metal grille,"The bronze metal grille is framed with a firm outer rail and a water-wave worked face. Its hinge edge, closing edge, and lower corners show the ordinary abrasion of fitting and use."
earlymodern_door_fr_strike_plate_12,a vine bronze strike plate,"The bronze strike plate has a vine worked face, rubbed bearing edges, and a plainly accessible working surface. It represents only the behaviour supplied by its fitted mechanical component."
earlymodern_door_fr_hinge_pair_13,a geometric brass hinge pair,"The brass hinge pair has a geometric worked face, rubbed bearing edges, and a plainly accessible working surface. It represents only the behaviour supplied by its fitted mechanical component."
earlymodern_door_fr_keyring_14,a cloud copper keyring,"The copper keyring has a cloud worked face, rubbed bearing edges, and a plainly accessible working surface. It represents only the behaviour supplied by its fitted mechanical component."
earlymodern_door_fr_escutcheon_15,a shell pewter keyhole escutcheon,"The pewter keyhole escutcheon has a shell worked face, rubbed bearing edges, and a plainly accessible working surface. It represents only the behaviour supplied by its fitted mechanical component."
earlymodern_door_fr_warded_lock_16,a reed wrought iron warded lock,"The wrought iron warded lock has a reed worked face, rubbed bearing edges, and a plainly accessible working surface. It represents only the behaviour supplied by its fitted mechanical component."
earlymodern_door_fr_good_warded_lock_17,a rosette bronze fine warded lock,"The bronze fine warded lock has a rosette worked face, rubbed bearing edges, and a plainly accessible working surface. It represents only the behaviour supplied by its fitted mechanical component."
earlymodern_door_fr_master_warded_lock_18,a checker brass master warded lock,"The brass master warded lock has a checker worked face, rubbed bearing edges, and a plainly accessible working surface. It represents only the behaviour supplied by its fitted mechanical component."
earlymodern_door_fr_warded_key_19,a braided copper warded key,"The copper warded key has a braided worked face, rubbed bearing edges, and a plainly accessible working surface. It represents only the behaviour supplied by its fitted mechanical component."
earlymodern_door_nl_panel_door_20,a bird pine door leaf,"The pine door leaf is framed with a firm outer rail and a bird worked face. Its hinge edge, closing edge, and lower corners show the ordinary abrasion of fitting and use."
earlymodern_door_nl_braced_door_21,a geometric cedar braced door,"The cedar braced door is framed with a firm outer rail and a geometric worked face. Its hinge edge, closing edge, and lower corners show the ordinary abrasion of fitting and use."
earlymodern_door_nl_lockable_door_22,a shell teak lockable door,"The teak lockable door is framed with a firm outer rail and a shell worked face. Its hinge edge, closing edge, and lower corners show the ordinary abrasion of fitting and use."
earlymodern_door_nl_secure_door_23,a rosette wood secure door,"The wood secure door is framed with a firm outer rail and a rosette worked face. Its hinge edge, closing edge, and lower corners show the ordinary abrasion of fitting and use."
earlymodern_door_nl_shutter_24,a braided oak shuttered opening,"The oak shuttered opening is framed with a firm outer rail and a braided worked face. Its hinge edge, closing edge, and lower corners show the ordinary abrasion of fitting and use."
earlymodern_door_nl_screen_25,a leaf-scroll bamboo screen door,"The bamboo screen door is framed with a firm outer rail and a leaf-scroll worked face. Its hinge edge, closing edge, and lower corners show the ordinary abrasion of fitting and use."
earlymodern_door_nl_lattice_gate_26,a water-wave teak lattice gate,"The teak lattice gate is framed with a firm outer rail and a water-wave worked face. Its hinge edge, closing edge, and lower corners show the ordinary abrasion of fitting and use."
earlymodern_door_nl_courtyard_gate_27,a flower-head wrought iron courtyard gate,"The wrought iron courtyard gate is framed with a firm outer rail and a flower-head worked face. Its hinge edge, closing edge, and lower corners show the ordinary abrasion of fitting and use."
earlymodern_door_nl_warehouse_gate_28,a bird bronze warehouse gate,"The bronze warehouse gate is framed with a firm outer rail and a bird worked face. Its hinge edge, closing edge, and lower corners show the ordinary abrasion of fitting and use."
earlymodern_door_nl_garden_gate_29,a geometric oak garden gate,"The oak garden gate is framed with a firm outer rail and a geometric worked face. Its hinge edge, closing edge, and lower corners show the ordinary abrasion of fitting and use."
earlymodern_door_nl_grille_30,a shell bronze metal grille,"The bronze metal grille is framed with a firm outer rail and a shell worked face. Its hinge edge, closing edge, and lower corners show the ordinary abrasion of fitting and use."
earlymodern_door_nl_strike_plate_31,a braided wrought iron strike plate,"The wrought iron strike plate has a braided worked face, rubbed bearing edges, and a plainly accessible working surface. It represents only the behaviour supplied by its fitted mechanical component."
earlymodern_door_nl_hinge_pair_32,a radiating bronze hinge pair,"The bronze hinge pair has a radiating worked face, rubbed bearing edges, and a plainly accessible working surface. It represents only the behaviour supplied by its fitted mechanical component."
earlymodern_door_nl_keyring_33,a leaf-scroll brass keyring,"The brass keyring has a leaf-scroll worked face, rubbed bearing edges, and a plainly accessible working surface. It represents only the behaviour supplied by its fitted mechanical component."
earlymodern_door_nl_escutcheon_34,a sunburst copper keyhole escutcheon,"The copper keyhole escutcheon has a sunburst worked face, rubbed bearing edges, and a plainly accessible working surface. It represents only the behaviour supplied by its fitted mechanical component."
earlymodern_door_nl_warded_lock_35,a water-wave pewter warded lock,"The pewter warded lock has a water-wave worked face, rubbed bearing edges, and a plainly accessible working surface. It represents only the behaviour supplied by its fitted mechanical component."
earlymodern_door_nl_good_warded_lock_36,a knotted wrought iron fine warded lock,"The wrought iron fine warded lock has a knotted worked face, rubbed bearing edges, and a plainly accessible working surface. It represents only the behaviour supplied by its fitted mechanical component."
earlymodern_door_nl_master_warded_lock_37,a flower-head bronze master warded lock,"The bronze master warded lock has a flower-head worked face, rubbed bearing edges, and a plainly accessible working surface. It represents only the behaviour supplied by its fitted mechanical component."
earlymodern_door_nl_warded_key_38,a star brass warded key,"The brass warded key has a star worked face, rubbed bearing edges, and a plainly accessible working surface. It represents only the behaviour supplied by its fitted mechanical component."
earlymodern_door_gb_panel_door_39,a knotted pine door leaf,"The pine door leaf is framed with a firm outer rail and a knotted worked face. Its hinge edge, closing edge, and lower corners show the ordinary abrasion of fitting and use."
earlymodern_door_gb_braced_door_40,a star cedar braced door,"The cedar braced door is framed with a firm outer rail and a star worked face. Its hinge edge, closing edge, and lower corners show the ordinary abrasion of fitting and use."
earlymodern_door_gb_lockable_door_41,a vine teak lockable door,"The teak lockable door is framed with a firm outer rail and a vine worked face. Its hinge edge, closing edge, and lower corners show the ordinary abrasion of fitting and use."
earlymodern_door_gb_secure_door_42,a cloud wood secure door,"The wood secure door is framed with a firm outer rail and a cloud worked face. Its hinge edge, closing edge, and lower corners show the ordinary abrasion of fitting and use."
earlymodern_door_gb_shutter_43,a reed oak shuttered opening,"The oak shuttered opening is framed with a firm outer rail and a reed worked face. Its hinge edge, closing edge, and lower corners show the ordinary abrasion of fitting and use."
earlymodern_door_gb_screen_44,a checker cedar screen door,"The cedar screen door is framed with a firm outer rail and a checker worked face. Its hinge edge, closing edge, and lower corners show the ordinary abrasion of fitting and use."
earlymodern_door_gb_lattice_gate_45,a radiating teak lattice gate,"The teak lattice gate is framed with a firm outer rail and a radiating worked face. Its hinge edge, closing edge, and lower corners show the ordinary abrasion of fitting and use."
earlymodern_door_gb_courtyard_gate_46,a sunburst wrought iron courtyard gate,"The wrought iron courtyard gate is framed with a firm outer rail and a sunburst worked face. Its hinge edge, closing edge, and lower corners show the ordinary abrasion of fitting and use."
earlymodern_door_gb_warehouse_gate_47,a knotted bronze warehouse gate,"The bronze warehouse gate is framed with a firm outer rail and a knotted worked face. Its hinge edge, closing edge, and lower corners show the ordinary abrasion of fitting and use."
earlymodern_door_gb_garden_gate_48,a star oak garden gate,"The oak garden gate is framed with a firm outer rail and a star worked face. Its hinge edge, closing edge, and lower corners show the ordinary abrasion of fitting and use."
earlymodern_door_gb_grille_49,a vine brass metal grille,"The brass metal grille is framed with a firm outer rail and a vine worked face. Its hinge edge, closing edge, and lower corners show the ordinary abrasion of fitting and use."
earlymodern_door_gb_strike_plate_50,a radiating pewter strike plate,"The pewter strike plate has a radiating worked face, rubbed bearing edges, and a plainly accessible working surface. It represents only the behaviour supplied by its fitted mechanical component."
earlymodern_door_gb_hinge_pair_51,a leaf-scroll wrought iron hinge pair,"The wrought iron hinge pair has a leaf-scroll worked face, rubbed bearing edges, and a plainly accessible working surface. It represents only the behaviour supplied by its fitted mechanical component."
earlymodern_door_gb_keyring_52,a sunburst bronze keyring,"The bronze keyring has a sunburst worked face, rubbed bearing edges, and a plainly accessible working surface. It represents only the behaviour supplied by its fitted mechanical component."
earlymodern_door_gb_escutcheon_53,a water-wave brass keyhole escutcheon,"The brass keyhole escutcheon has a water-wave worked face, rubbed bearing edges, and a plainly accessible working surface. It represents only the behaviour supplied by its fitted mechanical component."
earlymodern_door_gb_warded_lock_54,a knotted copper warded lock,"The copper warded lock has a knotted worked face, rubbed bearing edges, and a plainly accessible working surface. It represents only the behaviour supplied by its fitted mechanical component."
earlymodern_door_gb_good_warded_lock_55,a flower-head pewter fine warded lock,"The pewter fine warded lock has a flower-head worked face, rubbed bearing edges, and a plainly accessible working surface. It represents only the behaviour supplied by its fitted mechanical component."
earlymodern_door_gb_master_warded_lock_56,a star wrought iron master warded lock,"The wrought iron master warded lock has a star worked face, rubbed bearing edges, and a plainly accessible working surface. It represents only the behaviour supplied by its fitted mechanical component."
earlymodern_door_gb_warded_key_57,a bird bronze warded key,"The bronze warded key has a bird worked face, rubbed bearing edges, and a plainly accessible working surface. It represents only the behaviour supplied by its fitted mechanical component."
earlymodern_door_ib_panel_door_58,a flower-head pine door leaf,"The pine door leaf is framed with a firm outer rail and a flower-head worked face. Its hinge edge, closing edge, and lower corners show the ordinary abrasion of fitting and use."
earlymodern_door_ib_braced_door_59,a bird cedar braced door,"The cedar braced door is framed with a firm outer rail and a bird worked face. Its hinge edge, closing edge, and lower corners show the ordinary abrasion of fitting and use."
earlymodern_door_ib_lockable_door_60,a geometric teak lockable door,"The teak lockable door is framed with a firm outer rail and a geometric worked face. Its hinge edge, closing edge, and lower corners show the ordinary abrasion of fitting and use."
earlymodern_door_ib_secure_door_61,a shell wood secure door,"The wood secure door is framed with a firm outer rail and a shell worked face. Its hinge edge, closing edge, and lower corners show the ordinary abrasion of fitting and use."
earlymodern_door_ib_shutter_62,a rosette oak shuttered opening,"The oak shuttered opening is framed with a firm outer rail and a rosette worked face. Its hinge edge, closing edge, and lower corners show the ordinary abrasion of fitting and use."
earlymodern_door_ib_screen_63,a braided bamboo screen door,"The bamboo screen door is framed with a firm outer rail and a braided worked face. Its hinge edge, closing edge, and lower corners show the ordinary abrasion of fitting and use."
earlymodern_door_ib_lattice_gate_64,a leaf-scroll teak lattice gate,"The teak lattice gate is framed with a firm outer rail and a leaf-scroll worked face. Its hinge edge, closing edge, and lower corners show the ordinary abrasion of fitting and use."
earlymodern_door_ib_courtyard_gate_65,a water-wave wrought iron courtyard gate,"The wrought iron courtyard gate is framed with a firm outer rail and a water-wave worked face. Its hinge edge, closing edge, and lower corners show the ordinary abrasion of fitting and use."
earlymodern_door_ib_warehouse_gate_66,a flower-head bronze warehouse gate,"The bronze warehouse gate is framed with a firm outer rail and a flower-head worked face. Its hinge edge, closing edge, and lower corners show the ordinary abrasion of fitting and use."
earlymodern_door_ib_garden_gate_67,a bird oak garden gate,"The oak garden gate is framed with a firm outer rail and a bird worked face. Its hinge edge, closing edge, and lower corners show the ordinary abrasion of fitting and use."
earlymodern_door_ib_grille_68,a geometric brass metal grille,"The brass metal grille is framed with a firm outer rail and a geometric worked face. Its hinge edge, closing edge, and lower corners show the ordinary abrasion of fitting and use."
earlymodern_door_ib_strike_plate_69,a geometric copper strike plate,"The copper strike plate has a geometric worked face, rubbed bearing edges, and a plainly accessible working surface. It represents only the behaviour supplied by its fitted mechanical component."
earlymodern_door_ib_hinge_pair_70,a cloud pewter hinge pair,"The pewter hinge pair has a cloud worked face, rubbed bearing edges, and a plainly accessible working surface. It represents only the behaviour supplied by its fitted mechanical component."
earlymodern_door_ib_keyring_71,a shell wrought iron keyring,"The wrought iron keyring has a shell worked face, rubbed bearing edges, and a plainly accessible working surface. It represents only the behaviour supplied by its fitted mechanical component."
earlymodern_door_ib_escutcheon_72,a reed bronze keyhole escutcheon,"The bronze keyhole escutcheon has a reed worked face, rubbed bearing edges, and a plainly accessible working surface. It represents only the behaviour supplied by its fitted mechanical component."
earlymodern_door_ib_warded_lock_73,a rosette brass warded lock,"The brass warded lock has a rosette worked face, rubbed bearing edges, and a plainly accessible working surface. It represents only the behaviour supplied by its fitted mechanical component."
earlymodern_door_ib_good_warded_lock_74,a checker copper fine warded lock,"The copper fine warded lock has a checker worked face, rubbed bearing edges, and a plainly accessible working surface. It represents only the behaviour supplied by its fitted mechanical component."
earlymodern_door_ib_master_warded_lock_75,a braided pewter master warded lock,"The pewter master warded lock has a braided worked face, rubbed bearing edges, and a plainly accessible working surface. It represents only the behaviour supplied by its fitted mechanical component."
earlymodern_door_ib_warded_key_76,a radiating wrought iron warded key,"The wrought iron warded key has a radiating worked face, rubbed bearing edges, and a plainly accessible working surface. It represents only the behaviour supplied by its fitted mechanical component."
earlymodern_door_hre_panel_door_77,a reed oak door leaf,"The oak door leaf is framed with a firm outer rail and a reed worked face. Its hinge edge, closing edge, and lower corners show the ordinary abrasion of fitting and use."
earlymodern_door_hre_braced_door_78,a checker pine braced door,"The pine braced door is framed with a firm outer rail and a checker worked face. Its hinge edge, closing edge, and lower corners show the ordinary abrasion of fitting and use."
earlymodern_door_hre_lockable_door_79,a radiating cedar lockable door,"The cedar lockable door is framed with a firm outer rail and a radiating worked face. Its hinge edge, closing edge, and lower corners show the ordinary abrasion of fitting and use."
earlymodern_door_hre_secure_door_80,a sunburst teak secure door,"The teak secure door is framed with a firm outer rail and a sunburst worked face. Its hinge edge, closing edge, and lower corners show the ordinary abrasion of fitting and use."
earlymodern_door_hre_shutter_81,a knotted wood shuttered opening,"The wood shuttered opening is framed with a firm outer rail and a knotted worked face. Its hinge edge, closing edge, and lower corners show the ordinary abrasion of fitting and use."
earlymodern_door_hre_screen_82,a star bamboo screen door,"The bamboo screen door is framed with a firm outer rail and a star worked face. Its hinge edge, closing edge, and lower corners show the ordinary abrasion of fitting and use."
earlymodern_door_hre_lattice_gate_83,a vine cedar lattice gate,"The cedar lattice gate is framed with a firm outer rail and a vine worked face. Its hinge edge, closing edge, and lower corners show the ordinary abrasion of fitting and use."
earlymodern_door_hre_courtyard_gate_84,a cloud teak courtyard gate,"The teak courtyard gate is framed with a firm outer rail and a cloud worked face. Its hinge edge, closing edge, and lower corners show the ordinary abrasion of fitting and use."
earlymodern_door_hre_warehouse_gate_85,a reed wrought iron warehouse gate,"The wrought iron warehouse gate is framed with a firm outer rail and a reed worked face. Its hinge edge, closing edge, and lower corners show the ordinary abrasion of fitting and use."
earlymodern_door_hre_garden_gate_86,a checker bronze garden gate,"The bronze garden gate is framed with a firm outer rail and a checker worked face. Its hinge edge, closing edge, and lower corners show the ordinary abrasion of fitting and use."
earlymodern_door_hre_grille_87,a radiating wrought iron metal grille,"The wrought iron metal grille is framed with a firm outer rail and a radiating worked face. Its hinge edge, closing edge, and lower corners show the ordinary abrasion of fitting and use."
earlymodern_door_hre_strike_plate_88,a checker brass strike plate,"The brass strike plate has a checker worked face, rubbed bearing edges, and a plainly accessible working surface. It represents only the behaviour supplied by its fitted mechanical component."
earlymodern_door_hre_hinge_pair_89,a braided copper hinge pair,"The copper hinge pair has a braided worked face, rubbed bearing edges, and a plainly accessible working surface. It represents only the behaviour supplied by its fitted mechanical component."
earlymodern_door_hre_keyring_90,a radiating pewter keyring,"The pewter keyring has a radiating worked face, rubbed bearing edges, and a plainly accessible working surface. It represents only the behaviour supplied by its fitted mechanical component."
earlymodern_door_hre_escutcheon_91,a leaf-scroll wrought iron keyhole escutcheon,"The wrought iron keyhole escutcheon has a leaf-scroll worked face, rubbed bearing edges, and a plainly accessible working surface. It represents only the behaviour supplied by its fitted mechanical component."
earlymodern_door_hre_warded_lock_92,a sunburst bronze warded lock,"The bronze warded lock has a sunburst worked face, rubbed bearing edges, and a plainly accessible working surface. It represents only the behaviour supplied by its fitted mechanical component."
earlymodern_door_hre_good_warded_lock_93,a water-wave brass fine warded lock,"The brass fine warded lock has a water-wave worked face, rubbed bearing edges, and a plainly accessible working surface. It represents only the behaviour supplied by its fitted mechanical component."
earlymodern_door_hre_master_warded_lock_94,a knotted copper master warded lock,"The copper master warded lock has a knotted worked face, rubbed bearing edges, and a plainly accessible working surface. It represents only the behaviour supplied by its fitted mechanical component."
earlymodern_door_hre_warded_key_95,a flower-head pewter warded key,"The pewter warded key has a flower-head worked face, rubbed bearing edges, and a plainly accessible working surface. It represents only the behaviour supplied by its fitted mechanical component."
earlymodern_door_it_panel_door_96,a rosette wood door leaf,"The wood door leaf is framed with a firm outer rail and a rosette worked face. Its hinge edge, closing edge, and lower corners show the ordinary abrasion of fitting and use."
earlymodern_door_it_braced_door_97,a braided oak braced door,"The oak braced door is framed with a firm outer rail and a braided worked face. Its hinge edge, closing edge, and lower corners show the ordinary abrasion of fitting and use."
earlymodern_door_it_lockable_door_98,a leaf-scroll pine lockable door,"The pine lockable door is framed with a firm outer rail and a leaf-scroll worked face. Its hinge edge, closing edge, and lower corners show the ordinary abrasion of fitting and use."
earlymodern_door_it_secure_door_99,a water-wave cedar secure door,"The cedar secure door is framed with a firm outer rail and a water-wave worked face. Its hinge edge, closing edge, and lower corners show the ordinary abrasion of fitting and use."
earlymodern_door_it_shutter_100,a flower-head teak shuttered opening,"The teak shuttered opening is framed with a firm outer rail and a flower-head worked face. Its hinge edge, closing edge, and lower corners show the ordinary abrasion of fitting and use."
earlymodern_door_it_screen_101,a bird cedar screen door,"The cedar screen door is framed with a firm outer rail and a bird worked face. Its hinge edge, closing edge, and lower corners show the ordinary abrasion of fitting and use."
earlymodern_door_it_lattice_gate_102,a geometric oak lattice gate,"The oak lattice gate is framed with a firm outer rail and a geometric worked face. Its hinge edge, closing edge, and lower corners show the ordinary abrasion of fitting and use."
earlymodern_door_it_courtyard_gate_103,a shell cedar courtyard gate,"The cedar courtyard gate is framed with a firm outer rail and a shell worked face. Its hinge edge, closing edge, and lower corners show the ordinary abrasion of fitting and use."
earlymodern_door_it_warehouse_gate_104,a rosette teak warehouse gate,"The teak warehouse gate is framed with a firm outer rail and a rosette worked face. Its hinge edge, closing edge, and lower corners show the ordinary abrasion of fitting and use."
earlymodern_door_it_garden_gate_105,a braided wrought iron garden gate,"The wrought iron garden gate is framed with a firm outer rail and a braided worked face. Its hinge edge, closing edge, and lower corners show the ordinary abrasion of fitting and use."
earlymodern_door_it_grille_106,a leaf-scroll brass metal grille,"The brass metal grille is framed with a firm outer rail and a leaf-scroll worked face. Its hinge edge, closing edge, and lower corners show the ordinary abrasion of fitting and use."
earlymodern_door_it_strike_plate_107,a bird bronze strike plate,"The bronze strike plate has a bird worked face, rubbed bearing edges, and a plainly accessible working surface. It represents only the behaviour supplied by its fitted mechanical component."
earlymodern_door_it_hinge_pair_108,a vine brass hinge pair,"The brass hinge pair has a vine worked face, rubbed bearing edges, and a plainly accessible working surface. It represents only the behaviour supplied by its fitted mechanical component."
earlymodern_door_it_keyring_109,a geometric copper keyring,"The copper keyring has a geometric worked face, rubbed bearing edges, and a plainly accessible working surface. It represents only the behaviour supplied by its fitted mechanical component."
earlymodern_door_it_escutcheon_110,a cloud pewter keyhole escutcheon,"The pewter keyhole escutcheon has a cloud worked face, rubbed bearing edges, and a plainly accessible working surface. It represents only the behaviour supplied by its fitted mechanical component."
earlymodern_door_it_warded_lock_111,a shell wrought iron warded lock,"The wrought iron warded lock has a shell worked face, rubbed bearing edges, and a plainly accessible working surface. It represents only the behaviour supplied by its fitted mechanical component."
earlymodern_door_it_good_warded_lock_112,a reed bronze fine warded lock,"The bronze fine warded lock has a reed worked face, rubbed bearing edges, and a plainly accessible working surface. It represents only the behaviour supplied by its fitted mechanical component."
earlymodern_door_it_master_warded_lock_113,a rosette brass master warded lock,"The brass master warded lock has a rosette worked face, rubbed bearing edges, and a plainly accessible working surface. It represents only the behaviour supplied by its fitted mechanical component."
earlymodern_door_it_warded_key_114,a checker copper warded key,"The copper warded key has a checker worked face, rubbed bearing edges, and a plainly accessible working surface. It represents only the behaviour supplied by its fitted mechanical component."
earlymodern_door_scb_panel_door_115,a vine teak door leaf,"The teak door leaf is framed with a firm outer rail and a vine worked face. Its hinge edge, closing edge, and lower corners show the ordinary abrasion of fitting and use."
earlymodern_door_scb_braced_door_116,a cloud wood braced door,"The wood braced door is framed with a firm outer rail and a cloud worked face. Its hinge edge, closing edge, and lower corners show the ordinary abrasion of fitting and use."
earlymodern_door_scb_lockable_door_117,a reed oak lockable door,"The oak lockable door is framed with a firm outer rail and a reed worked face. Its hinge edge, closing edge, and lower corners show the ordinary abrasion of fitting and use."
earlymodern_door_scb_secure_door_118,a checker pine secure door,"The pine secure door is framed with a firm outer rail and a checker worked face. Its hinge edge, closing edge, and lower corners show the ordinary abrasion of fitting and use."
earlymodern_door_scb_shutter_119,a radiating cedar shuttered opening,"The cedar shuttered opening is framed with a firm outer rail and a radiating worked face. Its hinge edge, closing edge, and lower corners show the ordinary abrasion of fitting and use."
earlymodern_door_scb_screen_120,a sunburst cedar screen door,"The cedar screen door is framed with a firm outer rail and a sunburst worked face. Its hinge edge, closing edge, and lower corners show the ordinary abrasion of fitting and use."
earlymodern_door_scb_lattice_gate_121,a knotted bronze lattice gate,"The bronze lattice gate is framed with a firm outer rail and a knotted worked face. Its hinge edge, closing edge, and lower corners show the ordinary abrasion of fitting and use."
earlymodern_door_scb_courtyard_gate_122,a star oak courtyard gate,"The oak courtyard gate is framed with a firm outer rail and a star worked face. Its hinge edge, closing edge, and lower corners show the ordinary abrasion of fitting and use."
earlymodern_door_scb_warehouse_gate_123,a vine cedar warehouse gate,"The cedar warehouse gate is framed with a firm outer rail and a vine worked face. Its hinge edge, closing edge, and lower corners show the ordinary abrasion of fitting and use."
earlymodern_door_scb_garden_gate_124,a cloud teak garden gate,"The teak garden gate is framed with a firm outer rail and a cloud worked face. Its hinge edge, closing edge, and lower corners show the ordinary abrasion of fitting and use."
earlymodern_door_scb_grille_125,a reed brass metal grille,"The brass metal grille is framed with a firm outer rail and a reed worked face. Its hinge edge, closing edge, and lower corners show the ordinary abrasion of fitting and use."
earlymodern_door_scb_strike_plate_126,a knotted wrought iron strike plate,"The wrought iron strike plate has a knotted worked face, rubbed bearing edges, and a plainly accessible working surface. It represents only the behaviour supplied by its fitted mechanical component."
earlymodern_door_scb_hinge_pair_127,a flower-head bronze hinge pair,"The bronze hinge pair has a flower-head worked face, rubbed bearing edges, and a plainly accessible working surface. It represents only the behaviour supplied by its fitted mechanical component."
earlymodern_door_scb_keyring_128,a star brass keyring,"The brass keyring has a star worked face, rubbed bearing edges, and a plainly accessible working surface. It represents only the behaviour supplied by its fitted mechanical component."
earlymodern_door_scb_escutcheon_129,a bird copper keyhole escutcheon,"The copper keyhole escutcheon has a bird worked face, rubbed bearing edges, and a plainly accessible working surface. It represents only the behaviour supplied by its fitted mechanical component."
earlymodern_door_scb_warded_lock_130,a vine pewter warded lock,"The pewter warded lock has a vine worked face, rubbed bearing edges, and a plainly accessible working surface. It represents only the behaviour supplied by its fitted mechanical component."
earlymodern_door_scb_good_warded_lock_131,a geometric wrought iron fine warded lock,"The wrought iron fine warded lock has a geometric worked face, rubbed bearing edges, and a plainly accessible working surface. It represents only the behaviour supplied by its fitted mechanical component."
earlymodern_door_scb_master_warded_lock_132,a cloud bronze master warded lock,"The bronze master warded lock has a cloud worked face, rubbed bearing edges, and a plainly accessible working surface. It represents only the behaviour supplied by its fitted mechanical component."
earlymodern_door_scb_warded_key_133,a shell brass warded key,"The brass warded key has a shell worked face, rubbed bearing edges, and a plainly accessible working surface. It represents only the behaviour supplied by its fitted mechanical component."
earlymodern_door_plh_panel_door_134,a braided wood door leaf,"The wood door leaf is framed with a firm outer rail and a braided worked face. Its hinge edge, closing edge, and lower corners show the ordinary abrasion of fitting and use."
earlymodern_door_plh_braced_door_135,a leaf-scroll oak braced door,"The oak braced door is framed with a firm outer rail and a leaf-scroll worked face. Its hinge edge, closing edge, and lower corners show the ordinary abrasion of fitting and use."
earlymodern_door_plh_lockable_door_136,a water-wave pine lockable door,"The pine lockable door is framed with a firm outer rail and a water-wave worked face. Its hinge edge, closing edge, and lower corners show the ordinary abrasion of fitting and use."
earlymodern_door_plh_secure_door_137,a flower-head cedar secure door,"The cedar secure door is framed with a firm outer rail and a flower-head worked face. Its hinge edge, closing edge, and lower corners show the ordinary abrasion of fitting and use."
earlymodern_door_plh_shutter_138,a bird teak shuttered opening,"The teak shuttered opening is framed with a firm outer rail and a bird worked face. Its hinge edge, closing edge, and lower corners show the ordinary abrasion of fitting and use."
earlymodern_door_plh_screen_139,a geometric cedar screen door,"The cedar screen door is framed with a firm outer rail and a geometric worked face. Its hinge edge, closing edge, and lower corners show the ordinary abrasion of fitting and use."
earlymodern_door_plh_lattice_gate_140,a shell oak lattice gate,"The oak lattice gate is framed with a firm outer rail and a shell worked face. Its hinge edge, closing edge, and lower corners show the ordinary abrasion of fitting and use."
earlymodern_door_plh_courtyard_gate_141,a rosette cedar courtyard gate,"The cedar courtyard gate is framed with a firm outer rail and a rosette worked face. Its hinge edge, closing edge, and lower corners show the ordinary abrasion of fitting and use."
earlymodern_door_plh_warehouse_gate_142,a braided teak warehouse gate,"The teak warehouse gate is framed with a firm outer rail and a braided worked face. Its hinge edge, closing edge, and lower corners show the ordinary abrasion of fitting and use."
earlymodern_door_plh_garden_gate_143,a leaf-scroll wrought iron garden gate,"The wrought iron garden gate is framed with a firm outer rail and a leaf-scroll worked face. Its hinge edge, closing edge, and lower corners show the ordinary abrasion of fitting and use."
earlymodern_door_plh_grille_144,a water-wave brass metal grille,"The brass metal grille is framed with a firm outer rail and a water-wave worked face. Its hinge edge, closing edge, and lower corners show the ordinary abrasion of fitting and use."
earlymodern_door_plh_strike_plate_145,a geometric pewter strike plate,"The pewter strike plate has a geometric worked face, rubbed bearing edges, and a plainly accessible working surface. It represents only the behaviour supplied by its fitted mechanical component."
earlymodern_door_plh_hinge_pair_146,a cloud wrought iron hinge pair,"The wrought iron hinge pair has a cloud worked face, rubbed bearing edges, and a plainly accessible working surface. It represents only the behaviour supplied by its fitted mechanical component."
earlymodern_door_plh_keyring_147,a shell bronze keyring,"The bronze keyring has a shell worked face, rubbed bearing edges, and a plainly accessible working surface. It represents only the behaviour supplied by its fitted mechanical component."
earlymodern_door_plh_escutcheon_148,a reed brass keyhole escutcheon,"The brass keyhole escutcheon has a reed worked face, rubbed bearing edges, and a plainly accessible working surface. It represents only the behaviour supplied by its fitted mechanical component."
earlymodern_door_plh_warded_lock_149,a rosette copper warded lock,"The copper warded lock has a rosette worked face, rubbed bearing edges, and a plainly accessible working surface. It represents only the behaviour supplied by its fitted mechanical component."
earlymodern_door_plh_good_warded_lock_150,a checker pewter fine warded lock,"The pewter fine warded lock has a checker worked face, rubbed bearing edges, and a plainly accessible working surface. It represents only the behaviour supplied by its fitted mechanical component."
earlymodern_door_plh_master_warded_lock_151,a braided wrought iron master warded lock,"The wrought iron master warded lock has a braided worked face, rubbed bearing edges, and a plainly accessible working surface. It represents only the behaviour supplied by its fitted mechanical component."
earlymodern_door_plh_warded_key_152,a radiating bronze warded key,"The bronze warded key has a radiating worked face, rubbed bearing edges, and a plainly accessible working surface. It represents only the behaviour supplied by its fitted mechanical component."
earlymodern_door_rus_panel_door_153,a leaf-scroll wood door leaf,"The wood door leaf is framed with a firm outer rail and a leaf-scroll worked face. Its hinge edge, closing edge, and lower corners show the ordinary abrasion of fitting and use."
earlymodern_door_rus_braced_door_154,a water-wave oak braced door,"The oak braced door is framed with a firm outer rail and a water-wave worked face. Its hinge edge, closing edge, and lower corners show the ordinary abrasion of fitting and use."
earlymodern_door_rus_lockable_door_155,a flower-head pine lockable door,"The pine lockable door is framed with a firm outer rail and a flower-head worked face. Its hinge edge, closing edge, and lower corners show the ordinary abrasion of fitting and use."
earlymodern_door_rus_secure_door_156,a bird cedar secure door,"The cedar secure door is framed with a firm outer rail and a bird worked face. Its hinge edge, closing edge, and lower corners show the ordinary abrasion of fitting and use."
earlymodern_door_rus_shutter_157,a geometric teak shuttered opening,"The teak shuttered opening is framed with a firm outer rail and a geometric worked face. Its hinge edge, closing edge, and lower corners show the ordinary abrasion of fitting and use."
earlymodern_door_rus_screen_158,a shell teak screen door,"The teak screen door is framed with a firm outer rail and a shell worked face. Its hinge edge, closing edge, and lower corners show the ordinary abrasion of fitting and use."
earlymodern_door_rus_lattice_gate_159,a rosette oak lattice gate,"The oak lattice gate is framed with a firm outer rail and a rosette worked face. Its hinge edge, closing edge, and lower corners show the ordinary abrasion of fitting and use."
earlymodern_door_rus_courtyard_gate_160,a braided cedar courtyard gate,"The cedar courtyard gate is framed with a firm outer rail and a braided worked face. Its hinge edge, closing edge, and lower corners show the ordinary abrasion of fitting and use."
earlymodern_door_rus_warehouse_gate_161,a leaf-scroll teak warehouse gate,"The teak warehouse gate is framed with a firm outer rail and a leaf-scroll worked face. Its hinge edge, closing edge, and lower corners show the ordinary abrasion of fitting and use."
earlymodern_door_rus_garden_gate_162,a water-wave wrought iron garden gate,"The wrought iron garden gate is framed with a firm outer rail and a water-wave worked face. Its hinge edge, closing edge, and lower corners show the ordinary abrasion of fitting and use."
earlymodern_door_rus_grille_163,a flower-head brass metal grille,"The brass metal grille is framed with a firm outer rail and a flower-head worked face. Its hinge edge, closing edge, and lower corners show the ordinary abrasion of fitting and use."
earlymodern_door_rus_strike_plate_164,a knotted copper strike plate,"The copper strike plate has a knotted worked face, rubbed bearing edges, and a plainly accessible working surface. It represents only the behaviour supplied by its fitted mechanical component."
earlymodern_door_rus_hinge_pair_165,a flower-head pewter hinge pair,"The pewter hinge pair has a flower-head worked face, rubbed bearing edges, and a plainly accessible working surface. It represents only the behaviour supplied by its fitted mechanical component."
earlymodern_door_rus_keyring_166,a star wrought iron keyring,"The wrought iron keyring has a star worked face, rubbed bearing edges, and a plainly accessible working surface. It represents only the behaviour supplied by its fitted mechanical component."
earlymodern_door_rus_escutcheon_167,a bird bronze keyhole escutcheon,"The bronze keyhole escutcheon has a bird worked face, rubbed bearing edges, and a plainly accessible working surface. It represents only the behaviour supplied by its fitted mechanical component."
earlymodern_door_rus_warded_lock_168,a vine brass warded lock,"The brass warded lock has a vine worked face, rubbed bearing edges, and a plainly accessible working surface. It represents only the behaviour supplied by its fitted mechanical component."
earlymodern_door_rus_good_warded_lock_169,a geometric copper fine warded lock,"The copper fine warded lock has a geometric worked face, rubbed bearing edges, and a plainly accessible working surface. It represents only the behaviour supplied by its fitted mechanical component."
earlymodern_door_rus_master_warded_lock_170,a cloud pewter master warded lock,"The pewter master warded lock has a cloud worked face, rubbed bearing edges, and a plainly accessible working surface. It represents only the behaviour supplied by its fitted mechanical component."
earlymodern_door_rus_warded_key_171,a shell wrought iron warded key,"The wrought iron warded key has a shell worked face, rubbed bearing edges, and a plainly accessible working surface. It represents only the behaviour supplied by its fitted mechanical component."
earlymodern_door_ott_panel_door_172,a checker teak door leaf,"The teak door leaf is framed with a firm outer rail and a checker worked face. Its hinge edge, closing edge, and lower corners show the ordinary abrasion of fitting and use."
earlymodern_door_ott_braced_door_173,a radiating wood braced door,"The wood braced door is framed with a firm outer rail and a radiating worked face. Its hinge edge, closing edge, and lower corners show the ordinary abrasion of fitting and use."
earlymodern_door_ott_lockable_door_174,a sunburst oak lockable door,"The oak lockable door is framed with a firm outer rail and a sunburst worked face. Its hinge edge, closing edge, and lower corners show the ordinary abrasion of fitting and use."
earlymodern_door_ott_secure_door_175,a knotted pine secure door,"The pine secure door is framed with a firm outer rail and a knotted worked face. Its hinge edge, closing edge, and lower corners show the ordinary abrasion of fitting and use."
earlymodern_door_ott_shutter_176,a star cedar shuttered opening,"The cedar shuttered opening is framed with a firm outer rail and a star worked face. Its hinge edge, closing edge, and lower corners show the ordinary abrasion of fitting and use."
earlymodern_door_ott_screen_177,a vine wood screen door,"The wood screen door is framed with a firm outer rail and a vine worked face. Its hinge edge, closing edge, and lower corners show the ordinary abrasion of fitting and use."
earlymodern_door_ott_lattice_gate_178,a cloud bronze lattice gate,"The bronze lattice gate is framed with a firm outer rail and a cloud worked face. Its hinge edge, closing edge, and lower corners show the ordinary abrasion of fitting and use."
earlymodern_door_ott_courtyard_gate_179,a reed oak courtyard gate,"The oak courtyard gate is framed with a firm outer rail and a reed worked face. Its hinge edge, closing edge, and lower corners show the ordinary abrasion of fitting and use."
earlymodern_door_ott_warehouse_gate_180,a checker cedar warehouse gate,"The cedar warehouse gate is framed with a firm outer rail and a checker worked face. Its hinge edge, closing edge, and lower corners show the ordinary abrasion of fitting and use."
earlymodern_door_ott_garden_gate_181,a radiating teak garden gate,"The teak garden gate is framed with a firm outer rail and a radiating worked face. Its hinge edge, closing edge, and lower corners show the ordinary abrasion of fitting and use."
earlymodern_door_ott_grille_182,a sunburst brass metal grille,"The brass metal grille is framed with a firm outer rail and a sunburst worked face. Its hinge edge, closing edge, and lower corners show the ordinary abrasion of fitting and use."
earlymodern_door_ott_strike_plate_183,a flower-head brass strike plate,"The brass strike plate has a flower-head worked face, rubbed bearing edges, and a plainly accessible working surface. It represents only the behaviour supplied by its fitted mechanical component."
earlymodern_door_ott_hinge_pair_184,a star copper hinge pair,"The copper hinge pair has a star worked face, rubbed bearing edges, and a plainly accessible working surface. It represents only the behaviour supplied by its fitted mechanical component."
earlymodern_door_ott_keyring_185,a bird pewter keyring,"The pewter keyring has a bird worked face, rubbed bearing edges, and a plainly accessible working surface. It represents only the behaviour supplied by its fitted mechanical component."
earlymodern_door_ott_escutcheon_186,a vine wrought iron keyhole escutcheon,"The wrought iron keyhole escutcheon has a vine worked face, rubbed bearing edges, and a plainly accessible working surface. It represents only the behaviour supplied by its fitted mechanical component."
earlymodern_door_ott_warded_lock_187,a geometric bronze warded lock,"The bronze warded lock has a geometric worked face, rubbed bearing edges, and a plainly accessible working surface. It represents only the behaviour supplied by its fitted mechanical component."
earlymodern_door_ott_good_warded_lock_188,a cloud brass fine warded lock,"The brass fine warded lock has a cloud worked face, rubbed bearing edges, and a plainly accessible working surface. It represents only the behaviour supplied by its fitted mechanical component."
earlymodern_door_ott_master_warded_lock_189,a shell copper master warded lock,"The copper master warded lock has a shell worked face, rubbed bearing edges, and a plainly accessible working surface. It represents only the behaviour supplied by its fitted mechanical component."
earlymodern_door_ott_warded_key_190,a reed pewter warded key,"The pewter warded key has a reed worked face, rubbed bearing edges, and a plainly accessible working surface. It represents only the behaviour supplied by its fitted mechanical component."
earlymodern_door_mag_panel_door_191,a water-wave cedar door leaf,"The cedar door leaf is framed with a firm outer rail and a water-wave worked face. Its hinge edge, closing edge, and lower corners show the ordinary abrasion of fitting and use."
earlymodern_door_mag_braced_door_192,a flower-head teak braced door,"The teak braced door is framed with a firm outer rail and a flower-head worked face. Its hinge edge, closing edge, and lower corners show the ordinary abrasion of fitting and use."
earlymodern_door_mag_lockable_door_193,a bird wood lockable door,"The wood lockable door is framed with a firm outer rail and a bird worked face. Its hinge edge, closing edge, and lower corners show the ordinary abrasion of fitting and use."
earlymodern_door_mag_secure_door_194,a geometric oak secure door,"The oak secure door is framed with a firm outer rail and a geometric worked face. Its hinge edge, closing edge, and lower corners show the ordinary abrasion of fitting and use."
earlymodern_door_mag_shutter_195,a shell pine shuttered opening,"The pine shuttered opening is framed with a firm outer rail and a shell worked face. Its hinge edge, closing edge, and lower corners show the ordinary abrasion of fitting and use."
earlymodern_door_mag_screen_196,a rosette teak screen door,"The teak screen door is framed with a firm outer rail and a rosette worked face. Its hinge edge, closing edge, and lower corners show the ordinary abrasion of fitting and use."
earlymodern_door_mag_lattice_gate_197,a braided wrought iron lattice gate,"The wrought iron lattice gate is framed with a firm outer rail and a braided worked face. Its hinge edge, closing edge, and lower corners show the ordinary abrasion of fitting and use."
earlymodern_door_mag_courtyard_gate_198,a leaf-scroll bronze courtyard gate,"The bronze courtyard gate is framed with a firm outer rail and a leaf-scroll worked face. Its hinge edge, closing edge, and lower corners show the ordinary abrasion of fitting and use."
earlymodern_door_mag_warehouse_gate_199,a water-wave oak warehouse gate,"The oak warehouse gate is framed with a firm outer rail and a water-wave worked face. Its hinge edge, closing edge, and lower corners show the ordinary abrasion of fitting and use."
earlymodern_door_mag_garden_gate_200,a flower-head cedar garden gate,"The cedar garden gate is framed with a firm outer rail and a flower-head worked face. Its hinge edge, closing edge, and lower corners show the ordinary abrasion of fitting and use."
earlymodern_door_mag_grille_201,a bird wrought iron metal grille,"The wrought iron metal grille is framed with a firm outer rail and a bird worked face. Its hinge edge, closing edge, and lower corners show the ordinary abrasion of fitting and use."
earlymodern_door_mag_strike_plate_202,a star bronze strike plate,"The bronze strike plate has a star worked face, rubbed bearing edges, and a plainly accessible working surface. It represents only the behaviour supplied by its fitted mechanical component."
earlymodern_door_mag_hinge_pair_203,a bird brass hinge pair,"The brass hinge pair has a bird worked face, rubbed bearing edges, and a plainly accessible working surface. It represents only the behaviour supplied by its fitted mechanical component."
earlymodern_door_mag_keyring_204,a vine copper keyring,"The copper keyring has a vine worked face, rubbed bearing edges, and a plainly accessible working surface. It represents only the behaviour supplied by its fitted mechanical component."
earlymodern_door_mag_escutcheon_205,a geometric pewter keyhole escutcheon,"The pewter keyhole escutcheon has a geometric worked face, rubbed bearing edges, and a plainly accessible working surface. It represents only the behaviour supplied by its fitted mechanical component."
earlymodern_door_mag_warded_lock_206,a cloud wrought iron warded lock,"The wrought iron warded lock has a cloud worked face, rubbed bearing edges, and a plainly accessible working surface. It represents only the behaviour supplied by its fitted mechanical component."
earlymodern_door_mag_good_warded_lock_207,a shell bronze fine warded lock,"The bronze fine warded lock has a shell worked face, rubbed bearing edges, and a plainly accessible working surface. It represents only the behaviour supplied by its fitted mechanical component."
earlymodern_door_mag_master_warded_lock_208,a reed brass master warded lock,"The brass master warded lock has a reed worked face, rubbed bearing edges, and a plainly accessible working surface. It represents only the behaviour supplied by its fitted mechanical component."
earlymodern_door_mag_warded_key_209,a rosette copper warded key,"The copper warded key has a rosette worked face, rubbed bearing edges, and a plainly accessible working surface. It represents only the behaviour supplied by its fitted mechanical component."
earlymodern_door_saf_panel_door_210,a sunburst oak door leaf,"The oak door leaf is framed with a firm outer rail and a sunburst worked face. Its hinge edge, closing edge, and lower corners show the ordinary abrasion of fitting and use."
earlymodern_door_saf_braced_door_211,a knotted pine braced door,"The pine braced door is framed with a firm outer rail and a knotted worked face. Its hinge edge, closing edge, and lower corners show the ordinary abrasion of fitting and use."
earlymodern_door_saf_lockable_door_212,a star cedar lockable door,"The cedar lockable door is framed with a firm outer rail and a star worked face. Its hinge edge, closing edge, and lower corners show the ordinary abrasion of fitting and use."
earlymodern_door_saf_secure_door_213,a vine teak secure door,"The teak secure door is framed with a firm outer rail and a vine worked face. Its hinge edge, closing edge, and lower corners show the ordinary abrasion of fitting and use."
earlymodern_door_saf_shutter_214,a cloud wood shuttered opening,"The wood shuttered opening is framed with a firm outer rail and a cloud worked face. Its hinge edge, closing edge, and lower corners show the ordinary abrasion of fitting and use."
earlymodern_door_saf_screen_215,a reed teak screen door,"The teak screen door is framed with a firm outer rail and a reed worked face. Its hinge edge, closing edge, and lower corners show the ordinary abrasion of fitting and use."
earlymodern_door_saf_lattice_gate_216,a checker cedar lattice gate,"The cedar lattice gate is framed with a firm outer rail and a checker worked face. Its hinge edge, closing edge, and lower corners show the ordinary abrasion of fitting and use."
earlymodern_door_saf_courtyard_gate_217,a radiating teak courtyard gate,"The teak courtyard gate is framed with a firm outer rail and a radiating worked face. Its hinge edge, closing edge, and lower corners show the ordinary abrasion of fitting and use."
earlymodern_door_saf_warehouse_gate_218,a sunburst wrought iron warehouse gate,"The wrought iron warehouse gate is framed with a firm outer rail and a sunburst worked face. Its hinge edge, closing edge, and lower corners show the ordinary abrasion of fitting and use."
earlymodern_door_saf_garden_gate_219,a knotted bronze garden gate,"The bronze garden gate is framed with a firm outer rail and a knotted worked face. Its hinge edge, closing edge, and lower corners show the ordinary abrasion of fitting and use."
earlymodern_door_saf_grille_220,a star bronze metal grille,"The bronze metal grille is framed with a firm outer rail and a star worked face. Its hinge edge, closing edge, and lower corners show the ordinary abrasion of fitting and use."
earlymodern_door_saf_strike_plate_221,a shell wrought iron strike plate,"The wrought iron strike plate has a shell worked face, rubbed bearing edges, and a plainly accessible working surface. It represents only the behaviour supplied by its fitted mechanical component."
earlymodern_door_saf_hinge_pair_222,a reed bronze hinge pair,"The bronze hinge pair has a reed worked face, rubbed bearing edges, and a plainly accessible working surface. It represents only the behaviour supplied by its fitted mechanical component."
earlymodern_door_saf_keyring_223,a rosette brass keyring,"The brass keyring has a rosette worked face, rubbed bearing edges, and a plainly accessible working surface. It represents only the behaviour supplied by its fitted mechanical component."
earlymodern_door_saf_escutcheon_224,a checker copper keyhole escutcheon,"The copper keyhole escutcheon has a checker worked face, rubbed bearing edges, and a plainly accessible working surface. It represents only the behaviour supplied by its fitted mechanical component."
earlymodern_door_saf_warded_lock_225,a braided pewter warded lock,"The pewter warded lock has a braided worked face, rubbed bearing edges, and a plainly accessible working surface. It represents only the behaviour supplied by its fitted mechanical component."
earlymodern_door_saf_good_warded_lock_226,a radiating wrought iron fine warded lock,"The wrought iron fine warded lock has a radiating worked face, rubbed bearing edges, and a plainly accessible working surface. It represents only the behaviour supplied by its fitted mechanical component."
earlymodern_door_saf_master_warded_lock_227,a leaf-scroll bronze master warded lock,"The bronze master warded lock has a leaf-scroll worked face, rubbed bearing edges, and a plainly accessible working surface. It represents only the behaviour supplied by its fitted mechanical component."
earlymodern_door_saf_warded_key_228,a sunburst brass warded key,"The brass warded key has a sunburst worked face, rubbed bearing edges, and a plainly accessible working surface. It represents only the behaviour supplied by its fitted mechanical component."
earlymodern_door_mug_panel_door_229,a reed cedar door leaf,"The cedar door leaf is framed with a firm outer rail and a reed worked face. Its hinge edge, closing edge, and lower corners show the ordinary abrasion of fitting and use."
earlymodern_door_mug_braced_door_230,a checker teak braced door,"The teak braced door is framed with a firm outer rail and a checker worked face. Its hinge edge, closing edge, and lower corners show the ordinary abrasion of fitting and use."
earlymodern_door_mug_lockable_door_231,a radiating wood lockable door,"The wood lockable door is framed with a firm outer rail and a radiating worked face. Its hinge edge, closing edge, and lower corners show the ordinary abrasion of fitting and use."
earlymodern_door_mug_secure_door_232,a sunburst oak secure door,"The oak secure door is framed with a firm outer rail and a sunburst worked face. Its hinge edge, closing edge, and lower corners show the ordinary abrasion of fitting and use."
earlymodern_door_mug_shutter_233,a knotted pine shuttered opening,"The pine shuttered opening is framed with a firm outer rail and a knotted worked face. Its hinge edge, closing edge, and lower corners show the ordinary abrasion of fitting and use."
earlymodern_door_mug_screen_234,a star bamboo screen door,"The bamboo screen door is framed with a firm outer rail and a star worked face. Its hinge edge, closing edge, and lower corners show the ordinary abrasion of fitting and use."
earlymodern_door_mug_lattice_gate_235,a vine wrought iron lattice gate,"The wrought iron lattice gate is framed with a firm outer rail and a vine worked face. Its hinge edge, closing edge, and lower corners show the ordinary abrasion of fitting and use."
earlymodern_door_mug_courtyard_gate_236,a cloud bronze courtyard gate,"The bronze courtyard gate is framed with a firm outer rail and a cloud worked face. Its hinge edge, closing edge, and lower corners show the ordinary abrasion of fitting and use."
earlymodern_door_mug_warehouse_gate_237,a reed oak warehouse gate,"The oak warehouse gate is framed with a firm outer rail and a reed worked face. Its hinge edge, closing edge, and lower corners show the ordinary abrasion of fitting and use."
earlymodern_door_mug_garden_gate_238,a checker cedar garden gate,"The cedar garden gate is framed with a firm outer rail and a checker worked face. Its hinge edge, closing edge, and lower corners show the ordinary abrasion of fitting and use."
earlymodern_door_mug_grille_239,a radiating brass metal grille,"The brass metal grille is framed with a firm outer rail and a radiating worked face. Its hinge edge, closing edge, and lower corners show the ordinary abrasion of fitting and use."
earlymodern_door_mug_strike_plate_240,a star pewter strike plate,"The pewter strike plate has a star worked face, rubbed bearing edges, and a plainly accessible working surface. It represents only the behaviour supplied by its fitted mechanical component."
earlymodern_door_mug_hinge_pair_241,a bird wrought iron hinge pair,"The wrought iron hinge pair has a bird worked face, rubbed bearing edges, and a plainly accessible working surface. It represents only the behaviour supplied by its fitted mechanical component."
earlymodern_door_mug_keyring_242,a vine bronze keyring,"The bronze keyring has a vine worked face, rubbed bearing edges, and a plainly accessible working surface. It represents only the behaviour supplied by its fitted mechanical component."
earlymodern_door_mug_escutcheon_243,a geometric brass keyhole escutcheon,"The brass keyhole escutcheon has a geometric worked face, rubbed bearing edges, and a plainly accessible working surface. It represents only the behaviour supplied by its fitted mechanical component."
earlymodern_door_mug_warded_lock_244,a cloud copper warded lock,"The copper warded lock has a cloud worked face, rubbed bearing edges, and a plainly accessible working surface. It represents only the behaviour supplied by its fitted mechanical component."
earlymodern_door_mug_good_warded_lock_245,a shell pewter fine warded lock,"The pewter fine warded lock has a shell worked face, rubbed bearing edges, and a plainly accessible working surface. It represents only the behaviour supplied by its fitted mechanical component."
earlymodern_door_mug_master_warded_lock_246,a reed wrought iron master warded lock,"The wrought iron master warded lock has a reed worked face, rubbed bearing edges, and a plainly accessible working surface. It represents only the behaviour supplied by its fitted mechanical component."
earlymodern_door_mug_warded_key_247,a rosette bronze warded key,"The bronze warded key has a rosette worked face, rubbed bearing edges, and a plainly accessible working surface. It represents only the behaviour supplied by its fitted mechanical component."
earlymodern_door_mrd_panel_door_248,a knotted teak door leaf,"The teak door leaf is framed with a firm outer rail and a knotted worked face. Its hinge edge, closing edge, and lower corners show the ordinary abrasion of fitting and use."
earlymodern_door_mrd_braced_door_249,a star wood braced door,"The wood braced door is framed with a firm outer rail and a star worked face. Its hinge edge, closing edge, and lower corners show the ordinary abrasion of fitting and use."
earlymodern_door_mrd_lockable_door_250,a vine oak lockable door,"The oak lockable door is framed with a firm outer rail and a vine worked face. Its hinge edge, closing edge, and lower corners show the ordinary abrasion of fitting and use."
earlymodern_door_mrd_secure_door_251,a cloud pine secure door,"The pine secure door is framed with a firm outer rail and a cloud worked face. Its hinge edge, closing edge, and lower corners show the ordinary abrasion of fitting and use."
earlymodern_door_mrd_shutter_252,a reed cedar shuttered opening,"The cedar shuttered opening is framed with a firm outer rail and a reed worked face. Its hinge edge, closing edge, and lower corners show the ordinary abrasion of fitting and use."
earlymodern_door_mrd_screen_253,a checker teak screen door,"The teak screen door is framed with a firm outer rail and a checker worked face. Its hinge edge, closing edge, and lower corners show the ordinary abrasion of fitting and use."
earlymodern_door_mrd_lattice_gate_254,a radiating bronze lattice gate,"The bronze lattice gate is framed with a firm outer rail and a radiating worked face. Its hinge edge, closing edge, and lower corners show the ordinary abrasion of fitting and use."
earlymodern_door_mrd_courtyard_gate_255,a sunburst oak courtyard gate,"The oak courtyard gate is framed with a firm outer rail and a sunburst worked face. Its hinge edge, closing edge, and lower corners show the ordinary abrasion of fitting and use."
earlymodern_door_mrd_warehouse_gate_256,a knotted cedar warehouse gate,"The cedar warehouse gate is framed with a firm outer rail and a knotted worked face. Its hinge edge, closing edge, and lower corners show the ordinary abrasion of fitting and use."
earlymodern_door_mrd_garden_gate_257,a star teak garden gate,"The teak garden gate is framed with a firm outer rail and a star worked face. Its hinge edge, closing edge, and lower corners show the ordinary abrasion of fitting and use."
earlymodern_door_mrd_grille_258,a vine brass metal grille,"The brass metal grille is framed with a firm outer rail and a vine worked face. Its hinge edge, closing edge, and lower corners show the ordinary abrasion of fitting and use."
earlymodern_door_mrd_strike_plate_259,a rosette copper strike plate,"The copper strike plate has a rosette worked face, rubbed bearing edges, and a plainly accessible working surface. It represents only the behaviour supplied by its fitted mechanical component."
earlymodern_door_mrd_hinge_pair_260,a checker pewter hinge pair,"The pewter hinge pair has a checker worked face, rubbed bearing edges, and a plainly accessible working surface. It represents only the behaviour supplied by its fitted mechanical component."
earlymodern_door_mrd_keyring_261,a braided wrought iron keyring,"The wrought iron keyring has a braided worked face, rubbed bearing edges, and a plainly accessible working surface. It represents only the behaviour supplied by its fitted mechanical component."
earlymodern_door_mrd_escutcheon_262,a radiating bronze keyhole escutcheon,"The bronze keyhole escutcheon has a radiating worked face, rubbed bearing edges, and a plainly accessible working surface. It represents only the behaviour supplied by its fitted mechanical component."
earlymodern_door_mrd_warded_lock_263,a leaf-scroll brass warded lock,"The brass warded lock has a leaf-scroll worked face, rubbed bearing edges, and a plainly accessible working surface. It represents only the behaviour supplied by its fitted mechanical component."
earlymodern_door_mrd_good_warded_lock_264,a sunburst copper fine warded lock,"The copper fine warded lock has a sunburst worked face, rubbed bearing edges, and a plainly accessible working surface. It represents only the behaviour supplied by its fitted mechanical component."
earlymodern_door_mrd_master_warded_lock_265,a water-wave pewter master warded lock,"The pewter master warded lock has a water-wave worked face, rubbed bearing edges, and a plainly accessible working surface. It represents only the behaviour supplied by its fitted mechanical component."
earlymodern_door_mrd_warded_key_266,a knotted wrought iron warded key,"The wrought iron warded key has a knotted worked face, rubbed bearing edges, and a plainly accessible working surface. It represents only the behaviour supplied by its fitted mechanical component."
earlymodern_door_sic_panel_door_267,a braided cedar door leaf,"The cedar door leaf is framed with a firm outer rail and a braided worked face. Its hinge edge, closing edge, and lower corners show the ordinary abrasion of fitting and use."
earlymodern_door_sic_braced_door_268,a leaf-scroll teak braced door,"The teak braced door is framed with a firm outer rail and a leaf-scroll worked face. Its hinge edge, closing edge, and lower corners show the ordinary abrasion of fitting and use."
earlymodern_door_sic_lockable_door_269,a water-wave wood lockable door,"The wood lockable door is framed with a firm outer rail and a water-wave worked face. Its hinge edge, closing edge, and lower corners show the ordinary abrasion of fitting and use."
earlymodern_door_sic_secure_door_270,a flower-head oak secure door,"The oak secure door is framed with a firm outer rail and a flower-head worked face. Its hinge edge, closing edge, and lower corners show the ordinary abrasion of fitting and use."
earlymodern_door_sic_shutter_271,a bird pine shuttered opening,"The pine shuttered opening is framed with a firm outer rail and a bird worked face. Its hinge edge, closing edge, and lower corners show the ordinary abrasion of fitting and use."
earlymodern_door_sic_screen_272,a geometric teak screen door,"The teak screen door is framed with a firm outer rail and a geometric worked face. Its hinge edge, closing edge, and lower corners show the ordinary abrasion of fitting and use."
earlymodern_door_sic_lattice_gate_273,a shell wrought iron lattice gate,"The wrought iron lattice gate is framed with a firm outer rail and a shell worked face. Its hinge edge, closing edge, and lower corners show the ordinary abrasion of fitting and use."
earlymodern_door_sic_courtyard_gate_274,a rosette bronze courtyard gate,"The bronze courtyard gate is framed with a firm outer rail and a rosette worked face. Its hinge edge, closing edge, and lower corners show the ordinary abrasion of fitting and use."
earlymodern_door_sic_warehouse_gate_275,a braided oak warehouse gate,"The oak warehouse gate is framed with a firm outer rail and a braided worked face. Its hinge edge, closing edge, and lower corners show the ordinary abrasion of fitting and use."
earlymodern_door_sic_garden_gate_276,a leaf-scroll cedar garden gate,"The cedar garden gate is framed with a firm outer rail and a leaf-scroll worked face. Its hinge edge, closing edge, and lower corners show the ordinary abrasion of fitting and use."
earlymodern_door_sic_grille_277,a water-wave brass metal grille,"The brass metal grille is framed with a firm outer rail and a water-wave worked face. Its hinge edge, closing edge, and lower corners show the ordinary abrasion of fitting and use."
earlymodern_door_sic_strike_plate_278,a cloud brass strike plate,"The brass strike plate has a cloud worked face, rubbed bearing edges, and a plainly accessible working surface. It represents only the behaviour supplied by its fitted mechanical component."
earlymodern_door_sic_hinge_pair_279,a shell copper hinge pair,"The copper hinge pair has a shell worked face, rubbed bearing edges, and a plainly accessible working surface. It represents only the behaviour supplied by its fitted mechanical component."
earlymodern_door_sic_keyring_280,a reed pewter keyring,"The pewter keyring has a reed worked face, rubbed bearing edges, and a plainly accessible working surface. It represents only the behaviour supplied by its fitted mechanical component."
earlymodern_door_sic_escutcheon_281,a rosette wrought iron keyhole escutcheon,"The wrought iron keyhole escutcheon has a rosette worked face, rubbed bearing edges, and a plainly accessible working surface. It represents only the behaviour supplied by its fitted mechanical component."
earlymodern_door_sic_warded_lock_282,a checker bronze warded lock,"The bronze warded lock has a checker worked face, rubbed bearing edges, and a plainly accessible working surface. It represents only the behaviour supplied by its fitted mechanical component."
earlymodern_door_sic_good_warded_lock_283,a braided brass fine warded lock,"The brass fine warded lock has a braided worked face, rubbed bearing edges, and a plainly accessible working surface. It represents only the behaviour supplied by its fitted mechanical component."
earlymodern_door_sic_master_warded_lock_284,a radiating copper master warded lock,"The copper master warded lock has a radiating worked face, rubbed bearing edges, and a plainly accessible working surface. It represents only the behaviour supplied by its fitted mechanical component."
earlymodern_door_sic_warded_key_285,a leaf-scroll pewter warded key,"The pewter warded key has a leaf-scroll worked face, rubbed bearing edges, and a plainly accessible working surface. It represents only the behaviour supplied by its fitted mechanical component."
earlymodern_door_qing_panel_door_286,a flower-head oak door leaf,"The oak door leaf is framed with a firm outer rail and a flower-head worked face. Its hinge edge, closing edge, and lower corners show the ordinary abrasion of fitting and use."
earlymodern_door_qing_braced_door_287,a bird pine braced door,"The pine braced door is framed with a firm outer rail and a bird worked face. Its hinge edge, closing edge, and lower corners show the ordinary abrasion of fitting and use."
earlymodern_door_qing_lockable_door_288,a geometric cedar lockable door,"The cedar lockable door is framed with a firm outer rail and a geometric worked face. Its hinge edge, closing edge, and lower corners show the ordinary abrasion of fitting and use."
earlymodern_door_qing_secure_door_289,a shell teak secure door,"The teak secure door is framed with a firm outer rail and a shell worked face. Its hinge edge, closing edge, and lower corners show the ordinary abrasion of fitting and use."
earlymodern_door_qing_shutter_290,a rosette wood shuttered opening,"The wood shuttered opening is framed with a firm outer rail and a rosette worked face. Its hinge edge, closing edge, and lower corners show the ordinary abrasion of fitting and use."
earlymodern_door_qing_screen_291,a braided bamboo screen door,"The bamboo screen door is framed with a firm outer rail and a braided worked face. Its hinge edge, closing edge, and lower corners show the ordinary abrasion of fitting and use."
earlymodern_door_qing_lattice_gate_292,a leaf-scroll cedar lattice gate,"The cedar lattice gate is framed with a firm outer rail and a leaf-scroll worked face. Its hinge edge, closing edge, and lower corners show the ordinary abrasion of fitting and use."
earlymodern_door_qing_courtyard_gate_293,a water-wave teak courtyard gate,"The teak courtyard gate is framed with a firm outer rail and a water-wave worked face. Its hinge edge, closing edge, and lower corners show the ordinary abrasion of fitting and use."
earlymodern_door_qing_warehouse_gate_294,a flower-head wrought iron warehouse gate,"The wrought iron warehouse gate is framed with a firm outer rail and a flower-head worked face. Its hinge edge, closing edge, and lower corners show the ordinary abrasion of fitting and use."
earlymodern_door_qing_garden_gate_295,a bird bronze garden gate,"The bronze garden gate is framed with a firm outer rail and a bird worked face. Its hinge edge, closing edge, and lower corners show the ordinary abrasion of fitting and use."
earlymodern_door_qing_grille_296,a geometric brass metal grille,"The brass metal grille is framed with a firm outer rail and a geometric worked face. Its hinge edge, closing edge, and lower corners show the ordinary abrasion of fitting and use."
earlymodern_door_qing_strike_plate_297,a rosette bronze strike plate,"The bronze strike plate has a rosette worked face, rubbed bearing edges, and a plainly accessible working surface. It represents only the behaviour supplied by its fitted mechanical component."
earlymodern_door_qing_hinge_pair_298,a checker brass hinge pair,"The brass hinge pair has a checker worked face, rubbed bearing edges, and a plainly accessible working surface. It represents only the behaviour supplied by its fitted mechanical component."
earlymodern_door_qing_keyring_299,a braided copper keyring,"The copper keyring has a braided worked face, rubbed bearing edges, and a plainly accessible working surface. It represents only the behaviour supplied by its fitted mechanical component."
earlymodern_door_qing_escutcheon_300,a radiating pewter keyhole escutcheon,"The pewter keyhole escutcheon has a radiating worked face, rubbed bearing edges, and a plainly accessible working surface. It represents only the behaviour supplied by its fitted mechanical component."
earlymodern_door_qing_warded_lock_301,a leaf-scroll wrought iron warded lock,"The wrought iron warded lock has a leaf-scroll worked face, rubbed bearing edges, and a plainly accessible working surface. It represents only the behaviour supplied by its fitted mechanical component."
earlymodern_door_qing_good_warded_lock_302,a sunburst bronze fine warded lock,"The bronze fine warded lock has a sunburst worked face, rubbed bearing edges, and a plainly accessible working surface. It represents only the behaviour supplied by its fitted mechanical component."
earlymodern_door_qing_master_warded_lock_303,a water-wave brass master warded lock,"The brass master warded lock has a water-wave worked face, rubbed bearing edges, and a plainly accessible working surface. It represents only the behaviour supplied by its fitted mechanical component."
earlymodern_door_qing_warded_key_304,a knotted copper warded key,"The copper warded key has a knotted worked face, rubbed bearing edges, and a plainly accessible working surface. It represents only the behaviour supplied by its fitted mechanical component."
earlymodern_door_ming_panel_door_305,a flower-head wood door leaf,"The wood door leaf is framed with a firm outer rail and a flower-head worked face. Its hinge edge, closing edge, and lower corners show the ordinary abrasion of fitting and use."
earlymodern_door_ming_braced_door_306,a bird oak braced door,"The oak braced door is framed with a firm outer rail and a bird worked face. Its hinge edge, closing edge, and lower corners show the ordinary abrasion of fitting and use."
earlymodern_door_ming_lockable_door_307,a geometric pine lockable door,"The pine lockable door is framed with a firm outer rail and a geometric worked face. Its hinge edge, closing edge, and lower corners show the ordinary abrasion of fitting and use."
earlymodern_door_ming_secure_door_308,a shell cedar secure door,"The cedar secure door is framed with a firm outer rail and a shell worked face. Its hinge edge, closing edge, and lower corners show the ordinary abrasion of fitting and use."
earlymodern_door_ming_shutter_309,a rosette teak shuttered opening,"The teak shuttered opening is framed with a firm outer rail and a rosette worked face. Its hinge edge, closing edge, and lower corners show the ordinary abrasion of fitting and use."
earlymodern_door_ming_screen_310,a braided teak screen door,"The teak screen door is framed with a firm outer rail and a braided worked face. Its hinge edge, closing edge, and lower corners show the ordinary abrasion of fitting and use."
earlymodern_door_ming_lattice_gate_311,a leaf-scroll oak lattice gate,"The oak lattice gate is framed with a firm outer rail and a leaf-scroll worked face. Its hinge edge, closing edge, and lower corners show the ordinary abrasion of fitting and use."
earlymodern_door_ming_courtyard_gate_312,a water-wave cedar courtyard gate,"The cedar courtyard gate is framed with a firm outer rail and a water-wave worked face. Its hinge edge, closing edge, and lower corners show the ordinary abrasion of fitting and use."
earlymodern_door_ming_warehouse_gate_313,a flower-head teak warehouse gate,"The teak warehouse gate is framed with a firm outer rail and a flower-head worked face. Its hinge edge, closing edge, and lower corners show the ordinary abrasion of fitting and use."
earlymodern_door_ming_garden_gate_314,a bird wrought iron garden gate,"The wrought iron garden gate is framed with a firm outer rail and a bird worked face. Its hinge edge, closing edge, and lower corners show the ordinary abrasion of fitting and use."
earlymodern_door_ming_grille_315,a geometric bronze metal grille,"The bronze metal grille is framed with a firm outer rail and a geometric worked face. Its hinge edge, closing edge, and lower corners show the ordinary abrasion of fitting and use."
earlymodern_door_ming_strike_plate_316,a knotted wrought iron strike plate,"The wrought iron strike plate has a knotted worked face, rubbed bearing edges, and a plainly accessible working surface. It represents only the behaviour supplied by its fitted mechanical component."
earlymodern_door_ming_hinge_pair_317,a flower-head bronze hinge pair,"The bronze hinge pair has a flower-head worked face, rubbed bearing edges, and a plainly accessible working surface. It represents only the behaviour supplied by its fitted mechanical component."
earlymodern_door_ming_keyring_318,a star brass keyring,"The brass keyring has a star worked face, rubbed bearing edges, and a plainly accessible working surface. It represents only the behaviour supplied by its fitted mechanical component."
earlymodern_door_ming_escutcheon_319,a bird copper keyhole escutcheon,"The copper keyhole escutcheon has a bird worked face, rubbed bearing edges, and a plainly accessible working surface. It represents only the behaviour supplied by its fitted mechanical component."
earlymodern_door_ming_warded_lock_320,a vine pewter warded lock,"The pewter warded lock has a vine worked face, rubbed bearing edges, and a plainly accessible working surface. It represents only the behaviour supplied by its fitted mechanical component."
earlymodern_door_ming_good_warded_lock_321,a geometric wrought iron fine warded lock,"The wrought iron fine warded lock has a geometric worked face, rubbed bearing edges, and a plainly accessible working surface. It represents only the behaviour supplied by its fitted mechanical component."
earlymodern_door_ming_master_warded_lock_322,a cloud bronze master warded lock,"The bronze master warded lock has a cloud worked face, rubbed bearing edges, and a plainly accessible working surface. It represents only the behaviour supplied by its fitted mechanical component."
earlymodern_door_ming_warded_key_323,a shell brass warded key,"The brass warded key has a shell worked face, rubbed bearing edges, and a plainly accessible working surface. It represents only the behaviour supplied by its fitted mechanical component."
earlymodern_door_jos_panel_door_324,a water-wave oak door leaf,"The oak door leaf is framed with a firm outer rail and a water-wave worked face. Its hinge edge, closing edge, and lower corners show the ordinary abrasion of fitting and use."
earlymodern_door_jos_braced_door_325,a flower-head pine braced door,"The pine braced door is framed with a firm outer rail and a flower-head worked face. Its hinge edge, closing edge, and lower corners show the ordinary abrasion of fitting and use."
earlymodern_door_jos_lockable_door_326,a bird cedar lockable door,"The cedar lockable door is framed with a firm outer rail and a bird worked face. Its hinge edge, closing edge, and lower corners show the ordinary abrasion of fitting and use."
earlymodern_door_jos_secure_door_327,a geometric teak secure door,"The teak secure door is framed with a firm outer rail and a geometric worked face. Its hinge edge, closing edge, and lower corners show the ordinary abrasion of fitting and use."
earlymodern_door_jos_shutter_328,a shell wood shuttered opening,"The wood shuttered opening is framed with a firm outer rail and a shell worked face. Its hinge edge, closing edge, and lower corners show the ordinary abrasion of fitting and use."
earlymodern_door_jos_screen_329,a rosette bamboo screen door,"The bamboo screen door is framed with a firm outer rail and a rosette worked face. Its hinge edge, closing edge, and lower corners show the ordinary abrasion of fitting and use."
earlymodern_door_jos_lattice_gate_330,a braided cedar lattice gate,"The cedar lattice gate is framed with a firm outer rail and a braided worked face. Its hinge edge, closing edge, and lower corners show the ordinary abrasion of fitting and use."
earlymodern_door_jos_courtyard_gate_331,a leaf-scroll teak courtyard gate,"The teak courtyard gate is framed with a firm outer rail and a leaf-scroll worked face. Its hinge edge, closing edge, and lower corners show the ordinary abrasion of fitting and use."
earlymodern_door_jos_warehouse_gate_332,a water-wave wrought iron warehouse gate,"The wrought iron warehouse gate is framed with a firm outer rail and a water-wave worked face. Its hinge edge, closing edge, and lower corners show the ordinary abrasion of fitting and use."
earlymodern_door_jos_garden_gate_333,a flower-head bronze garden gate,"The bronze garden gate is framed with a firm outer rail and a flower-head worked face. Its hinge edge, closing edge, and lower corners show the ordinary abrasion of fitting and use."
earlymodern_door_jos_grille_334,a bird wrought iron metal grille,"The wrought iron metal grille is framed with a firm outer rail and a bird worked face. Its hinge edge, closing edge, and lower corners show the ordinary abrasion of fitting and use."
earlymodern_door_jos_strike_plate_335,a bird pewter strike plate,"The pewter strike plate has a bird worked face, rubbed bearing edges, and a plainly accessible working surface. It represents only the behaviour supplied by its fitted mechanical component."
earlymodern_door_jos_hinge_pair_336,a vine wrought iron hinge pair,"The wrought iron hinge pair has a vine worked face, rubbed bearing edges, and a plainly accessible working surface. It represents only the behaviour supplied by its fitted mechanical component."
earlymodern_door_jos_keyring_337,a geometric bronze keyring,"The bronze keyring has a geometric worked face, rubbed bearing edges, and a plainly accessible working surface. It represents only the behaviour supplied by its fitted mechanical component."
earlymodern_door_jos_escutcheon_338,a cloud brass keyhole escutcheon,"The brass keyhole escutcheon has a cloud worked face, rubbed bearing edges, and a plainly accessible working surface. It represents only the behaviour supplied by its fitted mechanical component."
earlymodern_door_jos_warded_lock_339,a shell copper warded lock,"The copper warded lock has a shell worked face, rubbed bearing edges, and a plainly accessible working surface. It represents only the behaviour supplied by its fitted mechanical component."
earlymodern_door_jos_good_warded_lock_340,a reed pewter fine warded lock,"The pewter fine warded lock has a reed worked face, rubbed bearing edges, and a plainly accessible working surface. It represents only the behaviour supplied by its fitted mechanical component."
earlymodern_door_jos_master_warded_lock_341,a rosette wrought iron master warded lock,"The wrought iron master warded lock has a rosette worked face, rubbed bearing edges, and a plainly accessible working surface. It represents only the behaviour supplied by its fitted mechanical component."
earlymodern_door_jos_warded_key_342,a checker bronze warded key,"The bronze warded key has a checker worked face, rubbed bearing edges, and a plainly accessible working surface. It represents only the behaviour supplied by its fitted mechanical component."
earlymodern_door_edo_panel_door_343,a star pine door leaf,"The pine door leaf is framed with a firm outer rail and a star worked face. Its hinge edge, closing edge, and lower corners show the ordinary abrasion of fitting and use."
earlymodern_door_edo_braced_door_344,a vine cedar braced door,"The cedar braced door is framed with a firm outer rail and a vine worked face. Its hinge edge, closing edge, and lower corners show the ordinary abrasion of fitting and use."
earlymodern_door_edo_lockable_door_345,a cloud teak lockable door,"The teak lockable door is framed with a firm outer rail and a cloud worked face. Its hinge edge, closing edge, and lower corners show the ordinary abrasion of fitting and use."
earlymodern_door_edo_secure_door_346,a reed wood secure door,"The wood secure door is framed with a firm outer rail and a reed worked face. Its hinge edge, closing edge, and lower corners show the ordinary abrasion of fitting and use."
earlymodern_door_edo_shutter_347,a checker oak shuttered opening,"The oak shuttered opening is framed with a firm outer rail and a checker worked face. Its hinge edge, closing edge, and lower corners show the ordinary abrasion of fitting and use."
earlymodern_door_edo_screen_348,a radiating bamboo screen door,"The bamboo screen door is framed with a firm outer rail and a radiating worked face. Its hinge edge, closing edge, and lower corners show the ordinary abrasion of fitting and use."
earlymodern_door_edo_lattice_gate_349,a sunburst teak lattice gate,"The teak lattice gate is framed with a firm outer rail and a sunburst worked face. Its hinge edge, closing edge, and lower corners show the ordinary abrasion of fitting and use."
earlymodern_door_edo_courtyard_gate_350,a knotted wrought iron courtyard gate,"The wrought iron courtyard gate is framed with a firm outer rail and a knotted worked face. Its hinge edge, closing edge, and lower corners show the ordinary abrasion of fitting and use."
earlymodern_door_edo_warehouse_gate_351,a star bronze warehouse gate,"The bronze warehouse gate is framed with a firm outer rail and a star worked face. Its hinge edge, closing edge, and lower corners show the ordinary abrasion of fitting and use."
earlymodern_door_edo_garden_gate_352,a vine oak garden gate,"The oak garden gate is framed with a firm outer rail and a vine worked face. Its hinge edge, closing edge, and lower corners show the ordinary abrasion of fitting and use."
earlymodern_door_edo_grille_353,a cloud bronze metal grille,"The bronze metal grille is framed with a firm outer rail and a cloud worked face. Its hinge edge, closing edge, and lower corners show the ordinary abrasion of fitting and use."
earlymodern_door_edo_strike_plate_354,a knotted copper strike plate,"The copper strike plate has a knotted worked face, rubbed bearing edges, and a plainly accessible working surface. It represents only the behaviour supplied by its fitted mechanical component."
earlymodern_door_edo_hinge_pair_355,a flower-head pewter hinge pair,"The pewter hinge pair has a flower-head worked face, rubbed bearing edges, and a plainly accessible working surface. It represents only the behaviour supplied by its fitted mechanical component."
earlymodern_door_edo_keyring_356,a star wrought iron keyring,"The wrought iron keyring has a star worked face, rubbed bearing edges, and a plainly accessible working surface. It represents only the behaviour supplied by its fitted mechanical component."
earlymodern_door_edo_escutcheon_357,a bird bronze keyhole escutcheon,"The bronze keyhole escutcheon has a bird worked face, rubbed bearing edges, and a plainly accessible working surface. It represents only the behaviour supplied by its fitted mechanical component."
earlymodern_door_edo_warded_lock_358,a vine brass warded lock,"The brass warded lock has a vine worked face, rubbed bearing edges, and a plainly accessible working surface. It represents only the behaviour supplied by its fitted mechanical component."
earlymodern_door_edo_good_warded_lock_359,a geometric copper fine warded lock,"The copper fine warded lock has a geometric worked face, rubbed bearing edges, and a plainly accessible working surface. It represents only the behaviour supplied by its fitted mechanical component."
earlymodern_door_edo_master_warded_lock_360,a cloud pewter master warded lock,"The pewter master warded lock has a cloud worked face, rubbed bearing edges, and a plainly accessible working surface. It represents only the behaviour supplied by its fitted mechanical component."
earlymodern_door_edo_warded_key_361,a shell wrought iron warded key,"The wrought iron warded key has a shell worked face, rubbed bearing edges, and a plainly accessible working surface. It represents only the behaviour supplied by its fitted mechanical component."
earlymodern_door_ryu_panel_door_362,a reed pine door leaf,"The pine door leaf is framed with a firm outer rail and a reed worked face. Its hinge edge, closing edge, and lower corners show the ordinary abrasion of fitting and use."
earlymodern_door_ryu_braced_door_363,a checker cedar braced door,"The cedar braced door is framed with a firm outer rail and a checker worked face. Its hinge edge, closing edge, and lower corners show the ordinary abrasion of fitting and use."
earlymodern_door_ryu_lockable_door_364,a radiating teak lockable door,"The teak lockable door is framed with a firm outer rail and a radiating worked face. Its hinge edge, closing edge, and lower corners show the ordinary abrasion of fitting and use."
earlymodern_door_ryu_secure_door_365,a sunburst wood secure door,"The wood secure door is framed with a firm outer rail and a sunburst worked face. Its hinge edge, closing edge, and lower corners show the ordinary abrasion of fitting and use."
earlymodern_door_ryu_shutter_366,a knotted oak shuttered opening,"The oak shuttered opening is framed with a firm outer rail and a knotted worked face. Its hinge edge, closing edge, and lower corners show the ordinary abrasion of fitting and use."
earlymodern_door_ryu_screen_367,a star wood screen door,"The wood screen door is framed with a firm outer rail and a star worked face. Its hinge edge, closing edge, and lower corners show the ordinary abrasion of fitting and use."
earlymodern_door_ryu_lattice_gate_368,a vine teak lattice gate,"The teak lattice gate is framed with a firm outer rail and a vine worked face. Its hinge edge, closing edge, and lower corners show the ordinary abrasion of fitting and use."
earlymodern_door_ryu_courtyard_gate_369,a cloud wrought iron courtyard gate,"The wrought iron courtyard gate is framed with a firm outer rail and a cloud worked face. Its hinge edge, closing edge, and lower corners show the ordinary abrasion of fitting and use."
earlymodern_door_ryu_warehouse_gate_370,a reed bronze warehouse gate,"The bronze warehouse gate is framed with a firm outer rail and a reed worked face. Its hinge edge, closing edge, and lower corners show the ordinary abrasion of fitting and use."
earlymodern_door_ryu_garden_gate_371,a checker oak garden gate,"The oak garden gate is framed with a firm outer rail and a checker worked face. Its hinge edge, closing edge, and lower corners show the ordinary abrasion of fitting and use."
earlymodern_door_ryu_grille_372,a radiating wrought iron metal grille,"The wrought iron metal grille is framed with a firm outer rail and a radiating worked face. Its hinge edge, closing edge, and lower corners show the ordinary abrasion of fitting and use."
earlymodern_door_ryu_strike_plate_373,a bird brass strike plate,"The brass strike plate has a bird worked face, rubbed bearing edges, and a plainly accessible working surface. It represents only the behaviour supplied by its fitted mechanical component."
earlymodern_door_ryu_hinge_pair_374,a vine copper hinge pair,"The copper hinge pair has a vine worked face, rubbed bearing edges, and a plainly accessible working surface. It represents only the behaviour supplied by its fitted mechanical component."
earlymodern_door_ryu_keyring_375,a geometric pewter keyring,"The pewter keyring has a geometric worked face, rubbed bearing edges, and a plainly accessible working surface. It represents only the behaviour supplied by its fitted mechanical component."
earlymodern_door_ryu_escutcheon_376,a cloud wrought iron keyhole escutcheon,"The wrought iron keyhole escutcheon has a cloud worked face, rubbed bearing edges, and a plainly accessible working surface. It represents only the behaviour supplied by its fitted mechanical component."
earlymodern_door_ryu_warded_lock_377,a shell bronze warded lock,"The bronze warded lock has a shell worked face, rubbed bearing edges, and a plainly accessible working surface. It represents only the behaviour supplied by its fitted mechanical component."
earlymodern_door_ryu_good_warded_lock_378,a reed brass fine warded lock,"The brass fine warded lock has a reed worked face, rubbed bearing edges, and a plainly accessible working surface. It represents only the behaviour supplied by its fitted mechanical component."
earlymodern_door_ryu_master_warded_lock_379,a rosette copper master warded lock,"The copper master warded lock has a rosette worked face, rubbed bearing edges, and a plainly accessible working surface. It represents only the behaviour supplied by its fitted mechanical component."
earlymodern_door_ryu_warded_key_380,a checker pewter warded key,"The pewter warded key has a checker worked face, rubbed bearing edges, and a plainly accessible working surface. It represents only the behaviour supplied by its fitted mechanical component."
earlymodern_door_sea_panel_door_381,a geometric cedar door leaf,"The cedar door leaf is framed with a firm outer rail and a geometric worked face. Its hinge edge, closing edge, and lower corners show the ordinary abrasion of fitting and use."
earlymodern_door_sea_braced_door_382,a shell teak braced door,"The teak braced door is framed with a firm outer rail and a shell worked face. Its hinge edge, closing edge, and lower corners show the ordinary abrasion of fitting and use."
earlymodern_door_sea_lockable_door_383,a rosette wood lockable door,"The wood lockable door is framed with a firm outer rail and a rosette worked face. Its hinge edge, closing edge, and lower corners show the ordinary abrasion of fitting and use."
earlymodern_door_sea_secure_door_384,a braided oak secure door,"The oak secure door is framed with a firm outer rail and a braided worked face. Its hinge edge, closing edge, and lower corners show the ordinary abrasion of fitting and use."
earlymodern_door_sea_shutter_385,a leaf-scroll pine shuttered opening,"The pine shuttered opening is framed with a firm outer rail and a leaf-scroll worked face. Its hinge edge, closing edge, and lower corners show the ordinary abrasion of fitting and use."
earlymodern_door_sea_screen_386,a water-wave teak screen door,"The teak screen door is framed with a firm outer rail and a water-wave worked face. Its hinge edge, closing edge, and lower corners show the ordinary abrasion of fitting and use."
earlymodern_door_sea_lattice_gate_387,a flower-head wrought iron lattice gate,"The wrought iron lattice gate is framed with a firm outer rail and a flower-head worked face. Its hinge edge, closing edge, and lower corners show the ordinary abrasion of fitting and use."
earlymodern_door_sea_courtyard_gate_388,a bird bronze courtyard gate,"The bronze courtyard gate is framed with a firm outer rail and a bird worked face. Its hinge edge, closing edge, and lower corners show the ordinary abrasion of fitting and use."
earlymodern_door_sea_warehouse_gate_389,a geometric oak warehouse gate,"The oak warehouse gate is framed with a firm outer rail and a geometric worked face. Its hinge edge, closing edge, and lower corners show the ordinary abrasion of fitting and use."
earlymodern_door_sea_garden_gate_390,a shell cedar garden gate,"The cedar garden gate is framed with a firm outer rail and a shell worked face. Its hinge edge, closing edge, and lower corners show the ordinary abrasion of fitting and use."
earlymodern_door_sea_grille_391,a rosette brass metal grille,"The brass metal grille is framed with a firm outer rail and a rosette worked face. Its hinge edge, closing edge, and lower corners show the ordinary abrasion of fitting and use."
earlymodern_door_sea_strike_plate_392,a vine bronze strike plate,"The bronze strike plate has a vine worked face, rubbed bearing edges, and a plainly accessible working surface. It represents only the behaviour supplied by its fitted mechanical component."
earlymodern_door_sea_hinge_pair_393,a geometric brass hinge pair,"The brass hinge pair has a geometric worked face, rubbed bearing edges, and a plainly accessible working surface. It represents only the behaviour supplied by its fitted mechanical component."
earlymodern_door_sea_keyring_394,a cloud copper keyring,"The copper keyring has a cloud worked face, rubbed bearing edges, and a plainly accessible working surface. It represents only the behaviour supplied by its fitted mechanical component."
earlymodern_door_sea_escutcheon_395,a shell pewter keyhole escutcheon,"The pewter keyhole escutcheon has a shell worked face, rubbed bearing edges, and a plainly accessible working surface. It represents only the behaviour supplied by its fitted mechanical component."
earlymodern_door_sea_warded_lock_396,a reed wrought iron warded lock,"The wrought iron warded lock has a reed worked face, rubbed bearing edges, and a plainly accessible working surface. It represents only the behaviour supplied by its fitted mechanical component."
earlymodern_door_sea_good_warded_lock_397,a rosette bronze fine warded lock,"The bronze fine warded lock has a rosette worked face, rubbed bearing edges, and a plainly accessible working surface. It represents only the behaviour supplied by its fitted mechanical component."
earlymodern_door_sea_master_warded_lock_398,a checker brass master warded lock,"The brass master warded lock has a checker worked face, rubbed bearing edges, and a plainly accessible working surface. It represents only the behaviour supplied by its fitted mechanical component."
earlymodern_door_sea_warded_key_399,a braided copper warded key,"The copper warded key has a braided worked face, rubbed bearing edges, and a plainly accessible working surface. It represents only the behaviour supplied by its fitted mechanical component."
earlymodern_door_msea_panel_door_400,a flower-head cedar door leaf,"The cedar door leaf is framed with a firm outer rail and a flower-head worked face. Its hinge edge, closing edge, and lower corners show the ordinary abrasion of fitting and use."
earlymodern_door_msea_braced_door_401,a bird teak braced door,"The teak braced door is framed with a firm outer rail and a bird worked face. Its hinge edge, closing edge, and lower corners show the ordinary abrasion of fitting and use."
earlymodern_door_msea_lockable_door_402,a geometric wood lockable door,"The wood lockable door is framed with a firm outer rail and a geometric worked face. Its hinge edge, closing edge, and lower corners show the ordinary abrasion of fitting and use."
earlymodern_door_msea_secure_door_403,a shell oak secure door,"The oak secure door is framed with a firm outer rail and a shell worked face. Its hinge edge, closing edge, and lower corners show the ordinary abrasion of fitting and use."
earlymodern_door_msea_shutter_404,a rosette pine shuttered opening,"The pine shuttered opening is framed with a firm outer rail and a rosette worked face. Its hinge edge, closing edge, and lower corners show the ordinary abrasion of fitting and use."
earlymodern_door_msea_screen_405,a braided cedar screen door,"The cedar screen door is framed with a firm outer rail and a braided worked face. Its hinge edge, closing edge, and lower corners show the ordinary abrasion of fitting and use."
earlymodern_door_msea_lattice_gate_406,a leaf-scroll wrought iron lattice gate,"The wrought iron lattice gate is framed with a firm outer rail and a leaf-scroll worked face. Its hinge edge, closing edge, and lower corners show the ordinary abrasion of fitting and use."
earlymodern_door_msea_courtyard_gate_407,a water-wave bronze courtyard gate,"The bronze courtyard gate is framed with a firm outer rail and a water-wave worked face. Its hinge edge, closing edge, and lower corners show the ordinary abrasion of fitting and use."
earlymodern_door_msea_warehouse_gate_408,a flower-head oak warehouse gate,"The oak warehouse gate is framed with a firm outer rail and a flower-head worked face. Its hinge edge, closing edge, and lower corners show the ordinary abrasion of fitting and use."
earlymodern_door_msea_garden_gate_409,a bird cedar garden gate,"The cedar garden gate is framed with a firm outer rail and a bird worked face. Its hinge edge, closing edge, and lower corners show the ordinary abrasion of fitting and use."
earlymodern_door_msea_grille_410,a geometric wrought iron metal grille,"The wrought iron metal grille is framed with a firm outer rail and a geometric worked face. Its hinge edge, closing edge, and lower corners show the ordinary abrasion of fitting and use."
earlymodern_door_msea_strike_plate_411,a bird wrought iron strike plate,"The wrought iron strike plate has a bird worked face, rubbed bearing edges, and a plainly accessible working surface. It represents only the behaviour supplied by its fitted mechanical component."
earlymodern_door_msea_hinge_pair_412,a vine bronze hinge pair,"The bronze hinge pair has a vine worked face, rubbed bearing edges, and a plainly accessible working surface. It represents only the behaviour supplied by its fitted mechanical component."
earlymodern_door_msea_keyring_413,a geometric brass keyring,"The brass keyring has a geometric worked face, rubbed bearing edges, and a plainly accessible working surface. It represents only the behaviour supplied by its fitted mechanical component."
earlymodern_door_msea_escutcheon_414,a cloud copper keyhole escutcheon,"The copper keyhole escutcheon has a cloud worked face, rubbed bearing edges, and a plainly accessible working surface. It represents only the behaviour supplied by its fitted mechanical component."
earlymodern_door_msea_warded_lock_415,a shell pewter warded lock,"The pewter warded lock has a shell worked face, rubbed bearing edges, and a plainly accessible working surface. It represents only the behaviour supplied by its fitted mechanical component."
earlymodern_door_msea_good_warded_lock_416,a reed wrought iron fine warded lock,"The wrought iron fine warded lock has a reed worked face, rubbed bearing edges, and a plainly accessible working surface. It represents only the behaviour supplied by its fitted mechanical component."
earlymodern_door_msea_master_warded_lock_417,a rosette bronze master warded lock,"The bronze master warded lock has a rosette worked face, rubbed bearing edges, and a plainly accessible working surface. It represents only the behaviour supplied by its fitted mechanical component."
earlymodern_door_msea_warded_key_418,a checker brass warded key,"The brass warded key has a checker worked face, rubbed bearing edges, and a plainly accessible working surface. It represents only the behaviour supplied by its fitted mechanical component."
earlymodern_door_ias_panel_door_419,a radiating oak door leaf,"The oak door leaf is framed with a firm outer rail and a radiating worked face. Its hinge edge, closing edge, and lower corners show the ordinary abrasion of fitting and use."
earlymodern_door_ias_braced_door_420,a sunburst pine braced door,"The pine braced door is framed with a firm outer rail and a sunburst worked face. Its hinge edge, closing edge, and lower corners show the ordinary abrasion of fitting and use."
earlymodern_door_ias_lockable_door_421,a knotted cedar lockable door,"The cedar lockable door is framed with a firm outer rail and a knotted worked face. Its hinge edge, closing edge, and lower corners show the ordinary abrasion of fitting and use."
earlymodern_door_ias_secure_door_422,a star teak secure door,"The teak secure door is framed with a firm outer rail and a star worked face. Its hinge edge, closing edge, and lower corners show the ordinary abrasion of fitting and use."
earlymodern_door_ias_shutter_423,a vine wood shuttered opening,"The wood shuttered opening is framed with a firm outer rail and a vine worked face. Its hinge edge, closing edge, and lower corners show the ordinary abrasion of fitting and use."
earlymodern_door_ias_screen_424,a cloud cedar screen door,"The cedar screen door is framed with a firm outer rail and a cloud worked face. Its hinge edge, closing edge, and lower corners show the ordinary abrasion of fitting and use."
earlymodern_door_ias_lattice_gate_425,a reed cedar lattice gate,"The cedar lattice gate is framed with a firm outer rail and a reed worked face. Its hinge edge, closing edge, and lower corners show the ordinary abrasion of fitting and use."
earlymodern_door_ias_courtyard_gate_426,a checker teak courtyard gate,"The teak courtyard gate is framed with a firm outer rail and a checker worked face. Its hinge edge, closing edge, and lower corners show the ordinary abrasion of fitting and use."
earlymodern_door_ias_warehouse_gate_427,a radiating wrought iron warehouse gate,"The wrought iron warehouse gate is framed with a firm outer rail and a radiating worked face. Its hinge edge, closing edge, and lower corners show the ordinary abrasion of fitting and use."
earlymodern_door_ias_garden_gate_428,a sunburst bronze garden gate,"The bronze garden gate is framed with a firm outer rail and a sunburst worked face. Its hinge edge, closing edge, and lower corners show the ordinary abrasion of fitting and use."
earlymodern_door_ias_grille_429,a knotted brass metal grille,"The brass metal grille is framed with a firm outer rail and a knotted worked face. Its hinge edge, closing edge, and lower corners show the ordinary abrasion of fitting and use."
earlymodern_door_ias_strike_plate_430,a knotted pewter strike plate,"The pewter strike plate has a knotted worked face, rubbed bearing edges, and a plainly accessible working surface. It represents only the behaviour supplied by its fitted mechanical component."
earlymodern_door_ias_hinge_pair_431,a flower-head wrought iron hinge pair,"The wrought iron hinge pair has a flower-head worked face, rubbed bearing edges, and a plainly accessible working surface. It represents only the behaviour supplied by its fitted mechanical component."
earlymodern_door_ias_keyring_432,a star bronze keyring,"The bronze keyring has a star worked face, rubbed bearing edges, and a plainly accessible working surface. It represents only the behaviour supplied by its fitted mechanical component."
earlymodern_door_ias_escutcheon_433,a bird brass keyhole escutcheon,"The brass keyhole escutcheon has a bird worked face, rubbed bearing edges, and a plainly accessible working surface. It represents only the behaviour supplied by its fitted mechanical component."
earlymodern_door_ias_warded_lock_434,a vine copper warded lock,"The copper warded lock has a vine worked face, rubbed bearing edges, and a plainly accessible working surface. It represents only the behaviour supplied by its fitted mechanical component."
earlymodern_door_ias_good_warded_lock_435,a geometric pewter fine warded lock,"The pewter fine warded lock has a geometric worked face, rubbed bearing edges, and a plainly accessible working surface. It represents only the behaviour supplied by its fitted mechanical component."
earlymodern_door_ias_master_warded_lock_436,a cloud wrought iron master warded lock,"The wrought iron master warded lock has a cloud worked face, rubbed bearing edges, and a plainly accessible working surface. It represents only the behaviour supplied by its fitted mechanical component."
earlymodern_door_wa_panel_door_438,a reed oak door leaf,"The oak door leaf is framed with a firm outer rail and a reed worked face. Its hinge edge, closing edge, and lower corners show the ordinary abrasion of fitting and use."
earlymodern_door_wa_braced_door_439,a checker pine braced door,"The pine braced door is framed with a firm outer rail and a checker worked face. Its hinge edge, closing edge, and lower corners show the ordinary abrasion of fitting and use."
earlymodern_door_wa_lockable_door_440,a radiating cedar lockable door,"The cedar lockable door is framed with a firm outer rail and a radiating worked face. Its hinge edge, closing edge, and lower corners show the ordinary abrasion of fitting and use."
earlymodern_door_wa_secure_door_441,a sunburst teak secure door,"The teak secure door is framed with a firm outer rail and a sunburst worked face. Its hinge edge, closing edge, and lower corners show the ordinary abrasion of fitting and use."
earlymodern_door_wa_shutter_442,a knotted wood shuttered opening,"The wood shuttered opening is framed with a firm outer rail and a knotted worked face. Its hinge edge, closing edge, and lower corners show the ordinary abrasion of fitting and use."
earlymodern_door_wa_screen_443,a star wood screen door,"The wood screen door is framed with a firm outer rail and a star worked face. Its hinge edge, closing edge, and lower corners show the ordinary abrasion of fitting and use."
earlymodern_door_wa_lattice_gate_444,a vine cedar lattice gate,"The cedar lattice gate is framed with a firm outer rail and a vine worked face. Its hinge edge, closing edge, and lower corners show the ordinary abrasion of fitting and use."
earlymodern_door_wa_courtyard_gate_445,a cloud teak courtyard gate,"The teak courtyard gate is framed with a firm outer rail and a cloud worked face. Its hinge edge, closing edge, and lower corners show the ordinary abrasion of fitting and use."
earlymodern_door_wa_warehouse_gate_446,a reed wrought iron warehouse gate,"The wrought iron warehouse gate is framed with a firm outer rail and a reed worked face. Its hinge edge, closing edge, and lower corners show the ordinary abrasion of fitting and use."
earlymodern_door_wa_garden_gate_447,a checker bronze garden gate,"The bronze garden gate is framed with a firm outer rail and a checker worked face. Its hinge edge, closing edge, and lower corners show the ordinary abrasion of fitting and use."
earlymodern_door_wa_grille_448,a radiating wrought iron metal grille,"The wrought iron metal grille is framed with a firm outer rail and a radiating worked face. Its hinge edge, closing edge, and lower corners show the ordinary abrasion of fitting and use."
earlymodern_door_wa_strike_plate_449,a water-wave copper strike plate,"The copper strike plate has a water-wave worked face, rubbed bearing edges, and a plainly accessible working surface. It represents only the behaviour supplied by its fitted mechanical component."
earlymodern_door_wa_hinge_pair_450,a knotted pewter hinge pair,"The pewter hinge pair has a knotted worked face, rubbed bearing edges, and a plainly accessible working surface. It represents only the behaviour supplied by its fitted mechanical component."
earlymodern_door_wa_keyring_451,a flower-head wrought iron keyring,"The wrought iron keyring has a flower-head worked face, rubbed bearing edges, and a plainly accessible working surface. It represents only the behaviour supplied by its fitted mechanical component."
earlymodern_door_wa_escutcheon_452,a star bronze keyhole escutcheon,"The bronze keyhole escutcheon has a star worked face, rubbed bearing edges, and a plainly accessible working surface. It represents only the behaviour supplied by its fitted mechanical component."
earlymodern_door_wa_warded_lock_453,a bird brass warded lock,"The brass warded lock has a bird worked face, rubbed bearing edges, and a plainly accessible working surface. It represents only the behaviour supplied by its fitted mechanical component."
earlymodern_door_wa_good_warded_lock_454,a vine copper fine warded lock,"The copper fine warded lock has a vine worked face, rubbed bearing edges, and a plainly accessible working surface. It represents only the behaviour supplied by its fitted mechanical component."
earlymodern_door_wa_master_warded_lock_455,a geometric pewter master warded lock,"The pewter master warded lock has a geometric worked face, rubbed bearing edges, and a plainly accessible working surface. It represents only the behaviour supplied by its fitted mechanical component."
earlymodern_door_kongo_panel_door_457,a leaf-scroll teak door leaf,"The teak door leaf is framed with a firm outer rail and a leaf-scroll worked face. Its hinge edge, closing edge, and lower corners show the ordinary abrasion of fitting and use."
earlymodern_door_kongo_braced_door_458,a water-wave wood braced door,"The wood braced door is framed with a firm outer rail and a water-wave worked face. Its hinge edge, closing edge, and lower corners show the ordinary abrasion of fitting and use."
earlymodern_door_kongo_lockable_door_459,a flower-head oak lockable door,"The oak lockable door is framed with a firm outer rail and a flower-head worked face. Its hinge edge, closing edge, and lower corners show the ordinary abrasion of fitting and use."
earlymodern_door_kongo_secure_door_460,a bird pine secure door,"The pine secure door is framed with a firm outer rail and a bird worked face. Its hinge edge, closing edge, and lower corners show the ordinary abrasion of fitting and use."
earlymodern_door_kongo_shutter_461,a geometric cedar shuttered opening,"The cedar shuttered opening is framed with a firm outer rail and a geometric worked face. Its hinge edge, closing edge, and lower corners show the ordinary abrasion of fitting and use."
earlymodern_door_kongo_screen_462,a shell teak screen door,"The teak screen door is framed with a firm outer rail and a shell worked face. Its hinge edge, closing edge, and lower corners show the ordinary abrasion of fitting and use."
earlymodern_door_kongo_lattice_gate_463,a rosette bronze lattice gate,"The bronze lattice gate is framed with a firm outer rail and a rosette worked face. Its hinge edge, closing edge, and lower corners show the ordinary abrasion of fitting and use."
earlymodern_door_kongo_courtyard_gate_464,a braided oak courtyard gate,"The oak courtyard gate is framed with a firm outer rail and a braided worked face. Its hinge edge, closing edge, and lower corners show the ordinary abrasion of fitting and use."
earlymodern_door_kongo_warehouse_gate_465,a leaf-scroll cedar warehouse gate,"The cedar warehouse gate is framed with a firm outer rail and a leaf-scroll worked face. Its hinge edge, closing edge, and lower corners show the ordinary abrasion of fitting and use."
earlymodern_door_kongo_garden_gate_466,a water-wave teak garden gate,"The teak garden gate is framed with a firm outer rail and a water-wave worked face. Its hinge edge, closing edge, and lower corners show the ordinary abrasion of fitting and use."
earlymodern_door_kongo_grille_467,a flower-head wrought iron metal grille,"The wrought iron metal grille is framed with a firm outer rail and a flower-head worked face. Its hinge edge, closing edge, and lower corners show the ordinary abrasion of fitting and use."
earlymodern_door_kongo_strike_plate_468,a knotted brass strike plate,"The brass strike plate has a knotted worked face, rubbed bearing edges, and a plainly accessible working surface. It represents only the behaviour supplied by its fitted mechanical component."
earlymodern_door_kongo_hinge_pair_469,a flower-head copper hinge pair,"The copper hinge pair has a flower-head worked face, rubbed bearing edges, and a plainly accessible working surface. It represents only the behaviour supplied by its fitted mechanical component."
earlymodern_door_kongo_keyring_470,a star pewter keyring,"The pewter keyring has a star worked face, rubbed bearing edges, and a plainly accessible working surface. It represents only the behaviour supplied by its fitted mechanical component."
earlymodern_door_kongo_escutcheon_471,a bird wrought iron keyhole escutcheon,"The wrought iron keyhole escutcheon has a bird worked face, rubbed bearing edges, and a plainly accessible working surface. It represents only the behaviour supplied by its fitted mechanical component."
earlymodern_door_kongo_warded_lock_472,a vine bronze warded lock,"The bronze warded lock has a vine worked face, rubbed bearing edges, and a plainly accessible working surface. It represents only the behaviour supplied by its fitted mechanical component."
earlymodern_door_kongo_good_warded_lock_473,a geometric brass fine warded lock,"The brass fine warded lock has a geometric worked face, rubbed bearing edges, and a plainly accessible working surface. It represents only the behaviour supplied by its fitted mechanical component."
earlymodern_door_kongo_master_warded_lock_474,a cloud copper master warded lock,"The copper master warded lock has a cloud worked face, rubbed bearing edges, and a plainly accessible working surface. It represents only the behaviour supplied by its fitted mechanical component."
earlymodern_door_sahel_panel_door_476,a geometric wood door leaf,"The wood door leaf is framed with a firm outer rail and a geometric worked face. Its hinge edge, closing edge, and lower corners show the ordinary abrasion of fitting and use."
earlymodern_door_sahel_braced_door_477,a shell oak braced door,"The oak braced door is framed with a firm outer rail and a shell worked face. Its hinge edge, closing edge, and lower corners show the ordinary abrasion of fitting and use."
earlymodern_door_sahel_lockable_door_478,a rosette pine lockable door,"The pine lockable door is framed with a firm outer rail and a rosette worked face. Its hinge edge, closing edge, and lower corners show the ordinary abrasion of fitting and use."
earlymodern_door_sahel_secure_door_479,a braided cedar secure door,"The cedar secure door is framed with a firm outer rail and a braided worked face. Its hinge edge, closing edge, and lower corners show the ordinary abrasion of fitting and use."
earlymodern_door_sahel_shutter_480,a leaf-scroll teak shuttered opening,"The teak shuttered opening is framed with a firm outer rail and a leaf-scroll worked face. Its hinge edge, closing edge, and lower corners show the ordinary abrasion of fitting and use."
earlymodern_door_sahel_screen_481,a water-wave cedar screen door,"The cedar screen door is framed with a firm outer rail and a water-wave worked face. Its hinge edge, closing edge, and lower corners show the ordinary abrasion of fitting and use."
earlymodern_door_sahel_lattice_gate_482,a flower-head oak lattice gate,"The oak lattice gate is framed with a firm outer rail and a flower-head worked face. Its hinge edge, closing edge, and lower corners show the ordinary abrasion of fitting and use."
earlymodern_door_sahel_courtyard_gate_483,a bird cedar courtyard gate,"The cedar courtyard gate is framed with a firm outer rail and a bird worked face. Its hinge edge, closing edge, and lower corners show the ordinary abrasion of fitting and use."
earlymodern_door_sahel_warehouse_gate_484,a geometric teak warehouse gate,"The teak warehouse gate is framed with a firm outer rail and a geometric worked face. Its hinge edge, closing edge, and lower corners show the ordinary abrasion of fitting and use."
earlymodern_door_sahel_garden_gate_485,a shell wrought iron garden gate,"The wrought iron garden gate is framed with a firm outer rail and a shell worked face. Its hinge edge, closing edge, and lower corners show the ordinary abrasion of fitting and use."
earlymodern_door_sahel_grille_486,a rosette wrought iron metal grille,"The wrought iron metal grille is framed with a firm outer rail and a rosette worked face. Its hinge edge, closing edge, and lower corners show the ordinary abrasion of fitting and use."
earlymodern_door_sahel_strike_plate_487,a shell bronze strike plate,"The bronze strike plate has a shell worked face, rubbed bearing edges, and a plainly accessible working surface. It represents only the behaviour supplied by its fitted mechanical component."
earlymodern_door_sahel_hinge_pair_488,a reed brass hinge pair,"The brass hinge pair has a reed worked face, rubbed bearing edges, and a plainly accessible working surface. It represents only the behaviour supplied by its fitted mechanical component."
earlymodern_door_sahel_keyring_489,a rosette copper keyring,"The copper keyring has a rosette worked face, rubbed bearing edges, and a plainly accessible working surface. It represents only the behaviour supplied by its fitted mechanical component."
earlymodern_door_sahel_escutcheon_490,a checker pewter keyhole escutcheon,"The pewter keyhole escutcheon has a checker worked face, rubbed bearing edges, and a plainly accessible working surface. It represents only the behaviour supplied by its fitted mechanical component."
earlymodern_door_sahel_warded_lock_491,a braided wrought iron warded lock,"The wrought iron warded lock has a braided worked face, rubbed bearing edges, and a plainly accessible working surface. It represents only the behaviour supplied by its fitted mechanical component."
earlymodern_door_sahel_good_warded_lock_492,a radiating bronze fine warded lock,"The bronze fine warded lock has a radiating worked face, rubbed bearing edges, and a plainly accessible working surface. It represents only the behaviour supplied by its fitted mechanical component."
earlymodern_door_sahel_master_warded_lock_493,a leaf-scroll brass master warded lock,"The brass master warded lock has a leaf-scroll worked face, rubbed bearing edges, and a plainly accessible working surface. It represents only the behaviour supplied by its fitted mechanical component."
earlymodern_door_eth_panel_door_495,a checker pine door leaf,"The pine door leaf is framed with a firm outer rail and a checker worked face. Its hinge edge, closing edge, and lower corners show the ordinary abrasion of fitting and use."
earlymodern_door_eth_braced_door_496,a radiating cedar braced door,"The cedar braced door is framed with a firm outer rail and a radiating worked face. Its hinge edge, closing edge, and lower corners show the ordinary abrasion of fitting and use."
earlymodern_door_eth_lockable_door_497,a sunburst teak lockable door,"The teak lockable door is framed with a firm outer rail and a sunburst worked face. Its hinge edge, closing edge, and lower corners show the ordinary abrasion of fitting and use."
earlymodern_door_eth_secure_door_498,a knotted wood secure door,"The wood secure door is framed with a firm outer rail and a knotted worked face. Its hinge edge, closing edge, and lower corners show the ordinary abrasion of fitting and use."
earlymodern_door_eth_shutter_499,a star oak shuttered opening,"The oak shuttered opening is framed with a firm outer rail and a star worked face. Its hinge edge, closing edge, and lower corners show the ordinary abrasion of fitting and use."
earlymodern_door_eth_screen_500,a vine bamboo screen door,"The bamboo screen door is framed with a firm outer rail and a vine worked face. Its hinge edge, closing edge, and lower corners show the ordinary abrasion of fitting and use."
earlymodern_door_eth_lattice_gate_501,a cloud teak lattice gate,"The teak lattice gate is framed with a firm outer rail and a cloud worked face. Its hinge edge, closing edge, and lower corners show the ordinary abrasion of fitting and use."
earlymodern_door_eth_courtyard_gate_502,a reed wrought iron courtyard gate,"The wrought iron courtyard gate is framed with a firm outer rail and a reed worked face. Its hinge edge, closing edge, and lower corners show the ordinary abrasion of fitting and use."
earlymodern_door_eth_warehouse_gate_503,a checker bronze warehouse gate,"The bronze warehouse gate is framed with a firm outer rail and a checker worked face. Its hinge edge, closing edge, and lower corners show the ordinary abrasion of fitting and use."
earlymodern_door_eth_garden_gate_504,a radiating oak garden gate,"The oak garden gate is framed with a firm outer rail and a radiating worked face. Its hinge edge, closing edge, and lower corners show the ordinary abrasion of fitting and use."
earlymodern_door_eth_grille_505,a sunburst brass metal grille,"The brass metal grille is framed with a firm outer rail and a sunburst worked face. Its hinge edge, closing edge, and lower corners show the ordinary abrasion of fitting and use."
earlymodern_door_eth_strike_plate_506,a reed wrought iron strike plate,"The wrought iron strike plate has a reed worked face, rubbed bearing edges, and a plainly accessible working surface. It represents only the behaviour supplied by its fitted mechanical component."
earlymodern_door_eth_hinge_pair_507,a rosette bronze hinge pair,"The bronze hinge pair has a rosette worked face, rubbed bearing edges, and a plainly accessible working surface. It represents only the behaviour supplied by its fitted mechanical component."
earlymodern_door_eth_keyring_508,a checker brass keyring,"The brass keyring has a checker worked face, rubbed bearing edges, and a plainly accessible working surface. It represents only the behaviour supplied by its fitted mechanical component."
earlymodern_door_eth_escutcheon_509,a braided copper keyhole escutcheon,"The copper keyhole escutcheon has a braided worked face, rubbed bearing edges, and a plainly accessible working surface. It represents only the behaviour supplied by its fitted mechanical component."
earlymodern_door_eth_warded_lock_510,a radiating pewter warded lock,"The pewter warded lock has a radiating worked face, rubbed bearing edges, and a plainly accessible working surface. It represents only the behaviour supplied by its fitted mechanical component."
earlymodern_door_eth_good_warded_lock_511,a leaf-scroll wrought iron fine warded lock,"The wrought iron fine warded lock has a leaf-scroll worked face, rubbed bearing edges, and a plainly accessible working surface. It represents only the behaviour supplied by its fitted mechanical component."
earlymodern_door_eth_master_warded_lock_512,a sunburst bronze master warded lock,"The bronze master warded lock has a sunburst worked face, rubbed bearing edges, and a plainly accessible working surface. It represents only the behaviour supplied by its fitted mechanical component."
earlymodern_door_swa_panel_door_514,a knotted pine door leaf,"The pine door leaf is framed with a firm outer rail and a knotted worked face. Its hinge edge, closing edge, and lower corners show the ordinary abrasion of fitting and use."
earlymodern_door_swa_braced_door_515,a star cedar braced door,"The cedar braced door is framed with a firm outer rail and a star worked face. Its hinge edge, closing edge, and lower corners show the ordinary abrasion of fitting and use."
earlymodern_door_swa_lockable_door_516,a vine teak lockable door,"The teak lockable door is framed with a firm outer rail and a vine worked face. Its hinge edge, closing edge, and lower corners show the ordinary abrasion of fitting and use."
earlymodern_door_swa_secure_door_517,a cloud wood secure door,"The wood secure door is framed with a firm outer rail and a cloud worked face. Its hinge edge, closing edge, and lower corners show the ordinary abrasion of fitting and use."
earlymodern_door_swa_shutter_518,a reed oak shuttered opening,"The oak shuttered opening is framed with a firm outer rail and a reed worked face. Its hinge edge, closing edge, and lower corners show the ordinary abrasion of fitting and use."
earlymodern_door_swa_screen_519,a checker wood screen door,"The wood screen door is framed with a firm outer rail and a checker worked face. Its hinge edge, closing edge, and lower corners show the ordinary abrasion of fitting and use."
earlymodern_door_swa_lattice_gate_520,a radiating teak lattice gate,"The teak lattice gate is framed with a firm outer rail and a radiating worked face. Its hinge edge, closing edge, and lower corners show the ordinary abrasion of fitting and use."
earlymodern_door_swa_courtyard_gate_521,a sunburst wrought iron courtyard gate,"The wrought iron courtyard gate is framed with a firm outer rail and a sunburst worked face. Its hinge edge, closing edge, and lower corners show the ordinary abrasion of fitting and use."
earlymodern_door_swa_warehouse_gate_522,a knotted bronze warehouse gate,"The bronze warehouse gate is framed with a firm outer rail and a knotted worked face. Its hinge edge, closing edge, and lower corners show the ordinary abrasion of fitting and use."
earlymodern_door_swa_garden_gate_523,a star oak garden gate,"The oak garden gate is framed with a firm outer rail and a star worked face. Its hinge edge, closing edge, and lower corners show the ordinary abrasion of fitting and use."
earlymodern_door_swa_grille_524,a vine bronze metal grille,"The bronze metal grille is framed with a firm outer rail and a vine worked face. Its hinge edge, closing edge, and lower corners show the ordinary abrasion of fitting and use."
earlymodern_door_swa_strike_plate_525,a braided pewter strike plate,"The pewter strike plate has a braided worked face, rubbed bearing edges, and a plainly accessible working surface. It represents only the behaviour supplied by its fitted mechanical component."
earlymodern_door_swa_hinge_pair_526,a radiating wrought iron hinge pair,"The wrought iron hinge pair has a radiating worked face, rubbed bearing edges, and a plainly accessible working surface. It represents only the behaviour supplied by its fitted mechanical component."
earlymodern_door_swa_keyring_527,a leaf-scroll bronze keyring,"The bronze keyring has a leaf-scroll worked face, rubbed bearing edges, and a plainly accessible working surface. It represents only the behaviour supplied by its fitted mechanical component."
earlymodern_door_swa_escutcheon_528,a sunburst brass keyhole escutcheon,"The brass keyhole escutcheon has a sunburst worked face, rubbed bearing edges, and a plainly accessible working surface. It represents only the behaviour supplied by its fitted mechanical component."
earlymodern_door_swa_warded_lock_529,a water-wave copper warded lock,"The copper warded lock has a water-wave worked face, rubbed bearing edges, and a plainly accessible working surface. It represents only the behaviour supplied by its fitted mechanical component."
earlymodern_door_swa_good_warded_lock_530,a knotted pewter fine warded lock,"The pewter fine warded lock has a knotted worked face, rubbed bearing edges, and a plainly accessible working surface. It represents only the behaviour supplied by its fitted mechanical component."
earlymodern_door_swa_master_warded_lock_531,a flower-head wrought iron master warded lock,"The wrought iron master warded lock has a flower-head worked face, rubbed bearing edges, and a plainly accessible working surface. It represents only the behaviour supplied by its fitted mechanical component."
earlymodern_door_spa_panel_door_533,a sunburst cedar door leaf,"The cedar door leaf is framed with a firm outer rail and a sunburst worked face. Its hinge edge, closing edge, and lower corners show the ordinary abrasion of fitting and use."
earlymodern_door_spa_braced_door_534,a knotted teak braced door,"The teak braced door is framed with a firm outer rail and a knotted worked face. Its hinge edge, closing edge, and lower corners show the ordinary abrasion of fitting and use."
earlymodern_door_spa_lockable_door_535,a star wood lockable door,"The wood lockable door is framed with a firm outer rail and a star worked face. Its hinge edge, closing edge, and lower corners show the ordinary abrasion of fitting and use."
earlymodern_door_spa_secure_door_536,a vine oak secure door,"The oak secure door is framed with a firm outer rail and a vine worked face. Its hinge edge, closing edge, and lower corners show the ordinary abrasion of fitting and use."
earlymodern_door_spa_shutter_537,a cloud pine shuttered opening,"The pine shuttered opening is framed with a firm outer rail and a cloud worked face. Its hinge edge, closing edge, and lower corners show the ordinary abrasion of fitting and use."
earlymodern_door_spa_screen_538,a reed cedar screen door,"The cedar screen door is framed with a firm outer rail and a reed worked face. Its hinge edge, closing edge, and lower corners show the ordinary abrasion of fitting and use."
earlymodern_door_spa_lattice_gate_539,a checker wrought iron lattice gate,"The wrought iron lattice gate is framed with a firm outer rail and a checker worked face. Its hinge edge, closing edge, and lower corners show the ordinary abrasion of fitting and use."
earlymodern_door_spa_courtyard_gate_540,a radiating bronze courtyard gate,"The bronze courtyard gate is framed with a firm outer rail and a radiating worked face. Its hinge edge, closing edge, and lower corners show the ordinary abrasion of fitting and use."
earlymodern_door_spa_warehouse_gate_541,a sunburst oak warehouse gate,"The oak warehouse gate is framed with a firm outer rail and a sunburst worked face. Its hinge edge, closing edge, and lower corners show the ordinary abrasion of fitting and use."
earlymodern_door_spa_garden_gate_542,a knotted cedar garden gate,"The cedar garden gate is framed with a firm outer rail and a knotted worked face. Its hinge edge, closing edge, and lower corners show the ordinary abrasion of fitting and use."
earlymodern_door_spa_grille_543,a star wrought iron metal grille,"The wrought iron metal grille is framed with a firm outer rail and a star worked face. Its hinge edge, closing edge, and lower corners show the ordinary abrasion of fitting and use."
earlymodern_door_spa_strike_plate_544,a sunburst copper strike plate,"The copper strike plate has a sunburst worked face, rubbed bearing edges, and a plainly accessible working surface. It represents only the behaviour supplied by its fitted mechanical component."
earlymodern_door_spa_hinge_pair_545,a water-wave pewter hinge pair,"The pewter hinge pair has a water-wave worked face, rubbed bearing edges, and a plainly accessible working surface. It represents only the behaviour supplied by its fitted mechanical component."
earlymodern_door_spa_keyring_546,a knotted wrought iron keyring,"The wrought iron keyring has a knotted worked face, rubbed bearing edges, and a plainly accessible working surface. It represents only the behaviour supplied by its fitted mechanical component."
earlymodern_door_spa_escutcheon_547,a flower-head bronze keyhole escutcheon,"The bronze keyhole escutcheon has a flower-head worked face, rubbed bearing edges, and a plainly accessible working surface. It represents only the behaviour supplied by its fitted mechanical component."
earlymodern_door_spa_warded_lock_548,a star brass warded lock,"The brass warded lock has a star worked face, rubbed bearing edges, and a plainly accessible working surface. It represents only the behaviour supplied by its fitted mechanical component."
earlymodern_door_spa_good_warded_lock_549,a bird copper fine warded lock,"The copper fine warded lock has a bird worked face, rubbed bearing edges, and a plainly accessible working surface. It represents only the behaviour supplied by its fitted mechanical component."
earlymodern_door_spa_master_warded_lock_550,a vine pewter master warded lock,"The pewter master warded lock has a vine worked face, rubbed bearing edges, and a plainly accessible working surface. It represents only the behaviour supplied by its fitted mechanical component."
earlymodern_door_bra_panel_door_552,a knotted teak door leaf,"The teak door leaf is framed with a firm outer rail and a knotted worked face. Its hinge edge, closing edge, and lower corners show the ordinary abrasion of fitting and use."
earlymodern_door_bra_braced_door_553,a star wood braced door,"The wood braced door is framed with a firm outer rail and a star worked face. Its hinge edge, closing edge, and lower corners show the ordinary abrasion of fitting and use."
earlymodern_door_bra_lockable_door_554,a vine oak lockable door,"The oak lockable door is framed with a firm outer rail and a vine worked face. Its hinge edge, closing edge, and lower corners show the ordinary abrasion of fitting and use."
earlymodern_door_bra_secure_door_555,a cloud pine secure door,"The pine secure door is framed with a firm outer rail and a cloud worked face. Its hinge edge, closing edge, and lower corners show the ordinary abrasion of fitting and use."
earlymodern_door_bra_shutter_556,a reed cedar shuttered opening,"The cedar shuttered opening is framed with a firm outer rail and a reed worked face. Its hinge edge, closing edge, and lower corners show the ordinary abrasion of fitting and use."
earlymodern_door_bra_screen_557,a checker teak screen door,"The teak screen door is framed with a firm outer rail and a checker worked face. Its hinge edge, closing edge, and lower corners show the ordinary abrasion of fitting and use."
earlymodern_door_bra_lattice_gate_558,a radiating bronze lattice gate,"The bronze lattice gate is framed with a firm outer rail and a radiating worked face. Its hinge edge, closing edge, and lower corners show the ordinary abrasion of fitting and use."
earlymodern_door_bra_courtyard_gate_559,a sunburst oak courtyard gate,"The oak courtyard gate is framed with a firm outer rail and a sunburst worked face. Its hinge edge, closing edge, and lower corners show the ordinary abrasion of fitting and use."
earlymodern_door_bra_warehouse_gate_560,a knotted cedar warehouse gate,"The cedar warehouse gate is framed with a firm outer rail and a knotted worked face. Its hinge edge, closing edge, and lower corners show the ordinary abrasion of fitting and use."
earlymodern_door_bra_garden_gate_561,a star teak garden gate,"The teak garden gate is framed with a firm outer rail and a star worked face. Its hinge edge, closing edge, and lower corners show the ordinary abrasion of fitting and use."
earlymodern_door_bra_grille_562,a vine bronze metal grille,"The bronze metal grille is framed with a firm outer rail and a vine worked face. Its hinge edge, closing edge, and lower corners show the ordinary abrasion of fitting and use."
earlymodern_door_bra_strike_plate_563,a rosette brass strike plate,"The brass strike plate has a rosette worked face, rubbed bearing edges, and a plainly accessible working surface. It represents only the behaviour supplied by its fitted mechanical component."
earlymodern_door_bra_hinge_pair_564,a checker copper hinge pair,"The copper hinge pair has a checker worked face, rubbed bearing edges, and a plainly accessible working surface. It represents only the behaviour supplied by its fitted mechanical component."
earlymodern_door_bra_keyring_565,a braided pewter keyring,"The pewter keyring has a braided worked face, rubbed bearing edges, and a plainly accessible working surface. It represents only the behaviour supplied by its fitted mechanical component."
earlymodern_door_bra_escutcheon_566,a radiating wrought iron keyhole escutcheon,"The wrought iron keyhole escutcheon has a radiating worked face, rubbed bearing edges, and a plainly accessible working surface. It represents only the behaviour supplied by its fitted mechanical component."
earlymodern_door_bra_warded_lock_567,a leaf-scroll bronze warded lock,"The bronze warded lock has a leaf-scroll worked face, rubbed bearing edges, and a plainly accessible working surface. It represents only the behaviour supplied by its fitted mechanical component."
earlymodern_door_bra_good_warded_lock_568,a sunburst brass fine warded lock,"The brass fine warded lock has a sunburst worked face, rubbed bearing edges, and a plainly accessible working surface. It represents only the behaviour supplied by its fitted mechanical component."
earlymodern_door_bra_master_warded_lock_569,a water-wave copper master warded lock,"The copper master warded lock has a water-wave worked face, rubbed bearing edges, and a plainly accessible working surface. It represents only the behaviour supplied by its fitted mechanical component."
earlymodern_door_ena_panel_door_571,a radiating teak door leaf,"The teak door leaf is framed with a firm outer rail and a radiating worked face. Its hinge edge, closing edge, and lower corners show the ordinary abrasion of fitting and use."
earlymodern_door_ena_braced_door_572,a sunburst wood braced door,"The wood braced door is framed with a firm outer rail and a sunburst worked face. Its hinge edge, closing edge, and lower corners show the ordinary abrasion of fitting and use."
earlymodern_door_ena_lockable_door_573,a knotted oak lockable door,"The oak lockable door is framed with a firm outer rail and a knotted worked face. Its hinge edge, closing edge, and lower corners show the ordinary abrasion of fitting and use."
earlymodern_door_ena_secure_door_574,a star pine secure door,"The pine secure door is framed with a firm outer rail and a star worked face. Its hinge edge, closing edge, and lower corners show the ordinary abrasion of fitting and use."
earlymodern_door_ena_shutter_575,a vine cedar shuttered opening,"The cedar shuttered opening is framed with a firm outer rail and a vine worked face. Its hinge edge, closing edge, and lower corners show the ordinary abrasion of fitting and use."
earlymodern_door_ena_screen_576,a cloud cedar screen door,"The cedar screen door is framed with a firm outer rail and a cloud worked face. Its hinge edge, closing edge, and lower corners show the ordinary abrasion of fitting and use."
earlymodern_door_ena_lattice_gate_577,a reed bronze lattice gate,"The bronze lattice gate is framed with a firm outer rail and a reed worked face. Its hinge edge, closing edge, and lower corners show the ordinary abrasion of fitting and use."
earlymodern_door_ena_courtyard_gate_578,a checker oak courtyard gate,"The oak courtyard gate is framed with a firm outer rail and a checker worked face. Its hinge edge, closing edge, and lower corners show the ordinary abrasion of fitting and use."
earlymodern_door_ena_warehouse_gate_579,a radiating cedar warehouse gate,"The cedar warehouse gate is framed with a firm outer rail and a radiating worked face. Its hinge edge, closing edge, and lower corners show the ordinary abrasion of fitting and use."
earlymodern_door_ena_garden_gate_580,a sunburst teak garden gate,"The teak garden gate is framed with a firm outer rail and a sunburst worked face. Its hinge edge, closing edge, and lower corners show the ordinary abrasion of fitting and use."
earlymodern_door_ena_grille_581,a knotted brass metal grille,"The brass metal grille is framed with a firm outer rail and a knotted worked face. Its hinge edge, closing edge, and lower corners show the ordinary abrasion of fitting and use."
earlymodern_door_ena_strike_plate_582,a reed bronze strike plate,"The bronze strike plate has a reed worked face, rubbed bearing edges, and a plainly accessible working surface. It represents only the behaviour supplied by its fitted mechanical component."
earlymodern_door_ena_hinge_pair_583,a rosette brass hinge pair,"The brass hinge pair has a rosette worked face, rubbed bearing edges, and a plainly accessible working surface. It represents only the behaviour supplied by its fitted mechanical component."
earlymodern_door_ena_keyring_584,a checker copper keyring,"The copper keyring has a checker worked face, rubbed bearing edges, and a plainly accessible working surface. It represents only the behaviour supplied by its fitted mechanical component."
earlymodern_door_ena_escutcheon_585,a braided pewter keyhole escutcheon,"The pewter keyhole escutcheon has a braided worked face, rubbed bearing edges, and a plainly accessible working surface. It represents only the behaviour supplied by its fitted mechanical component."
earlymodern_door_ena_warded_lock_586,a radiating wrought iron warded lock,"The wrought iron warded lock has a radiating worked face, rubbed bearing edges, and a plainly accessible working surface. It represents only the behaviour supplied by its fitted mechanical component."
earlymodern_door_ena_good_warded_lock_587,a leaf-scroll bronze fine warded lock,"The bronze fine warded lock has a leaf-scroll worked face, rubbed bearing edges, and a plainly accessible working surface. It represents only the behaviour supplied by its fitted mechanical component."
earlymodern_door_ena_master_warded_lock_588,a sunburst brass master warded lock,"The brass master warded lock has a sunburst worked face, rubbed bearing edges, and a plainly accessible working surface. It represents only the behaviour supplied by its fitted mechanical component."
earlymodern_door_ina_panel_door_590,a star cedar door leaf,"The cedar door leaf is framed with a firm outer rail and a star worked face. Its hinge edge, closing edge, and lower corners show the ordinary abrasion of fitting and use."
earlymodern_door_ina_braced_door_591,a vine teak braced door,"The teak braced door is framed with a firm outer rail and a vine worked face. Its hinge edge, closing edge, and lower corners show the ordinary abrasion of fitting and use."
earlymodern_door_ina_lockable_door_592,a cloud wood lockable door,"The wood lockable door is framed with a firm outer rail and a cloud worked face. Its hinge edge, closing edge, and lower corners show the ordinary abrasion of fitting and use."
earlymodern_door_ina_secure_door_593,a reed oak secure door,"The oak secure door is framed with a firm outer rail and a reed worked face. Its hinge edge, closing edge, and lower corners show the ordinary abrasion of fitting and use."
earlymodern_door_ina_shutter_594,a checker pine shuttered opening,"The pine shuttered opening is framed with a firm outer rail and a checker worked face. Its hinge edge, closing edge, and lower corners show the ordinary abrasion of fitting and use."
earlymodern_door_ina_screen_595,a radiating teak screen door,"The teak screen door is framed with a firm outer rail and a radiating worked face. Its hinge edge, closing edge, and lower corners show the ordinary abrasion of fitting and use."
earlymodern_door_ina_lattice_gate_596,a sunburst wrought iron lattice gate,"The wrought iron lattice gate is framed with a firm outer rail and a sunburst worked face. Its hinge edge, closing edge, and lower corners show the ordinary abrasion of fitting and use."
earlymodern_door_ina_courtyard_gate_597,a knotted bronze courtyard gate,"The bronze courtyard gate is framed with a firm outer rail and a knotted worked face. Its hinge edge, closing edge, and lower corners show the ordinary abrasion of fitting and use."
earlymodern_door_ina_warehouse_gate_598,a star oak warehouse gate,"The oak warehouse gate is framed with a firm outer rail and a star worked face. Its hinge edge, closing edge, and lower corners show the ordinary abrasion of fitting and use."
earlymodern_door_ina_garden_gate_599,a vine cedar garden gate,"The cedar garden gate is framed with a firm outer rail and a vine worked face. Its hinge edge, closing edge, and lower corners show the ordinary abrasion of fitting and use."
earlymodern_door_ina_grille_600,a cloud wrought iron metal grille,"The wrought iron metal grille is framed with a firm outer rail and a cloud worked face. Its hinge edge, closing edge, and lower corners show the ordinary abrasion of fitting and use."
earlymodern_door_ina_strike_plate_601,a braided wrought iron strike plate,"The wrought iron strike plate has a braided worked face, rubbed bearing edges, and a plainly accessible working surface. It represents only the behaviour supplied by its fitted mechanical component."
earlymodern_door_ina_hinge_pair_602,a radiating bronze hinge pair,"The bronze hinge pair has a radiating worked face, rubbed bearing edges, and a plainly accessible working surface. It represents only the behaviour supplied by its fitted mechanical component."
earlymodern_door_ina_keyring_603,a leaf-scroll brass keyring,"The brass keyring has a leaf-scroll worked face, rubbed bearing edges, and a plainly accessible working surface. It represents only the behaviour supplied by its fitted mechanical component."
earlymodern_door_ina_escutcheon_604,a sunburst copper keyhole escutcheon,"The copper keyhole escutcheon has a sunburst worked face, rubbed bearing edges, and a plainly accessible working surface. It represents only the behaviour supplied by its fitted mechanical component."
earlymodern_door_ina_warded_lock_605,a water-wave pewter warded lock,"The pewter warded lock has a water-wave worked face, rubbed bearing edges, and a plainly accessible working surface. It represents only the behaviour supplied by its fitted mechanical component."
earlymodern_door_ina_good_warded_lock_606,a knotted wrought iron fine warded lock,"The wrought iron fine warded lock has a knotted worked face, rubbed bearing edges, and a plainly accessible working surface. It represents only the behaviour supplied by its fitted mechanical component."
earlymodern_door_ina_master_warded_lock_607,a flower-head bronze master warded lock,"The bronze master warded lock has a flower-head worked face, rubbed bearing edges, and a plainly accessible working surface. It represents only the behaviour supplied by its fitted mechanical component."
earlymodern_door_mca_panel_door_609,a leaf-scroll oak door leaf,"The oak door leaf is framed with a firm outer rail and a leaf-scroll worked face. Its hinge edge, closing edge, and lower corners show the ordinary abrasion of fitting and use."
earlymodern_door_mca_braced_door_610,a water-wave pine braced door,"The pine braced door is framed with a firm outer rail and a water-wave worked face. Its hinge edge, closing edge, and lower corners show the ordinary abrasion of fitting and use."
earlymodern_door_mca_lockable_door_611,a flower-head cedar lockable door,"The cedar lockable door is framed with a firm outer rail and a flower-head worked face. Its hinge edge, closing edge, and lower corners show the ordinary abrasion of fitting and use."
earlymodern_door_mca_secure_door_612,a bird teak secure door,"The teak secure door is framed with a firm outer rail and a bird worked face. Its hinge edge, closing edge, and lower corners show the ordinary abrasion of fitting and use."
earlymodern_door_mca_shutter_613,a geometric wood shuttered opening,"The wood shuttered opening is framed with a firm outer rail and a geometric worked face. Its hinge edge, closing edge, and lower corners show the ordinary abrasion of fitting and use."
earlymodern_door_mca_screen_614,a shell teak screen door,"The teak screen door is framed with a firm outer rail and a shell worked face. Its hinge edge, closing edge, and lower corners show the ordinary abrasion of fitting and use."
earlymodern_door_mca_lattice_gate_615,a rosette cedar lattice gate,"The cedar lattice gate is framed with a firm outer rail and a rosette worked face. Its hinge edge, closing edge, and lower corners show the ordinary abrasion of fitting and use."
earlymodern_door_mca_courtyard_gate_616,a braided teak courtyard gate,"The teak courtyard gate is framed with a firm outer rail and a braided worked face. Its hinge edge, closing edge, and lower corners show the ordinary abrasion of fitting and use."
earlymodern_door_mca_warehouse_gate_617,a leaf-scroll wrought iron warehouse gate,"The wrought iron warehouse gate is framed with a firm outer rail and a leaf-scroll worked face. Its hinge edge, closing edge, and lower corners show the ordinary abrasion of fitting and use."
earlymodern_door_mca_garden_gate_618,a water-wave bronze garden gate,"The bronze garden gate is framed with a firm outer rail and a water-wave worked face. Its hinge edge, closing edge, and lower corners show the ordinary abrasion of fitting and use."
earlymodern_door_mca_grille_619,a flower-head brass metal grille,"The brass metal grille is framed with a firm outer rail and a flower-head worked face. Its hinge edge, closing edge, and lower corners show the ordinary abrasion of fitting and use."
earlymodern_door_mca_strike_plate_620,a reed pewter strike plate,"The pewter strike plate has a reed worked face, rubbed bearing edges, and a plainly accessible working surface. It represents only the behaviour supplied by its fitted mechanical component."
earlymodern_door_mca_hinge_pair_621,a rosette wrought iron hinge pair,"The wrought iron hinge pair has a rosette worked face, rubbed bearing edges, and a plainly accessible working surface. It represents only the behaviour supplied by its fitted mechanical component."
earlymodern_door_mca_keyring_622,a checker bronze keyring,"The bronze keyring has a checker worked face, rubbed bearing edges, and a plainly accessible working surface. It represents only the behaviour supplied by its fitted mechanical component."
earlymodern_door_mca_escutcheon_623,a braided brass keyhole escutcheon,"The brass keyhole escutcheon has a braided worked face, rubbed bearing edges, and a plainly accessible working surface. It represents only the behaviour supplied by its fitted mechanical component."
earlymodern_door_mca_warded_lock_624,a radiating copper warded lock,"The copper warded lock has a radiating worked face, rubbed bearing edges, and a plainly accessible working surface. It represents only the behaviour supplied by its fitted mechanical component."
earlymodern_door_mca_good_warded_lock_625,a leaf-scroll pewter fine warded lock,"The pewter fine warded lock has a leaf-scroll worked face, rubbed bearing edges, and a plainly accessible working surface. It represents only the behaviour supplied by its fitted mechanical component."
earlymodern_door_mca_master_warded_lock_626,a sunburst wrought iron master warded lock,"The wrought iron master warded lock has a sunburst worked face, rubbed bearing edges, and a plainly accessible working surface. It represents only the behaviour supplied by its fitted mechanical component."
earlymodern_door_and_panel_door_628,a leaf-scroll teak door leaf,"The teak door leaf is framed with a firm outer rail and a leaf-scroll worked face. Its hinge edge, closing edge, and lower corners show the ordinary abrasion of fitting and use."
earlymodern_door_and_braced_door_629,a water-wave wood braced door,"The wood braced door is framed with a firm outer rail and a water-wave worked face. Its hinge edge, closing edge, and lower corners show the ordinary abrasion of fitting and use."
earlymodern_door_and_lockable_door_630,a flower-head oak lockable door,"The oak lockable door is framed with a firm outer rail and a flower-head worked face. Its hinge edge, closing edge, and lower corners show the ordinary abrasion of fitting and use."
earlymodern_door_and_secure_door_631,a bird pine secure door,"The pine secure door is framed with a firm outer rail and a bird worked face. Its hinge edge, closing edge, and lower corners show the ordinary abrasion of fitting and use."
earlymodern_door_and_shutter_632,a geometric cedar shuttered opening,"The cedar shuttered opening is framed with a firm outer rail and a geometric worked face. Its hinge edge, closing edge, and lower corners show the ordinary abrasion of fitting and use."
earlymodern_door_and_screen_633,a shell cedar screen door,"The cedar screen door is framed with a firm outer rail and a shell worked face. Its hinge edge, closing edge, and lower corners show the ordinary abrasion of fitting and use."
earlymodern_door_and_lattice_gate_634,a rosette bronze lattice gate,"The bronze lattice gate is framed with a firm outer rail and a rosette worked face. Its hinge edge, closing edge, and lower corners show the ordinary abrasion of fitting and use."
earlymodern_door_and_courtyard_gate_635,a braided oak courtyard gate,"The oak courtyard gate is framed with a firm outer rail and a braided worked face. Its hinge edge, closing edge, and lower corners show the ordinary abrasion of fitting and use."
earlymodern_door_and_warehouse_gate_636,a leaf-scroll cedar warehouse gate,"The cedar warehouse gate is framed with a firm outer rail and a leaf-scroll worked face. Its hinge edge, closing edge, and lower corners show the ordinary abrasion of fitting and use."
earlymodern_door_and_garden_gate_637,a water-wave teak garden gate,"The teak garden gate is framed with a firm outer rail and a water-wave worked face. Its hinge edge, closing edge, and lower corners show the ordinary abrasion of fitting and use."
earlymodern_door_and_grille_638,a flower-head wrought iron metal grille,"The wrought iron metal grille is framed with a firm outer rail and a flower-head worked face. Its hinge edge, closing edge, and lower corners show the ordinary abrasion of fitting and use."
earlymodern_door_and_strike_plate_639,a water-wave copper strike plate,"The copper strike plate has a water-wave worked face, rubbed bearing edges, and a plainly accessible working surface. It represents only the behaviour supplied by its fitted mechanical component."
earlymodern_door_and_hinge_pair_640,a knotted pewter hinge pair,"The pewter hinge pair has a knotted worked face, rubbed bearing edges, and a plainly accessible working surface. It represents only the behaviour supplied by its fitted mechanical component."
earlymodern_door_and_keyring_641,a flower-head wrought iron keyring,"The wrought iron keyring has a flower-head worked face, rubbed bearing edges, and a plainly accessible working surface. It represents only the behaviour supplied by its fitted mechanical component."
earlymodern_door_and_escutcheon_642,a star bronze keyhole escutcheon,"The bronze keyhole escutcheon has a star worked face, rubbed bearing edges, and a plainly accessible working surface. It represents only the behaviour supplied by its fitted mechanical component."
earlymodern_door_and_warded_lock_643,a bird brass warded lock,"The brass warded lock has a bird worked face, rubbed bearing edges, and a plainly accessible working surface. It represents only the behaviour supplied by its fitted mechanical component."
earlymodern_door_and_good_warded_lock_644,a vine copper fine warded lock,"The copper fine warded lock has a vine worked face, rubbed bearing edges, and a plainly accessible working surface. It represents only the behaviour supplied by its fitted mechanical component."
earlymodern_door_and_master_warded_lock_645,a geometric pewter master warded lock,"The pewter master warded lock has a geometric worked face, rubbed bearing edges, and a plainly accessible working surface. It represents only the behaviour supplied by its fitted mechanical component."
earlymodern_door_car_panel_door_647,a cloud oak door leaf,"The oak door leaf is framed with a firm outer rail and a cloud worked face. Its hinge edge, closing edge, and lower corners show the ordinary abrasion of fitting and use."
earlymodern_door_car_braced_door_648,a reed pine braced door,"The pine braced door is framed with a firm outer rail and a reed worked face. Its hinge edge, closing edge, and lower corners show the ordinary abrasion of fitting and use."
earlymodern_door_car_lockable_door_649,a checker cedar lockable door,"The cedar lockable door is framed with a firm outer rail and a checker worked face. Its hinge edge, closing edge, and lower corners show the ordinary abrasion of fitting and use."
earlymodern_door_car_secure_door_650,a radiating teak secure door,"The teak secure door is framed with a firm outer rail and a radiating worked face. Its hinge edge, closing edge, and lower corners show the ordinary abrasion of fitting and use."
earlymodern_door_car_shutter_651,a sunburst wood shuttered opening,"The wood shuttered opening is framed with a firm outer rail and a sunburst worked face. Its hinge edge, closing edge, and lower corners show the ordinary abrasion of fitting and use."
earlymodern_door_car_screen_652,a knotted bamboo screen door,"The bamboo screen door is framed with a firm outer rail and a knotted worked face. Its hinge edge, closing edge, and lower corners show the ordinary abrasion of fitting and use."
earlymodern_door_car_lattice_gate_653,a star cedar lattice gate,"The cedar lattice gate is framed with a firm outer rail and a star worked face. Its hinge edge, closing edge, and lower corners show the ordinary abrasion of fitting and use."
earlymodern_door_car_courtyard_gate_654,a vine teak courtyard gate,"The teak courtyard gate is framed with a firm outer rail and a vine worked face. Its hinge edge, closing edge, and lower corners show the ordinary abrasion of fitting and use."
earlymodern_door_car_warehouse_gate_655,a cloud wrought iron warehouse gate,"The wrought iron warehouse gate is framed with a firm outer rail and a cloud worked face. Its hinge edge, closing edge, and lower corners show the ordinary abrasion of fitting and use."
earlymodern_door_car_garden_gate_656,a reed bronze garden gate,"The bronze garden gate is framed with a firm outer rail and a reed worked face. Its hinge edge, closing edge, and lower corners show the ordinary abrasion of fitting and use."
earlymodern_door_car_grille_657,a checker bronze metal grille,"The bronze metal grille is framed with a firm outer rail and a checker worked face. Its hinge edge, closing edge, and lower corners show the ordinary abrasion of fitting and use."
earlymodern_door_car_strike_plate_658,a reed brass strike plate,"The brass strike plate has a reed worked face, rubbed bearing edges, and a plainly accessible working surface. It represents only the behaviour supplied by its fitted mechanical component."
earlymodern_door_car_hinge_pair_659,a rosette copper hinge pair,"The copper hinge pair has a rosette worked face, rubbed bearing edges, and a plainly accessible working surface. It represents only the behaviour supplied by its fitted mechanical component."
earlymodern_door_car_keyring_660,a checker pewter keyring,"The pewter keyring has a checker worked face, rubbed bearing edges, and a plainly accessible working surface. It represents only the behaviour supplied by its fitted mechanical component."
earlymodern_door_car_escutcheon_661,a braided wrought iron keyhole escutcheon,"The wrought iron keyhole escutcheon has a braided worked face, rubbed bearing edges, and a plainly accessible working surface. It represents only the behaviour supplied by its fitted mechanical component."
earlymodern_door_car_warded_lock_662,a radiating bronze warded lock,"The bronze warded lock has a radiating worked face, rubbed bearing edges, and a plainly accessible working surface. It represents only the behaviour supplied by its fitted mechanical component."
earlymodern_door_car_good_warded_lock_663,a leaf-scroll brass fine warded lock,"The brass fine warded lock has a leaf-scroll worked face, rubbed bearing edges, and a plainly accessible working surface. It represents only the behaviour supplied by its fitted mechanical component."
earlymodern_door_car_master_warded_lock_664,a sunburst copper master warded lock,"The copper master warded lock has a sunburst worked face, rubbed bearing edges, and a plainly accessible working surface. It represents only the behaviour supplied by its fitted mechanical component."
earlymodern_door_gmt_panel_door_666,a cloud wood door leaf,"The wood door leaf is framed with a firm outer rail and a cloud worked face. Its hinge edge, closing edge, and lower corners show the ordinary abrasion of fitting and use."
earlymodern_door_gmt_braced_door_667,a reed oak braced door,"The oak braced door is framed with a firm outer rail and a reed worked face. Its hinge edge, closing edge, and lower corners show the ordinary abrasion of fitting and use."
earlymodern_door_gmt_lockable_door_668,a checker pine lockable door,"The pine lockable door is framed with a firm outer rail and a checker worked face. Its hinge edge, closing edge, and lower corners show the ordinary abrasion of fitting and use."
earlymodern_door_gmt_secure_door_669,a radiating cedar secure door,"The cedar secure door is framed with a firm outer rail and a radiating worked face. Its hinge edge, closing edge, and lower corners show the ordinary abrasion of fitting and use."
earlymodern_door_gmt_shutter_670,a sunburst teak shuttered opening,"The teak shuttered opening is framed with a firm outer rail and a sunburst worked face. Its hinge edge, closing edge, and lower corners show the ordinary abrasion of fitting and use."
earlymodern_door_gmt_screen_671,a knotted teak screen door,"The teak screen door is framed with a firm outer rail and a knotted worked face. Its hinge edge, closing edge, and lower corners show the ordinary abrasion of fitting and use."
earlymodern_door_gmt_lattice_gate_672,a star oak lattice gate,"The oak lattice gate is framed with a firm outer rail and a star worked face. Its hinge edge, closing edge, and lower corners show the ordinary abrasion of fitting and use."
earlymodern_door_gmt_courtyard_gate_673,a vine cedar courtyard gate,"The cedar courtyard gate is framed with a firm outer rail and a vine worked face. Its hinge edge, closing edge, and lower corners show the ordinary abrasion of fitting and use."
earlymodern_door_gmt_warehouse_gate_674,a cloud teak warehouse gate,"The teak warehouse gate is framed with a firm outer rail and a cloud worked face. Its hinge edge, closing edge, and lower corners show the ordinary abrasion of fitting and use."
earlymodern_door_gmt_garden_gate_675,a reed wrought iron garden gate,"The wrought iron garden gate is framed with a firm outer rail and a reed worked face. Its hinge edge, closing edge, and lower corners show the ordinary abrasion of fitting and use."
earlymodern_door_gmt_grille_676,a checker wrought iron metal grille,"The wrought iron metal grille is framed with a firm outer rail and a checker worked face. Its hinge edge, closing edge, and lower corners show the ordinary abrasion of fitting and use."
earlymodern_door_gmt_strike_plate_677,a water-wave bronze strike plate,"The bronze strike plate has a water-wave worked face, rubbed bearing edges, and a plainly accessible working surface. It represents only the behaviour supplied by its fitted mechanical component."
earlymodern_door_gmt_hinge_pair_678,a knotted brass hinge pair,"The brass hinge pair has a knotted worked face, rubbed bearing edges, and a plainly accessible working surface. It represents only the behaviour supplied by its fitted mechanical component."
earlymodern_door_gmt_keyring_679,a flower-head copper keyring,"The copper keyring has a flower-head worked face, rubbed bearing edges, and a plainly accessible working surface. It represents only the behaviour supplied by its fitted mechanical component."
earlymodern_door_gmt_escutcheon_680,a star pewter keyhole escutcheon,"The pewter keyhole escutcheon has a star worked face, rubbed bearing edges, and a plainly accessible working surface. It represents only the behaviour supplied by its fitted mechanical component."
earlymodern_door_gmt_warded_lock_681,a bird wrought iron warded lock,"The wrought iron warded lock has a bird worked face, rubbed bearing edges, and a plainly accessible working surface. It represents only the behaviour supplied by its fitted mechanical component."
earlymodern_door_gmt_good_warded_lock_682,a vine bronze fine warded lock,"The bronze fine warded lock has a vine worked face, rubbed bearing edges, and a plainly accessible working surface. It represents only the behaviour supplied by its fitted mechanical component."
earlymodern_door_gmt_master_warded_lock_683,a geometric brass master warded lock,"The brass master warded lock has a geometric worked face, rubbed bearing edges, and a plainly accessible working surface. It represents only the behaviour supplied by its fitted mechanical component."
