unique_reference,owner_era,availability,family,subfamily,culture_admission,noun,sdesc,material,size,quality,weight_g,cost,tags,components,craft_category,craft_trait,builder_notes
renaissance_jewellery_common_ring_01,Renaissance,Renaissance / Early Modern,Jewellery & devotional,personal adornment,Renaissance and Early Modern common,ring,a cloud carnelian ring,carnelian,Tiny,Standard,20,8,Era / Renaissance Era; Functions / Worn Items / Jewellery; Functions / Worn Items / Jewellery / Rings; Market / Jewellery / Standard Jewellery,Holdable; Wear_Ring; Destroyable_Misc,Jewellery and devotional work,Gemcraft,Renaissance personal adornment catalogue; culture admission Renaissance and Early Modern common; availability Renaissance / Early Modern. Description is form-led and makes no unsupported devotional or mechanical claim.
renaissance_jewellery_common_signet_ring_02,Renaissance,Renaissance / Early Modern,Jewellery & devotional,personal adornment,Renaissance and Early Modern common,ring,a shell lapis lazuli ring,lapis lazuli,Tiny,VeryGood,27,17,Era / Renaissance Era; Functions / Worn Items / Jewellery; Functions / Worn Items / Jewellery / Rings; Market / Jewellery / Standard Jewellery,Holdable; Wear_Ring; Destroyable_Misc,Jewellery and devotional work,Gemcraft,Renaissance personal adornment catalogue; culture admission Renaissance and Early Modern common; availability Renaissance / Early Modern. Description is form-led and makes no unsupported devotional or mechanical claim.
renaissance_jewellery_common_pendant_03,Renaissance,Renaissance / Early Modern,Jewellery & devotional,personal adornment,Renaissance and Early Modern common,pendant,a reed turquoise pendant,turquoise,Tiny,Good,34,26,Era / Renaissance Era; Functions / Worn Items / Jewellery; Functions / Worn Items / Jewellery / Pendants; Market / Jewellery / Standard Jewellery,Holdable; Wear_Necklace; Destroyable_Misc,Jewellery and devotional work,Gemcraft,Renaissance personal adornment catalogue; culture admission Renaissance and Early Modern common; availability Renaissance / Early Modern. Description is form-led and makes no unsupported devotional or mechanical claim.
renaissance_jewellery_common_bead_necklace_04,Renaissance,Renaissance / Early Modern,Jewellery & devotional,personal adornment,Renaissance and Early Modern common,necklace,a rosette jade necklace,jade,Tiny,Standard,41,35,Era / Renaissance Era; Functions / Worn Items / Jewellery; Functions / Worn Items / Jewellery / Bead Strings; Market / Jewellery / Standard Jewellery,Holdable; Wear_Necklace; Destroyable_Misc,Jewellery and devotional work,Gemcraft,Renaissance personal adornment catalogue; culture admission Renaissance and Early Modern common; availability Renaissance / Early Modern. Description is form-led and makes no unsupported devotional or mechanical claim.
renaissance_jewellery_common_chain_necklace_05,Renaissance,Renaissance / Early Modern,Jewellery & devotional,personal adornment,Renaissance and Early Modern common,necklace,a checker quartz necklace,quartz,Tiny,VeryGood,48,44,Era / Renaissance Era; Functions / Worn Items / Jewellery; Functions / Worn Items / Jewellery / Necklaces; Market / Jewellery / Standard Jewellery,Holdable; Wear_Necklace; Destroyable_Misc,Jewellery and devotional work,Gemcraft,Renaissance personal adornment catalogue; culture admission Renaissance and Early Modern common; availability Renaissance / Early Modern. Description is form-led and makes no unsupported devotional or mechanical claim.
renaissance_jewellery_common_bracelet_06,Renaissance,Renaissance / Early Modern,Jewellery & devotional,personal adornment,Renaissance and Early Modern common,bracelet,a braided faience bracelet,faience,Tiny,Good,55,53,Era / Renaissance Era; Functions / Worn Items / Jewellery; Functions / Worn Items / Jewellery / Bracelets; Market / Jewellery / Standard Jewellery,Holdable; Wear_Bracelet; Destroyable_Glassware,Jewellery and devotional work,Glassworking,Renaissance personal adornment catalogue; culture admission Renaissance and Early Modern common; availability Renaissance / Early Modern. Description is form-led and makes no unsupported devotional or mechanical claim.
renaissance_jewellery_common_armlet_07,Renaissance,Renaissance / Early Modern,Jewellery & devotional,personal adornment,Renaissance and Early Modern common,armlet,a radiating pewter armlet,pewter,Tiny,Standard,62,62,Era / Renaissance Era; Functions / Worn Items / Jewellery; Functions / Worn Items / Jewellery / Armlets; Market / Jewellery / Standard Jewellery,Holdable; Wear_Armlet; Destroyable_HeavyMetal,Jewellery and devotional work,Silversmithing,Renaissance personal adornment catalogue; culture admission Renaissance and Early Modern common; availability Renaissance / Early Modern. Description is form-led and makes no unsupported devotional or mechanical claim.
renaissance_jewellery_common_anklet_08,Renaissance,Renaissance / Early Modern,Jewellery & devotional,personal adornment,Renaissance and Early Modern common,anklet,a leaf-scroll copper anklet,copper,Tiny,Poor,69,71,Era / Renaissance Era; Functions / Worn Items / Jewellery; Functions / Worn Items / Jewellery / Anklets; Market / Jewellery / Standard Jewellery,Holdable; Wear_Anklet; Destroyable_HeavyMetal,Jewellery and devotional work,Silversmithing,Renaissance personal adornment catalogue; culture admission Renaissance and Early Modern common; availability Renaissance / Early Modern. Description is form-led and makes no unsupported devotional or mechanical claim.
renaissance_jewellery_common_earrings_09,Renaissance,Renaissance / Early Modern,Jewellery & devotional,personal adornment,Renaissance and Early Modern common,earrings,a sunburst bronze earrings,bronze,Tiny,Standard,76,80,Era / Renaissance Era; Functions / Worn Items / Jewellery; Functions / Worn Items / Jewellery / Earrings; Market / Jewellery / Standard Jewellery,Holdable; Wear_Earrings; Destroyable_HeavyMetal,Jewellery and devotional work,Silversmithing,Renaissance personal adornment catalogue; culture admission Renaissance and Early Modern common; availability Renaissance / Early Modern. Description is form-led and makes no unsupported devotional or mechanical claim.
renaissance_jewellery_common_brooch_10,Renaissance,Renaissance / Early Modern,Jewellery & devotional,personal adornment,Renaissance and Early Modern common,brooch,a water-wave silver brooch,silver,Tiny,Good,83,89,Era / Renaissance Era; Functions / Worn Items / Jewellery; Functions / Worn Items / Jewellery / Brooches; Market / Jewellery / Standard Jewellery,Holdable; Wear_Brooch; Destroyable_HeavyMetal,Jewellery and devotional work,Silversmithing,Renaissance personal adornment catalogue; culture admission Renaissance and Early Modern common; availability Renaissance / Early Modern. Description is form-led and makes no unsupported devotional or mechanical claim.
renaissance_jewellery_common_pin_11,Renaissance,Renaissance / Early Modern,Jewellery & devotional,personal adornment,Renaissance and Early Modern common,pin,a knotted gold pin,gold,Tiny,Good,90,98,Era / Renaissance Era; Functions / Worn Items / Jewellery; Functions / Worn Items / Jewellery / Pins; Market / Jewellery / Standard Jewellery,Holdable; Wear_Pin; Destroyable_HeavyMetal,Jewellery and devotional work,Silversmithing,Renaissance personal adornment catalogue; culture admission Renaissance and Early Modern common; availability Renaissance / Early Modern. Description is form-led and makes no unsupported devotional or mechanical claim.
renaissance_jewellery_common_hairpin_12,Renaissance,Renaissance / Early Modern,Jewellery & devotional,personal adornment,Renaissance and Early Modern common,hairpin,a flower-head brass hairpin,brass,Tiny,Standard,20,107,Era / Renaissance Era; Functions / Worn Items / Jewellery; Functions / Worn Items / Jewellery / Hair Ornaments; Market / Jewellery / Standard Jewellery,Holdable; Wear_Hairpin; Destroyable_HeavyMetal,Jewellery and devotional work,Silversmithing,Renaissance personal adornment catalogue; culture admission Renaissance and Early Modern common; availability Renaissance / Early Modern. Description is form-led and makes no unsupported devotional or mechanical claim.
renaissance_jewellery_common_circlet_13,Renaissance,Renaissance / Early Modern,Jewellery & devotional,personal adornment,Renaissance and Early Modern common,circlet,a star glass circlet,glass,Tiny,VeryGood,27,116,Era / Renaissance Era; Functions / Worn Items / Jewellery; Functions / Worn Items / Jewellery / Circlets; Market / Jewellery / Standard Jewellery,Holdable; Wear_Circlet; Destroyable_Glassware,Jewellery and devotional work,Glassworking,Renaissance personal adornment catalogue; culture admission Renaissance and Early Modern common; availability Renaissance / Early Modern. Description is form-led and makes no unsupported devotional or mechanical claim.
renaissance_jewellery_common_diadem_14,Renaissance,Renaissance / Early Modern,Jewellery & devotional,personal adornment,Renaissance and Early Modern common,diadem,a bird bone diadem,bone,Tiny,Good,34,125,Era / Renaissance Era; Functions / Worn Items / Jewellery; Functions / Worn Items / Jewellery / Diadems; Market / Jewellery / Standard Jewellery,Holdable; Wear_Diadem; Destroyable_Misc,Jewellery and devotional work,Scrimshawing,Renaissance personal adornment catalogue; culture admission Renaissance and Early Modern common; availability Renaissance / Early Modern. Description is form-led and makes no unsupported devotional or mechanical claim.
renaissance_jewellery_common_waist_chain_15,Renaissance,Renaissance / Early Modern,Jewellery & devotional,personal adornment,Renaissance and Early Modern common,waist chain,a vine shell waist chain,shell,Tiny,Standard,41,134,Era / Renaissance Era; Functions / Worn Items / Jewellery; Functions / Worn Items / Jewellery / Waist Chains; Market / Jewellery / Standard Jewellery,Holdable; Wear_Waist_Chain; Destroyable_Misc,Jewellery and devotional work,Scrimshawing,Renaissance personal adornment catalogue; culture admission Renaissance and Early Modern common; availability Renaissance / Early Modern. Description is form-led and makes no unsupported devotional or mechanical claim.
renaissance_jewellery_common_belt_ornament_16,Renaissance,Renaissance / Early Modern,Jewellery & devotional,personal adornment,Renaissance and Early Modern common,belt ornament,a geometric ivory belt ornament,ivory,Tiny,Poor,48,143,Era / Renaissance Era; Functions / Worn Items / Jewellery; Functions / Worn Items / Jewellery / Belt Ornaments; Market / Jewellery / Standard Jewellery,Holdable; Wear_Belt_Ornament; Destroyable_Misc,Jewellery and devotional work,Scrimshawing,Renaissance personal adornment catalogue; culture admission Renaissance and Early Modern common; availability Renaissance / Early Modern. Description is form-led and makes no unsupported devotional or mechanical claim.
renaissance_jewellery_common_badge_17,Renaissance,Renaissance / Early Modern,Jewellery & devotional,personal adornment,Renaissance and Early Modern common,badge,a cloud pearl badge,pearl,Tiny,Standard,55,152,Era / Renaissance Era; Functions / Worn Items / Jewellery; Functions / Worn Items / Jewellery / Badges; Market / Jewellery / Standard Jewellery,Holdable; Wear_Badge; Destroyable_Misc,Jewellery and devotional work,Gemcraft,Renaissance personal adornment catalogue; culture admission Renaissance and Early Modern common; availability Renaissance / Early Modern. Description is form-led and makes no unsupported devotional or mechanical claim.
renaissance_jewellery_common_temple_ring_18,Renaissance,Renaissance / Early Modern,Jewellery & devotional,personal adornment,Renaissance and Early Modern common,temple ring,a shell amber temple ring,amber,Tiny,Good,62,8,Era / Renaissance Era; Functions / Worn Items / Jewellery; Functions / Worn Items / Jewellery / Temple Rings; Market / Jewellery / Standard Jewellery,Holdable; Wear_Temple_Rings; Destroyable_Misc,Jewellery and devotional work,Gemcraft,Renaissance personal adornment catalogue; culture admission Renaissance and Early Modern common; availability Renaissance / Early Modern. Description is form-led and makes no unsupported devotional or mechanical claim.
renaissance_jewellery_common_torc_19,Renaissance,Renaissance / Early Modern,Jewellery & devotional,personal adornment,Renaissance and Early Modern common,torc,a reed coral torc,coral,Tiny,Good,69,17,Era / Renaissance Era; Functions / Worn Items / Jewellery; Functions / Worn Items / Jewellery / Torcs; Market / Jewellery / Standard Jewellery,Holdable; Wear_Torc; Destroyable_Misc,Jewellery and devotional work,Scrimshawing,Renaissance personal adornment catalogue; culture admission Renaissance and Early Modern common; availability Renaissance / Early Modern. Description is form-led and makes no unsupported devotional or mechanical claim.
renaissance_jewellery_common_wreath_20,Renaissance,Renaissance / Early Modern,Jewellery & devotional,personal adornment,Renaissance and Early Modern common,wreath,a rosette garnet wreath,garnet,Tiny,Standard,76,26,Era / Renaissance Era; Functions / Worn Items / Jewellery; Functions / Worn Items / Jewellery / Wreaths; Market / Jewellery / Standard Jewellery,Holdable; Wear_Wreath; Destroyable_Misc,Jewellery and devotional work,Gemcraft,Renaissance personal adornment catalogue; culture admission Renaissance and Early Modern common; availability Renaissance / Early Modern. Description is form-led and makes no unsupported devotional or mechanical claim.
renaissance_jewellery_common_prayer_beads_21,Renaissance,Renaissance / Early Modern,Jewellery & devotional,personal devotional,Renaissance and Early Modern common,prayer bead strand,a checker agate prayer bead strand,agate,Tiny,VeryGood,83,35,Era / Renaissance Era; Functions / Worn Items / Jewellery; Functions / Worn Items / Jewellery / Bead Strings; Market / Jewellery / Standard Jewellery; Functions / Household Items / Household Religious Items; Market / Religious Goods / Devotional Goods,Holdable; Wear_Necklace; Destroyable_Misc,Jewellery and devotional work,Gemcraft,Renaissance personal devotional catalogue; culture admission Renaissance and Early Modern common; availability Renaissance / Early Modern. Description is form-led and makes no unsupported devotional or mechanical claim.
renaissance_jewellery_common_devotional_medal_22,Renaissance,Renaissance / Early Modern,Jewellery & devotional,personal devotional,Renaissance and Early Modern common,devotional medal,a braided carnelian devotional medal,carnelian,Tiny,Good,90,44,Era / Renaissance Era; Functions / Worn Items / Jewellery; Functions / Worn Items / Jewellery / Pendants; Market / Jewellery / Standard Jewellery; Functions / Household Items / Household Religious Items; Market / Religious Goods / Devotional Goods,Holdable; Wear_Necklace; Destroyable_Misc,Jewellery and devotional work,Gemcraft,Renaissance personal devotional catalogue; culture admission Renaissance and Early Modern common; availability Renaissance / Early Modern. Description is form-led and makes no unsupported devotional or mechanical claim.
renaissance_jewellery_common_devotional_badge_23,Renaissance,Renaissance / Early Modern,Jewellery & devotional,personal devotional,Renaissance and Early Modern common,devotional badge,a radiating lapis lazuli devotional badge,lapis lazuli,Tiny,Standard,20,53,Era / Renaissance Era; Functions / Worn Items / Jewellery; Functions / Worn Items / Jewellery / Badges; Market / Jewellery / Standard Jewellery; Functions / Household Items / Household Religious Items; Market / Religious Goods / Devotional Goods,Holdable; Wear_Badge; Destroyable_Misc,Jewellery and devotional work,Gemcraft,Renaissance personal devotional catalogue; culture admission Renaissance and Early Modern common; availability Renaissance / Early Modern. Description is form-led and makes no unsupported devotional or mechanical claim.
renaissance_jewellery_common_prayer_cord_24,Renaissance,Renaissance / Early Modern,Jewellery & devotional,personal devotional,Renaissance and Early Modern common,prayer cord,a leaf-scroll linen prayer cord,linen,Tiny,Poor,27,62,Era / Renaissance Era; Functions / Worn Items / Jewellery; Functions / Worn Items / Jewellery / Neck Garlands; Market / Jewellery / Standard Jewellery; Functions / Household Items / Household Religious Items; Market / Religious Goods / Devotional Goods,Holdable; Wear_Neck_Garland; Destroyable_Clothing,Jewellery and devotional work,Weaving,Renaissance personal devotional catalogue; culture admission Renaissance and Early Modern common; availability Renaissance / Early Modern. Description is form-led and makes no unsupported devotional or mechanical claim.
renaissance_jewellery_common_votive_token_25,Renaissance,Renaissance / Early Modern,Jewellery & devotional,institutional devotional,Renaissance and Early Modern common,votive token,a sunburst jade votive token,jade,Small,Standard,34,71,Era / Renaissance Era; Functions / Household Items / Household Religious Items; Market / Religious Goods / Devotional Goods,Holdable; Destroyable_Misc,Jewellery and devotional work,Gemcraft,Renaissance institutional devotional catalogue; culture admission Renaissance and Early Modern common; availability Renaissance / Early Modern. Description is form-led and makes no unsupported devotional or mechanical claim.
renaissance_jewellery_common_scripture_box_26,Renaissance,Renaissance / Early Modern,Jewellery & devotional,institutional devotional,Renaissance and Early Modern common,small scripture box,a water-wave quartz small scripture box,quartz,Small,Good,41,80,Era / Renaissance Era; Functions / Household Items / Household Religious Items; Market / Religious Goods / Devotional Goods,Holdable; Destroyable_Misc,Jewellery and devotional work,Gemcraft,Renaissance institutional devotional catalogue; culture admission Renaissance and Early Modern common; availability Renaissance / Early Modern. Description is form-led and makes no unsupported devotional or mechanical claim.
renaissance_jewellery_common_offering_bowl_27,Renaissance,Renaissance / Early Modern,Jewellery & devotional,institutional devotional,Renaissance and Early Modern common,offering bowl,a knotted silver offering bowl,silver,Small,Good,48,89,Era / Renaissance Era; Functions / Household Items / Household Religious Items; Market / Religious Goods / Devotional Goods,Holdable; Destroyable_HeavyMetal,Jewellery and devotional work,Silversmithing,Renaissance institutional devotional catalogue; culture admission Renaissance and Early Modern common; availability Renaissance / Early Modern. Description is form-led and makes no unsupported devotional or mechanical claim.
renaissance_jewellery_common_incense_holder_28,Renaissance,Renaissance / Early Modern,Jewellery & devotional,institutional devotional,Renaissance and Early Modern common,incense holder,a flower-head pewter incense holder,pewter,Small,Standard,55,98,Era / Renaissance Era; Functions / Household Items / Household Religious Items; Market / Religious Goods / Devotional Goods,Holdable; Destroyable_HeavyMetal,Jewellery and devotional work,Silversmithing,Renaissance institutional devotional catalogue; culture admission Renaissance and Early Modern common; availability Renaissance / Early Modern. Description is form-led and makes no unsupported devotional or mechanical claim.
renaissance_jewellery_common_portable_panel_29,Renaissance,Renaissance / Early Modern,Jewellery & devotional,institutional devotional,Renaissance and Early Modern common,small devotional panel,a star wood small devotional panel,wood,Small,VeryGood,62,107,Era / Renaissance Era; Functions / Household Items / Household Religious Items; Market / Religious Goods / Devotional Goods,Holdable; Destroyable_Misc,Jewellery and devotional work,Carpentry,Renaissance institutional devotional catalogue; culture admission Renaissance and Early Modern common; availability Renaissance / Early Modern. Description is form-led and makes no unsupported devotional or mechanical claim.
renaissance_jewellery_common_processional_ornament_30,Renaissance,Renaissance / Early Modern,Jewellery & devotional,institutional devotional,Renaissance and Early Modern common,processional ornament,a bird brass processional ornament,brass,Small,Good,69,116,Era / Renaissance Era; Functions / Household Items / Household Religious Items; Market / Religious Goods / Devotional Goods,Holdable; Destroyable_HeavyMetal,Jewellery and devotional work,Silversmithing,Renaissance institutional devotional catalogue; culture admission Renaissance and Early Modern common; availability Renaissance / Early Modern. Description is form-led and makes no unsupported devotional or mechanical claim.
renaissance_jewellery_common_ring_31,Renaissance,Renaissance / Early Modern,Jewellery & devotional,personal adornment,Renaissance and Early Modern common,ring,a vine silver ring,silver,Tiny,Standard,76,125,Era / Renaissance Era; Functions / Worn Items / Jewellery; Functions / Worn Items / Jewellery / Rings; Market / Jewellery / Standard Jewellery,Holdable; Wear_Ring; Destroyable_HeavyMetal,Jewellery and devotional work,Silversmithing,Renaissance personal adornment catalogue; culture admission Renaissance and Early Modern common; availability Renaissance / Early Modern. Description is form-led and makes no unsupported devotional or mechanical claim.
renaissance_jewellery_common_signet_ring_32,Renaissance,Renaissance / Early Modern,Jewellery & devotional,personal adornment,Renaissance and Early Modern common,ring,a geometric gold ring,gold,Tiny,VeryGood,83,134,Era / Renaissance Era; Functions / Worn Items / Jewellery; Functions / Worn Items / Jewellery / Rings; Market / Jewellery / Standard Jewellery,Holdable; Wear_Ring; Destroyable_HeavyMetal,Jewellery and devotional work,Silversmithing,Renaissance personal adornment catalogue; culture admission Renaissance and Early Modern common; availability Renaissance / Early Modern. Description is form-led and makes no unsupported devotional or mechanical claim.
renaissance_jewellery_common_pendant_33,Renaissance,Renaissance / Early Modern,Jewellery & devotional,personal adornment,Renaissance and Early Modern common,pendant,a cloud brass pendant,brass,Tiny,Standard,90,143,Era / Renaissance Era; Functions / Worn Items / Jewellery; Functions / Worn Items / Jewellery / Pendants; Market / Jewellery / Standard Jewellery,Holdable; Wear_Necklace; Destroyable_HeavyMetal,Jewellery and devotional work,Silversmithing,Renaissance personal adornment catalogue; culture admission Renaissance and Early Modern common; availability Renaissance / Early Modern. Description is form-led and makes no unsupported devotional or mechanical claim.
renaissance_jewellery_common_bead_necklace_34,Renaissance,Renaissance / Early Modern,Jewellery & devotional,personal adornment,Renaissance and Early Modern common,necklace,a shell glass necklace,glass,Tiny,Good,20,152,Era / Renaissance Era; Functions / Worn Items / Jewellery; Functions / Worn Items / Jewellery / Bead Strings; Market / Jewellery / Standard Jewellery,Holdable; Wear_Necklace; Destroyable_Glassware,Jewellery and devotional work,Glassworking,Renaissance personal adornment catalogue; culture admission Renaissance and Early Modern common; availability Renaissance / Early Modern. Description is form-led and makes no unsupported devotional or mechanical claim.
renaissance_jewellery_common_chain_necklace_35,Renaissance,Renaissance / Early Modern,Jewellery & devotional,personal adornment,Renaissance and Early Modern common,necklace,a reed bone necklace,bone,Tiny,Good,27,8,Era / Renaissance Era; Functions / Worn Items / Jewellery; Functions / Worn Items / Jewellery / Necklaces; Market / Jewellery / Standard Jewellery,Holdable; Wear_Necklace; Destroyable_Misc,Jewellery and devotional work,Scrimshawing,Renaissance personal adornment catalogue; culture admission Renaissance and Early Modern common; availability Renaissance / Early Modern. Description is form-led and makes no unsupported devotional or mechanical claim.
renaissance_jewellery_common_bracelet_36,Renaissance,Renaissance / Early Modern,Jewellery & devotional,personal adornment,Renaissance and Early Modern common,bracelet,a rosette shell bracelet,shell,Tiny,Standard,34,17,Era / Renaissance Era; Functions / Worn Items / Jewellery; Functions / Worn Items / Jewellery / Bracelets; Market / Jewellery / Standard Jewellery,Holdable; Wear_Bracelet; Destroyable_Misc,Jewellery and devotional work,Scrimshawing,Renaissance personal adornment catalogue; culture admission Renaissance and Early Modern common; availability Renaissance / Early Modern. Description is form-led and makes no unsupported devotional or mechanical claim.
renaissance_jewellery_common_armlet_37,Renaissance,Renaissance / Early Modern,Jewellery & devotional,personal adornment,Renaissance and Early Modern common,armlet,a checker ivory armlet,ivory,Tiny,VeryGood,41,26,Era / Renaissance Era; Functions / Worn Items / Jewellery; Functions / Worn Items / Jewellery / Armlets; Market / Jewellery / Standard Jewellery,Holdable; Wear_Armlet; Destroyable_Misc,Jewellery and devotional work,Scrimshawing,Renaissance personal adornment catalogue; culture admission Renaissance and Early Modern common; availability Renaissance / Early Modern. Description is form-led and makes no unsupported devotional or mechanical claim.
renaissance_jewellery_common_anklet_38,Renaissance,Renaissance / Early Modern,Jewellery & devotional,personal adornment,Renaissance and Early Modern common,anklet,a braided pearl anklet,pearl,Tiny,Good,48,35,Era / Renaissance Era; Functions / Worn Items / Jewellery; Functions / Worn Items / Jewellery / Anklets; Market / Jewellery / Standard Jewellery,Holdable; Wear_Anklet; Destroyable_Misc,Jewellery and devotional work,Gemcraft,Renaissance personal adornment catalogue; culture admission Renaissance and Early Modern common; availability Renaissance / Early Modern. Description is form-led and makes no unsupported devotional or mechanical claim.
renaissance_jewellery_common_earrings_39,Renaissance,Renaissance / Early Modern,Jewellery & devotional,personal adornment,Renaissance and Early Modern common,earrings,a radiating amber earrings,amber,Tiny,Standard,55,44,Era / Renaissance Era; Functions / Worn Items / Jewellery; Functions / Worn Items / Jewellery / Earrings; Market / Jewellery / Standard Jewellery,Holdable; Wear_Earrings; Destroyable_Misc,Jewellery and devotional work,Gemcraft,Renaissance personal adornment catalogue; culture admission Renaissance and Early Modern common; availability Renaissance / Early Modern. Description is form-led and makes no unsupported devotional or mechanical claim.
renaissance_jewellery_common_brooch_40,Renaissance,Renaissance / Early Modern,Jewellery & devotional,personal adornment,Renaissance and Early Modern common,brooch,a leaf-scroll coral brooch,coral,Tiny,Poor,62,53,Era / Renaissance Era; Functions / Worn Items / Jewellery; Functions / Worn Items / Jewellery / Brooches; Market / Jewellery / Standard Jewellery,Holdable; Wear_Brooch; Destroyable_Misc,Jewellery and devotional work,Scrimshawing,Renaissance personal adornment catalogue; culture admission Renaissance and Early Modern common; availability Renaissance / Early Modern. Description is form-led and makes no unsupported devotional or mechanical claim.
renaissance_jewellery_common_pin_41,Renaissance,Renaissance / Early Modern,Jewellery & devotional,personal adornment,Renaissance and Early Modern common,pin,a sunburst garnet pin,garnet,Tiny,Standard,69,62,Era / Renaissance Era; Functions / Worn Items / Jewellery; Functions / Worn Items / Jewellery / Pins; Market / Jewellery / Standard Jewellery,Holdable; Wear_Pin; Destroyable_Misc,Jewellery and devotional work,Gemcraft,Renaissance personal adornment catalogue; culture admission Renaissance and Early Modern common; availability Renaissance / Early Modern. Description is form-led and makes no unsupported devotional or mechanical claim.
renaissance_jewellery_common_hairpin_42,Renaissance,Renaissance / Early Modern,Jewellery & devotional,personal adornment,Renaissance and Early Modern common,hairpin,a water-wave agate hairpin,agate,Tiny,Good,76,71,Era / Renaissance Era; Functions / Worn Items / Jewellery; Functions / Worn Items / Jewellery / Hair Ornaments; Market / Jewellery / Standard Jewellery,Holdable; Wear_Hairpin; Destroyable_Misc,Jewellery and devotional work,Gemcraft,Renaissance personal adornment catalogue; culture admission Renaissance and Early Modern common; availability Renaissance / Early Modern. Description is form-led and makes no unsupported devotional or mechanical claim.
renaissance_jewellery_common_circlet_43,Renaissance,Renaissance / Early Modern,Jewellery & devotional,personal adornment,Renaissance and Early Modern common,circlet,a knotted carnelian circlet,carnelian,Tiny,Good,83,80,Era / Renaissance Era; Functions / Worn Items / Jewellery; Functions / Worn Items / Jewellery / Circlets; Market / Jewellery / Standard Jewellery,Holdable; Wear_Circlet; Destroyable_Misc,Jewellery and devotional work,Gemcraft,Renaissance personal adornment catalogue; culture admission Renaissance and Early Modern common; availability Renaissance / Early Modern. Description is form-led and makes no unsupported devotional or mechanical claim.
renaissance_jewellery_common_diadem_44,Renaissance,Renaissance / Early Modern,Jewellery & devotional,personal adornment,Renaissance and Early Modern common,diadem,a flower-head lapis lazuli diadem,lapis lazuli,Tiny,Standard,90,89,Era / Renaissance Era; Functions / Worn Items / Jewellery; Functions / Worn Items / Jewellery / Diadems; Market / Jewellery / Standard Jewellery,Holdable; Wear_Diadem; Destroyable_Misc,Jewellery and devotional work,Gemcraft,Renaissance personal adornment catalogue; culture admission Renaissance and Early Modern common; availability Renaissance / Early Modern. Description is form-led and makes no unsupported devotional or mechanical claim.
renaissance_jewellery_common_waist_chain_45,Renaissance,Renaissance / Early Modern,Jewellery & devotional,personal adornment,Renaissance and Early Modern common,waist chain,a star turquoise waist chain,turquoise,Tiny,VeryGood,20,98,Era / Renaissance Era; Functions / Worn Items / Jewellery; Functions / Worn Items / Jewellery / Waist Chains; Market / Jewellery / Standard Jewellery,Holdable; Wear_Waist_Chain; Destroyable_Misc,Jewellery and devotional work,Gemcraft,Renaissance personal adornment catalogue; culture admission Renaissance and Early Modern common; availability Renaissance / Early Modern. Description is form-led and makes no unsupported devotional or mechanical claim.
renaissance_jewellery_common_belt_ornament_46,Renaissance,Renaissance / Early Modern,Jewellery & devotional,personal adornment,Renaissance and Early Modern common,belt ornament,a bird jade belt ornament,jade,Tiny,Good,27,107,Era / Renaissance Era; Functions / Worn Items / Jewellery; Functions / Worn Items / Jewellery / Belt Ornaments; Market / Jewellery / Standard Jewellery,Holdable; Wear_Belt_Ornament; Destroyable_Misc,Jewellery and devotional work,Gemcraft,Renaissance personal adornment catalogue; culture admission Renaissance and Early Modern common; availability Renaissance / Early Modern. Description is form-led and makes no unsupported devotional or mechanical claim.
renaissance_jewellery_common_badge_47,Renaissance,Renaissance / Early Modern,Jewellery & devotional,personal adornment,Renaissance and Early Modern common,badge,a vine quartz badge,quartz,Tiny,Standard,34,116,Era / Renaissance Era; Functions / Worn Items / Jewellery; Functions / Worn Items / Jewellery / Badges; Market / Jewellery / Standard Jewellery,Holdable; Wear_Badge; Destroyable_Misc,Jewellery and devotional work,Gemcraft,Renaissance personal adornment catalogue; culture admission Renaissance and Early Modern common; availability Renaissance / Early Modern. Description is form-led and makes no unsupported devotional or mechanical claim.
renaissance_jewellery_common_temple_ring_48,Renaissance,Renaissance / Early Modern,Jewellery & devotional,personal adornment,Renaissance and Early Modern common,temple ring,a geometric faience temple ring,faience,Tiny,Poor,41,125,Era / Renaissance Era; Functions / Worn Items / Jewellery; Functions / Worn Items / Jewellery / Temple Rings; Market / Jewellery / Standard Jewellery,Holdable; Wear_Temple_Rings; Destroyable_Glassware,Jewellery and devotional work,Glassworking,Renaissance personal adornment catalogue; culture admission Renaissance and Early Modern common; availability Renaissance / Early Modern. Description is form-led and makes no unsupported devotional or mechanical claim.
renaissance_jewellery_common_torc_49,Renaissance,Renaissance / Early Modern,Jewellery & devotional,personal adornment,Renaissance and Early Modern common,torc,a cloud pewter torc,pewter,Tiny,Standard,48,134,Era / Renaissance Era; Functions / Worn Items / Jewellery; Functions / Worn Items / Jewellery / Torcs; Market / Jewellery / Standard Jewellery,Holdable; Wear_Torc; Destroyable_HeavyMetal,Jewellery and devotional work,Silversmithing,Renaissance personal adornment catalogue; culture admission Renaissance and Early Modern common; availability Renaissance / Early Modern. Description is form-led and makes no unsupported devotional or mechanical claim.
renaissance_jewellery_common_wreath_50,Renaissance,Renaissance / Early Modern,Jewellery & devotional,personal adornment,Renaissance and Early Modern common,wreath,a shell copper wreath,copper,Tiny,Good,55,143,Era / Renaissance Era; Functions / Worn Items / Jewellery; Functions / Worn Items / Jewellery / Wreaths; Market / Jewellery / Standard Jewellery,Holdable; Wear_Wreath; Destroyable_HeavyMetal,Jewellery and devotional work,Silversmithing,Renaissance personal adornment catalogue; culture admission Renaissance and Early Modern common; availability Renaissance / Early Modern. Description is form-led and makes no unsupported devotional or mechanical claim.
renaissance_jewellery_common_prayer_beads_51,Renaissance,Renaissance / Early Modern,Jewellery & devotional,personal devotional,Renaissance and Early Modern common,prayer bead strand,a reed bronze prayer bead strand,bronze,Tiny,Good,62,152,Era / Renaissance Era; Functions / Worn Items / Jewellery; Functions / Worn Items / Jewellery / Bead Strings; Market / Jewellery / Standard Jewellery; Functions / Household Items / Household Religious Items; Market / Religious Goods / Devotional Goods,Holdable; Wear_Necklace; Destroyable_HeavyMetal,Jewellery and devotional work,Silversmithing,Renaissance personal devotional catalogue; culture admission Renaissance and Early Modern common; availability Renaissance / Early Modern. Description is form-led and makes no unsupported devotional or mechanical claim.
renaissance_jewellery_common_devotional_medal_52,Renaissance,Renaissance / Early Modern,Jewellery & devotional,personal devotional,Renaissance and Early Modern common,devotional medal,a rosette silver devotional medal,silver,Tiny,Standard,69,8,Era / Renaissance Era; Functions / Worn Items / Jewellery; Functions / Worn Items / Jewellery / Pendants; Market / Jewellery / Standard Jewellery; Functions / Household Items / Household Religious Items; Market / Religious Goods / Devotional Goods,Holdable; Wear_Necklace; Destroyable_HeavyMetal,Jewellery and devotional work,Silversmithing,Renaissance personal devotional catalogue; culture admission Renaissance and Early Modern common; availability Renaissance / Early Modern. Description is form-led and makes no unsupported devotional or mechanical claim.
renaissance_jewellery_common_devotional_badge_53,Renaissance,Renaissance / Early Modern,Jewellery & devotional,personal devotional,Renaissance and Early Modern common,devotional badge,a checker gold devotional badge,gold,Tiny,VeryGood,76,17,Era / Renaissance Era; Functions / Worn Items / Jewellery; Functions / Worn Items / Jewellery / Badges; Market / Jewellery / Standard Jewellery; Functions / Household Items / Household Religious Items; Market / Religious Goods / Devotional Goods,Holdable; Wear_Badge; Destroyable_HeavyMetal,Jewellery and devotional work,Silversmithing,Renaissance personal devotional catalogue; culture admission Renaissance and Early Modern common; availability Renaissance / Early Modern. Description is form-led and makes no unsupported devotional or mechanical claim.
renaissance_jewellery_common_prayer_cord_54,Renaissance,Renaissance / Early Modern,Jewellery & devotional,personal devotional,Renaissance and Early Modern common,prayer cord,a braided linen prayer cord,linen,Tiny,Good,83,26,Era / Renaissance Era; Functions / Worn Items / Jewellery; Functions / Worn Items / Jewellery / Neck Garlands; Market / Jewellery / Standard Jewellery; Functions / Household Items / Household Religious Items; Market / Religious Goods / Devotional Goods,Holdable; Wear_Neck_Garland; Destroyable_Clothing,Jewellery and devotional work,Weaving,Renaissance personal devotional catalogue; culture admission Renaissance and Early Modern common; availability Renaissance / Early Modern. Description is form-led and makes no unsupported devotional or mechanical claim.
renaissance_jewellery_common_votive_token_55,Renaissance,Renaissance / Early Modern,Jewellery & devotional,institutional devotional,Renaissance and Early Modern common,votive token,a radiating glass votive token,glass,Small,Standard,90,35,Era / Renaissance Era; Functions / Household Items / Household Religious Items; Market / Religious Goods / Devotional Goods,Holdable; Destroyable_Glassware,Jewellery and devotional work,Glassworking,Renaissance institutional devotional catalogue; culture admission Renaissance and Early Modern common; availability Renaissance / Early Modern. Description is form-led and makes no unsupported devotional or mechanical claim.
renaissance_jewellery_common_scripture_box_56,Renaissance,Renaissance / Early Modern,Jewellery & devotional,institutional devotional,Renaissance and Early Modern common,small scripture box,a leaf-scroll bone small scripture box,bone,Small,Poor,20,44,Era / Renaissance Era; Functions / Household Items / Household Religious Items; Market / Religious Goods / Devotional Goods,Holdable; Destroyable_Misc,Jewellery and devotional work,Scrimshawing,Renaissance institutional devotional catalogue; culture admission Renaissance and Early Modern common; availability Renaissance / Early Modern. Description is form-led and makes no unsupported devotional or mechanical claim.
renaissance_jewellery_common_offering_bowl_57,Renaissance,Renaissance / Early Modern,Jewellery & devotional,institutional devotional,Renaissance and Early Modern common,offering bowl,a sunburst bronze offering bowl,bronze,Small,Standard,27,53,Era / Renaissance Era; Functions / Household Items / Household Religious Items; Market / Religious Goods / Devotional Goods,Holdable; Destroyable_HeavyMetal,Jewellery and devotional work,Silversmithing,Renaissance institutional devotional catalogue; culture admission Renaissance and Early Modern common; availability Renaissance / Early Modern. Description is form-led and makes no unsupported devotional or mechanical claim.
renaissance_jewellery_common_incense_holder_58,Renaissance,Renaissance / Early Modern,Jewellery & devotional,institutional devotional,Renaissance and Early Modern common,incense holder,a water-wave brass incense holder,brass,Small,Good,34,62,Era / Renaissance Era; Functions / Household Items / Household Religious Items; Market / Religious Goods / Devotional Goods,Holdable; Destroyable_HeavyMetal,Jewellery and devotional work,Silversmithing,Renaissance institutional devotional catalogue; culture admission Renaissance and Early Modern common; availability Renaissance / Early Modern. Description is form-led and makes no unsupported devotional or mechanical claim.
renaissance_jewellery_common_portable_panel_59,Renaissance,Renaissance / Early Modern,Jewellery & devotional,institutional devotional,Renaissance and Early Modern common,small devotional panel,a knotted wood small devotional panel,wood,Small,Good,41,71,Era / Renaissance Era; Functions / Household Items / Household Religious Items; Market / Religious Goods / Devotional Goods,Holdable; Destroyable_Misc,Jewellery and devotional work,Carpentry,Renaissance institutional devotional catalogue; culture admission Renaissance and Early Modern common; availability Renaissance / Early Modern. Description is form-led and makes no unsupported devotional or mechanical claim.
renaissance_jewellery_common_processional_ornament_60,Renaissance,Renaissance / Early Modern,Jewellery & devotional,institutional devotional,Renaissance and Early Modern common,processional ornament,a flower-head pewter processional ornament,pewter,Small,Standard,48,80,Era / Renaissance Era; Functions / Household Items / Household Religious Items; Market / Religious Goods / Devotional Goods,Holdable; Destroyable_HeavyMetal,Jewellery and devotional work,Silversmithing,Renaissance institutional devotional catalogue; culture admission Renaissance and Early Modern common; availability Renaissance / Early Modern. Description is form-led and makes no unsupported devotional or mechanical claim.
renaissance_jewellery_common_ring_61,Renaissance,Renaissance / Early Modern,Jewellery & devotional,personal adornment,Renaissance and Early Modern common,ring,a star coral ring,coral,Tiny,VeryGood,55,89,Era / Renaissance Era; Functions / Worn Items / Jewellery; Functions / Worn Items / Jewellery / Rings; Market / Jewellery / Standard Jewellery,Holdable; Wear_Ring; Destroyable_Misc,Jewellery and devotional work,Scrimshawing,Renaissance personal adornment catalogue; culture admission Renaissance and Early Modern common; availability Renaissance / Early Modern. Description is form-led and makes no unsupported devotional or mechanical claim.
renaissance_jewellery_common_signet_ring_62,Renaissance,Renaissance / Early Modern,Jewellery & devotional,personal adornment,Renaissance and Early Modern common,ring,a bird garnet ring,garnet,Tiny,VeryGood,62,98,Era / Renaissance Era; Functions / Worn Items / Jewellery; Functions / Worn Items / Jewellery / Rings; Market / Jewellery / Standard Jewellery,Holdable; Wear_Ring; Destroyable_Misc,Jewellery and devotional work,Gemcraft,Renaissance personal adornment catalogue; culture admission Renaissance and Early Modern common; availability Renaissance / Early Modern. Description is form-led and makes no unsupported devotional or mechanical claim.
renaissance_jewellery_common_pendant_63,Renaissance,Renaissance / Early Modern,Jewellery & devotional,personal adornment,Renaissance and Early Modern common,pendant,a vine agate pendant,agate,Tiny,Standard,69,107,Era / Renaissance Era; Functions / Worn Items / Jewellery; Functions / Worn Items / Jewellery / Pendants; Market / Jewellery / Standard Jewellery,Holdable; Wear_Necklace; Destroyable_Misc,Jewellery and devotional work,Gemcraft,Renaissance personal adornment catalogue; culture admission Renaissance and Early Modern common; availability Renaissance / Early Modern. Description is form-led and makes no unsupported devotional or mechanical claim.
renaissance_jewellery_common_bead_necklace_64,Renaissance,Renaissance / Early Modern,Jewellery & devotional,personal adornment,Renaissance and Early Modern common,necklace,a geometric carnelian necklace,carnelian,Tiny,Poor,76,116,Era / Renaissance Era; Functions / Worn Items / Jewellery; Functions / Worn Items / Jewellery / Bead Strings; Market / Jewellery / Standard Jewellery,Holdable; Wear_Necklace; Destroyable_Misc,Jewellery and devotional work,Gemcraft,Renaissance personal adornment catalogue; culture admission Renaissance and Early Modern common; availability Renaissance / Early Modern. Description is form-led and makes no unsupported devotional or mechanical claim.
renaissance_jewellery_common_chain_necklace_65,Renaissance,Renaissance / Early Modern,Jewellery & devotional,personal adornment,Renaissance and Early Modern common,necklace,a cloud lapis lazuli necklace,lapis lazuli,Tiny,Standard,83,125,Era / Renaissance Era; Functions / Worn Items / Jewellery; Functions / Worn Items / Jewellery / Necklaces; Market / Jewellery / Standard Jewellery,Holdable; Wear_Necklace; Destroyable_Misc,Jewellery and devotional work,Gemcraft,Renaissance personal adornment catalogue; culture admission Renaissance and Early Modern common; availability Renaissance / Early Modern. Description is form-led and makes no unsupported devotional or mechanical claim.
renaissance_jewellery_common_bracelet_66,Renaissance,Renaissance / Early Modern,Jewellery & devotional,personal adornment,Renaissance and Early Modern common,bracelet,a shell turquoise bracelet,turquoise,Tiny,Good,90,134,Era / Renaissance Era; Functions / Worn Items / Jewellery; Functions / Worn Items / Jewellery / Bracelets; Market / Jewellery / Standard Jewellery,Holdable; Wear_Bracelet; Destroyable_Misc,Jewellery and devotional work,Gemcraft,Renaissance personal adornment catalogue; culture admission Renaissance and Early Modern common; availability Renaissance / Early Modern. Description is form-led and makes no unsupported devotional or mechanical claim.
renaissance_jewellery_common_armlet_67,Renaissance,Renaissance / Early Modern,Jewellery & devotional,personal adornment,Renaissance and Early Modern common,armlet,a reed jade armlet,jade,Tiny,Good,20,143,Era / Renaissance Era; Functions / Worn Items / Jewellery; Functions / Worn Items / Jewellery / Armlets; Market / Jewellery / Standard Jewellery,Holdable; Wear_Armlet; Destroyable_Misc,Jewellery and devotional work,Gemcraft,Renaissance personal adornment catalogue; culture admission Renaissance and Early Modern common; availability Renaissance / Early Modern. Description is form-led and makes no unsupported devotional or mechanical claim.
renaissance_jewellery_common_anklet_68,Renaissance,Renaissance / Early Modern,Jewellery & devotional,personal adornment,Renaissance and Early Modern common,anklet,a rosette quartz anklet,quartz,Tiny,Standard,27,152,Era / Renaissance Era; Functions / Worn Items / Jewellery; Functions / Worn Items / Jewellery / Anklets; Market / Jewellery / Standard Jewellery,Holdable; Wear_Anklet; Destroyable_Misc,Jewellery and devotional work,Gemcraft,Renaissance personal adornment catalogue; culture admission Renaissance and Early Modern common; availability Renaissance / Early Modern. Description is form-led and makes no unsupported devotional or mechanical claim.
renaissance_jewellery_common_earrings_69,Renaissance,Renaissance / Early Modern,Jewellery & devotional,personal adornment,Renaissance and Early Modern common,earrings,a checker faience earrings,faience,Tiny,VeryGood,34,8,Era / Renaissance Era; Functions / Worn Items / Jewellery; Functions / Worn Items / Jewellery / Earrings; Market / Jewellery / Standard Jewellery,Holdable; Wear_Earrings; Destroyable_Glassware,Jewellery and devotional work,Glassworking,Renaissance personal adornment catalogue; culture admission Renaissance and Early Modern common; availability Renaissance / Early Modern. Description is form-led and makes no unsupported devotional or mechanical claim.
renaissance_jewellery_common_brooch_70,Renaissance,Renaissance / Early Modern,Jewellery & devotional,personal adornment,Renaissance and Early Modern common,brooch,a braided pewter brooch,pewter,Tiny,Good,41,17,Era / Renaissance Era; Functions / Worn Items / Jewellery; Functions / Worn Items / Jewellery / Brooches; Market / Jewellery / Standard Jewellery,Holdable; Wear_Brooch; Destroyable_HeavyMetal,Jewellery and devotional work,Silversmithing,Renaissance personal adornment catalogue; culture admission Renaissance and Early Modern common; availability Renaissance / Early Modern. Description is form-led and makes no unsupported devotional or mechanical claim.
renaissance_jewellery_common_pin_71,Renaissance,Renaissance / Early Modern,Jewellery & devotional,personal adornment,Renaissance and Early Modern common,pin,a radiating copper pin,copper,Tiny,Standard,48,26,Era / Renaissance Era; Functions / Worn Items / Jewellery; Functions / Worn Items / Jewellery / Pins; Market / Jewellery / Standard Jewellery,Holdable; Wear_Pin; Destroyable_HeavyMetal,Jewellery and devotional work,Silversmithing,Renaissance personal adornment catalogue; culture admission Renaissance and Early Modern common; availability Renaissance / Early Modern. Description is form-led and makes no unsupported devotional or mechanical claim.
renaissance_jewellery_common_hairpin_72,Renaissance,Renaissance / Early Modern,Jewellery & devotional,personal adornment,Renaissance and Early Modern common,hairpin,a leaf-scroll bronze hairpin,bronze,Tiny,Poor,55,35,Era / Renaissance Era; Functions / Worn Items / Jewellery; Functions / Worn Items / Jewellery / Hair Ornaments; Market / Jewellery / Standard Jewellery,Holdable; Wear_Hairpin; Destroyable_HeavyMetal,Jewellery and devotional work,Silversmithing,Renaissance personal adornment catalogue; culture admission Renaissance and Early Modern common; availability Renaissance / Early Modern. Description is form-led and makes no unsupported devotional or mechanical claim.
renaissance_jewellery_common_circlet_73,Renaissance,Renaissance / Early Modern,Jewellery & devotional,personal adornment,Renaissance and Early Modern common,circlet,a sunburst silver circlet,silver,Tiny,Standard,62,44,Era / Renaissance Era; Functions / Worn Items / Jewellery; Functions / Worn Items / Jewellery / Circlets; Market / Jewellery / Standard Jewellery,Holdable; Wear_Circlet; Destroyable_HeavyMetal,Jewellery and devotional work,Silversmithing,Renaissance personal adornment catalogue; culture admission Renaissance and Early Modern common; availability Renaissance / Early Modern. Description is form-led and makes no unsupported devotional or mechanical claim.
renaissance_jewellery_common_diadem_74,Renaissance,Renaissance / Early Modern,Jewellery & devotional,personal adornment,Renaissance and Early Modern common,diadem,a water-wave gold diadem,gold,Tiny,Good,69,53,Era / Renaissance Era; Functions / Worn Items / Jewellery; Functions / Worn Items / Jewellery / Diadems; Market / Jewellery / Standard Jewellery,Holdable; Wear_Diadem; Destroyable_HeavyMetal,Jewellery and devotional work,Silversmithing,Renaissance personal adornment catalogue; culture admission Renaissance and Early Modern common; availability Renaissance / Early Modern. Description is form-led and makes no unsupported devotional or mechanical claim.
renaissance_jewellery_common_waist_chain_75,Renaissance,Renaissance / Early Modern,Jewellery & devotional,personal adornment,Renaissance and Early Modern common,waist chain,a knotted brass waist chain,brass,Tiny,Good,76,62,Era / Renaissance Era; Functions / Worn Items / Jewellery; Functions / Worn Items / Jewellery / Waist Chains; Market / Jewellery / Standard Jewellery,Holdable; Wear_Waist_Chain; Destroyable_HeavyMetal,Jewellery and devotional work,Silversmithing,Renaissance personal adornment catalogue; culture admission Renaissance and Early Modern common; availability Renaissance / Early Modern. Description is form-led and makes no unsupported devotional or mechanical claim.
renaissance_jewellery_common_belt_ornament_76,Renaissance,Renaissance / Early Modern,Jewellery & devotional,personal adornment,Renaissance and Early Modern common,belt ornament,a flower-head glass belt ornament,glass,Tiny,Standard,83,71,Era / Renaissance Era; Functions / Worn Items / Jewellery; Functions / Worn Items / Jewellery / Belt Ornaments; Market / Jewellery / Standard Jewellery,Holdable; Wear_Belt_Ornament; Destroyable_Glassware,Jewellery and devotional work,Glassworking,Renaissance personal adornment catalogue; culture admission Renaissance and Early Modern common; availability Renaissance / Early Modern. Description is form-led and makes no unsupported devotional or mechanical claim.
renaissance_jewellery_common_badge_77,Renaissance,Renaissance / Early Modern,Jewellery & devotional,personal adornment,Renaissance and Early Modern common,badge,a star bone badge,bone,Tiny,VeryGood,90,80,Era / Renaissance Era; Functions / Worn Items / Jewellery; Functions / Worn Items / Jewellery / Badges; Market / Jewellery / Standard Jewellery,Holdable; Wear_Badge; Destroyable_Misc,Jewellery and devotional work,Scrimshawing,Renaissance personal adornment catalogue; culture admission Renaissance and Early Modern common; availability Renaissance / Early Modern. Description is form-led and makes no unsupported devotional or mechanical claim.
renaissance_jewellery_common_temple_ring_78,Renaissance,Renaissance / Early Modern,Jewellery & devotional,personal adornment,Renaissance and Early Modern common,temple ring,a bird shell temple ring,shell,Tiny,Good,20,89,Era / Renaissance Era; Functions / Worn Items / Jewellery; Functions / Worn Items / Jewellery / Temple Rings; Market / Jewellery / Standard Jewellery,Holdable; Wear_Temple_Rings; Destroyable_Misc,Jewellery and devotional work,Scrimshawing,Renaissance personal adornment catalogue; culture admission Renaissance and Early Modern common; availability Renaissance / Early Modern. Description is form-led and makes no unsupported devotional or mechanical claim.
renaissance_jewellery_common_torc_79,Renaissance,Renaissance / Early Modern,Jewellery & devotional,personal adornment,Renaissance and Early Modern common,torc,a vine ivory torc,ivory,Tiny,Standard,27,98,Era / Renaissance Era; Functions / Worn Items / Jewellery; Functions / Worn Items / Jewellery / Torcs; Market / Jewellery / Standard Jewellery,Holdable; Wear_Torc; Destroyable_Misc,Jewellery and devotional work,Scrimshawing,Renaissance personal adornment catalogue; culture admission Renaissance and Early Modern common; availability Renaissance / Early Modern. Description is form-led and makes no unsupported devotional or mechanical claim.
renaissance_jewellery_common_wreath_80,Renaissance,Renaissance / Early Modern,Jewellery & devotional,personal adornment,Renaissance and Early Modern common,wreath,a geometric pearl wreath,pearl,Tiny,Poor,34,107,Era / Renaissance Era; Functions / Worn Items / Jewellery; Functions / Worn Items / Jewellery / Wreaths; Market / Jewellery / Standard Jewellery,Holdable; Wear_Wreath; Destroyable_Misc,Jewellery and devotional work,Gemcraft,Renaissance personal adornment catalogue; culture admission Renaissance and Early Modern common; availability Renaissance / Early Modern. Description is form-led and makes no unsupported devotional or mechanical claim.
renaissance_jewellery_common_prayer_beads_81,Renaissance,Renaissance / Early Modern,Jewellery & devotional,personal devotional,Renaissance and Early Modern common,prayer bead strand,a cloud amber prayer bead strand,amber,Tiny,Standard,41,116,Era / Renaissance Era; Functions / Worn Items / Jewellery; Functions / Worn Items / Jewellery / Bead Strings; Market / Jewellery / Standard Jewellery; Functions / Household Items / Household Religious Items; Market / Religious Goods / Devotional Goods,Holdable; Wear_Necklace; Destroyable_Misc,Jewellery and devotional work,Gemcraft,Renaissance personal devotional catalogue; culture admission Renaissance and Early Modern common; availability Renaissance / Early Modern. Description is form-led and makes no unsupported devotional or mechanical claim.
renaissance_jewellery_common_devotional_medal_82,Renaissance,Renaissance / Early Modern,Jewellery & devotional,personal devotional,Renaissance and Early Modern common,devotional medal,a shell coral devotional medal,coral,Tiny,Good,48,125,Era / Renaissance Era; Functions / Worn Items / Jewellery; Functions / Worn Items / Jewellery / Pendants; Market / Jewellery / Standard Jewellery; Functions / Household Items / Household Religious Items; Market / Religious Goods / Devotional Goods,Holdable; Wear_Necklace; Destroyable_Misc,Jewellery and devotional work,Scrimshawing,Renaissance personal devotional catalogue; culture admission Renaissance and Early Modern common; availability Renaissance / Early Modern. Description is form-led and makes no unsupported devotional or mechanical claim.
renaissance_jewellery_common_devotional_badge_83,Renaissance,Renaissance / Early Modern,Jewellery & devotional,personal devotional,Renaissance and Early Modern common,devotional badge,a reed garnet devotional badge,garnet,Tiny,Good,55,134,Era / Renaissance Era; Functions / Worn Items / Jewellery; Functions / Worn Items / Jewellery / Badges; Market / Jewellery / Standard Jewellery; Functions / Household Items / Household Religious Items; Market / Religious Goods / Devotional Goods,Holdable; Wear_Badge; Destroyable_Misc,Jewellery and devotional work,Gemcraft,Renaissance personal devotional catalogue; culture admission Renaissance and Early Modern common; availability Renaissance / Early Modern. Description is form-led and makes no unsupported devotional or mechanical claim.
renaissance_jewellery_common_prayer_cord_84,Renaissance,Renaissance / Early Modern,Jewellery & devotional,personal devotional,Renaissance and Early Modern common,prayer cord,a rosette linen prayer cord,linen,Tiny,Standard,62,143,Era / Renaissance Era; Functions / Worn Items / Jewellery; Functions / Worn Items / Jewellery / Neck Garlands; Market / Jewellery / Standard Jewellery; Functions / Household Items / Household Religious Items; Market / Religious Goods / Devotional Goods,Holdable; Wear_Neck_Garland; Destroyable_Clothing,Jewellery and devotional work,Weaving,Renaissance personal devotional catalogue; culture admission Renaissance and Early Modern common; availability Renaissance / Early Modern. Description is form-led and makes no unsupported devotional or mechanical claim.
renaissance_jewellery_common_votive_token_85,Renaissance,Renaissance / Early Modern,Jewellery & devotional,institutional devotional,Renaissance and Early Modern common,votive token,a checker carnelian votive token,carnelian,Small,VeryGood,69,152,Era / Renaissance Era; Functions / Household Items / Household Religious Items; Market / Religious Goods / Devotional Goods,Holdable; Destroyable_Misc,Jewellery and devotional work,Gemcraft,Renaissance institutional devotional catalogue; culture admission Renaissance and Early Modern common; availability Renaissance / Early Modern. Description is form-led and makes no unsupported devotional or mechanical claim.
renaissance_jewellery_common_scripture_box_86,Renaissance,Renaissance / Early Modern,Jewellery & devotional,institutional devotional,Renaissance and Early Modern common,small scripture box,a braided lapis lazuli small scripture box,lapis lazuli,Small,Good,76,8,Era / Renaissance Era; Functions / Household Items / Household Religious Items; Market / Religious Goods / Devotional Goods,Holdable; Destroyable_Misc,Jewellery and devotional work,Gemcraft,Renaissance institutional devotional catalogue; culture admission Renaissance and Early Modern common; availability Renaissance / Early Modern. Description is form-led and makes no unsupported devotional or mechanical claim.
renaissance_jewellery_common_offering_bowl_87,Renaissance,Renaissance / Early Modern,Jewellery & devotional,institutional devotional,Renaissance and Early Modern common,offering bowl,a radiating silver offering bowl,silver,Small,Standard,83,17,Era / Renaissance Era; Functions / Household Items / Household Religious Items; Market / Religious Goods / Devotional Goods,Holdable; Destroyable_HeavyMetal,Jewellery and devotional work,Silversmithing,Renaissance institutional devotional catalogue; culture admission Renaissance and Early Modern common; availability Renaissance / Early Modern. Description is form-led and makes no unsupported devotional or mechanical claim.
renaissance_jewellery_common_incense_holder_88,Renaissance,Renaissance / Early Modern,Jewellery & devotional,institutional devotional,Renaissance and Early Modern common,incense holder,a leaf-scroll pewter incense holder,pewter,Small,Poor,90,26,Era / Renaissance Era; Functions / Household Items / Household Religious Items; Market / Religious Goods / Devotional Goods,Holdable; Destroyable_HeavyMetal,Jewellery and devotional work,Silversmithing,Renaissance institutional devotional catalogue; culture admission Renaissance and Early Modern common; availability Renaissance / Early Modern. Description is form-led and makes no unsupported devotional or mechanical claim.
renaissance_jewellery_common_portable_panel_89,Renaissance,Renaissance / Early Modern,Jewellery & devotional,institutional devotional,Renaissance and Early Modern common,small devotional panel,a sunburst wood small devotional panel,wood,Small,Standard,20,35,Era / Renaissance Era; Functions / Household Items / Household Religious Items; Market / Religious Goods / Devotional Goods,Holdable; Destroyable_Misc,Jewellery and devotional work,Carpentry,Renaissance institutional devotional catalogue; culture admission Renaissance and Early Modern common; availability Renaissance / Early Modern. Description is form-led and makes no unsupported devotional or mechanical claim.
renaissance_jewellery_common_processional_ornament_90,Renaissance,Renaissance / Early Modern,Jewellery & devotional,institutional devotional,Renaissance and Early Modern common,processional ornament,a water-wave brass processional ornament,brass,Small,Good,27,44,Era / Renaissance Era; Functions / Household Items / Household Religious Items; Market / Religious Goods / Devotional Goods,Holdable; Destroyable_HeavyMetal,Jewellery and devotional work,Silversmithing,Renaissance institutional devotional catalogue; culture admission Renaissance and Early Modern common; availability Renaissance / Early Modern. Description is form-led and makes no unsupported devotional or mechanical claim.
renaissance_jewellery_common_ring_91,Renaissance,Renaissance / Early Modern,Jewellery & devotional,personal adornment,Renaissance and Early Modern common,ring,a knotted pewter ring,pewter,Tiny,Good,34,53,Era / Renaissance Era; Functions / Worn Items / Jewellery; Functions / Worn Items / Jewellery / Rings; Market / Jewellery / Standard Jewellery,Holdable; Wear_Ring; Destroyable_HeavyMetal,Jewellery and devotional work,Silversmithing,Renaissance personal adornment catalogue; culture admission Renaissance and Early Modern common; availability Renaissance / Early Modern. Description is form-led and makes no unsupported devotional or mechanical claim.
renaissance_jewellery_common_signet_ring_92,Renaissance,Renaissance / Early Modern,Jewellery & devotional,personal adornment,Renaissance and Early Modern common,ring,a flower-head copper ring,copper,Tiny,VeryGood,41,62,Era / Renaissance Era; Functions / Worn Items / Jewellery; Functions / Worn Items / Jewellery / Rings; Market / Jewellery / Standard Jewellery,Holdable; Wear_Ring; Destroyable_HeavyMetal,Jewellery and devotional work,Silversmithing,Renaissance personal adornment catalogue; culture admission Renaissance and Early Modern common; availability Renaissance / Early Modern. Description is form-led and makes no unsupported devotional or mechanical claim.
renaissance_jewellery_common_pendant_93,Renaissance,Renaissance / Early Modern,Jewellery & devotional,personal adornment,Renaissance and Early Modern common,pendant,a star bronze pendant,bronze,Tiny,VeryGood,48,71,Era / Renaissance Era; Functions / Worn Items / Jewellery; Functions / Worn Items / Jewellery / Pendants; Market / Jewellery / Standard Jewellery,Holdable; Wear_Necklace; Destroyable_HeavyMetal,Jewellery and devotional work,Silversmithing,Renaissance personal adornment catalogue; culture admission Renaissance and Early Modern common; availability Renaissance / Early Modern. Description is form-led and makes no unsupported devotional or mechanical claim.
renaissance_jewellery_common_bead_necklace_94,Renaissance,Renaissance / Early Modern,Jewellery & devotional,personal adornment,Renaissance and Early Modern common,necklace,a bird silver necklace,silver,Tiny,Good,55,80,Era / Renaissance Era; Functions / Worn Items / Jewellery; Functions / Worn Items / Jewellery / Bead Strings; Market / Jewellery / Standard Jewellery,Holdable; Wear_Necklace; Destroyable_HeavyMetal,Jewellery and devotional work,Silversmithing,Renaissance personal adornment catalogue; culture admission Renaissance and Early Modern common; availability Renaissance / Early Modern. Description is form-led and makes no unsupported devotional or mechanical claim.
renaissance_jewellery_common_chain_necklace_95,Renaissance,Renaissance / Early Modern,Jewellery & devotional,personal adornment,Renaissance and Early Modern common,necklace,a vine gold necklace,gold,Tiny,Standard,62,89,Era / Renaissance Era; Functions / Worn Items / Jewellery; Functions / Worn Items / Jewellery / Necklaces; Market / Jewellery / Standard Jewellery,Holdable; Wear_Necklace; Destroyable_HeavyMetal,Jewellery and devotional work,Silversmithing,Renaissance personal adornment catalogue; culture admission Renaissance and Early Modern common; availability Renaissance / Early Modern. Description is form-led and makes no unsupported devotional or mechanical claim.
renaissance_jewellery_common_bracelet_96,Renaissance,Renaissance / Early Modern,Jewellery & devotional,personal adornment,Renaissance and Early Modern common,bracelet,a geometric brass bracelet,brass,Tiny,Poor,69,98,Era / Renaissance Era; Functions / Worn Items / Jewellery; Functions / Worn Items / Jewellery / Bracelets; Market / Jewellery / Standard Jewellery,Holdable; Wear_Bracelet; Destroyable_HeavyMetal,Jewellery and devotional work,Silversmithing,Renaissance personal adornment catalogue; culture admission Renaissance and Early Modern common; availability Renaissance / Early Modern. Description is form-led and makes no unsupported devotional or mechanical claim.
renaissance_jewellery_common_armlet_97,Renaissance,Renaissance / Early Modern,Jewellery & devotional,personal adornment,Renaissance and Early Modern common,armlet,a cloud glass armlet,glass,Tiny,Standard,76,107,Era / Renaissance Era; Functions / Worn Items / Jewellery; Functions / Worn Items / Jewellery / Armlets; Market / Jewellery / Standard Jewellery,Holdable; Wear_Armlet; Destroyable_Glassware,Jewellery and devotional work,Glassworking,Renaissance personal adornment catalogue; culture admission Renaissance and Early Modern common; availability Renaissance / Early Modern. Description is form-led and makes no unsupported devotional or mechanical claim.
renaissance_jewellery_common_anklet_98,Renaissance,Renaissance / Early Modern,Jewellery & devotional,personal adornment,Renaissance and Early Modern common,anklet,a shell bone anklet,bone,Tiny,Good,83,116,Era / Renaissance Era; Functions / Worn Items / Jewellery; Functions / Worn Items / Jewellery / Anklets; Market / Jewellery / Standard Jewellery,Holdable; Wear_Anklet; Destroyable_Misc,Jewellery and devotional work,Scrimshawing,Renaissance personal adornment catalogue; culture admission Renaissance and Early Modern common; availability Renaissance / Early Modern. Description is form-led and makes no unsupported devotional or mechanical claim.
renaissance_jewellery_common_earrings_99,Renaissance,Renaissance / Early Modern,Jewellery & devotional,personal adornment,Renaissance and Early Modern common,earrings,a reed shell earrings,shell,Tiny,Good,90,125,Era / Renaissance Era; Functions / Worn Items / Jewellery; Functions / Worn Items / Jewellery / Earrings; Market / Jewellery / Standard Jewellery,Holdable; Wear_Earrings; Destroyable_Misc,Jewellery and devotional work,Scrimshawing,Renaissance personal adornment catalogue; culture admission Renaissance and Early Modern common; availability Renaissance / Early Modern. Description is form-led and makes no unsupported devotional or mechanical claim.
renaissance_jewellery_common_brooch_100,Renaissance,Renaissance / Early Modern,Jewellery & devotional,personal adornment,Renaissance and Early Modern common,brooch,a rosette ivory brooch,ivory,Tiny,Standard,20,134,Era / Renaissance Era; Functions / Worn Items / Jewellery; Functions / Worn Items / Jewellery / Brooches; Market / Jewellery / Standard Jewellery,Holdable; Wear_Brooch; Destroyable_Misc,Jewellery and devotional work,Scrimshawing,Renaissance personal adornment catalogue; culture admission Renaissance and Early Modern common; availability Renaissance / Early Modern. Description is form-led and makes no unsupported devotional or mechanical claim.
renaissance_jewellery_common_pin_101,Renaissance,Renaissance / Early Modern,Jewellery & devotional,personal adornment,Renaissance and Early Modern common,pin,a checker pearl pin,pearl,Tiny,VeryGood,27,143,Era / Renaissance Era; Functions / Worn Items / Jewellery; Functions / Worn Items / Jewellery / Pins; Market / Jewellery / Standard Jewellery,Holdable; Wear_Pin; Destroyable_Misc,Jewellery and devotional work,Gemcraft,Renaissance personal adornment catalogue; culture admission Renaissance and Early Modern common; availability Renaissance / Early Modern. Description is form-led and makes no unsupported devotional or mechanical claim.
renaissance_jewellery_common_hairpin_102,Renaissance,Renaissance / Early Modern,Jewellery & devotional,personal adornment,Renaissance and Early Modern common,hairpin,a braided amber hairpin,amber,Tiny,Good,34,152,Era / Renaissance Era; Functions / Worn Items / Jewellery; Functions / Worn Items / Jewellery / Hair Ornaments; Market / Jewellery / Standard Jewellery,Holdable; Wear_Hairpin; Destroyable_Misc,Jewellery and devotional work,Gemcraft,Renaissance personal adornment catalogue; culture admission Renaissance and Early Modern common; availability Renaissance / Early Modern. Description is form-led and makes no unsupported devotional or mechanical claim.
renaissance_jewellery_common_circlet_103,Renaissance,Renaissance / Early Modern,Jewellery & devotional,personal adornment,Renaissance and Early Modern common,circlet,a radiating coral circlet,coral,Tiny,Standard,41,8,Era / Renaissance Era; Functions / Worn Items / Jewellery; Functions / Worn Items / Jewellery / Circlets; Market / Jewellery / Standard Jewellery,Holdable; Wear_Circlet; Destroyable_Misc,Jewellery and devotional work,Scrimshawing,Renaissance personal adornment catalogue; culture admission Renaissance and Early Modern common; availability Renaissance / Early Modern. Description is form-led and makes no unsupported devotional or mechanical claim.
renaissance_jewellery_common_diadem_104,Renaissance,Renaissance / Early Modern,Jewellery & devotional,personal adornment,Renaissance and Early Modern common,diadem,a leaf-scroll garnet diadem,garnet,Tiny,Poor,48,17,Era / Renaissance Era; Functions / Worn Items / Jewellery; Functions / Worn Items / Jewellery / Diadems; Market / Jewellery / Standard Jewellery,Holdable; Wear_Diadem; Destroyable_Misc,Jewellery and devotional work,Gemcraft,Renaissance personal adornment catalogue; culture admission Renaissance and Early Modern common; availability Renaissance / Early Modern. Description is form-led and makes no unsupported devotional or mechanical claim.
renaissance_jewellery_common_waist_chain_105,Renaissance,Renaissance / Early Modern,Jewellery & devotional,personal adornment,Renaissance and Early Modern common,waist chain,a sunburst agate waist chain,agate,Tiny,Standard,55,26,Era / Renaissance Era; Functions / Worn Items / Jewellery; Functions / Worn Items / Jewellery / Waist Chains; Market / Jewellery / Standard Jewellery,Holdable; Wear_Waist_Chain; Destroyable_Misc,Jewellery and devotional work,Gemcraft,Renaissance personal adornment catalogue; culture admission Renaissance and Early Modern common; availability Renaissance / Early Modern. Description is form-led and makes no unsupported devotional or mechanical claim.
renaissance_jewellery_common_belt_ornament_106,Renaissance,Renaissance / Early Modern,Jewellery & devotional,personal adornment,Renaissance and Early Modern common,belt ornament,a water-wave carnelian belt ornament,carnelian,Tiny,Good,62,35,Era / Renaissance Era; Functions / Worn Items / Jewellery; Functions / Worn Items / Jewellery / Belt Ornaments; Market / Jewellery / Standard Jewellery,Holdable; Wear_Belt_Ornament; Destroyable_Misc,Jewellery and devotional work,Gemcraft,Renaissance personal adornment catalogue; culture admission Renaissance and Early Modern common; availability Renaissance / Early Modern. Description is form-led and makes no unsupported devotional or mechanical claim.
renaissance_jewellery_common_badge_107,Renaissance,Renaissance / Early Modern,Jewellery & devotional,personal adornment,Renaissance and Early Modern common,badge,a knotted lapis lazuli badge,lapis lazuli,Tiny,Good,69,44,Era / Renaissance Era; Functions / Worn Items / Jewellery; Functions / Worn Items / Jewellery / Badges; Market / Jewellery / Standard Jewellery,Holdable; Wear_Badge; Destroyable_Misc,Jewellery and devotional work,Gemcraft,Renaissance personal adornment catalogue; culture admission Renaissance and Early Modern common; availability Renaissance / Early Modern. Description is form-led and makes no unsupported devotional or mechanical claim.
renaissance_jewellery_common_temple_ring_108,Renaissance,Renaissance / Early Modern,Jewellery & devotional,personal adornment,Renaissance and Early Modern common,temple ring,a flower-head turquoise temple ring,turquoise,Tiny,Standard,76,53,Era / Renaissance Era; Functions / Worn Items / Jewellery; Functions / Worn Items / Jewellery / Temple Rings; Market / Jewellery / Standard Jewellery,Holdable; Wear_Temple_Rings; Destroyable_Misc,Jewellery and devotional work,Gemcraft,Renaissance personal adornment catalogue; culture admission Renaissance and Early Modern common; availability Renaissance / Early Modern. Description is form-led and makes no unsupported devotional or mechanical claim.
renaissance_jewellery_common_torc_109,Renaissance,Renaissance / Early Modern,Jewellery & devotional,personal adornment,Renaissance and Early Modern common,torc,a star jade torc,jade,Tiny,VeryGood,83,62,Era / Renaissance Era; Functions / Worn Items / Jewellery; Functions / Worn Items / Jewellery / Torcs; Market / Jewellery / Standard Jewellery,Holdable; Wear_Torc; Destroyable_Misc,Jewellery and devotional work,Gemcraft,Renaissance personal adornment catalogue; culture admission Renaissance and Early Modern common; availability Renaissance / Early Modern. Description is form-led and makes no unsupported devotional or mechanical claim.
renaissance_jewellery_common_wreath_110,Renaissance,Renaissance / Early Modern,Jewellery & devotional,personal adornment,Renaissance and Early Modern common,wreath,a bird quartz wreath,quartz,Tiny,Good,90,71,Era / Renaissance Era; Functions / Worn Items / Jewellery; Functions / Worn Items / Jewellery / Wreaths; Market / Jewellery / Standard Jewellery,Holdable; Wear_Wreath; Destroyable_Misc,Jewellery and devotional work,Gemcraft,Renaissance personal adornment catalogue; culture admission Renaissance and Early Modern common; availability Renaissance / Early Modern. Description is form-led and makes no unsupported devotional or mechanical claim.
renaissance_jewellery_common_prayer_beads_111,Renaissance,Renaissance / Early Modern,Jewellery & devotional,personal devotional,Renaissance and Early Modern common,prayer bead strand,a vine faience prayer bead strand,faience,Tiny,Standard,20,80,Era / Renaissance Era; Functions / Worn Items / Jewellery; Functions / Worn Items / Jewellery / Bead Strings; Market / Jewellery / Standard Jewellery; Functions / Household Items / Household Religious Items; Market / Religious Goods / Devotional Goods,Holdable; Wear_Necklace; Destroyable_Glassware,Jewellery and devotional work,Glassworking,Renaissance personal devotional catalogue; culture admission Renaissance and Early Modern common; availability Renaissance / Early Modern. Description is form-led and makes no unsupported devotional or mechanical claim.
renaissance_jewellery_common_devotional_medal_112,Renaissance,Renaissance / Early Modern,Jewellery & devotional,personal devotional,Renaissance and Early Modern common,devotional medal,a geometric pewter devotional medal,pewter,Tiny,Poor,27,89,Era / Renaissance Era; Functions / Worn Items / Jewellery; Functions / Worn Items / Jewellery / Pendants; Market / Jewellery / Standard Jewellery; Functions / Household Items / Household Religious Items; Market / Religious Goods / Devotional Goods,Holdable; Wear_Necklace; Destroyable_HeavyMetal,Jewellery and devotional work,Silversmithing,Renaissance personal devotional catalogue; culture admission Renaissance and Early Modern common; availability Renaissance / Early Modern. Description is form-led and makes no unsupported devotional or mechanical claim.
renaissance_jewellery_common_devotional_badge_113,Renaissance,Renaissance / Early Modern,Jewellery & devotional,personal devotional,Renaissance and Early Modern common,devotional badge,a cloud copper devotional badge,copper,Tiny,Standard,34,98,Era / Renaissance Era; Functions / Worn Items / Jewellery; Functions / Worn Items / Jewellery / Badges; Market / Jewellery / Standard Jewellery; Functions / Household Items / Household Religious Items; Market / Religious Goods / Devotional Goods,Holdable; Wear_Badge; Destroyable_HeavyMetal,Jewellery and devotional work,Silversmithing,Renaissance personal devotional catalogue; culture admission Renaissance and Early Modern common; availability Renaissance / Early Modern. Description is form-led and makes no unsupported devotional or mechanical claim.
renaissance_jewellery_common_prayer_cord_114,Renaissance,Renaissance / Early Modern,Jewellery & devotional,personal devotional,Renaissance and Early Modern common,prayer cord,a shell linen prayer cord,linen,Tiny,Good,41,107,Era / Renaissance Era; Functions / Worn Items / Jewellery; Functions / Worn Items / Jewellery / Neck Garlands; Market / Jewellery / Standard Jewellery; Functions / Household Items / Household Religious Items; Market / Religious Goods / Devotional Goods,Holdable; Wear_Neck_Garland; Destroyable_Clothing,Jewellery and devotional work,Weaving,Renaissance personal devotional catalogue; culture admission Renaissance and Early Modern common; availability Renaissance / Early Modern. Description is form-led and makes no unsupported devotional or mechanical claim.
renaissance_jewellery_common_votive_token_115,Renaissance,Renaissance / Early Modern,Jewellery & devotional,institutional devotional,Renaissance and Early Modern common,votive token,a reed silver votive token,silver,Small,Good,48,116,Era / Renaissance Era; Functions / Household Items / Household Religious Items; Market / Religious Goods / Devotional Goods,Holdable; Destroyable_HeavyMetal,Jewellery and devotional work,Silversmithing,Renaissance institutional devotional catalogue; culture admission Renaissance and Early Modern common; availability Renaissance / Early Modern. Description is form-led and makes no unsupported devotional or mechanical claim.
renaissance_jewellery_common_scripture_box_116,Renaissance,Renaissance / Early Modern,Jewellery & devotional,institutional devotional,Renaissance and Early Modern common,small scripture box,a rosette gold small scripture box,gold,Small,Standard,55,125,Era / Renaissance Era; Functions / Household Items / Household Religious Items; Market / Religious Goods / Devotional Goods,Holdable; Destroyable_HeavyMetal,Jewellery and devotional work,Silversmithing,Renaissance institutional devotional catalogue; culture admission Renaissance and Early Modern common; availability Renaissance / Early Modern. Description is form-led and makes no unsupported devotional or mechanical claim.
renaissance_jewellery_common_offering_bowl_117,Renaissance,Renaissance / Early Modern,Jewellery & devotional,institutional devotional,Renaissance and Early Modern common,offering bowl,a checker bronze offering bowl,bronze,Small,VeryGood,62,134,Era / Renaissance Era; Functions / Household Items / Household Religious Items; Market / Religious Goods / Devotional Goods,Holdable; Destroyable_HeavyMetal,Jewellery and devotional work,Silversmithing,Renaissance institutional devotional catalogue; culture admission Renaissance and Early Modern common; availability Renaissance / Early Modern. Description is form-led and makes no unsupported devotional or mechanical claim.
renaissance_jewellery_common_incense_holder_118,Renaissance,Renaissance / Early Modern,Jewellery & devotional,institutional devotional,Renaissance and Early Modern common,incense holder,a braided brass incense holder,brass,Small,Good,69,143,Era / Renaissance Era; Functions / Household Items / Household Religious Items; Market / Religious Goods / Devotional Goods,Holdable; Destroyable_HeavyMetal,Jewellery and devotional work,Silversmithing,Renaissance institutional devotional catalogue; culture admission Renaissance and Early Modern common; availability Renaissance / Early Modern. Description is form-led and makes no unsupported devotional or mechanical claim.
renaissance_jewellery_common_portable_panel_119,Renaissance,Renaissance / Early Modern,Jewellery & devotional,institutional devotional,Renaissance and Early Modern common,small devotional panel,a radiating wood small devotional panel,wood,Small,Standard,76,152,Era / Renaissance Era; Functions / Household Items / Household Religious Items; Market / Religious Goods / Devotional Goods,Holdable; Destroyable_Misc,Jewellery and devotional work,Carpentry,Renaissance institutional devotional catalogue; culture admission Renaissance and Early Modern common; availability Renaissance / Early Modern. Description is form-led and makes no unsupported devotional or mechanical claim.
renaissance_jewellery_common_processional_ornament_120,Renaissance,Renaissance / Early Modern,Jewellery & devotional,institutional devotional,Renaissance and Early Modern common,processional ornament,a leaf-scroll pewter processional ornament,pewter,Small,Poor,83,8,Era / Renaissance Era; Functions / Household Items / Household Religious Items; Market / Religious Goods / Devotional Goods,Holdable; Destroyable_HeavyMetal,Jewellery and devotional work,Silversmithing,Renaissance institutional devotional catalogue; culture admission Renaissance and Early Modern common; availability Renaissance / Early Modern. Description is form-led and makes no unsupported devotional or mechanical claim.
renaissance_jewellery_common_ring_121,Renaissance,Renaissance / Early Modern,Jewellery & devotional,personal adornment,Renaissance and Early Modern common,ring,a sunburst ivory ring,ivory,Tiny,Standard,90,17,Era / Renaissance Era; Functions / Worn Items / Jewellery; Functions / Worn Items / Jewellery / Rings; Market / Jewellery / Standard Jewellery,Holdable; Wear_Ring; Destroyable_Misc,Jewellery and devotional work,Scrimshawing,Renaissance personal adornment catalogue; culture admission Renaissance and Early Modern common; availability Renaissance / Early Modern. Description is form-led and makes no unsupported devotional or mechanical claim.
renaissance_jewellery_common_signet_ring_122,Renaissance,Renaissance / Early Modern,Jewellery & devotional,personal adornment,Renaissance and Early Modern common,ring,a water-wave pearl ring,pearl,Tiny,VeryGood,20,26,Era / Renaissance Era; Functions / Worn Items / Jewellery; Functions / Worn Items / Jewellery / Rings; Market / Jewellery / Standard Jewellery,Holdable; Wear_Ring; Destroyable_Misc,Jewellery and devotional work,Gemcraft,Renaissance personal adornment catalogue; culture admission Renaissance and Early Modern common; availability Renaissance / Early Modern. Description is form-led and makes no unsupported devotional or mechanical claim.
renaissance_jewellery_common_pendant_123,Renaissance,Renaissance / Early Modern,Jewellery & devotional,personal adornment,Renaissance and Early Modern common,pendant,a knotted amber pendant,amber,Tiny,Good,27,35,Era / Renaissance Era; Functions / Worn Items / Jewellery; Functions / Worn Items / Jewellery / Pendants; Market / Jewellery / Standard Jewellery,Holdable; Wear_Necklace; Destroyable_Misc,Jewellery and devotional work,Gemcraft,Renaissance personal adornment catalogue; culture admission Renaissance and Early Modern common; availability Renaissance / Early Modern. Description is form-led and makes no unsupported devotional or mechanical claim.
renaissance_jewellery_common_bead_necklace_124,Renaissance,Renaissance / Early Modern,Jewellery & devotional,personal adornment,Renaissance and Early Modern common,necklace,a flower-head coral necklace,coral,Tiny,Standard,34,44,Era / Renaissance Era; Functions / Worn Items / Jewellery; Functions / Worn Items / Jewellery / Bead Strings; Market / Jewellery / Standard Jewellery,Holdable; Wear_Necklace; Destroyable_Misc,Jewellery and devotional work,Scrimshawing,Renaissance personal adornment catalogue; culture admission Renaissance and Early Modern common; availability Renaissance / Early Modern. Description is form-led and makes no unsupported devotional or mechanical claim.
renaissance_jewellery_common_chain_necklace_125,Renaissance,Renaissance / Early Modern,Jewellery & devotional,personal adornment,Renaissance and Early Modern common,necklace,a star garnet necklace,garnet,Tiny,VeryGood,41,53,Era / Renaissance Era; Functions / Worn Items / Jewellery; Functions / Worn Items / Jewellery / Necklaces; Market / Jewellery / Standard Jewellery,Holdable; Wear_Necklace; Destroyable_Misc,Jewellery and devotional work,Gemcraft,Renaissance personal adornment catalogue; culture admission Renaissance and Early Modern common; availability Renaissance / Early Modern. Description is form-led and makes no unsupported devotional or mechanical claim.
renaissance_jewellery_common_bracelet_126,Renaissance,Renaissance / Early Modern,Jewellery & devotional,personal adornment,Renaissance and Early Modern common,bracelet,a bird agate bracelet,agate,Tiny,Good,48,62,Era / Renaissance Era; Functions / Worn Items / Jewellery; Functions / Worn Items / Jewellery / Bracelets; Market / Jewellery / Standard Jewellery,Holdable; Wear_Bracelet; Destroyable_Misc,Jewellery and devotional work,Gemcraft,Renaissance personal adornment catalogue; culture admission Renaissance and Early Modern common; availability Renaissance / Early Modern. Description is form-led and makes no unsupported devotional or mechanical claim.
renaissance_jewellery_common_armlet_127,Renaissance,Renaissance / Early Modern,Jewellery & devotional,personal adornment,Renaissance and Early Modern common,armlet,a vine carnelian armlet,carnelian,Tiny,Standard,55,71,Era / Renaissance Era; Functions / Worn Items / Jewellery; Functions / Worn Items / Jewellery / Armlets; Market / Jewellery / Standard Jewellery,Holdable; Wear_Armlet; Destroyable_Misc,Jewellery and devotional work,Gemcraft,Renaissance personal adornment catalogue; culture admission Renaissance and Early Modern common; availability Renaissance / Early Modern. Description is form-led and makes no unsupported devotional or mechanical claim.
renaissance_jewellery_common_anklet_128,Renaissance,Renaissance / Early Modern,Jewellery & devotional,personal adornment,Renaissance and Early Modern common,anklet,a geometric lapis lazuli anklet,lapis lazuli,Tiny,Poor,62,80,Era / Renaissance Era; Functions / Worn Items / Jewellery; Functions / Worn Items / Jewellery / Anklets; Market / Jewellery / Standard Jewellery,Holdable; Wear_Anklet; Destroyable_Misc,Jewellery and devotional work,Gemcraft,Renaissance personal adornment catalogue; culture admission Renaissance and Early Modern common; availability Renaissance / Early Modern. Description is form-led and makes no unsupported devotional or mechanical claim.
renaissance_jewellery_common_earrings_129,Renaissance,Renaissance / Early Modern,Jewellery & devotional,personal adornment,Renaissance and Early Modern common,earrings,a cloud turquoise earrings,turquoise,Tiny,Standard,69,89,Era / Renaissance Era; Functions / Worn Items / Jewellery; Functions / Worn Items / Jewellery / Earrings; Market / Jewellery / Standard Jewellery,Holdable; Wear_Earrings; Destroyable_Misc,Jewellery and devotional work,Gemcraft,Renaissance personal adornment catalogue; culture admission Renaissance and Early Modern common; availability Renaissance / Early Modern. Description is form-led and makes no unsupported devotional or mechanical claim.
renaissance_jewellery_common_brooch_130,Renaissance,Renaissance / Early Modern,Jewellery & devotional,personal adornment,Renaissance and Early Modern common,brooch,a shell jade brooch,jade,Tiny,Good,76,98,Era / Renaissance Era; Functions / Worn Items / Jewellery; Functions / Worn Items / Jewellery / Brooches; Market / Jewellery / Standard Jewellery,Holdable; Wear_Brooch; Destroyable_Misc,Jewellery and devotional work,Gemcraft,Renaissance personal adornment catalogue; culture admission Renaissance and Early Modern common; availability Renaissance / Early Modern. Description is form-led and makes no unsupported devotional or mechanical claim.
renaissance_jewellery_common_pin_131,Renaissance,Renaissance / Early Modern,Jewellery & devotional,personal adornment,Renaissance and Early Modern common,pin,a reed quartz pin,quartz,Tiny,Good,83,107,Era / Renaissance Era; Functions / Worn Items / Jewellery; Functions / Worn Items / Jewellery / Pins; Market / Jewellery / Standard Jewellery,Holdable; Wear_Pin; Destroyable_Misc,Jewellery and devotional work,Gemcraft,Renaissance personal adornment catalogue; culture admission Renaissance and Early Modern common; availability Renaissance / Early Modern. Description is form-led and makes no unsupported devotional or mechanical claim.
renaissance_jewellery_common_hairpin_132,Renaissance,Renaissance / Early Modern,Jewellery & devotional,personal adornment,Renaissance and Early Modern common,hairpin,a rosette faience hairpin,faience,Tiny,Standard,90,116,Era / Renaissance Era; Functions / Worn Items / Jewellery; Functions / Worn Items / Jewellery / Hair Ornaments; Market / Jewellery / Standard Jewellery,Holdable; Wear_Hairpin; Destroyable_Glassware,Jewellery and devotional work,Glassworking,Renaissance personal adornment catalogue; culture admission Renaissance and Early Modern common; availability Renaissance / Early Modern. Description is form-led and makes no unsupported devotional or mechanical claim.
renaissance_jewellery_common_circlet_133,Renaissance,Renaissance / Early Modern,Jewellery & devotional,personal adornment,Renaissance and Early Modern common,circlet,a checker pewter circlet,pewter,Tiny,VeryGood,20,125,Era / Renaissance Era; Functions / Worn Items / Jewellery; Functions / Worn Items / Jewellery / Circlets; Market / Jewellery / Standard Jewellery,Holdable; Wear_Circlet; Destroyable_HeavyMetal,Jewellery and devotional work,Silversmithing,Renaissance personal adornment catalogue; culture admission Renaissance and Early Modern common; availability Renaissance / Early Modern. Description is form-led and makes no unsupported devotional or mechanical claim.
renaissance_jewellery_common_diadem_134,Renaissance,Renaissance / Early Modern,Jewellery & devotional,personal adornment,Renaissance and Early Modern common,diadem,a braided copper diadem,copper,Tiny,Good,27,134,Era / Renaissance Era; Functions / Worn Items / Jewellery; Functions / Worn Items / Jewellery / Diadems; Market / Jewellery / Standard Jewellery,Holdable; Wear_Diadem; Destroyable_HeavyMetal,Jewellery and devotional work,Silversmithing,Renaissance personal adornment catalogue; culture admission Renaissance and Early Modern common; availability Renaissance / Early Modern. Description is form-led and makes no unsupported devotional or mechanical claim.
renaissance_jewellery_common_waist_chain_135,Renaissance,Renaissance / Early Modern,Jewellery & devotional,personal adornment,Renaissance and Early Modern common,waist chain,a radiating bronze waist chain,bronze,Tiny,Standard,34,143,Era / Renaissance Era; Functions / Worn Items / Jewellery; Functions / Worn Items / Jewellery / Waist Chains; Market / Jewellery / Standard Jewellery,Holdable; Wear_Waist_Chain; Destroyable_HeavyMetal,Jewellery and devotional work,Silversmithing,Renaissance personal adornment catalogue; culture admission Renaissance and Early Modern common; availability Renaissance / Early Modern. Description is form-led and makes no unsupported devotional or mechanical claim.
renaissance_jewellery_common_belt_ornament_136,Renaissance,Renaissance / Early Modern,Jewellery & devotional,personal adornment,Renaissance and Early Modern common,belt ornament,a leaf-scroll silver belt ornament,silver,Tiny,Poor,41,152,Era / Renaissance Era; Functions / Worn Items / Jewellery; Functions / Worn Items / Jewellery / Belt Ornaments; Market / Jewellery / Standard Jewellery,Holdable; Wear_Belt_Ornament; Destroyable_HeavyMetal,Jewellery and devotional work,Silversmithing,Renaissance personal adornment catalogue; culture admission Renaissance and Early Modern common; availability Renaissance / Early Modern. Description is form-led and makes no unsupported devotional or mechanical claim.
renaissance_jewellery_common_badge_137,Renaissance,Renaissance / Early Modern,Jewellery & devotional,personal adornment,Renaissance and Early Modern common,badge,a sunburst gold badge,gold,Tiny,Standard,48,8,Era / Renaissance Era; Functions / Worn Items / Jewellery; Functions / Worn Items / Jewellery / Badges; Market / Jewellery / Standard Jewellery,Holdable; Wear_Badge; Destroyable_HeavyMetal,Jewellery and devotional work,Silversmithing,Renaissance personal adornment catalogue; culture admission Renaissance and Early Modern common; availability Renaissance / Early Modern. Description is form-led and makes no unsupported devotional or mechanical claim.
renaissance_jewellery_common_temple_ring_138,Renaissance,Renaissance / Early Modern,Jewellery & devotional,personal adornment,Renaissance and Early Modern common,temple ring,a water-wave brass temple ring,brass,Tiny,Good,55,17,Era / Renaissance Era; Functions / Worn Items / Jewellery; Functions / Worn Items / Jewellery / Temple Rings; Market / Jewellery / Standard Jewellery,Holdable; Wear_Temple_Rings; Destroyable_HeavyMetal,Jewellery and devotional work,Silversmithing,Renaissance personal adornment catalogue; culture admission Renaissance and Early Modern common; availability Renaissance / Early Modern. Description is form-led and makes no unsupported devotional or mechanical claim.
renaissance_jewellery_common_torc_139,Renaissance,Renaissance / Early Modern,Jewellery & devotional,personal adornment,Renaissance and Early Modern common,torc,a knotted glass torc,glass,Tiny,Good,62,26,Era / Renaissance Era; Functions / Worn Items / Jewellery; Functions / Worn Items / Jewellery / Torcs; Market / Jewellery / Standard Jewellery,Holdable; Wear_Torc; Destroyable_Glassware,Jewellery and devotional work,Glassworking,Renaissance personal adornment catalogue; culture admission Renaissance and Early Modern common; availability Renaissance / Early Modern. Description is form-led and makes no unsupported devotional or mechanical claim.
renaissance_jewellery_common_wreath_140,Renaissance,Renaissance / Early Modern,Jewellery & devotional,personal adornment,Renaissance and Early Modern common,wreath,a flower-head bone wreath,bone,Tiny,Standard,69,35,Era / Renaissance Era; Functions / Worn Items / Jewellery; Functions / Worn Items / Jewellery / Wreaths; Market / Jewellery / Standard Jewellery,Holdable; Wear_Wreath; Destroyable_Misc,Jewellery and devotional work,Scrimshawing,Renaissance personal adornment catalogue; culture admission Renaissance and Early Modern common; availability Renaissance / Early Modern. Description is form-led and makes no unsupported devotional or mechanical claim.
renaissance_jewellery_common_prayer_beads_141,Renaissance,Renaissance / Early Modern,Jewellery & devotional,personal devotional,Renaissance and Early Modern common,prayer bead strand,a star shell prayer bead strand,shell,Tiny,VeryGood,76,44,Era / Renaissance Era; Functions / Worn Items / Jewellery; Functions / Worn Items / Jewellery / Bead Strings; Market / Jewellery / Standard Jewellery; Functions / Household Items / Household Religious Items; Market / Religious Goods / Devotional Goods,Holdable; Wear_Necklace; Destroyable_Misc,Jewellery and devotional work,Scrimshawing,Renaissance personal devotional catalogue; culture admission Renaissance and Early Modern common; availability Renaissance / Early Modern. Description is form-led and makes no unsupported devotional or mechanical claim.
renaissance_jewellery_common_devotional_medal_142,Renaissance,Renaissance / Early Modern,Jewellery & devotional,personal devotional,Renaissance and Early Modern common,devotional medal,a bird ivory devotional medal,ivory,Tiny,Good,83,53,Era / Renaissance Era; Functions / Worn Items / Jewellery; Functions / Worn Items / Jewellery / Pendants; Market / Jewellery / Standard Jewellery; Functions / Household Items / Household Religious Items; Market / Religious Goods / Devotional Goods,Holdable; Wear_Necklace; Destroyable_Misc,Jewellery and devotional work,Scrimshawing,Renaissance personal devotional catalogue; culture admission Renaissance and Early Modern common; availability Renaissance / Early Modern. Description is form-led and makes no unsupported devotional or mechanical claim.
renaissance_jewellery_common_devotional_badge_143,Renaissance,Renaissance / Early Modern,Jewellery & devotional,personal devotional,Renaissance and Early Modern common,devotional badge,a vine pearl devotional badge,pearl,Tiny,Standard,90,62,Era / Renaissance Era; Functions / Worn Items / Jewellery; Functions / Worn Items / Jewellery / Badges; Market / Jewellery / Standard Jewellery; Functions / Household Items / Household Religious Items; Market / Religious Goods / Devotional Goods,Holdable; Wear_Badge; Destroyable_Misc,Jewellery and devotional work,Gemcraft,Renaissance personal devotional catalogue; culture admission Renaissance and Early Modern common; availability Renaissance / Early Modern. Description is form-led and makes no unsupported devotional or mechanical claim.
renaissance_jewellery_common_prayer_cord_144,Renaissance,Renaissance / Early Modern,Jewellery & devotional,personal devotional,Renaissance and Early Modern common,prayer cord,a geometric linen prayer cord,linen,Tiny,Poor,20,71,Era / Renaissance Era; Functions / Worn Items / Jewellery; Functions / Worn Items / Jewellery / Neck Garlands; Market / Jewellery / Standard Jewellery; Functions / Household Items / Household Religious Items; Market / Religious Goods / Devotional Goods,Holdable; Wear_Neck_Garland; Destroyable_Clothing,Jewellery and devotional work,Weaving,Renaissance personal devotional catalogue; culture admission Renaissance and Early Modern common; availability Renaissance / Early Modern. Description is form-led and makes no unsupported devotional or mechanical claim.
renaissance_jewellery_common_votive_token_145,Renaissance,Renaissance / Early Modern,Jewellery & devotional,institutional devotional,Renaissance and Early Modern common,votive token,a cloud coral votive token,coral,Small,Standard,27,80,Era / Renaissance Era; Functions / Household Items / Household Religious Items; Market / Religious Goods / Devotional Goods,Holdable; Destroyable_Misc,Jewellery and devotional work,Scrimshawing,Renaissance institutional devotional catalogue; culture admission Renaissance and Early Modern common; availability Renaissance / Early Modern. Description is form-led and makes no unsupported devotional or mechanical claim.
renaissance_jewellery_common_scripture_box_146,Renaissance,Renaissance / Early Modern,Jewellery & devotional,institutional devotional,Renaissance and Early Modern common,small scripture box,a shell garnet small scripture box,garnet,Small,Good,34,89,Era / Renaissance Era; Functions / Household Items / Household Religious Items; Market / Religious Goods / Devotional Goods,Holdable; Destroyable_Misc,Jewellery and devotional work,Gemcraft,Renaissance institutional devotional catalogue; culture admission Renaissance and Early Modern common; availability Renaissance / Early Modern. Description is form-led and makes no unsupported devotional or mechanical claim.
renaissance_jewellery_common_offering_bowl_147,Renaissance,Renaissance / Early Modern,Jewellery & devotional,institutional devotional,Renaissance and Early Modern common,offering bowl,a reed silver offering bowl,silver,Small,Good,41,98,Era / Renaissance Era; Functions / Household Items / Household Religious Items; Market / Religious Goods / Devotional Goods,Holdable; Destroyable_HeavyMetal,Jewellery and devotional work,Silversmithing,Renaissance institutional devotional catalogue; culture admission Renaissance and Early Modern common; availability Renaissance / Early Modern. Description is form-led and makes no unsupported devotional or mechanical claim.
renaissance_jewellery_common_incense_holder_148,Renaissance,Renaissance / Early Modern,Jewellery & devotional,institutional devotional,Renaissance and Early Modern common,incense holder,a rosette pewter incense holder,pewter,Small,Standard,48,107,Era / Renaissance Era; Functions / Household Items / Household Religious Items; Market / Religious Goods / Devotional Goods,Holdable; Destroyable_HeavyMetal,Jewellery and devotional work,Silversmithing,Renaissance institutional devotional catalogue; culture admission Renaissance and Early Modern common; availability Renaissance / Early Modern. Description is form-led and makes no unsupported devotional or mechanical claim.
renaissance_jewellery_common_portable_panel_149,Renaissance,Renaissance / Early Modern,Jewellery & devotional,institutional devotional,Renaissance and Early Modern common,small devotional panel,a checker wood small devotional panel,wood,Small,VeryGood,55,116,Era / Renaissance Era; Functions / Household Items / Household Religious Items; Market / Religious Goods / Devotional Goods,Holdable; Destroyable_Misc,Jewellery and devotional work,Carpentry,Renaissance institutional devotional catalogue; culture admission Renaissance and Early Modern common; availability Renaissance / Early Modern. Description is form-led and makes no unsupported devotional or mechanical claim.
renaissance_jewellery_common_processional_ornament_150,Renaissance,Renaissance / Early Modern,Jewellery & devotional,institutional devotional,Renaissance and Early Modern common,processional ornament,a braided brass processional ornament,brass,Small,Good,62,125,Era / Renaissance Era; Functions / Household Items / Household Religious Items; Market / Religious Goods / Devotional Goods,Holdable; Destroyable_HeavyMetal,Jewellery and devotional work,Silversmithing,Renaissance institutional devotional catalogue; culture admission Renaissance and Early Modern common; availability Renaissance / Early Modern. Description is form-led and makes no unsupported devotional or mechanical claim.
renaissance_jewellery_common_ring_151,Renaissance,Renaissance / Early Modern,Jewellery & devotional,personal adornment,Renaissance and Early Modern common,ring,a radiating jade ring,jade,Tiny,Standard,69,134,Era / Renaissance Era; Functions / Worn Items / Jewellery; Functions / Worn Items / Jewellery / Rings; Market / Jewellery / Standard Jewellery,Holdable; Wear_Ring; Destroyable_Misc,Jewellery and devotional work,Gemcraft,Renaissance personal adornment catalogue; culture admission Renaissance and Early Modern common; availability Renaissance / Early Modern. Description is form-led and makes no unsupported devotional or mechanical claim.
renaissance_jewellery_common_signet_ring_152,Renaissance,Renaissance / Early Modern,Jewellery & devotional,personal adornment,Renaissance and Early Modern common,ring,a leaf-scroll quartz ring,quartz,Tiny,VeryGood,76,143,Era / Renaissance Era; Functions / Worn Items / Jewellery; Functions / Worn Items / Jewellery / Rings; Market / Jewellery / Standard Jewellery,Holdable; Wear_Ring; Destroyable_Misc,Jewellery and devotional work,Gemcraft,Renaissance personal adornment catalogue; culture admission Renaissance and Early Modern common; availability Renaissance / Early Modern. Description is form-led and makes no unsupported devotional or mechanical claim.
renaissance_jewellery_common_pendant_153,Renaissance,Renaissance / Early Modern,Jewellery & devotional,personal adornment,Renaissance and Early Modern common,pendant,a sunburst faience pendant,faience,Tiny,Standard,83,152,Era / Renaissance Era; Functions / Worn Items / Jewellery; Functions / Worn Items / Jewellery / Pendants; Market / Jewellery / Standard Jewellery,Holdable; Wear_Necklace; Destroyable_Glassware,Jewellery and devotional work,Glassworking,Renaissance personal adornment catalogue; culture admission Renaissance and Early Modern common; availability Renaissance / Early Modern. Description is form-led and makes no unsupported devotional or mechanical claim.
renaissance_jewellery_common_bead_necklace_154,Renaissance,Renaissance / Early Modern,Jewellery & devotional,personal adornment,Renaissance and Early Modern common,necklace,a water-wave pewter necklace,pewter,Tiny,Good,90,8,Era / Renaissance Era; Functions / Worn Items / Jewellery; Functions / Worn Items / Jewellery / Bead Strings; Market / Jewellery / Standard Jewellery,Holdable; Wear_Necklace; Destroyable_HeavyMetal,Jewellery and devotional work,Silversmithing,Renaissance personal adornment catalogue; culture admission Renaissance and Early Modern common; availability Renaissance / Early Modern. Description is form-led and makes no unsupported devotional or mechanical claim.
renaissance_jewellery_common_chain_necklace_155,Renaissance,Renaissance / Early Modern,Jewellery & devotional,personal adornment,Renaissance and Early Modern common,necklace,a knotted copper necklace,copper,Tiny,Good,20,17,Era / Renaissance Era; Functions / Worn Items / Jewellery; Functions / Worn Items / Jewellery / Necklaces; Market / Jewellery / Standard Jewellery,Holdable; Wear_Necklace; Destroyable_HeavyMetal,Jewellery and devotional work,Silversmithing,Renaissance personal adornment catalogue; culture admission Renaissance and Early Modern common; availability Renaissance / Early Modern. Description is form-led and makes no unsupported devotional or mechanical claim.
renaissance_jewellery_common_bracelet_156,Renaissance,Renaissance / Early Modern,Jewellery & devotional,personal adornment,Renaissance and Early Modern common,bracelet,a flower-head bronze bracelet,bronze,Tiny,Standard,27,26,Era / Renaissance Era; Functions / Worn Items / Jewellery; Functions / Worn Items / Jewellery / Bracelets; Market / Jewellery / Standard Jewellery,Holdable; Wear_Bracelet; Destroyable_HeavyMetal,Jewellery and devotional work,Silversmithing,Renaissance personal adornment catalogue; culture admission Renaissance and Early Modern common; availability Renaissance / Early Modern. Description is form-led and makes no unsupported devotional or mechanical claim.
renaissance_jewellery_common_armlet_157,Renaissance,Renaissance / Early Modern,Jewellery & devotional,personal adornment,Renaissance and Early Modern common,armlet,a star silver armlet,silver,Tiny,VeryGood,34,35,Era / Renaissance Era; Functions / Worn Items / Jewellery; Functions / Worn Items / Jewellery / Armlets; Market / Jewellery / Standard Jewellery,Holdable; Wear_Armlet; Destroyable_HeavyMetal,Jewellery and devotional work,Silversmithing,Renaissance personal adornment catalogue; culture admission Renaissance and Early Modern common; availability Renaissance / Early Modern. Description is form-led and makes no unsupported devotional or mechanical claim.
renaissance_jewellery_common_anklet_158,Renaissance,Renaissance / Early Modern,Jewellery & devotional,personal adornment,Renaissance and Early Modern common,anklet,a bird gold anklet,gold,Tiny,Good,41,44,Era / Renaissance Era; Functions / Worn Items / Jewellery; Functions / Worn Items / Jewellery / Anklets; Market / Jewellery / Standard Jewellery,Holdable; Wear_Anklet; Destroyable_HeavyMetal,Jewellery and devotional work,Silversmithing,Renaissance personal adornment catalogue; culture admission Renaissance and Early Modern common; availability Renaissance / Early Modern. Description is form-led and makes no unsupported devotional or mechanical claim.
renaissance_jewellery_common_earrings_159,Renaissance,Renaissance / Early Modern,Jewellery & devotional,personal adornment,Renaissance and Early Modern common,earrings,a vine brass earrings,brass,Tiny,Standard,48,53,Era / Renaissance Era; Functions / Worn Items / Jewellery; Functions / Worn Items / Jewellery / Earrings; Market / Jewellery / Standard Jewellery,Holdable; Wear_Earrings; Destroyable_HeavyMetal,Jewellery and devotional work,Silversmithing,Renaissance personal adornment catalogue; culture admission Renaissance and Early Modern common; availability Renaissance / Early Modern. Description is form-led and makes no unsupported devotional or mechanical claim.
renaissance_jewellery_common_brooch_160,Renaissance,Renaissance / Early Modern,Jewellery & devotional,personal adornment,Renaissance and Early Modern common,brooch,a geometric glass brooch,glass,Tiny,Poor,55,62,Era / Renaissance Era; Functions / Worn Items / Jewellery; Functions / Worn Items / Jewellery / Brooches; Market / Jewellery / Standard Jewellery,Holdable; Wear_Brooch; Destroyable_Glassware,Jewellery and devotional work,Glassworking,Renaissance personal adornment catalogue; culture admission Renaissance and Early Modern common; availability Renaissance / Early Modern. Description is form-led and makes no unsupported devotional or mechanical claim.
renaissance_jewellery_common_pin_161,Renaissance,Renaissance / Early Modern,Jewellery & devotional,personal adornment,Renaissance and Early Modern common,pin,a cloud bone pin,bone,Tiny,Standard,62,71,Era / Renaissance Era; Functions / Worn Items / Jewellery; Functions / Worn Items / Jewellery / Pins; Market / Jewellery / Standard Jewellery,Holdable; Wear_Pin; Destroyable_Misc,Jewellery and devotional work,Scrimshawing,Renaissance personal adornment catalogue; culture admission Renaissance and Early Modern common; availability Renaissance / Early Modern. Description is form-led and makes no unsupported devotional or mechanical claim.
renaissance_jewellery_common_hairpin_162,Renaissance,Renaissance / Early Modern,Jewellery & devotional,personal adornment,Renaissance and Early Modern common,hairpin,a shell shell hairpin,shell,Tiny,Good,69,80,Era / Renaissance Era; Functions / Worn Items / Jewellery; Functions / Worn Items / Jewellery / Hair Ornaments; Market / Jewellery / Standard Jewellery,Holdable; Wear_Hairpin; Destroyable_Misc,Jewellery and devotional work,Scrimshawing,Renaissance personal adornment catalogue; culture admission Renaissance and Early Modern common; availability Renaissance / Early Modern. Description is form-led and makes no unsupported devotional or mechanical claim.
renaissance_jewellery_common_circlet_163,Renaissance,Renaissance / Early Modern,Jewellery & devotional,personal adornment,Renaissance and Early Modern common,circlet,a reed ivory circlet,ivory,Tiny,Good,76,89,Era / Renaissance Era; Functions / Worn Items / Jewellery; Functions / Worn Items / Jewellery / Circlets; Market / Jewellery / Standard Jewellery,Holdable; Wear_Circlet; Destroyable_Misc,Jewellery and devotional work,Scrimshawing,Renaissance personal adornment catalogue; culture admission Renaissance and Early Modern common; availability Renaissance / Early Modern. Description is form-led and makes no unsupported devotional or mechanical claim.
renaissance_jewellery_common_diadem_164,Renaissance,Renaissance / Early Modern,Jewellery & devotional,personal adornment,Renaissance and Early Modern common,diadem,a rosette pearl diadem,pearl,Tiny,Standard,83,98,Era / Renaissance Era; Functions / Worn Items / Jewellery; Functions / Worn Items / Jewellery / Diadems; Market / Jewellery / Standard Jewellery,Holdable; Wear_Diadem; Destroyable_Misc,Jewellery and devotional work,Gemcraft,Renaissance personal adornment catalogue; culture admission Renaissance and Early Modern common; availability Renaissance / Early Modern. Description is form-led and makes no unsupported devotional or mechanical claim.
renaissance_jewellery_common_waist_chain_165,Renaissance,Renaissance / Early Modern,Jewellery & devotional,personal adornment,Renaissance and Early Modern common,waist chain,a checker amber waist chain,amber,Tiny,VeryGood,90,107,Era / Renaissance Era; Functions / Worn Items / Jewellery; Functions / Worn Items / Jewellery / Waist Chains; Market / Jewellery / Standard Jewellery,Holdable; Wear_Waist_Chain; Destroyable_Misc,Jewellery and devotional work,Gemcraft,Renaissance personal adornment catalogue; culture admission Renaissance and Early Modern common; availability Renaissance / Early Modern. Description is form-led and makes no unsupported devotional or mechanical claim.
renaissance_jewellery_common_belt_ornament_166,Renaissance,Renaissance / Early Modern,Jewellery & devotional,personal adornment,Renaissance and Early Modern common,belt ornament,a braided coral belt ornament,coral,Tiny,Good,20,116,Era / Renaissance Era; Functions / Worn Items / Jewellery; Functions / Worn Items / Jewellery / Belt Ornaments; Market / Jewellery / Standard Jewellery,Holdable; Wear_Belt_Ornament; Destroyable_Misc,Jewellery and devotional work,Scrimshawing,Renaissance personal adornment catalogue; culture admission Renaissance and Early Modern common; availability Renaissance / Early Modern. Description is form-led and makes no unsupported devotional or mechanical claim.
renaissance_jewellery_common_badge_167,Renaissance,Renaissance / Early Modern,Jewellery & devotional,personal adornment,Renaissance and Early Modern common,badge,a radiating garnet badge,garnet,Tiny,Standard,27,125,Era / Renaissance Era; Functions / Worn Items / Jewellery; Functions / Worn Items / Jewellery / Badges; Market / Jewellery / Standard Jewellery,Holdable; Wear_Badge; Destroyable_Misc,Jewellery and devotional work,Gemcraft,Renaissance personal adornment catalogue; culture admission Renaissance and Early Modern common; availability Renaissance / Early Modern. Description is form-led and makes no unsupported devotional or mechanical claim.
renaissance_jewellery_common_temple_ring_168,Renaissance,Renaissance / Early Modern,Jewellery & devotional,personal adornment,Renaissance and Early Modern common,temple ring,a leaf-scroll agate temple ring,agate,Tiny,Poor,34,134,Era / Renaissance Era; Functions / Worn Items / Jewellery; Functions / Worn Items / Jewellery / Temple Rings; Market / Jewellery / Standard Jewellery,Holdable; Wear_Temple_Rings; Destroyable_Misc,Jewellery and devotional work,Gemcraft,Renaissance personal adornment catalogue; culture admission Renaissance and Early Modern common; availability Renaissance / Early Modern. Description is form-led and makes no unsupported devotional or mechanical claim.
renaissance_jewellery_common_torc_169,Renaissance,Renaissance / Early Modern,Jewellery & devotional,personal adornment,Renaissance and Early Modern common,torc,a sunburst carnelian torc,carnelian,Tiny,Standard,41,143,Era / Renaissance Era; Functions / Worn Items / Jewellery; Functions / Worn Items / Jewellery / Torcs; Market / Jewellery / Standard Jewellery,Holdable; Wear_Torc; Destroyable_Misc,Jewellery and devotional work,Gemcraft,Renaissance personal adornment catalogue; culture admission Renaissance and Early Modern common; availability Renaissance / Early Modern. Description is form-led and makes no unsupported devotional or mechanical claim.
renaissance_jewellery_common_wreath_170,Renaissance,Renaissance / Early Modern,Jewellery & devotional,personal adornment,Renaissance and Early Modern common,wreath,a water-wave lapis lazuli wreath,lapis lazuli,Tiny,Good,48,152,Era / Renaissance Era; Functions / Worn Items / Jewellery; Functions / Worn Items / Jewellery / Wreaths; Market / Jewellery / Standard Jewellery,Holdable; Wear_Wreath; Destroyable_Misc,Jewellery and devotional work,Gemcraft,Renaissance personal adornment catalogue; culture admission Renaissance and Early Modern common; availability Renaissance / Early Modern. Description is form-led and makes no unsupported devotional or mechanical claim.
renaissance_jewellery_common_prayer_beads_171,Renaissance,Renaissance / Early Modern,Jewellery & devotional,personal devotional,Renaissance and Early Modern common,prayer bead strand,a knotted turquoise prayer bead strand,turquoise,Tiny,Good,55,8,Era / Renaissance Era; Functions / Worn Items / Jewellery; Functions / Worn Items / Jewellery / Bead Strings; Market / Jewellery / Standard Jewellery; Functions / Household Items / Household Religious Items; Market / Religious Goods / Devotional Goods,Holdable; Wear_Necklace; Destroyable_Misc,Jewellery and devotional work,Gemcraft,Renaissance personal devotional catalogue; culture admission Renaissance and Early Modern common; availability Renaissance / Early Modern. Description is form-led and makes no unsupported devotional or mechanical claim.
renaissance_jewellery_common_devotional_medal_172,Renaissance,Renaissance / Early Modern,Jewellery & devotional,personal devotional,Renaissance and Early Modern common,devotional medal,a flower-head jade devotional medal,jade,Tiny,Standard,62,17,Era / Renaissance Era; Functions / Worn Items / Jewellery; Functions / Worn Items / Jewellery / Pendants; Market / Jewellery / Standard Jewellery; Functions / Household Items / Household Religious Items; Market / Religious Goods / Devotional Goods,Holdable; Wear_Necklace; Destroyable_Misc,Jewellery and devotional work,Gemcraft,Renaissance personal devotional catalogue; culture admission Renaissance and Early Modern common; availability Renaissance / Early Modern. Description is form-led and makes no unsupported devotional or mechanical claim.
renaissance_jewellery_common_devotional_badge_173,Renaissance,Renaissance / Early Modern,Jewellery & devotional,personal devotional,Renaissance and Early Modern common,devotional badge,a star quartz devotional badge,quartz,Tiny,VeryGood,69,26,Era / Renaissance Era; Functions / Worn Items / Jewellery; Functions / Worn Items / Jewellery / Badges; Market / Jewellery / Standard Jewellery; Functions / Household Items / Household Religious Items; Market / Religious Goods / Devotional Goods,Holdable; Wear_Badge; Destroyable_Misc,Jewellery and devotional work,Gemcraft,Renaissance personal devotional catalogue; culture admission Renaissance and Early Modern common; availability Renaissance / Early Modern. Description is form-led and makes no unsupported devotional or mechanical claim.
renaissance_jewellery_common_prayer_cord_174,Renaissance,Renaissance / Early Modern,Jewellery & devotional,personal devotional,Renaissance and Early Modern common,prayer cord,a bird linen prayer cord,linen,Tiny,Good,76,35,Era / Renaissance Era; Functions / Worn Items / Jewellery; Functions / Worn Items / Jewellery / Neck Garlands; Market / Jewellery / Standard Jewellery; Functions / Household Items / Household Religious Items; Market / Religious Goods / Devotional Goods,Holdable; Wear_Neck_Garland; Destroyable_Clothing,Jewellery and devotional work,Weaving,Renaissance personal devotional catalogue; culture admission Renaissance and Early Modern common; availability Renaissance / Early Modern. Description is form-led and makes no unsupported devotional or mechanical claim.
renaissance_jewellery_common_votive_token_175,Renaissance,Renaissance / Early Modern,Jewellery & devotional,institutional devotional,Renaissance and Early Modern common,votive token,a vine pewter votive token,pewter,Small,Standard,83,44,Era / Renaissance Era; Functions / Household Items / Household Religious Items; Market / Religious Goods / Devotional Goods,Holdable; Destroyable_HeavyMetal,Jewellery and devotional work,Silversmithing,Renaissance institutional devotional catalogue; culture admission Renaissance and Early Modern common; availability Renaissance / Early Modern. Description is form-led and makes no unsupported devotional or mechanical claim.
renaissance_jewellery_common_scripture_box_176,Renaissance,Renaissance / Early Modern,Jewellery & devotional,institutional devotional,Renaissance and Early Modern common,small scripture box,a geometric copper small scripture box,copper,Small,Poor,90,53,Era / Renaissance Era; Functions / Household Items / Household Religious Items; Market / Religious Goods / Devotional Goods,Holdable; Destroyable_HeavyMetal,Jewellery and devotional work,Silversmithing,Renaissance institutional devotional catalogue; culture admission Renaissance and Early Modern common; availability Renaissance / Early Modern. Description is form-led and makes no unsupported devotional or mechanical claim.
renaissance_jewellery_common_offering_bowl_177,Renaissance,Renaissance / Early Modern,Jewellery & devotional,institutional devotional,Renaissance and Early Modern common,offering bowl,a cloud bronze offering bowl,bronze,Small,Standard,20,62,Era / Renaissance Era; Functions / Household Items / Household Religious Items; Market / Religious Goods / Devotional Goods,Holdable; Destroyable_HeavyMetal,Jewellery and devotional work,Silversmithing,Renaissance institutional devotional catalogue; culture admission Renaissance and Early Modern common; availability Renaissance / Early Modern. Description is form-led and makes no unsupported devotional or mechanical claim.
renaissance_jewellery_common_incense_holder_178,Renaissance,Renaissance / Early Modern,Jewellery & devotional,institutional devotional,Renaissance and Early Modern common,incense holder,a shell brass incense holder,brass,Small,Good,27,71,Era / Renaissance Era; Functions / Household Items / Household Religious Items; Market / Religious Goods / Devotional Goods,Holdable; Destroyable_HeavyMetal,Jewellery and devotional work,Silversmithing,Renaissance institutional devotional catalogue; culture admission Renaissance and Early Modern common; availability Renaissance / Early Modern. Description is form-led and makes no unsupported devotional or mechanical claim.
renaissance_jewellery_common_portable_panel_179,Renaissance,Renaissance / Early Modern,Jewellery & devotional,institutional devotional,Renaissance and Early Modern common,small devotional panel,a reed wood small devotional panel,wood,Small,Good,34,80,Era / Renaissance Era; Functions / Household Items / Household Religious Items; Market / Religious Goods / Devotional Goods,Holdable; Destroyable_Misc,Jewellery and devotional work,Carpentry,Renaissance institutional devotional catalogue; culture admission Renaissance and Early Modern common; availability Renaissance / Early Modern. Description is form-led and makes no unsupported devotional or mechanical claim.
renaissance_jewellery_common_processional_ornament_180,Renaissance,Renaissance / Early Modern,Jewellery & devotional,institutional devotional,Renaissance and Early Modern common,processional ornament,a rosette pewter processional ornament,pewter,Small,Standard,41,89,Era / Renaissance Era; Functions / Household Items / Household Religious Items; Market / Religious Goods / Devotional Goods,Holdable; Destroyable_HeavyMetal,Jewellery and devotional work,Silversmithing,Renaissance institutional devotional catalogue; culture admission Renaissance and Early Modern common; availability Renaissance / Early Modern. Description is form-led and makes no unsupported devotional or mechanical claim.
renaissance_jewellery_common_ring_181,Renaissance,Renaissance / Early Modern,Jewellery & devotional,personal adornment,Renaissance and Early Modern common,ring,a checker glass ring,glass,Tiny,VeryGood,48,98,Era / Renaissance Era; Functions / Worn Items / Jewellery; Functions / Worn Items / Jewellery / Rings; Market / Jewellery / Standard Jewellery,Holdable; Wear_Ring; Destroyable_Glassware,Jewellery and devotional work,Glassworking,Renaissance personal adornment catalogue; culture admission Renaissance and Early Modern common; availability Renaissance / Early Modern. Description is form-led and makes no unsupported devotional or mechanical claim.
renaissance_jewellery_common_signet_ring_182,Renaissance,Renaissance / Early Modern,Jewellery & devotional,personal adornment,Renaissance and Early Modern common,ring,a braided bone ring,bone,Tiny,VeryGood,55,107,Era / Renaissance Era; Functions / Worn Items / Jewellery; Functions / Worn Items / Jewellery / Rings; Market / Jewellery / Standard Jewellery,Holdable; Wear_Ring; Destroyable_Misc,Jewellery and devotional work,Scrimshawing,Renaissance personal adornment catalogue; culture admission Renaissance and Early Modern common; availability Renaissance / Early Modern. Description is form-led and makes no unsupported devotional or mechanical claim.
renaissance_jewellery_common_pendant_183,Renaissance,Renaissance / Early Modern,Jewellery & devotional,personal adornment,Renaissance and Early Modern common,pendant,a radiating shell pendant,shell,Tiny,Standard,62,116,Era / Renaissance Era; Functions / Worn Items / Jewellery; Functions / Worn Items / Jewellery / Pendants; Market / Jewellery / Standard Jewellery,Holdable; Wear_Necklace; Destroyable_Misc,Jewellery and devotional work,Scrimshawing,Renaissance personal adornment catalogue; culture admission Renaissance and Early Modern common; availability Renaissance / Early Modern. Description is form-led and makes no unsupported devotional or mechanical claim.
renaissance_jewellery_common_bead_necklace_184,Renaissance,Renaissance / Early Modern,Jewellery & devotional,personal adornment,Renaissance and Early Modern common,necklace,a leaf-scroll ivory necklace,ivory,Tiny,Poor,69,125,Era / Renaissance Era; Functions / Worn Items / Jewellery; Functions / Worn Items / Jewellery / Bead Strings; Market / Jewellery / Standard Jewellery,Holdable; Wear_Necklace; Destroyable_Misc,Jewellery and devotional work,Scrimshawing,Renaissance personal adornment catalogue; culture admission Renaissance and Early Modern common; availability Renaissance / Early Modern. Description is form-led and makes no unsupported devotional or mechanical claim.
renaissance_jewellery_common_chain_necklace_185,Renaissance,Renaissance / Early Modern,Jewellery & devotional,personal adornment,Renaissance and Early Modern common,necklace,a sunburst pearl necklace,pearl,Tiny,Standard,76,134,Era / Renaissance Era; Functions / Worn Items / Jewellery; Functions / Worn Items / Jewellery / Necklaces; Market / Jewellery / Standard Jewellery,Holdable; Wear_Necklace; Destroyable_Misc,Jewellery and devotional work,Gemcraft,Renaissance personal adornment catalogue; culture admission Renaissance and Early Modern common; availability Renaissance / Early Modern. Description is form-led and makes no unsupported devotional or mechanical claim.
renaissance_jewellery_common_bracelet_186,Renaissance,Renaissance / Early Modern,Jewellery & devotional,personal adornment,Renaissance and Early Modern common,bracelet,a water-wave amber bracelet,amber,Tiny,Good,83,143,Era / Renaissance Era; Functions / Worn Items / Jewellery; Functions / Worn Items / Jewellery / Bracelets; Market / Jewellery / Standard Jewellery,Holdable; Wear_Bracelet; Destroyable_Misc,Jewellery and devotional work,Gemcraft,Renaissance personal adornment catalogue; culture admission Renaissance and Early Modern common; availability Renaissance / Early Modern. Description is form-led and makes no unsupported devotional or mechanical claim.
renaissance_jewellery_common_armlet_187,Renaissance,Renaissance / Early Modern,Jewellery & devotional,personal adornment,Renaissance and Early Modern common,armlet,a knotted coral armlet,coral,Tiny,Good,90,152,Era / Renaissance Era; Functions / Worn Items / Jewellery; Functions / Worn Items / Jewellery / Armlets; Market / Jewellery / Standard Jewellery,Holdable; Wear_Armlet; Destroyable_Misc,Jewellery and devotional work,Scrimshawing,Renaissance personal adornment catalogue; culture admission Renaissance and Early Modern common; availability Renaissance / Early Modern. Description is form-led and makes no unsupported devotional or mechanical claim.
renaissance_jewellery_common_anklet_188,Renaissance,Renaissance / Early Modern,Jewellery & devotional,personal adornment,Renaissance and Early Modern common,anklet,a flower-head garnet anklet,garnet,Tiny,Standard,20,8,Era / Renaissance Era; Functions / Worn Items / Jewellery; Functions / Worn Items / Jewellery / Anklets; Market / Jewellery / Standard Jewellery,Holdable; Wear_Anklet; Destroyable_Misc,Jewellery and devotional work,Gemcraft,Renaissance personal adornment catalogue; culture admission Renaissance and Early Modern common; availability Renaissance / Early Modern. Description is form-led and makes no unsupported devotional or mechanical claim.
renaissance_jewellery_common_earrings_189,Renaissance,Renaissance / Early Modern,Jewellery & devotional,personal adornment,Renaissance and Early Modern common,earrings,a star agate earrings,agate,Tiny,VeryGood,27,17,Era / Renaissance Era; Functions / Worn Items / Jewellery; Functions / Worn Items / Jewellery / Earrings; Market / Jewellery / Standard Jewellery,Holdable; Wear_Earrings; Destroyable_Misc,Jewellery and devotional work,Gemcraft,Renaissance personal adornment catalogue; culture admission Renaissance and Early Modern common; availability Renaissance / Early Modern. Description is form-led and makes no unsupported devotional or mechanical claim.
renaissance_jewellery_common_brooch_190,Renaissance,Renaissance / Early Modern,Jewellery & devotional,personal adornment,Renaissance and Early Modern common,brooch,a bird carnelian brooch,carnelian,Tiny,Good,34,26,Era / Renaissance Era; Functions / Worn Items / Jewellery; Functions / Worn Items / Jewellery / Brooches; Market / Jewellery / Standard Jewellery,Holdable; Wear_Brooch; Destroyable_Misc,Jewellery and devotional work,Gemcraft,Renaissance personal adornment catalogue; culture admission Renaissance and Early Modern common; availability Renaissance / Early Modern. Description is form-led and makes no unsupported devotional or mechanical claim.
renaissance_jewellery_common_pin_191,Renaissance,Renaissance / Early Modern,Jewellery & devotional,personal adornment,Renaissance and Early Modern common,pin,a vine lapis lazuli pin,lapis lazuli,Tiny,Standard,41,35,Era / Renaissance Era; Functions / Worn Items / Jewellery; Functions / Worn Items / Jewellery / Pins; Market / Jewellery / Standard Jewellery,Holdable; Wear_Pin; Destroyable_Misc,Jewellery and devotional work,Gemcraft,Renaissance personal adornment catalogue; culture admission Renaissance and Early Modern common; availability Renaissance / Early Modern. Description is form-led and makes no unsupported devotional or mechanical claim.
renaissance_jewellery_common_hairpin_192,Renaissance,Renaissance / Early Modern,Jewellery & devotional,personal adornment,Renaissance and Early Modern common,hairpin,a geometric turquoise hairpin,turquoise,Tiny,Poor,48,44,Era / Renaissance Era; Functions / Worn Items / Jewellery; Functions / Worn Items / Jewellery / Hair Ornaments; Market / Jewellery / Standard Jewellery,Holdable; Wear_Hairpin; Destroyable_Misc,Jewellery and devotional work,Gemcraft,Renaissance personal adornment catalogue; culture admission Renaissance and Early Modern common; availability Renaissance / Early Modern. Description is form-led and makes no unsupported devotional or mechanical claim.
renaissance_jewellery_common_circlet_193,Renaissance,Renaissance / Early Modern,Jewellery & devotional,personal adornment,Renaissance and Early Modern common,circlet,a cloud jade circlet,jade,Tiny,Standard,55,53,Era / Renaissance Era; Functions / Worn Items / Jewellery; Functions / Worn Items / Jewellery / Circlets; Market / Jewellery / Standard Jewellery,Holdable; Wear_Circlet; Destroyable_Misc,Jewellery and devotional work,Gemcraft,Renaissance personal adornment catalogue; culture admission Renaissance and Early Modern common; availability Renaissance / Early Modern. Description is form-led and makes no unsupported devotional or mechanical claim.
renaissance_jewellery_common_diadem_194,Renaissance,Renaissance / Early Modern,Jewellery & devotional,personal adornment,Renaissance and Early Modern common,diadem,a shell quartz diadem,quartz,Tiny,Good,62,62,Era / Renaissance Era; Functions / Worn Items / Jewellery; Functions / Worn Items / Jewellery / Diadems; Market / Jewellery / Standard Jewellery,Holdable; Wear_Diadem; Destroyable_Misc,Jewellery and devotional work,Gemcraft,Renaissance personal adornment catalogue; culture admission Renaissance and Early Modern common; availability Renaissance / Early Modern. Description is form-led and makes no unsupported devotional or mechanical claim.
renaissance_jewellery_common_waist_chain_195,Renaissance,Renaissance / Early Modern,Jewellery & devotional,personal adornment,Renaissance and Early Modern common,waist chain,a reed faience waist chain,faience,Tiny,Good,69,71,Era / Renaissance Era; Functions / Worn Items / Jewellery; Functions / Worn Items / Jewellery / Waist Chains; Market / Jewellery / Standard Jewellery,Holdable; Wear_Waist_Chain; Destroyable_Glassware,Jewellery and devotional work,Glassworking,Renaissance personal adornment catalogue; culture admission Renaissance and Early Modern common; availability Renaissance / Early Modern. Description is form-led and makes no unsupported devotional or mechanical claim.
renaissance_jewellery_common_belt_ornament_196,Renaissance,Renaissance / Early Modern,Jewellery & devotional,personal adornment,Renaissance and Early Modern common,belt ornament,a rosette pewter belt ornament,pewter,Tiny,Standard,76,80,Era / Renaissance Era; Functions / Worn Items / Jewellery; Functions / Worn Items / Jewellery / Belt Ornaments; Market / Jewellery / Standard Jewellery,Holdable; Wear_Belt_Ornament; Destroyable_HeavyMetal,Jewellery and devotional work,Silversmithing,Renaissance personal adornment catalogue; culture admission Renaissance and Early Modern common; availability Renaissance / Early Modern. Description is form-led and makes no unsupported devotional or mechanical claim.
renaissance_jewellery_common_badge_197,Renaissance,Renaissance / Early Modern,Jewellery & devotional,personal adornment,Renaissance and Early Modern common,badge,a checker copper badge,copper,Tiny,VeryGood,83,89,Era / Renaissance Era; Functions / Worn Items / Jewellery; Functions / Worn Items / Jewellery / Badges; Market / Jewellery / Standard Jewellery,Holdable; Wear_Badge; Destroyable_HeavyMetal,Jewellery and devotional work,Silversmithing,Renaissance personal adornment catalogue; culture admission Renaissance and Early Modern common; availability Renaissance / Early Modern. Description is form-led and makes no unsupported devotional or mechanical claim.
renaissance_jewellery_common_temple_ring_198,Renaissance,Renaissance / Early Modern,Jewellery & devotional,personal adornment,Renaissance and Early Modern common,temple ring,a braided bronze temple ring,bronze,Tiny,Good,90,98,Era / Renaissance Era; Functions / Worn Items / Jewellery; Functions / Worn Items / Jewellery / Temple Rings; Market / Jewellery / Standard Jewellery,Holdable; Wear_Temple_Rings; Destroyable_HeavyMetal,Jewellery and devotional work,Silversmithing,Renaissance personal adornment catalogue; culture admission Renaissance and Early Modern common; availability Renaissance / Early Modern. Description is form-led and makes no unsupported devotional or mechanical claim.
renaissance_jewellery_common_torc_199,Renaissance,Renaissance / Early Modern,Jewellery & devotional,personal adornment,Renaissance and Early Modern common,torc,a radiating silver torc,silver,Tiny,Standard,20,107,Era / Renaissance Era; Functions / Worn Items / Jewellery; Functions / Worn Items / Jewellery / Torcs; Market / Jewellery / Standard Jewellery,Holdable; Wear_Torc; Destroyable_HeavyMetal,Jewellery and devotional work,Silversmithing,Renaissance personal adornment catalogue; culture admission Renaissance and Early Modern common; availability Renaissance / Early Modern. Description is form-led and makes no unsupported devotional or mechanical claim.
renaissance_jewellery_common_wreath_200,Renaissance,Renaissance / Early Modern,Jewellery & devotional,personal adornment,Renaissance and Early Modern common,wreath,a leaf-scroll gold wreath,gold,Tiny,Poor,27,116,Era / Renaissance Era; Functions / Worn Items / Jewellery; Functions / Worn Items / Jewellery / Wreaths; Market / Jewellery / Standard Jewellery,Holdable; Wear_Wreath; Destroyable_HeavyMetal,Jewellery and devotional work,Silversmithing,Renaissance personal adornment catalogue; culture admission Renaissance and Early Modern common; availability Renaissance / Early Modern. Description is form-led and makes no unsupported devotional or mechanical claim.
renaissance_jewellery_common_prayer_beads_201,Renaissance,Renaissance / Early Modern,Jewellery & devotional,personal devotional,Renaissance and Early Modern common,prayer bead strand,a sunburst brass prayer bead strand,brass,Tiny,Standard,34,125,Era / Renaissance Era; Functions / Worn Items / Jewellery; Functions / Worn Items / Jewellery / Bead Strings; Market / Jewellery / Standard Jewellery; Functions / Household Items / Household Religious Items; Market / Religious Goods / Devotional Goods,Holdable; Wear_Necklace; Destroyable_HeavyMetal,Jewellery and devotional work,Silversmithing,Renaissance personal devotional catalogue; culture admission Renaissance and Early Modern common; availability Renaissance / Early Modern. Description is form-led and makes no unsupported devotional or mechanical claim.
renaissance_jewellery_common_devotional_medal_202,Renaissance,Renaissance / Early Modern,Jewellery & devotional,personal devotional,Renaissance and Early Modern common,devotional medal,a water-wave glass devotional medal,glass,Tiny,Good,41,134,Era / Renaissance Era; Functions / Worn Items / Jewellery; Functions / Worn Items / Jewellery / Pendants; Market / Jewellery / Standard Jewellery; Functions / Household Items / Household Religious Items; Market / Religious Goods / Devotional Goods,Holdable; Wear_Necklace; Destroyable_Glassware,Jewellery and devotional work,Glassworking,Renaissance personal devotional catalogue; culture admission Renaissance and Early Modern common; availability Renaissance / Early Modern. Description is form-led and makes no unsupported devotional or mechanical claim.
renaissance_jewellery_common_devotional_badge_203,Renaissance,Renaissance / Early Modern,Jewellery & devotional,personal devotional,Renaissance and Early Modern common,devotional badge,a knotted bone devotional badge,bone,Tiny,Good,48,143,Era / Renaissance Era; Functions / Worn Items / Jewellery; Functions / Worn Items / Jewellery / Badges; Market / Jewellery / Standard Jewellery; Functions / Household Items / Household Religious Items; Market / Religious Goods / Devotional Goods,Holdable; Wear_Badge; Destroyable_Misc,Jewellery and devotional work,Scrimshawing,Renaissance personal devotional catalogue; culture admission Renaissance and Early Modern common; availability Renaissance / Early Modern. Description is form-led and makes no unsupported devotional or mechanical claim.
renaissance_jewellery_common_prayer_cord_204,Renaissance,Renaissance / Early Modern,Jewellery & devotional,personal devotional,Renaissance and Early Modern common,prayer cord,a flower-head linen prayer cord,linen,Tiny,Standard,55,152,Era / Renaissance Era; Functions / Worn Items / Jewellery; Functions / Worn Items / Jewellery / Neck Garlands; Market / Jewellery / Standard Jewellery; Functions / Household Items / Household Religious Items; Market / Religious Goods / Devotional Goods,Holdable; Wear_Neck_Garland; Destroyable_Clothing,Jewellery and devotional work,Weaving,Renaissance personal devotional catalogue; culture admission Renaissance and Early Modern common; availability Renaissance / Early Modern. Description is form-led and makes no unsupported devotional or mechanical claim.
renaissance_jewellery_common_votive_token_205,Renaissance,Renaissance / Early Modern,Jewellery & devotional,institutional devotional,Renaissance and Early Modern common,votive token,a star ivory votive token,ivory,Small,VeryGood,62,8,Era / Renaissance Era; Functions / Household Items / Household Religious Items; Market / Religious Goods / Devotional Goods,Holdable; Destroyable_Misc,Jewellery and devotional work,Scrimshawing,Renaissance institutional devotional catalogue; culture admission Renaissance and Early Modern common; availability Renaissance / Early Modern. Description is form-led and makes no unsupported devotional or mechanical claim.
renaissance_jewellery_common_scripture_box_206,Renaissance,Renaissance / Early Modern,Jewellery & devotional,institutional devotional,Renaissance and Early Modern common,small scripture box,a bird pearl small scripture box,pearl,Small,Good,69,17,Era / Renaissance Era; Functions / Household Items / Household Religious Items; Market / Religious Goods / Devotional Goods,Holdable; Destroyable_Misc,Jewellery and devotional work,Gemcraft,Renaissance institutional devotional catalogue; culture admission Renaissance and Early Modern common; availability Renaissance / Early Modern. Description is form-led and makes no unsupported devotional or mechanical claim.
renaissance_jewellery_common_offering_bowl_207,Renaissance,Renaissance / Early Modern,Jewellery & devotional,institutional devotional,Renaissance and Early Modern common,offering bowl,a vine silver offering bowl,silver,Small,Standard,76,26,Era / Renaissance Era; Functions / Household Items / Household Religious Items; Market / Religious Goods / Devotional Goods,Holdable; Destroyable_HeavyMetal,Jewellery and devotional work,Silversmithing,Renaissance institutional devotional catalogue; culture admission Renaissance and Early Modern common; availability Renaissance / Early Modern. Description is form-led and makes no unsupported devotional or mechanical claim.
renaissance_jewellery_common_incense_holder_208,Renaissance,Renaissance / Early Modern,Jewellery & devotional,institutional devotional,Renaissance and Early Modern common,incense holder,a geometric pewter incense holder,pewter,Small,Poor,83,35,Era / Renaissance Era; Functions / Household Items / Household Religious Items; Market / Religious Goods / Devotional Goods,Holdable; Destroyable_HeavyMetal,Jewellery and devotional work,Silversmithing,Renaissance institutional devotional catalogue; culture admission Renaissance and Early Modern common; availability Renaissance / Early Modern. Description is form-led and makes no unsupported devotional or mechanical claim.
renaissance_jewellery_common_portable_panel_209,Renaissance,Renaissance / Early Modern,Jewellery & devotional,institutional devotional,Renaissance and Early Modern common,small devotional panel,a cloud wood small devotional panel,wood,Small,Standard,90,44,Era / Renaissance Era; Functions / Household Items / Household Religious Items; Market / Religious Goods / Devotional Goods,Holdable; Destroyable_Misc,Jewellery and devotional work,Carpentry,Renaissance institutional devotional catalogue; culture admission Renaissance and Early Modern common; availability Renaissance / Early Modern. Description is form-led and makes no unsupported devotional or mechanical claim.
renaissance_jewellery_common_processional_ornament_210,Renaissance,Renaissance / Early Modern,Jewellery & devotional,institutional devotional,Renaissance and Early Modern common,processional ornament,a shell brass processional ornament,brass,Small,Good,20,53,Era / Renaissance Era; Functions / Household Items / Household Religious Items; Market / Religious Goods / Devotional Goods,Holdable; Destroyable_HeavyMetal,Jewellery and devotional work,Silversmithing,Renaissance institutional devotional catalogue; culture admission Renaissance and Early Modern common; availability Renaissance / Early Modern. Description is form-led and makes no unsupported devotional or mechanical claim.
renaissance_jewellery_common_ring_211,Renaissance,Renaissance / Early Modern,Jewellery & devotional,personal adornment,Renaissance and Early Modern common,ring,a reed carnelian ring,carnelian,Tiny,Good,27,62,Era / Renaissance Era; Functions / Worn Items / Jewellery; Functions / Worn Items / Jewellery / Rings; Market / Jewellery / Standard Jewellery,Holdable; Wear_Ring; Destroyable_Misc,Jewellery and devotional work,Gemcraft,Renaissance personal adornment catalogue; culture admission Renaissance and Early Modern common; availability Renaissance / Early Modern. Description is form-led and makes no unsupported devotional or mechanical claim.
renaissance_jewellery_common_signet_ring_212,Renaissance,Renaissance / Early Modern,Jewellery & devotional,personal adornment,Renaissance and Early Modern common,ring,a rosette lapis lazuli ring,lapis lazuli,Tiny,VeryGood,34,71,Era / Renaissance Era; Functions / Worn Items / Jewellery; Functions / Worn Items / Jewellery / Rings; Market / Jewellery / Standard Jewellery,Holdable; Wear_Ring; Destroyable_Misc,Jewellery and devotional work,Gemcraft,Renaissance personal adornment catalogue; culture admission Renaissance and Early Modern common; availability Renaissance / Early Modern. Description is form-led and makes no unsupported devotional or mechanical claim.
renaissance_jewellery_common_pendant_213,Renaissance,Renaissance / Early Modern,Jewellery & devotional,personal adornment,Renaissance and Early Modern common,pendant,a checker turquoise pendant,turquoise,Tiny,VeryGood,41,80,Era / Renaissance Era; Functions / Worn Items / Jewellery; Functions / Worn Items / Jewellery / Pendants; Market / Jewellery / Standard Jewellery,Holdable; Wear_Necklace; Destroyable_Misc,Jewellery and devotional work,Gemcraft,Renaissance personal adornment catalogue; culture admission Renaissance and Early Modern common; availability Renaissance / Early Modern. Description is form-led and makes no unsupported devotional or mechanical claim.
renaissance_jewellery_common_bead_necklace_214,Renaissance,Renaissance / Early Modern,Jewellery & devotional,personal adornment,Renaissance and Early Modern common,necklace,a braided jade necklace,jade,Tiny,Good,48,89,Era / Renaissance Era; Functions / Worn Items / Jewellery; Functions / Worn Items / Jewellery / Bead Strings; Market / Jewellery / Standard Jewellery,Holdable; Wear_Necklace; Destroyable_Misc,Jewellery and devotional work,Gemcraft,Renaissance personal adornment catalogue; culture admission Renaissance and Early Modern common; availability Renaissance / Early Modern. Description is form-led and makes no unsupported devotional or mechanical claim.
renaissance_jewellery_common_chain_necklace_215,Renaissance,Renaissance / Early Modern,Jewellery & devotional,personal adornment,Renaissance and Early Modern common,necklace,a radiating quartz necklace,quartz,Tiny,Standard,55,98,Era / Renaissance Era; Functions / Worn Items / Jewellery; Functions / Worn Items / Jewellery / Necklaces; Market / Jewellery / Standard Jewellery,Holdable; Wear_Necklace; Destroyable_Misc,Jewellery and devotional work,Gemcraft,Renaissance personal adornment catalogue; culture admission Renaissance and Early Modern common; availability Renaissance / Early Modern. Description is form-led and makes no unsupported devotional or mechanical claim.
renaissance_jewellery_common_bracelet_216,Renaissance,Renaissance / Early Modern,Jewellery & devotional,personal adornment,Renaissance and Early Modern common,bracelet,a leaf-scroll faience bracelet,faience,Tiny,Poor,62,107,Era / Renaissance Era; Functions / Worn Items / Jewellery; Functions / Worn Items / Jewellery / Bracelets; Market / Jewellery / Standard Jewellery,Holdable; Wear_Bracelet; Destroyable_Glassware,Jewellery and devotional work,Glassworking,Renaissance personal adornment catalogue; culture admission Renaissance and Early Modern common; availability Renaissance / Early Modern. Description is form-led and makes no unsupported devotional or mechanical claim.
renaissance_jewellery_common_armlet_217,Renaissance,Renaissance / Early Modern,Jewellery & devotional,personal adornment,Renaissance and Early Modern common,armlet,a sunburst pewter armlet,pewter,Tiny,Standard,69,116,Era / Renaissance Era; Functions / Worn Items / Jewellery; Functions / Worn Items / Jewellery / Armlets; Market / Jewellery / Standard Jewellery,Holdable; Wear_Armlet; Destroyable_HeavyMetal,Jewellery and devotional work,Silversmithing,Renaissance personal adornment catalogue; culture admission Renaissance and Early Modern common; availability Renaissance / Early Modern. Description is form-led and makes no unsupported devotional or mechanical claim.
renaissance_jewellery_common_anklet_218,Renaissance,Renaissance / Early Modern,Jewellery & devotional,personal adornment,Renaissance and Early Modern common,anklet,a water-wave copper anklet,copper,Tiny,Good,76,125,Era / Renaissance Era; Functions / Worn Items / Jewellery; Functions / Worn Items / Jewellery / Anklets; Market / Jewellery / Standard Jewellery,Holdable; Wear_Anklet; Destroyable_HeavyMetal,Jewellery and devotional work,Silversmithing,Renaissance personal adornment catalogue; culture admission Renaissance and Early Modern common; availability Renaissance / Early Modern. Description is form-led and makes no unsupported devotional or mechanical claim.
renaissance_jewellery_common_earrings_219,Renaissance,Renaissance / Early Modern,Jewellery & devotional,personal adornment,Renaissance and Early Modern common,earrings,a knotted bronze earrings,bronze,Tiny,Good,83,134,Era / Renaissance Era; Functions / Worn Items / Jewellery; Functions / Worn Items / Jewellery / Earrings; Market / Jewellery / Standard Jewellery,Holdable; Wear_Earrings; Destroyable_HeavyMetal,Jewellery and devotional work,Silversmithing,Renaissance personal adornment catalogue; culture admission Renaissance and Early Modern common; availability Renaissance / Early Modern. Description is form-led and makes no unsupported devotional or mechanical claim.
renaissance_jewellery_common_brooch_220,Renaissance,Renaissance / Early Modern,Jewellery & devotional,personal adornment,Renaissance and Early Modern common,brooch,a flower-head silver brooch,silver,Tiny,Standard,90,143,Era / Renaissance Era; Functions / Worn Items / Jewellery; Functions / Worn Items / Jewellery / Brooches; Market / Jewellery / Standard Jewellery,Holdable; Wear_Brooch; Destroyable_HeavyMetal,Jewellery and devotional work,Silversmithing,Renaissance personal adornment catalogue; culture admission Renaissance and Early Modern common; availability Renaissance / Early Modern. Description is form-led and makes no unsupported devotional or mechanical claim.
renaissance_jewellery_wer_ring_01,Renaissance,Renaissance,Jewellery & devotional,personal adornment,Western European Renaissance,ring,a flower-head shell ring,shell,Tiny,Standard,20,8,Era / Renaissance Era; Functions / Worn Items / Jewellery; Functions / Worn Items / Jewellery / Rings; Market / Jewellery / Standard Jewellery; Culture / Renaissance / Shared / Western European Renaissance,Holdable; Wear_Ring; Destroyable_Misc,Jewellery and devotional work,Scrimshawing,Renaissance personal adornment catalogue; culture admission Western European Renaissance; availability Renaissance. Description is form-led and makes no unsupported devotional or mechanical claim.
renaissance_jewellery_wer_signet_ring_02,Renaissance,Renaissance,Jewellery & devotional,personal adornment,Western European Renaissance,ring,a star ivory ring,ivory,Tiny,VeryGood,27,17,Era / Renaissance Era; Functions / Worn Items / Jewellery; Functions / Worn Items / Jewellery / Rings; Market / Jewellery / Standard Jewellery; Culture / Renaissance / Shared / Western European Renaissance,Holdable; Wear_Ring; Destroyable_Misc,Jewellery and devotional work,Scrimshawing,Renaissance personal adornment catalogue; culture admission Western European Renaissance; availability Renaissance. Description is form-led and makes no unsupported devotional or mechanical claim.
renaissance_jewellery_wer_pendant_03,Renaissance,Renaissance,Jewellery & devotional,personal adornment,Western European Renaissance,pendant,a bird pearl pendant,pearl,Tiny,Good,34,26,Era / Renaissance Era; Functions / Worn Items / Jewellery; Functions / Worn Items / Jewellery / Pendants; Market / Jewellery / Standard Jewellery; Culture / Renaissance / Shared / Western European Renaissance,Holdable; Wear_Necklace; Destroyable_Misc,Jewellery and devotional work,Gemcraft,Renaissance personal adornment catalogue; culture admission Western European Renaissance; availability Renaissance. Description is form-led and makes no unsupported devotional or mechanical claim.
renaissance_jewellery_wer_bead_necklace_04,Renaissance,Renaissance,Jewellery & devotional,personal adornment,Western European Renaissance,necklace,a vine amber necklace,amber,Tiny,Standard,41,35,Era / Renaissance Era; Functions / Worn Items / Jewellery; Functions / Worn Items / Jewellery / Bead Strings; Market / Jewellery / Standard Jewellery; Culture / Renaissance / Shared / Western European Renaissance,Holdable; Wear_Necklace; Destroyable_Misc,Jewellery and devotional work,Gemcraft,Renaissance personal adornment catalogue; culture admission Western European Renaissance; availability Renaissance. Description is form-led and makes no unsupported devotional or mechanical claim.
renaissance_jewellery_wer_chain_necklace_05,Renaissance,Renaissance,Jewellery & devotional,personal adornment,Western European Renaissance,necklace,a geometric coral necklace,coral,Tiny,VeryGood,48,44,Era / Renaissance Era; Functions / Worn Items / Jewellery; Functions / Worn Items / Jewellery / Necklaces; Market / Jewellery / Standard Jewellery; Culture / Renaissance / Shared / Western European Renaissance,Holdable; Wear_Necklace; Destroyable_Misc,Jewellery and devotional work,Scrimshawing,Renaissance personal adornment catalogue; culture admission Western European Renaissance; availability Renaissance. Description is form-led and makes no unsupported devotional or mechanical claim.
renaissance_jewellery_wer_bracelet_06,Renaissance,Renaissance,Jewellery & devotional,personal adornment,Western European Renaissance,bracelet,a cloud garnet bracelet,garnet,Tiny,Good,55,53,Era / Renaissance Era; Functions / Worn Items / Jewellery; Functions / Worn Items / Jewellery / Bracelets; Market / Jewellery / Standard Jewellery; Culture / Renaissance / Shared / Western European Renaissance,Holdable; Wear_Bracelet; Destroyable_Misc,Jewellery and devotional work,Gemcraft,Renaissance personal adornment catalogue; culture admission Western European Renaissance; availability Renaissance. Description is form-led and makes no unsupported devotional or mechanical claim.
renaissance_jewellery_wer_armlet_07,Renaissance,Renaissance,Jewellery & devotional,personal adornment,Western European Renaissance,armlet,a shell agate armlet,agate,Tiny,Standard,62,62,Era / Renaissance Era; Functions / Worn Items / Jewellery; Functions / Worn Items / Jewellery / Armlets; Market / Jewellery / Standard Jewellery; Culture / Renaissance / Shared / Western European Renaissance,Holdable; Wear_Armlet; Destroyable_Misc,Jewellery and devotional work,Gemcraft,Renaissance personal adornment catalogue; culture admission Western European Renaissance; availability Renaissance. Description is form-led and makes no unsupported devotional or mechanical claim.
renaissance_jewellery_wer_anklet_08,Renaissance,Renaissance,Jewellery & devotional,personal adornment,Western European Renaissance,anklet,a reed carnelian anklet,carnelian,Tiny,Poor,69,71,Era / Renaissance Era; Functions / Worn Items / Jewellery; Functions / Worn Items / Jewellery / Anklets; Market / Jewellery / Standard Jewellery; Culture / Renaissance / Shared / Western European Renaissance,Holdable; Wear_Anklet; Destroyable_Misc,Jewellery and devotional work,Gemcraft,Renaissance personal adornment catalogue; culture admission Western European Renaissance; availability Renaissance. Description is form-led and makes no unsupported devotional or mechanical claim.
renaissance_jewellery_wer_earrings_09,Renaissance,Renaissance,Jewellery & devotional,personal adornment,Western European Renaissance,earrings,a rosette lapis lazuli earrings,lapis lazuli,Tiny,Standard,76,80,Era / Renaissance Era; Functions / Worn Items / Jewellery; Functions / Worn Items / Jewellery / Earrings; Market / Jewellery / Standard Jewellery; Culture / Renaissance / Shared / Western European Renaissance,Holdable; Wear_Earrings; Destroyable_Misc,Jewellery and devotional work,Gemcraft,Renaissance personal adornment catalogue; culture admission Western European Renaissance; availability Renaissance. Description is form-led and makes no unsupported devotional or mechanical claim.
renaissance_jewellery_wer_brooch_10,Renaissance,Renaissance,Jewellery & devotional,personal adornment,Western European Renaissance,brooch,a checker turquoise brooch,turquoise,Tiny,Good,83,89,Era / Renaissance Era; Functions / Worn Items / Jewellery; Functions / Worn Items / Jewellery / Brooches; Market / Jewellery / Standard Jewellery; Culture / Renaissance / Shared / Western European Renaissance,Holdable; Wear_Brooch; Destroyable_Misc,Jewellery and devotional work,Gemcraft,Renaissance personal adornment catalogue; culture admission Western European Renaissance; availability Renaissance. Description is form-led and makes no unsupported devotional or mechanical claim.
renaissance_jewellery_wer_pin_11,Renaissance,Renaissance,Jewellery & devotional,personal adornment,Western European Renaissance,pin,a braided jade pin,jade,Tiny,Good,90,98,Era / Renaissance Era; Functions / Worn Items / Jewellery; Functions / Worn Items / Jewellery / Pins; Market / Jewellery / Standard Jewellery; Culture / Renaissance / Shared / Western European Renaissance,Holdable; Wear_Pin; Destroyable_Misc,Jewellery and devotional work,Gemcraft,Renaissance personal adornment catalogue; culture admission Western European Renaissance; availability Renaissance. Description is form-led and makes no unsupported devotional or mechanical claim.
renaissance_jewellery_wer_hairpin_12,Renaissance,Renaissance,Jewellery & devotional,personal adornment,Western European Renaissance,hairpin,a radiating quartz hairpin,quartz,Tiny,Standard,20,107,Era / Renaissance Era; Functions / Worn Items / Jewellery; Functions / Worn Items / Jewellery / Hair Ornaments; Market / Jewellery / Standard Jewellery; Culture / Renaissance / Shared / Western European Renaissance,Holdable; Wear_Hairpin; Destroyable_Misc,Jewellery and devotional work,Gemcraft,Renaissance personal adornment catalogue; culture admission Western European Renaissance; availability Renaissance. Description is form-led and makes no unsupported devotional or mechanical claim.
renaissance_jewellery_wer_circlet_13,Renaissance,Renaissance,Jewellery & devotional,personal adornment,Western European Renaissance,circlet,a leaf-scroll faience circlet,faience,Tiny,VeryGood,27,116,Era / Renaissance Era; Functions / Worn Items / Jewellery; Functions / Worn Items / Jewellery / Circlets; Market / Jewellery / Standard Jewellery; Culture / Renaissance / Shared / Western European Renaissance,Holdable; Wear_Circlet; Destroyable_Glassware,Jewellery and devotional work,Glassworking,Renaissance personal adornment catalogue; culture admission Western European Renaissance; availability Renaissance. Description is form-led and makes no unsupported devotional or mechanical claim.
renaissance_jewellery_wer_diadem_14,Renaissance,Renaissance,Jewellery & devotional,personal adornment,Western European Renaissance,diadem,a sunburst pewter diadem,pewter,Tiny,Good,34,125,Era / Renaissance Era; Functions / Worn Items / Jewellery; Functions / Worn Items / Jewellery / Diadems; Market / Jewellery / Standard Jewellery; Culture / Renaissance / Shared / Western European Renaissance,Holdable; Wear_Diadem; Destroyable_HeavyMetal,Jewellery and devotional work,Silversmithing,Renaissance personal adornment catalogue; culture admission Western European Renaissance; availability Renaissance. Description is form-led and makes no unsupported devotional or mechanical claim.
renaissance_jewellery_wer_waist_chain_15,Renaissance,Renaissance,Jewellery & devotional,personal adornment,Western European Renaissance,waist chain,a water-wave copper waist chain,copper,Tiny,Standard,41,134,Era / Renaissance Era; Functions / Worn Items / Jewellery; Functions / Worn Items / Jewellery / Waist Chains; Market / Jewellery / Standard Jewellery; Culture / Renaissance / Shared / Western European Renaissance,Holdable; Wear_Waist_Chain; Destroyable_HeavyMetal,Jewellery and devotional work,Silversmithing,Renaissance personal adornment catalogue; culture admission Western European Renaissance; availability Renaissance. Description is form-led and makes no unsupported devotional or mechanical claim.
renaissance_jewellery_wer_belt_ornament_16,Renaissance,Renaissance,Jewellery & devotional,personal adornment,Western European Renaissance,belt ornament,a knotted bronze belt ornament,bronze,Tiny,Poor,48,143,Era / Renaissance Era; Functions / Worn Items / Jewellery; Functions / Worn Items / Jewellery / Belt Ornaments; Market / Jewellery / Standard Jewellery; Culture / Renaissance / Shared / Western European Renaissance,Holdable; Wear_Belt_Ornament; Destroyable_HeavyMetal,Jewellery and devotional work,Silversmithing,Renaissance personal adornment catalogue; culture admission Western European Renaissance; availability Renaissance. Description is form-led and makes no unsupported devotional or mechanical claim.
renaissance_jewellery_wer_badge_17,Renaissance,Renaissance,Jewellery & devotional,personal adornment,Western European Renaissance,badge,a flower-head silver badge,silver,Tiny,Standard,55,152,Era / Renaissance Era; Functions / Worn Items / Jewellery; Functions / Worn Items / Jewellery / Badges; Market / Jewellery / Standard Jewellery; Culture / Renaissance / Shared / Western European Renaissance,Holdable; Wear_Badge; Destroyable_HeavyMetal,Jewellery and devotional work,Silversmithing,Renaissance personal adornment catalogue; culture admission Western European Renaissance; availability Renaissance. Description is form-led and makes no unsupported devotional or mechanical claim.
renaissance_jewellery_wer_temple_ring_18,Renaissance,Renaissance,Jewellery & devotional,personal adornment,Western European Renaissance,temple ring,a star gold temple ring,gold,Tiny,Good,62,8,Era / Renaissance Era; Functions / Worn Items / Jewellery; Functions / Worn Items / Jewellery / Temple Rings; Market / Jewellery / Standard Jewellery; Culture / Renaissance / Shared / Western European Renaissance,Holdable; Wear_Temple_Rings; Destroyable_HeavyMetal,Jewellery and devotional work,Silversmithing,Renaissance personal adornment catalogue; culture admission Western European Renaissance; availability Renaissance. Description is form-led and makes no unsupported devotional or mechanical claim.
renaissance_jewellery_wer_torc_19,Renaissance,Renaissance,Jewellery & devotional,personal adornment,Western European Renaissance,torc,a bird brass torc,brass,Tiny,Good,69,17,Era / Renaissance Era; Functions / Worn Items / Jewellery; Functions / Worn Items / Jewellery / Torcs; Market / Jewellery / Standard Jewellery; Culture / Renaissance / Shared / Western European Renaissance,Holdable; Wear_Torc; Destroyable_HeavyMetal,Jewellery and devotional work,Silversmithing,Renaissance personal adornment catalogue; culture admission Western European Renaissance; availability Renaissance. Description is form-led and makes no unsupported devotional or mechanical claim.
renaissance_jewellery_wer_wreath_20,Renaissance,Renaissance,Jewellery & devotional,personal adornment,Western European Renaissance,wreath,a vine glass wreath,glass,Tiny,Standard,76,26,Era / Renaissance Era; Functions / Worn Items / Jewellery; Functions / Worn Items / Jewellery / Wreaths; Market / Jewellery / Standard Jewellery; Culture / Renaissance / Shared / Western European Renaissance,Holdable; Wear_Wreath; Destroyable_Glassware,Jewellery and devotional work,Glassworking,Renaissance personal adornment catalogue; culture admission Western European Renaissance; availability Renaissance. Description is form-led and makes no unsupported devotional or mechanical claim.
renaissance_jewellery_wer_prayer_beads_21,Renaissance,Renaissance,Jewellery & devotional,personal devotional,Western European Renaissance,prayer bead strand,a geometric bone prayer bead strand,bone,Tiny,VeryGood,83,35,Era / Renaissance Era; Functions / Worn Items / Jewellery; Functions / Worn Items / Jewellery / Bead Strings; Market / Jewellery / Standard Jewellery; Functions / Household Items / Household Religious Items; Market / Religious Goods / Devotional Goods; Culture / Renaissance / Shared / Western European Renaissance,Holdable; Wear_Necklace; Destroyable_Misc,Jewellery and devotional work,Scrimshawing,Renaissance personal devotional catalogue; culture admission Western European Renaissance; availability Renaissance. Description is form-led and makes no unsupported devotional or mechanical claim.
renaissance_jewellery_wer_devotional_medal_22,Renaissance,Renaissance,Jewellery & devotional,personal devotional,Western European Renaissance,devotional medal,a cloud shell devotional medal,shell,Tiny,Good,90,44,Era / Renaissance Era; Functions / Worn Items / Jewellery; Functions / Worn Items / Jewellery / Pendants; Market / Jewellery / Standard Jewellery; Functions / Household Items / Household Religious Items; Market / Religious Goods / Devotional Goods; Culture / Renaissance / Shared / Western European Renaissance,Holdable; Wear_Necklace; Destroyable_Misc,Jewellery and devotional work,Scrimshawing,Renaissance personal devotional catalogue; culture admission Western European Renaissance; availability Renaissance. Description is form-led and makes no unsupported devotional or mechanical claim.
renaissance_jewellery_wer_devotional_badge_23,Renaissance,Renaissance,Jewellery & devotional,personal devotional,Western European Renaissance,devotional badge,a shell ivory devotional badge,ivory,Tiny,Standard,20,53,Era / Renaissance Era; Functions / Worn Items / Jewellery; Functions / Worn Items / Jewellery / Badges; Market / Jewellery / Standard Jewellery; Functions / Household Items / Household Religious Items; Market / Religious Goods / Devotional Goods; Culture / Renaissance / Shared / Western European Renaissance,Holdable; Wear_Badge; Destroyable_Misc,Jewellery and devotional work,Scrimshawing,Renaissance personal devotional catalogue; culture admission Western European Renaissance; availability Renaissance. Description is form-led and makes no unsupported devotional or mechanical claim.
renaissance_jewellery_wer_prayer_cord_24,Renaissance,Renaissance,Jewellery & devotional,personal devotional,Western European Renaissance,prayer cord,a reed linen prayer cord,linen,Tiny,Poor,27,62,Era / Renaissance Era; Functions / Worn Items / Jewellery; Functions / Worn Items / Jewellery / Neck Garlands; Market / Jewellery / Standard Jewellery; Functions / Household Items / Household Religious Items; Market / Religious Goods / Devotional Goods; Culture / Renaissance / Shared / Western European Renaissance,Holdable; Wear_Neck_Garland; Destroyable_Clothing,Jewellery and devotional work,Weaving,Renaissance personal devotional catalogue; culture admission Western European Renaissance; availability Renaissance. Description is form-led and makes no unsupported devotional or mechanical claim.
renaissance_jewellery_wer_votive_token_25,Renaissance,Renaissance,Jewellery & devotional,institutional devotional,Western European Renaissance,votive token,a rosette amber votive token,amber,Small,Standard,34,71,Era / Renaissance Era; Functions / Household Items / Household Religious Items; Market / Religious Goods / Devotional Goods; Culture / Renaissance / Shared / Western European Renaissance,Holdable; Destroyable_Misc,Jewellery and devotional work,Gemcraft,Renaissance institutional devotional catalogue; culture admission Western European Renaissance; availability Renaissance. Description is form-led and makes no unsupported devotional or mechanical claim.
renaissance_jewellery_wer_scripture_box_26,Renaissance,Renaissance,Jewellery & devotional,institutional devotional,Western European Renaissance,small scripture box,a checker coral small scripture box,coral,Small,Good,41,80,Era / Renaissance Era; Functions / Household Items / Household Religious Items; Market / Religious Goods / Devotional Goods; Culture / Renaissance / Shared / Western European Renaissance,Holdable; Destroyable_Misc,Jewellery and devotional work,Scrimshawing,Renaissance institutional devotional catalogue; culture admission Western European Renaissance; availability Renaissance. Description is form-led and makes no unsupported devotional or mechanical claim.
renaissance_jewellery_wer_offering_bowl_27,Renaissance,Renaissance,Jewellery & devotional,institutional devotional,Western European Renaissance,offering bowl,a braided silver offering bowl,silver,Small,Good,48,89,Era / Renaissance Era; Functions / Household Items / Household Religious Items; Market / Religious Goods / Devotional Goods; Culture / Renaissance / Shared / Western European Renaissance,Holdable; Destroyable_HeavyMetal,Jewellery and devotional work,Silversmithing,Renaissance institutional devotional catalogue; culture admission Western European Renaissance; availability Renaissance. Description is form-led and makes no unsupported devotional or mechanical claim.
renaissance_jewellery_wer_incense_holder_28,Renaissance,Renaissance,Jewellery & devotional,institutional devotional,Western European Renaissance,incense holder,a radiating pewter incense holder,pewter,Small,Standard,55,98,Era / Renaissance Era; Functions / Household Items / Household Religious Items; Market / Religious Goods / Devotional Goods; Culture / Renaissance / Shared / Western European Renaissance,Holdable; Destroyable_HeavyMetal,Jewellery and devotional work,Silversmithing,Renaissance institutional devotional catalogue; culture admission Western European Renaissance; availability Renaissance. Description is form-led and makes no unsupported devotional or mechanical claim.
renaissance_jewellery_wer_portable_panel_29,Renaissance,Renaissance,Jewellery & devotional,institutional devotional,Western European Renaissance,small devotional panel,a leaf-scroll wood small devotional panel,wood,Small,VeryGood,62,107,Era / Renaissance Era; Functions / Household Items / Household Religious Items; Market / Religious Goods / Devotional Goods; Culture / Renaissance / Shared / Western European Renaissance,Holdable; Destroyable_Misc,Jewellery and devotional work,Carpentry,Renaissance institutional devotional catalogue; culture admission Western European Renaissance; availability Renaissance. Description is form-led and makes no unsupported devotional or mechanical claim.
renaissance_jewellery_wer_processional_ornament_30,Renaissance,Renaissance,Jewellery & devotional,institutional devotional,Western European Renaissance,processional ornament,a sunburst brass processional ornament,brass,Small,Good,69,116,Era / Renaissance Era; Functions / Household Items / Household Religious Items; Market / Religious Goods / Devotional Goods; Culture / Renaissance / Shared / Western European Renaissance,Holdable; Destroyable_HeavyMetal,Jewellery and devotional work,Silversmithing,Renaissance institutional devotional catalogue; culture admission Western European Renaissance; availability Renaissance. Description is form-led and makes no unsupported devotional or mechanical claim.
renaissance_jewellery_iba_ring_31,Renaissance,Renaissance,Jewellery & devotional,personal adornment,Iberian Atlantic,ring,a braided brass ring,brass,Tiny,Standard,76,125,Era / Renaissance Era; Functions / Worn Items / Jewellery; Functions / Worn Items / Jewellery / Rings; Market / Jewellery / Standard Jewellery; Culture / Renaissance / Shared / Iberian Atlantic,Holdable; Wear_Ring; Destroyable_HeavyMetal,Jewellery and devotional work,Silversmithing,Renaissance personal adornment catalogue; culture admission Iberian Atlantic; availability Renaissance. Description is form-led and makes no unsupported devotional or mechanical claim.
renaissance_jewellery_iba_signet_ring_32,Renaissance,Renaissance,Jewellery & devotional,personal adornment,Iberian Atlantic,ring,a radiating glass ring,glass,Tiny,VeryGood,83,134,Era / Renaissance Era; Functions / Worn Items / Jewellery; Functions / Worn Items / Jewellery / Rings; Market / Jewellery / Standard Jewellery; Culture / Renaissance / Shared / Iberian Atlantic,Holdable; Wear_Ring; Destroyable_Glassware,Jewellery and devotional work,Glassworking,Renaissance personal adornment catalogue; culture admission Iberian Atlantic; availability Renaissance. Description is form-led and makes no unsupported devotional or mechanical claim.
renaissance_jewellery_iba_pendant_33,Renaissance,Renaissance,Jewellery & devotional,personal adornment,Iberian Atlantic,pendant,a leaf-scroll bone pendant,bone,Tiny,Standard,90,143,Era / Renaissance Era; Functions / Worn Items / Jewellery; Functions / Worn Items / Jewellery / Pendants; Market / Jewellery / Standard Jewellery; Culture / Renaissance / Shared / Iberian Atlantic,Holdable; Wear_Necklace; Destroyable_Misc,Jewellery and devotional work,Scrimshawing,Renaissance personal adornment catalogue; culture admission Iberian Atlantic; availability Renaissance. Description is form-led and makes no unsupported devotional or mechanical claim.
renaissance_jewellery_iba_bead_necklace_34,Renaissance,Renaissance,Jewellery & devotional,personal adornment,Iberian Atlantic,necklace,a sunburst shell necklace,shell,Tiny,Good,20,152,Era / Renaissance Era; Functions / Worn Items / Jewellery; Functions / Worn Items / Jewellery / Bead Strings; Market / Jewellery / Standard Jewellery; Culture / Renaissance / Shared / Iberian Atlantic,Holdable; Wear_Necklace; Destroyable_Misc,Jewellery and devotional work,Scrimshawing,Renaissance personal adornment catalogue; culture admission Iberian Atlantic; availability Renaissance. Description is form-led and makes no unsupported devotional or mechanical claim.
renaissance_jewellery_iba_chain_necklace_35,Renaissance,Renaissance,Jewellery & devotional,personal adornment,Iberian Atlantic,necklace,a water-wave ivory necklace,ivory,Tiny,Good,27,8,Era / Renaissance Era; Functions / Worn Items / Jewellery; Functions / Worn Items / Jewellery / Necklaces; Market / Jewellery / Standard Jewellery; Culture / Renaissance / Shared / Iberian Atlantic,Holdable; Wear_Necklace; Destroyable_Misc,Jewellery and devotional work,Scrimshawing,Renaissance personal adornment catalogue; culture admission Iberian Atlantic; availability Renaissance. Description is form-led and makes no unsupported devotional or mechanical claim.
renaissance_jewellery_iba_bracelet_36,Renaissance,Renaissance,Jewellery & devotional,personal adornment,Iberian Atlantic,bracelet,a knotted pearl bracelet,pearl,Tiny,Standard,34,17,Era / Renaissance Era; Functions / Worn Items / Jewellery; Functions / Worn Items / Jewellery / Bracelets; Market / Jewellery / Standard Jewellery; Culture / Renaissance / Shared / Iberian Atlantic,Holdable; Wear_Bracelet; Destroyable_Misc,Jewellery and devotional work,Gemcraft,Renaissance personal adornment catalogue; culture admission Iberian Atlantic; availability Renaissance. Description is form-led and makes no unsupported devotional or mechanical claim.
renaissance_jewellery_iba_armlet_37,Renaissance,Renaissance,Jewellery & devotional,personal adornment,Iberian Atlantic,armlet,a flower-head amber armlet,amber,Tiny,VeryGood,41,26,Era / Renaissance Era; Functions / Worn Items / Jewellery; Functions / Worn Items / Jewellery / Armlets; Market / Jewellery / Standard Jewellery; Culture / Renaissance / Shared / Iberian Atlantic,Holdable; Wear_Armlet; Destroyable_Misc,Jewellery and devotional work,Gemcraft,Renaissance personal adornment catalogue; culture admission Iberian Atlantic; availability Renaissance. Description is form-led and makes no unsupported devotional or mechanical claim.
renaissance_jewellery_iba_anklet_38,Renaissance,Renaissance,Jewellery & devotional,personal adornment,Iberian Atlantic,anklet,a star coral anklet,coral,Tiny,Good,48,35,Era / Renaissance Era; Functions / Worn Items / Jewellery; Functions / Worn Items / Jewellery / Anklets; Market / Jewellery / Standard Jewellery; Culture / Renaissance / Shared / Iberian Atlantic,Holdable; Wear_Anklet; Destroyable_Misc,Jewellery and devotional work,Scrimshawing,Renaissance personal adornment catalogue; culture admission Iberian Atlantic; availability Renaissance. Description is form-led and makes no unsupported devotional or mechanical claim.
renaissance_jewellery_iba_earrings_39,Renaissance,Renaissance,Jewellery & devotional,personal adornment,Iberian Atlantic,earrings,a bird garnet earrings,garnet,Tiny,Standard,55,44,Era / Renaissance Era; Functions / Worn Items / Jewellery; Functions / Worn Items / Jewellery / Earrings; Market / Jewellery / Standard Jewellery; Culture / Renaissance / Shared / Iberian Atlantic,Holdable; Wear_Earrings; Destroyable_Misc,Jewellery and devotional work,Gemcraft,Renaissance personal adornment catalogue; culture admission Iberian Atlantic; availability Renaissance. Description is form-led and makes no unsupported devotional or mechanical claim.
renaissance_jewellery_iba_brooch_40,Renaissance,Renaissance,Jewellery & devotional,personal adornment,Iberian Atlantic,brooch,a vine agate brooch,agate,Tiny,Poor,62,53,Era / Renaissance Era; Functions / Worn Items / Jewellery; Functions / Worn Items / Jewellery / Brooches; Market / Jewellery / Standard Jewellery; Culture / Renaissance / Shared / Iberian Atlantic,Holdable; Wear_Brooch; Destroyable_Misc,Jewellery and devotional work,Gemcraft,Renaissance personal adornment catalogue; culture admission Iberian Atlantic; availability Renaissance. Description is form-led and makes no unsupported devotional or mechanical claim.
renaissance_jewellery_iba_pin_41,Renaissance,Renaissance,Jewellery & devotional,personal adornment,Iberian Atlantic,pin,a geometric carnelian pin,carnelian,Tiny,Standard,69,62,Era / Renaissance Era; Functions / Worn Items / Jewellery; Functions / Worn Items / Jewellery / Pins; Market / Jewellery / Standard Jewellery; Culture / Renaissance / Shared / Iberian Atlantic,Holdable; Wear_Pin; Destroyable_Misc,Jewellery and devotional work,Gemcraft,Renaissance personal adornment catalogue; culture admission Iberian Atlantic; availability Renaissance. Description is form-led and makes no unsupported devotional or mechanical claim.
renaissance_jewellery_iba_hairpin_42,Renaissance,Renaissance,Jewellery & devotional,personal adornment,Iberian Atlantic,hairpin,a cloud lapis lazuli hairpin,lapis lazuli,Tiny,Good,76,71,Era / Renaissance Era; Functions / Worn Items / Jewellery; Functions / Worn Items / Jewellery / Hair Ornaments; Market / Jewellery / Standard Jewellery; Culture / Renaissance / Shared / Iberian Atlantic,Holdable; Wear_Hairpin; Destroyable_Misc,Jewellery and devotional work,Gemcraft,Renaissance personal adornment catalogue; culture admission Iberian Atlantic; availability Renaissance. Description is form-led and makes no unsupported devotional or mechanical claim.
renaissance_jewellery_iba_circlet_43,Renaissance,Renaissance,Jewellery & devotional,personal adornment,Iberian Atlantic,circlet,a shell turquoise circlet,turquoise,Tiny,Good,83,80,Era / Renaissance Era; Functions / Worn Items / Jewellery; Functions / Worn Items / Jewellery / Circlets; Market / Jewellery / Standard Jewellery; Culture / Renaissance / Shared / Iberian Atlantic,Holdable; Wear_Circlet; Destroyable_Misc,Jewellery and devotional work,Gemcraft,Renaissance personal adornment catalogue; culture admission Iberian Atlantic; availability Renaissance. Description is form-led and makes no unsupported devotional or mechanical claim.
renaissance_jewellery_iba_diadem_44,Renaissance,Renaissance,Jewellery & devotional,personal adornment,Iberian Atlantic,diadem,a reed jade diadem,jade,Tiny,Standard,90,89,Era / Renaissance Era; Functions / Worn Items / Jewellery; Functions / Worn Items / Jewellery / Diadems; Market / Jewellery / Standard Jewellery; Culture / Renaissance / Shared / Iberian Atlantic,Holdable; Wear_Diadem; Destroyable_Misc,Jewellery and devotional work,Gemcraft,Renaissance personal adornment catalogue; culture admission Iberian Atlantic; availability Renaissance. Description is form-led and makes no unsupported devotional or mechanical claim.
renaissance_jewellery_iba_waist_chain_45,Renaissance,Renaissance,Jewellery & devotional,personal adornment,Iberian Atlantic,waist chain,a rosette quartz waist chain,quartz,Tiny,VeryGood,20,98,Era / Renaissance Era; Functions / Worn Items / Jewellery; Functions / Worn Items / Jewellery / Waist Chains; Market / Jewellery / Standard Jewellery; Culture / Renaissance / Shared / Iberian Atlantic,Holdable; Wear_Waist_Chain; Destroyable_Misc,Jewellery and devotional work,Gemcraft,Renaissance personal adornment catalogue; culture admission Iberian Atlantic; availability Renaissance. Description is form-led and makes no unsupported devotional or mechanical claim.
renaissance_jewellery_iba_belt_ornament_46,Renaissance,Renaissance,Jewellery & devotional,personal adornment,Iberian Atlantic,belt ornament,a checker faience belt ornament,faience,Tiny,Good,27,107,Era / Renaissance Era; Functions / Worn Items / Jewellery; Functions / Worn Items / Jewellery / Belt Ornaments; Market / Jewellery / Standard Jewellery; Culture / Renaissance / Shared / Iberian Atlantic,Holdable; Wear_Belt_Ornament; Destroyable_Glassware,Jewellery and devotional work,Glassworking,Renaissance personal adornment catalogue; culture admission Iberian Atlantic; availability Renaissance. Description is form-led and makes no unsupported devotional or mechanical claim.
renaissance_jewellery_iba_badge_47,Renaissance,Renaissance,Jewellery & devotional,personal adornment,Iberian Atlantic,badge,a braided pewter badge,pewter,Tiny,Standard,34,116,Era / Renaissance Era; Functions / Worn Items / Jewellery; Functions / Worn Items / Jewellery / Badges; Market / Jewellery / Standard Jewellery; Culture / Renaissance / Shared / Iberian Atlantic,Holdable; Wear_Badge; Destroyable_HeavyMetal,Jewellery and devotional work,Silversmithing,Renaissance personal adornment catalogue; culture admission Iberian Atlantic; availability Renaissance. Description is form-led and makes no unsupported devotional or mechanical claim.
renaissance_jewellery_iba_temple_ring_48,Renaissance,Renaissance,Jewellery & devotional,personal adornment,Iberian Atlantic,temple ring,a radiating copper temple ring,copper,Tiny,Poor,41,125,Era / Renaissance Era; Functions / Worn Items / Jewellery; Functions / Worn Items / Jewellery / Temple Rings; Market / Jewellery / Standard Jewellery; Culture / Renaissance / Shared / Iberian Atlantic,Holdable; Wear_Temple_Rings; Destroyable_HeavyMetal,Jewellery and devotional work,Silversmithing,Renaissance personal adornment catalogue; culture admission Iberian Atlantic; availability Renaissance. Description is form-led and makes no unsupported devotional or mechanical claim.
renaissance_jewellery_iba_torc_49,Renaissance,Renaissance,Jewellery & devotional,personal adornment,Iberian Atlantic,torc,a leaf-scroll bronze torc,bronze,Tiny,Standard,48,134,Era / Renaissance Era; Functions / Worn Items / Jewellery; Functions / Worn Items / Jewellery / Torcs; Market / Jewellery / Standard Jewellery; Culture / Renaissance / Shared / Iberian Atlantic,Holdable; Wear_Torc; Destroyable_HeavyMetal,Jewellery and devotional work,Silversmithing,Renaissance personal adornment catalogue; culture admission Iberian Atlantic; availability Renaissance. Description is form-led and makes no unsupported devotional or mechanical claim.
renaissance_jewellery_iba_wreath_50,Renaissance,Renaissance,Jewellery & devotional,personal adornment,Iberian Atlantic,wreath,a sunburst silver wreath,silver,Tiny,Good,55,143,Era / Renaissance Era; Functions / Worn Items / Jewellery; Functions / Worn Items / Jewellery / Wreaths; Market / Jewellery / Standard Jewellery; Culture / Renaissance / Shared / Iberian Atlantic,Holdable; Wear_Wreath; Destroyable_HeavyMetal,Jewellery and devotional work,Silversmithing,Renaissance personal adornment catalogue; culture admission Iberian Atlantic; availability Renaissance. Description is form-led and makes no unsupported devotional or mechanical claim.
renaissance_jewellery_iba_prayer_beads_51,Renaissance,Renaissance,Jewellery & devotional,personal devotional,Iberian Atlantic,prayer bead strand,a water-wave gold prayer bead strand,gold,Tiny,Good,62,152,Era / Renaissance Era; Functions / Worn Items / Jewellery; Functions / Worn Items / Jewellery / Bead Strings; Market / Jewellery / Standard Jewellery; Functions / Household Items / Household Religious Items; Market / Religious Goods / Devotional Goods; Culture / Renaissance / Shared / Iberian Atlantic,Holdable; Wear_Necklace; Destroyable_HeavyMetal,Jewellery and devotional work,Silversmithing,Renaissance personal devotional catalogue; culture admission Iberian Atlantic; availability Renaissance. Description is form-led and makes no unsupported devotional or mechanical claim.
renaissance_jewellery_iba_devotional_medal_52,Renaissance,Renaissance,Jewellery & devotional,personal devotional,Iberian Atlantic,devotional medal,a knotted brass devotional medal,brass,Tiny,Standard,69,8,Era / Renaissance Era; Functions / Worn Items / Jewellery; Functions / Worn Items / Jewellery / Pendants; Market / Jewellery / Standard Jewellery; Functions / Household Items / Household Religious Items; Market / Religious Goods / Devotional Goods; Culture / Renaissance / Shared / Iberian Atlantic,Holdable; Wear_Necklace; Destroyable_HeavyMetal,Jewellery and devotional work,Silversmithing,Renaissance personal devotional catalogue; culture admission Iberian Atlantic; availability Renaissance. Description is form-led and makes no unsupported devotional or mechanical claim.
renaissance_jewellery_iba_devotional_badge_53,Renaissance,Renaissance,Jewellery & devotional,personal devotional,Iberian Atlantic,devotional badge,a flower-head glass devotional badge,glass,Tiny,VeryGood,76,17,Era / Renaissance Era; Functions / Worn Items / Jewellery; Functions / Worn Items / Jewellery / Badges; Market / Jewellery / Standard Jewellery; Functions / Household Items / Household Religious Items; Market / Religious Goods / Devotional Goods; Culture / Renaissance / Shared / Iberian Atlantic,Holdable; Wear_Badge; Destroyable_Glassware,Jewellery and devotional work,Glassworking,Renaissance personal devotional catalogue; culture admission Iberian Atlantic; availability Renaissance. Description is form-led and makes no unsupported devotional or mechanical claim.
renaissance_jewellery_iba_prayer_cord_54,Renaissance,Renaissance,Jewellery & devotional,personal devotional,Iberian Atlantic,prayer cord,a star linen prayer cord,linen,Tiny,Good,83,26,Era / Renaissance Era; Functions / Worn Items / Jewellery; Functions / Worn Items / Jewellery / Neck Garlands; Market / Jewellery / Standard Jewellery; Functions / Household Items / Household Religious Items; Market / Religious Goods / Devotional Goods; Culture / Renaissance / Shared / Iberian Atlantic,Holdable; Wear_Neck_Garland; Destroyable_Clothing,Jewellery and devotional work,Weaving,Renaissance personal devotional catalogue; culture admission Iberian Atlantic; availability Renaissance. Description is form-led and makes no unsupported devotional or mechanical claim.
renaissance_jewellery_iba_votive_token_55,Renaissance,Renaissance,Jewellery & devotional,institutional devotional,Iberian Atlantic,votive token,a bird shell votive token,shell,Small,Standard,90,35,Era / Renaissance Era; Functions / Household Items / Household Religious Items; Market / Religious Goods / Devotional Goods; Culture / Renaissance / Shared / Iberian Atlantic,Holdable; Destroyable_Misc,Jewellery and devotional work,Scrimshawing,Renaissance institutional devotional catalogue; culture admission Iberian Atlantic; availability Renaissance. Description is form-led and makes no unsupported devotional or mechanical claim.
renaissance_jewellery_iba_scripture_box_56,Renaissance,Renaissance,Jewellery & devotional,institutional devotional,Iberian Atlantic,small scripture box,a vine ivory small scripture box,ivory,Small,Poor,20,44,Era / Renaissance Era; Functions / Household Items / Household Religious Items; Market / Religious Goods / Devotional Goods; Culture / Renaissance / Shared / Iberian Atlantic,Holdable; Destroyable_Misc,Jewellery and devotional work,Scrimshawing,Renaissance institutional devotional catalogue; culture admission Iberian Atlantic; availability Renaissance. Description is form-led and makes no unsupported devotional or mechanical claim.
renaissance_jewellery_iba_offering_bowl_57,Renaissance,Renaissance,Jewellery & devotional,institutional devotional,Iberian Atlantic,offering bowl,a geometric bronze offering bowl,bronze,Small,Standard,27,53,Era / Renaissance Era; Functions / Household Items / Household Religious Items; Market / Religious Goods / Devotional Goods; Culture / Renaissance / Shared / Iberian Atlantic,Holdable; Destroyable_HeavyMetal,Jewellery and devotional work,Silversmithing,Renaissance institutional devotional catalogue; culture admission Iberian Atlantic; availability Renaissance. Description is form-led and makes no unsupported devotional or mechanical claim.
renaissance_jewellery_iba_incense_holder_58,Renaissance,Renaissance,Jewellery & devotional,institutional devotional,Iberian Atlantic,incense holder,a cloud brass incense holder,brass,Small,Good,34,62,Era / Renaissance Era; Functions / Household Items / Household Religious Items; Market / Religious Goods / Devotional Goods; Culture / Renaissance / Shared / Iberian Atlantic,Holdable; Destroyable_HeavyMetal,Jewellery and devotional work,Silversmithing,Renaissance institutional devotional catalogue; culture admission Iberian Atlantic; availability Renaissance. Description is form-led and makes no unsupported devotional or mechanical claim.
renaissance_jewellery_iba_portable_panel_59,Renaissance,Renaissance,Jewellery & devotional,institutional devotional,Iberian Atlantic,small devotional panel,a shell wood small devotional panel,wood,Small,Good,41,71,Era / Renaissance Era; Functions / Household Items / Household Religious Items; Market / Religious Goods / Devotional Goods; Culture / Renaissance / Shared / Iberian Atlantic,Holdable; Destroyable_Misc,Jewellery and devotional work,Carpentry,Renaissance institutional devotional catalogue; culture admission Iberian Atlantic; availability Renaissance. Description is form-led and makes no unsupported devotional or mechanical claim.
renaissance_jewellery_iba_processional_ornament_60,Renaissance,Renaissance,Jewellery & devotional,institutional devotional,Iberian Atlantic,processional ornament,a reed pewter processional ornament,pewter,Small,Standard,48,80,Era / Renaissance Era; Functions / Household Items / Household Religious Items; Market / Religious Goods / Devotional Goods; Culture / Renaissance / Shared / Iberian Atlantic,Holdable; Destroyable_HeavyMetal,Jewellery and devotional work,Silversmithing,Renaissance institutional devotional catalogue; culture admission Iberian Atlantic; availability Renaissance. Description is form-led and makes no unsupported devotional or mechanical claim.
renaissance_jewellery_cen_ring_61,Renaissance,Renaissance,Jewellery & devotional,personal adornment,Central European,ring,a rosette agate ring,agate,Tiny,VeryGood,55,89,Era / Renaissance Era; Functions / Worn Items / Jewellery; Functions / Worn Items / Jewellery / Rings; Market / Jewellery / Standard Jewellery; Culture / Renaissance / Shared / Central European,Holdable; Wear_Ring; Destroyable_Misc,Jewellery and devotional work,Gemcraft,Renaissance personal adornment catalogue; culture admission Central European; availability Renaissance. Description is form-led and makes no unsupported devotional or mechanical claim.
renaissance_jewellery_cen_signet_ring_62,Renaissance,Renaissance,Jewellery & devotional,personal adornment,Central European,ring,a checker carnelian ring,carnelian,Tiny,VeryGood,62,98,Era / Renaissance Era; Functions / Worn Items / Jewellery; Functions / Worn Items / Jewellery / Rings; Market / Jewellery / Standard Jewellery; Culture / Renaissance / Shared / Central European,Holdable; Wear_Ring; Destroyable_Misc,Jewellery and devotional work,Gemcraft,Renaissance personal adornment catalogue; culture admission Central European; availability Renaissance. Description is form-led and makes no unsupported devotional or mechanical claim.
renaissance_jewellery_cen_pendant_63,Renaissance,Renaissance,Jewellery & devotional,personal adornment,Central European,pendant,a braided lapis lazuli pendant,lapis lazuli,Tiny,Standard,69,107,Era / Renaissance Era; Functions / Worn Items / Jewellery; Functions / Worn Items / Jewellery / Pendants; Market / Jewellery / Standard Jewellery; Culture / Renaissance / Shared / Central European,Holdable; Wear_Necklace; Destroyable_Misc,Jewellery and devotional work,Gemcraft,Renaissance personal adornment catalogue; culture admission Central European; availability Renaissance. Description is form-led and makes no unsupported devotional or mechanical claim.
renaissance_jewellery_cen_bead_necklace_64,Renaissance,Renaissance,Jewellery & devotional,personal adornment,Central European,necklace,a radiating turquoise necklace,turquoise,Tiny,Poor,76,116,Era / Renaissance Era; Functions / Worn Items / Jewellery; Functions / Worn Items / Jewellery / Bead Strings; Market / Jewellery / Standard Jewellery; Culture / Renaissance / Shared / Central European,Holdable; Wear_Necklace; Destroyable_Misc,Jewellery and devotional work,Gemcraft,Renaissance personal adornment catalogue; culture admission Central European; availability Renaissance. Description is form-led and makes no unsupported devotional or mechanical claim.
renaissance_jewellery_cen_chain_necklace_65,Renaissance,Renaissance,Jewellery & devotional,personal adornment,Central European,necklace,a leaf-scroll jade necklace,jade,Tiny,Standard,83,125,Era / Renaissance Era; Functions / Worn Items / Jewellery; Functions / Worn Items / Jewellery / Necklaces; Market / Jewellery / Standard Jewellery; Culture / Renaissance / Shared / Central European,Holdable; Wear_Necklace; Destroyable_Misc,Jewellery and devotional work,Gemcraft,Renaissance personal adornment catalogue; culture admission Central European; availability Renaissance. Description is form-led and makes no unsupported devotional or mechanical claim.
renaissance_jewellery_cen_bracelet_66,Renaissance,Renaissance,Jewellery & devotional,personal adornment,Central European,bracelet,a sunburst quartz bracelet,quartz,Tiny,Good,90,134,Era / Renaissance Era; Functions / Worn Items / Jewellery; Functions / Worn Items / Jewellery / Bracelets; Market / Jewellery / Standard Jewellery; Culture / Renaissance / Shared / Central European,Holdable; Wear_Bracelet; Destroyable_Misc,Jewellery and devotional work,Gemcraft,Renaissance personal adornment catalogue; culture admission Central European; availability Renaissance. Description is form-led and makes no unsupported devotional or mechanical claim.
renaissance_jewellery_cen_armlet_67,Renaissance,Renaissance,Jewellery & devotional,personal adornment,Central European,armlet,a water-wave faience armlet,faience,Tiny,Good,20,143,Era / Renaissance Era; Functions / Worn Items / Jewellery; Functions / Worn Items / Jewellery / Armlets; Market / Jewellery / Standard Jewellery; Culture / Renaissance / Shared / Central European,Holdable; Wear_Armlet; Destroyable_Glassware,Jewellery and devotional work,Glassworking,Renaissance personal adornment catalogue; culture admission Central European; availability Renaissance. Description is form-led and makes no unsupported devotional or mechanical claim.
renaissance_jewellery_cen_anklet_68,Renaissance,Renaissance,Jewellery & devotional,personal adornment,Central European,anklet,a knotted pewter anklet,pewter,Tiny,Standard,27,152,Era / Renaissance Era; Functions / Worn Items / Jewellery; Functions / Worn Items / Jewellery / Anklets; Market / Jewellery / Standard Jewellery; Culture / Renaissance / Shared / Central European,Holdable; Wear_Anklet; Destroyable_HeavyMetal,Jewellery and devotional work,Silversmithing,Renaissance personal adornment catalogue; culture admission Central European; availability Renaissance. Description is form-led and makes no unsupported devotional or mechanical claim.
renaissance_jewellery_cen_earrings_69,Renaissance,Renaissance,Jewellery & devotional,personal adornment,Central European,earrings,a flower-head copper earrings,copper,Tiny,VeryGood,34,8,Era / Renaissance Era; Functions / Worn Items / Jewellery; Functions / Worn Items / Jewellery / Earrings; Market / Jewellery / Standard Jewellery; Culture / Renaissance / Shared / Central European,Holdable; Wear_Earrings; Destroyable_HeavyMetal,Jewellery and devotional work,Silversmithing,Renaissance personal adornment catalogue; culture admission Central European; availability Renaissance. Description is form-led and makes no unsupported devotional or mechanical claim.
renaissance_jewellery_cen_brooch_70,Renaissance,Renaissance,Jewellery & devotional,personal adornment,Central European,brooch,a star bronze brooch,bronze,Tiny,Good,41,17,Era / Renaissance Era; Functions / Worn Items / Jewellery; Functions / Worn Items / Jewellery / Brooches; Market / Jewellery / Standard Jewellery; Culture / Renaissance / Shared / Central European,Holdable; Wear_Brooch; Destroyable_HeavyMetal,Jewellery and devotional work,Silversmithing,Renaissance personal adornment catalogue; culture admission Central European; availability Renaissance. Description is form-led and makes no unsupported devotional or mechanical claim.
renaissance_jewellery_cen_pin_71,Renaissance,Renaissance,Jewellery & devotional,personal adornment,Central European,pin,a bird silver pin,silver,Tiny,Standard,48,26,Era / Renaissance Era; Functions / Worn Items / Jewellery; Functions / Worn Items / Jewellery / Pins; Market / Jewellery / Standard Jewellery; Culture / Renaissance / Shared / Central European,Holdable; Wear_Pin; Destroyable_HeavyMetal,Jewellery and devotional work,Silversmithing,Renaissance personal adornment catalogue; culture admission Central European; availability Renaissance. Description is form-led and makes no unsupported devotional or mechanical claim.
renaissance_jewellery_cen_hairpin_72,Renaissance,Renaissance,Jewellery & devotional,personal adornment,Central European,hairpin,a vine gold hairpin,gold,Tiny,Poor,55,35,Era / Renaissance Era; Functions / Worn Items / Jewellery; Functions / Worn Items / Jewellery / Hair Ornaments; Market / Jewellery / Standard Jewellery; Culture / Renaissance / Shared / Central European,Holdable; Wear_Hairpin; Destroyable_HeavyMetal,Jewellery and devotional work,Silversmithing,Renaissance personal adornment catalogue; culture admission Central European; availability Renaissance. Description is form-led and makes no unsupported devotional or mechanical claim.
renaissance_jewellery_cen_circlet_73,Renaissance,Renaissance,Jewellery & devotional,personal adornment,Central European,circlet,a geometric brass circlet,brass,Tiny,Standard,62,44,Era / Renaissance Era; Functions / Worn Items / Jewellery; Functions / Worn Items / Jewellery / Circlets; Market / Jewellery / Standard Jewellery; Culture / Renaissance / Shared / Central European,Holdable; Wear_Circlet; Destroyable_HeavyMetal,Jewellery and devotional work,Silversmithing,Renaissance personal adornment catalogue; culture admission Central European; availability Renaissance. Description is form-led and makes no unsupported devotional or mechanical claim.
renaissance_jewellery_cen_diadem_74,Renaissance,Renaissance,Jewellery & devotional,personal adornment,Central European,diadem,a cloud glass diadem,glass,Tiny,Good,69,53,Era / Renaissance Era; Functions / Worn Items / Jewellery; Functions / Worn Items / Jewellery / Diadems; Market / Jewellery / Standard Jewellery; Culture / Renaissance / Shared / Central European,Holdable; Wear_Diadem; Destroyable_Glassware,Jewellery and devotional work,Glassworking,Renaissance personal adornment catalogue; culture admission Central European; availability Renaissance. Description is form-led and makes no unsupported devotional or mechanical claim.
renaissance_jewellery_cen_waist_chain_75,Renaissance,Renaissance,Jewellery & devotional,personal adornment,Central European,waist chain,a shell bone waist chain,bone,Tiny,Good,76,62,Era / Renaissance Era; Functions / Worn Items / Jewellery; Functions / Worn Items / Jewellery / Waist Chains; Market / Jewellery / Standard Jewellery; Culture / Renaissance / Shared / Central European,Holdable; Wear_Waist_Chain; Destroyable_Misc,Jewellery and devotional work,Scrimshawing,Renaissance personal adornment catalogue; culture admission Central European; availability Renaissance. Description is form-led and makes no unsupported devotional or mechanical claim.
renaissance_jewellery_cen_belt_ornament_76,Renaissance,Renaissance,Jewellery & devotional,personal adornment,Central European,belt ornament,a reed shell belt ornament,shell,Tiny,Standard,83,71,Era / Renaissance Era; Functions / Worn Items / Jewellery; Functions / Worn Items / Jewellery / Belt Ornaments; Market / Jewellery / Standard Jewellery; Culture / Renaissance / Shared / Central European,Holdable; Wear_Belt_Ornament; Destroyable_Misc,Jewellery and devotional work,Scrimshawing,Renaissance personal adornment catalogue; culture admission Central European; availability Renaissance. Description is form-led and makes no unsupported devotional or mechanical claim.
renaissance_jewellery_cen_badge_77,Renaissance,Renaissance,Jewellery & devotional,personal adornment,Central European,badge,a rosette ivory badge,ivory,Tiny,VeryGood,90,80,Era / Renaissance Era; Functions / Worn Items / Jewellery; Functions / Worn Items / Jewellery / Badges; Market / Jewellery / Standard Jewellery; Culture / Renaissance / Shared / Central European,Holdable; Wear_Badge; Destroyable_Misc,Jewellery and devotional work,Scrimshawing,Renaissance personal adornment catalogue; culture admission Central European; availability Renaissance. Description is form-led and makes no unsupported devotional or mechanical claim.
renaissance_jewellery_cen_temple_ring_78,Renaissance,Renaissance,Jewellery & devotional,personal adornment,Central European,temple ring,a checker pearl temple ring,pearl,Tiny,Good,20,89,Era / Renaissance Era; Functions / Worn Items / Jewellery; Functions / Worn Items / Jewellery / Temple Rings; Market / Jewellery / Standard Jewellery; Culture / Renaissance / Shared / Central European,Holdable; Wear_Temple_Rings; Destroyable_Misc,Jewellery and devotional work,Gemcraft,Renaissance personal adornment catalogue; culture admission Central European; availability Renaissance. Description is form-led and makes no unsupported devotional or mechanical claim.
renaissance_jewellery_cen_torc_79,Renaissance,Renaissance,Jewellery & devotional,personal adornment,Central European,torc,a braided amber torc,amber,Tiny,Standard,27,98,Era / Renaissance Era; Functions / Worn Items / Jewellery; Functions / Worn Items / Jewellery / Torcs; Market / Jewellery / Standard Jewellery; Culture / Renaissance / Shared / Central European,Holdable; Wear_Torc; Destroyable_Misc,Jewellery and devotional work,Gemcraft,Renaissance personal adornment catalogue; culture admission Central European; availability Renaissance. Description is form-led and makes no unsupported devotional or mechanical claim.
renaissance_jewellery_cen_wreath_80,Renaissance,Renaissance,Jewellery & devotional,personal adornment,Central European,wreath,a radiating coral wreath,coral,Tiny,Poor,34,107,Era / Renaissance Era; Functions / Worn Items / Jewellery; Functions / Worn Items / Jewellery / Wreaths; Market / Jewellery / Standard Jewellery; Culture / Renaissance / Shared / Central European,Holdable; Wear_Wreath; Destroyable_Misc,Jewellery and devotional work,Scrimshawing,Renaissance personal adornment catalogue; culture admission Central European; availability Renaissance. Description is form-led and makes no unsupported devotional or mechanical claim.
renaissance_jewellery_cen_prayer_beads_81,Renaissance,Renaissance,Jewellery & devotional,personal devotional,Central European,prayer bead strand,a leaf-scroll garnet prayer bead strand,garnet,Tiny,Standard,41,116,Era / Renaissance Era; Functions / Worn Items / Jewellery; Functions / Worn Items / Jewellery / Bead Strings; Market / Jewellery / Standard Jewellery; Functions / Household Items / Household Religious Items; Market / Religious Goods / Devotional Goods; Culture / Renaissance / Shared / Central European,Holdable; Wear_Necklace; Destroyable_Misc,Jewellery and devotional work,Gemcraft,Renaissance personal devotional catalogue; culture admission Central European; availability Renaissance. Description is form-led and makes no unsupported devotional or mechanical claim.
renaissance_jewellery_cen_devotional_medal_82,Renaissance,Renaissance,Jewellery & devotional,personal devotional,Central European,devotional medal,a sunburst agate devotional medal,agate,Tiny,Good,48,125,Era / Renaissance Era; Functions / Worn Items / Jewellery; Functions / Worn Items / Jewellery / Pendants; Market / Jewellery / Standard Jewellery; Functions / Household Items / Household Religious Items; Market / Religious Goods / Devotional Goods; Culture / Renaissance / Shared / Central European,Holdable; Wear_Necklace; Destroyable_Misc,Jewellery and devotional work,Gemcraft,Renaissance personal devotional catalogue; culture admission Central European; availability Renaissance. Description is form-led and makes no unsupported devotional or mechanical claim.
renaissance_jewellery_cen_devotional_badge_83,Renaissance,Renaissance,Jewellery & devotional,personal devotional,Central European,devotional badge,a water-wave carnelian devotional badge,carnelian,Tiny,Good,55,134,Era / Renaissance Era; Functions / Worn Items / Jewellery; Functions / Worn Items / Jewellery / Badges; Market / Jewellery / Standard Jewellery; Functions / Household Items / Household Religious Items; Market / Religious Goods / Devotional Goods; Culture / Renaissance / Shared / Central European,Holdable; Wear_Badge; Destroyable_Misc,Jewellery and devotional work,Gemcraft,Renaissance personal devotional catalogue; culture admission Central European; availability Renaissance. Description is form-led and makes no unsupported devotional or mechanical claim.
renaissance_jewellery_cen_prayer_cord_84,Renaissance,Renaissance,Jewellery & devotional,personal devotional,Central European,prayer cord,a knotted linen prayer cord,linen,Tiny,Standard,62,143,Era / Renaissance Era; Functions / Worn Items / Jewellery; Functions / Worn Items / Jewellery / Neck Garlands; Market / Jewellery / Standard Jewellery; Functions / Household Items / Household Religious Items; Market / Religious Goods / Devotional Goods; Culture / Renaissance / Shared / Central European,Holdable; Wear_Neck_Garland; Destroyable_Clothing,Jewellery and devotional work,Weaving,Renaissance personal devotional catalogue; culture admission Central European; availability Renaissance. Description is form-led and makes no unsupported devotional or mechanical claim.
renaissance_jewellery_cen_votive_token_85,Renaissance,Renaissance,Jewellery & devotional,institutional devotional,Central European,votive token,a flower-head turquoise votive token,turquoise,Small,VeryGood,69,152,Era / Renaissance Era; Functions / Household Items / Household Religious Items; Market / Religious Goods / Devotional Goods; Culture / Renaissance / Shared / Central European,Holdable; Destroyable_Misc,Jewellery and devotional work,Gemcraft,Renaissance institutional devotional catalogue; culture admission Central European; availability Renaissance. Description is form-led and makes no unsupported devotional or mechanical claim.
renaissance_jewellery_cen_scripture_box_86,Renaissance,Renaissance,Jewellery & devotional,institutional devotional,Central European,small scripture box,a star jade small scripture box,jade,Small,Good,76,8,Era / Renaissance Era; Functions / Household Items / Household Religious Items; Market / Religious Goods / Devotional Goods; Culture / Renaissance / Shared / Central European,Holdable; Destroyable_Misc,Jewellery and devotional work,Gemcraft,Renaissance institutional devotional catalogue; culture admission Central European; availability Renaissance. Description is form-led and makes no unsupported devotional or mechanical claim.
renaissance_jewellery_cen_offering_bowl_87,Renaissance,Renaissance,Jewellery & devotional,institutional devotional,Central European,offering bowl,a bird silver offering bowl,silver,Small,Standard,83,17,Era / Renaissance Era; Functions / Household Items / Household Religious Items; Market / Religious Goods / Devotional Goods; Culture / Renaissance / Shared / Central European,Holdable; Destroyable_HeavyMetal,Jewellery and devotional work,Silversmithing,Renaissance institutional devotional catalogue; culture admission Central European; availability Renaissance. Description is form-led and makes no unsupported devotional or mechanical claim.
renaissance_jewellery_cen_incense_holder_88,Renaissance,Renaissance,Jewellery & devotional,institutional devotional,Central European,incense holder,a vine pewter incense holder,pewter,Small,Poor,90,26,Era / Renaissance Era; Functions / Household Items / Household Religious Items; Market / Religious Goods / Devotional Goods; Culture / Renaissance / Shared / Central European,Holdable; Destroyable_HeavyMetal,Jewellery and devotional work,Silversmithing,Renaissance institutional devotional catalogue; culture admission Central European; availability Renaissance. Description is form-led and makes no unsupported devotional or mechanical claim.
renaissance_jewellery_cen_portable_panel_89,Renaissance,Renaissance,Jewellery & devotional,institutional devotional,Central European,small devotional panel,a geometric wood small devotional panel,wood,Small,Standard,20,35,Era / Renaissance Era; Functions / Household Items / Household Religious Items; Market / Religious Goods / Devotional Goods; Culture / Renaissance / Shared / Central European,Holdable; Destroyable_Misc,Jewellery and devotional work,Carpentry,Renaissance institutional devotional catalogue; culture admission Central European; availability Renaissance. Description is form-led and makes no unsupported devotional or mechanical claim.
renaissance_jewellery_cen_processional_ornament_90,Renaissance,Renaissance,Jewellery & devotional,institutional devotional,Central European,processional ornament,a cloud brass processional ornament,brass,Small,Good,27,44,Era / Renaissance Era; Functions / Household Items / Household Religious Items; Market / Religious Goods / Devotional Goods; Culture / Renaissance / Shared / Central European,Holdable; Destroyable_HeavyMetal,Jewellery and devotional work,Silversmithing,Renaissance institutional devotional catalogue; culture admission Central European; availability Renaissance. Description is form-led and makes no unsupported devotional or mechanical claim.
renaissance_jewellery_nba_ring_91,Renaissance,Renaissance,Jewellery & devotional,personal adornment,Northern Baltic,ring,a vine copper ring,copper,Tiny,Good,34,53,Era / Renaissance Era; Functions / Worn Items / Jewellery; Functions / Worn Items / Jewellery / Rings; Market / Jewellery / Standard Jewellery; Culture / Renaissance / Shared / Northern Baltic,Holdable; Wear_Ring; Destroyable_HeavyMetal,Jewellery and devotional work,Silversmithing,Renaissance personal adornment catalogue; culture admission Northern Baltic; availability Renaissance. Description is form-led and makes no unsupported devotional or mechanical claim.
renaissance_jewellery_nba_signet_ring_92,Renaissance,Renaissance,Jewellery & devotional,personal adornment,Northern Baltic,ring,a geometric bronze ring,bronze,Tiny,VeryGood,41,62,Era / Renaissance Era; Functions / Worn Items / Jewellery; Functions / Worn Items / Jewellery / Rings; Market / Jewellery / Standard Jewellery; Culture / Renaissance / Shared / Northern Baltic,Holdable; Wear_Ring; Destroyable_HeavyMetal,Jewellery and devotional work,Silversmithing,Renaissance personal adornment catalogue; culture admission Northern Baltic; availability Renaissance. Description is form-led and makes no unsupported devotional or mechanical claim.
renaissance_jewellery_nba_pendant_93,Renaissance,Renaissance,Jewellery & devotional,personal adornment,Northern Baltic,pendant,a cloud silver pendant,silver,Tiny,VeryGood,48,71,Era / Renaissance Era; Functions / Worn Items / Jewellery; Functions / Worn Items / Jewellery / Pendants; Market / Jewellery / Standard Jewellery; Culture / Renaissance / Shared / Northern Baltic,Holdable; Wear_Necklace; Destroyable_HeavyMetal,Jewellery and devotional work,Silversmithing,Renaissance personal adornment catalogue; culture admission Northern Baltic; availability Renaissance. Description is form-led and makes no unsupported devotional or mechanical claim.
renaissance_jewellery_nba_bead_necklace_94,Renaissance,Renaissance,Jewellery & devotional,personal adornment,Northern Baltic,necklace,a shell gold necklace,gold,Tiny,Good,55,80,Era / Renaissance Era; Functions / Worn Items / Jewellery; Functions / Worn Items / Jewellery / Bead Strings; Market / Jewellery / Standard Jewellery; Culture / Renaissance / Shared / Northern Baltic,Holdable; Wear_Necklace; Destroyable_HeavyMetal,Jewellery and devotional work,Silversmithing,Renaissance personal adornment catalogue; culture admission Northern Baltic; availability Renaissance. Description is form-led and makes no unsupported devotional or mechanical claim.
renaissance_jewellery_nba_chain_necklace_95,Renaissance,Renaissance,Jewellery & devotional,personal adornment,Northern Baltic,necklace,a reed brass necklace,brass,Tiny,Standard,62,89,Era / Renaissance Era; Functions / Worn Items / Jewellery; Functions / Worn Items / Jewellery / Necklaces; Market / Jewellery / Standard Jewellery; Culture / Renaissance / Shared / Northern Baltic,Holdable; Wear_Necklace; Destroyable_HeavyMetal,Jewellery and devotional work,Silversmithing,Renaissance personal adornment catalogue; culture admission Northern Baltic; availability Renaissance. Description is form-led and makes no unsupported devotional or mechanical claim.
renaissance_jewellery_nba_bracelet_96,Renaissance,Renaissance,Jewellery & devotional,personal adornment,Northern Baltic,bracelet,a rosette glass bracelet,glass,Tiny,Poor,69,98,Era / Renaissance Era; Functions / Worn Items / Jewellery; Functions / Worn Items / Jewellery / Bracelets; Market / Jewellery / Standard Jewellery; Culture / Renaissance / Shared / Northern Baltic,Holdable; Wear_Bracelet; Destroyable_Glassware,Jewellery and devotional work,Glassworking,Renaissance personal adornment catalogue; culture admission Northern Baltic; availability Renaissance. Description is form-led and makes no unsupported devotional or mechanical claim.
renaissance_jewellery_nba_armlet_97,Renaissance,Renaissance,Jewellery & devotional,personal adornment,Northern Baltic,armlet,a checker bone armlet,bone,Tiny,Standard,76,107,Era / Renaissance Era; Functions / Worn Items / Jewellery; Functions / Worn Items / Jewellery / Armlets; Market / Jewellery / Standard Jewellery; Culture / Renaissance / Shared / Northern Baltic,Holdable; Wear_Armlet; Destroyable_Misc,Jewellery and devotional work,Scrimshawing,Renaissance personal adornment catalogue; culture admission Northern Baltic; availability Renaissance. Description is form-led and makes no unsupported devotional or mechanical claim.
renaissance_jewellery_nba_anklet_98,Renaissance,Renaissance,Jewellery & devotional,personal adornment,Northern Baltic,anklet,a braided shell anklet,shell,Tiny,Good,83,116,Era / Renaissance Era; Functions / Worn Items / Jewellery; Functions / Worn Items / Jewellery / Anklets; Market / Jewellery / Standard Jewellery; Culture / Renaissance / Shared / Northern Baltic,Holdable; Wear_Anklet; Destroyable_Misc,Jewellery and devotional work,Scrimshawing,Renaissance personal adornment catalogue; culture admission Northern Baltic; availability Renaissance. Description is form-led and makes no unsupported devotional or mechanical claim.
renaissance_jewellery_nba_earrings_99,Renaissance,Renaissance,Jewellery & devotional,personal adornment,Northern Baltic,earrings,a radiating ivory earrings,ivory,Tiny,Good,90,125,Era / Renaissance Era; Functions / Worn Items / Jewellery; Functions / Worn Items / Jewellery / Earrings; Market / Jewellery / Standard Jewellery; Culture / Renaissance / Shared / Northern Baltic,Holdable; Wear_Earrings; Destroyable_Misc,Jewellery and devotional work,Scrimshawing,Renaissance personal adornment catalogue; culture admission Northern Baltic; availability Renaissance. Description is form-led and makes no unsupported devotional or mechanical claim.
renaissance_jewellery_nba_brooch_100,Renaissance,Renaissance,Jewellery & devotional,personal adornment,Northern Baltic,brooch,a leaf-scroll pearl brooch,pearl,Tiny,Standard,20,134,Era / Renaissance Era; Functions / Worn Items / Jewellery; Functions / Worn Items / Jewellery / Brooches; Market / Jewellery / Standard Jewellery; Culture / Renaissance / Shared / Northern Baltic,Holdable; Wear_Brooch; Destroyable_Misc,Jewellery and devotional work,Gemcraft,Renaissance personal adornment catalogue; culture admission Northern Baltic; availability Renaissance. Description is form-led and makes no unsupported devotional or mechanical claim.
renaissance_jewellery_nba_pin_101,Renaissance,Renaissance,Jewellery & devotional,personal adornment,Northern Baltic,pin,a sunburst amber pin,amber,Tiny,VeryGood,27,143,Era / Renaissance Era; Functions / Worn Items / Jewellery; Functions / Worn Items / Jewellery / Pins; Market / Jewellery / Standard Jewellery; Culture / Renaissance / Shared / Northern Baltic,Holdable; Wear_Pin; Destroyable_Misc,Jewellery and devotional work,Gemcraft,Renaissance personal adornment catalogue; culture admission Northern Baltic; availability Renaissance. Description is form-led and makes no unsupported devotional or mechanical claim.
renaissance_jewellery_nba_hairpin_102,Renaissance,Renaissance,Jewellery & devotional,personal adornment,Northern Baltic,hairpin,a water-wave coral hairpin,coral,Tiny,Good,34,152,Era / Renaissance Era; Functions / Worn Items / Jewellery; Functions / Worn Items / Jewellery / Hair Ornaments; Market / Jewellery / Standard Jewellery; Culture / Renaissance / Shared / Northern Baltic,Holdable; Wear_Hairpin; Destroyable_Misc,Jewellery and devotional work,Scrimshawing,Renaissance personal adornment catalogue; culture admission Northern Baltic; availability Renaissance. Description is form-led and makes no unsupported devotional or mechanical claim.
renaissance_jewellery_nba_circlet_103,Renaissance,Renaissance,Jewellery & devotional,personal adornment,Northern Baltic,circlet,a knotted garnet circlet,garnet,Tiny,Standard,41,8,Era / Renaissance Era; Functions / Worn Items / Jewellery; Functions / Worn Items / Jewellery / Circlets; Market / Jewellery / Standard Jewellery; Culture / Renaissance / Shared / Northern Baltic,Holdable; Wear_Circlet; Destroyable_Misc,Jewellery and devotional work,Gemcraft,Renaissance personal adornment catalogue; culture admission Northern Baltic; availability Renaissance. Description is form-led and makes no unsupported devotional or mechanical claim.
renaissance_jewellery_nba_diadem_104,Renaissance,Renaissance,Jewellery & devotional,personal adornment,Northern Baltic,diadem,a flower-head agate diadem,agate,Tiny,Poor,48,17,Era / Renaissance Era; Functions / Worn Items / Jewellery; Functions / Worn Items / Jewellery / Diadems; Market / Jewellery / Standard Jewellery; Culture / Renaissance / Shared / Northern Baltic,Holdable; Wear_Diadem; Destroyable_Misc,Jewellery and devotional work,Gemcraft,Renaissance personal adornment catalogue; culture admission Northern Baltic; availability Renaissance. Description is form-led and makes no unsupported devotional or mechanical claim.
renaissance_jewellery_nba_waist_chain_105,Renaissance,Renaissance,Jewellery & devotional,personal adornment,Northern Baltic,waist chain,a star carnelian waist chain,carnelian,Tiny,Standard,55,26,Era / Renaissance Era; Functions / Worn Items / Jewellery; Functions / Worn Items / Jewellery / Waist Chains; Market / Jewellery / Standard Jewellery; Culture / Renaissance / Shared / Northern Baltic,Holdable; Wear_Waist_Chain; Destroyable_Misc,Jewellery and devotional work,Gemcraft,Renaissance personal adornment catalogue; culture admission Northern Baltic; availability Renaissance. Description is form-led and makes no unsupported devotional or mechanical claim.
renaissance_jewellery_nba_belt_ornament_106,Renaissance,Renaissance,Jewellery & devotional,personal adornment,Northern Baltic,belt ornament,a bird lapis lazuli belt ornament,lapis lazuli,Tiny,Good,62,35,Era / Renaissance Era; Functions / Worn Items / Jewellery; Functions / Worn Items / Jewellery / Belt Ornaments; Market / Jewellery / Standard Jewellery; Culture / Renaissance / Shared / Northern Baltic,Holdable; Wear_Belt_Ornament; Destroyable_Misc,Jewellery and devotional work,Gemcraft,Renaissance personal adornment catalogue; culture admission Northern Baltic; availability Renaissance. Description is form-led and makes no unsupported devotional or mechanical claim.
renaissance_jewellery_nba_badge_107,Renaissance,Renaissance,Jewellery & devotional,personal adornment,Northern Baltic,badge,a vine turquoise badge,turquoise,Tiny,Good,69,44,Era / Renaissance Era; Functions / Worn Items / Jewellery; Functions / Worn Items / Jewellery / Badges; Market / Jewellery / Standard Jewellery; Culture / Renaissance / Shared / Northern Baltic,Holdable; Wear_Badge; Destroyable_Misc,Jewellery and devotional work,Gemcraft,Renaissance personal adornment catalogue; culture admission Northern Baltic; availability Renaissance. Description is form-led and makes no unsupported devotional or mechanical claim.
renaissance_jewellery_nba_temple_ring_108,Renaissance,Renaissance,Jewellery & devotional,personal adornment,Northern Baltic,temple ring,a geometric jade temple ring,jade,Tiny,Standard,76,53,Era / Renaissance Era; Functions / Worn Items / Jewellery; Functions / Worn Items / Jewellery / Temple Rings; Market / Jewellery / Standard Jewellery; Culture / Renaissance / Shared / Northern Baltic,Holdable; Wear_Temple_Rings; Destroyable_Misc,Jewellery and devotional work,Gemcraft,Renaissance personal adornment catalogue; culture admission Northern Baltic; availability Renaissance. Description is form-led and makes no unsupported devotional or mechanical claim.
renaissance_jewellery_nba_torc_109,Renaissance,Renaissance,Jewellery & devotional,personal adornment,Northern Baltic,torc,a cloud quartz torc,quartz,Tiny,VeryGood,83,62,Era / Renaissance Era; Functions / Worn Items / Jewellery; Functions / Worn Items / Jewellery / Torcs; Market / Jewellery / Standard Jewellery; Culture / Renaissance / Shared / Northern Baltic,Holdable; Wear_Torc; Destroyable_Misc,Jewellery and devotional work,Gemcraft,Renaissance personal adornment catalogue; culture admission Northern Baltic; availability Renaissance. Description is form-led and makes no unsupported devotional or mechanical claim.
renaissance_jewellery_nba_wreath_110,Renaissance,Renaissance,Jewellery & devotional,personal adornment,Northern Baltic,wreath,a shell faience wreath,faience,Tiny,Good,90,71,Era / Renaissance Era; Functions / Worn Items / Jewellery; Functions / Worn Items / Jewellery / Wreaths; Market / Jewellery / Standard Jewellery; Culture / Renaissance / Shared / Northern Baltic,Holdable; Wear_Wreath; Destroyable_Glassware,Jewellery and devotional work,Glassworking,Renaissance personal adornment catalogue; culture admission Northern Baltic; availability Renaissance. Description is form-led and makes no unsupported devotional or mechanical claim.
renaissance_jewellery_nba_prayer_beads_111,Renaissance,Renaissance,Jewellery & devotional,personal devotional,Northern Baltic,prayer bead strand,a reed pewter prayer bead strand,pewter,Tiny,Standard,20,80,Era / Renaissance Era; Functions / Worn Items / Jewellery; Functions / Worn Items / Jewellery / Bead Strings; Market / Jewellery / Standard Jewellery; Functions / Household Items / Household Religious Items; Market / Religious Goods / Devotional Goods; Culture / Renaissance / Shared / Northern Baltic,Holdable; Wear_Necklace; Destroyable_HeavyMetal,Jewellery and devotional work,Silversmithing,Renaissance personal devotional catalogue; culture admission Northern Baltic; availability Renaissance. Description is form-led and makes no unsupported devotional or mechanical claim.
renaissance_jewellery_nba_devotional_medal_112,Renaissance,Renaissance,Jewellery & devotional,personal devotional,Northern Baltic,devotional medal,a rosette copper devotional medal,copper,Tiny,Poor,27,89,Era / Renaissance Era; Functions / Worn Items / Jewellery; Functions / Worn Items / Jewellery / Pendants; Market / Jewellery / Standard Jewellery; Functions / Household Items / Household Religious Items; Market / Religious Goods / Devotional Goods; Culture / Renaissance / Shared / Northern Baltic,Holdable; Wear_Necklace; Destroyable_HeavyMetal,Jewellery and devotional work,Silversmithing,Renaissance personal devotional catalogue; culture admission Northern Baltic; availability Renaissance. Description is form-led and makes no unsupported devotional or mechanical claim.
renaissance_jewellery_nba_devotional_badge_113,Renaissance,Renaissance,Jewellery & devotional,personal devotional,Northern Baltic,devotional badge,a checker bronze devotional badge,bronze,Tiny,Standard,34,98,Era / Renaissance Era; Functions / Worn Items / Jewellery; Functions / Worn Items / Jewellery / Badges; Market / Jewellery / Standard Jewellery; Functions / Household Items / Household Religious Items; Market / Religious Goods / Devotional Goods; Culture / Renaissance / Shared / Northern Baltic,Holdable; Wear_Badge; Destroyable_HeavyMetal,Jewellery and devotional work,Silversmithing,Renaissance personal devotional catalogue; culture admission Northern Baltic; availability Renaissance. Description is form-led and makes no unsupported devotional or mechanical claim.
renaissance_jewellery_nba_prayer_cord_114,Renaissance,Renaissance,Jewellery & devotional,personal devotional,Northern Baltic,prayer cord,a braided linen prayer cord,linen,Tiny,Good,41,107,Era / Renaissance Era; Functions / Worn Items / Jewellery; Functions / Worn Items / Jewellery / Neck Garlands; Market / Jewellery / Standard Jewellery; Functions / Household Items / Household Religious Items; Market / Religious Goods / Devotional Goods; Culture / Renaissance / Shared / Northern Baltic,Holdable; Wear_Neck_Garland; Destroyable_Clothing,Jewellery and devotional work,Weaving,Renaissance personal devotional catalogue; culture admission Northern Baltic; availability Renaissance. Description is form-led and makes no unsupported devotional or mechanical claim.
renaissance_jewellery_nba_votive_token_115,Renaissance,Renaissance,Jewellery & devotional,institutional devotional,Northern Baltic,votive token,a radiating gold votive token,gold,Small,Good,48,116,Era / Renaissance Era; Functions / Household Items / Household Religious Items; Market / Religious Goods / Devotional Goods; Culture / Renaissance / Shared / Northern Baltic,Holdable; Destroyable_HeavyMetal,Jewellery and devotional work,Silversmithing,Renaissance institutional devotional catalogue; culture admission Northern Baltic; availability Renaissance. Description is form-led and makes no unsupported devotional or mechanical claim.
renaissance_jewellery_nba_scripture_box_116,Renaissance,Renaissance,Jewellery & devotional,institutional devotional,Northern Baltic,small scripture box,a leaf-scroll brass small scripture box,brass,Small,Standard,55,125,Era / Renaissance Era; Functions / Household Items / Household Religious Items; Market / Religious Goods / Devotional Goods; Culture / Renaissance / Shared / Northern Baltic,Holdable; Destroyable_HeavyMetal,Jewellery and devotional work,Silversmithing,Renaissance institutional devotional catalogue; culture admission Northern Baltic; availability Renaissance. Description is form-led and makes no unsupported devotional or mechanical claim.
renaissance_jewellery_nba_offering_bowl_117,Renaissance,Renaissance,Jewellery & devotional,institutional devotional,Northern Baltic,offering bowl,a sunburst bronze offering bowl,bronze,Small,VeryGood,62,134,Era / Renaissance Era; Functions / Household Items / Household Religious Items; Market / Religious Goods / Devotional Goods; Culture / Renaissance / Shared / Northern Baltic,Holdable; Destroyable_HeavyMetal,Jewellery and devotional work,Silversmithing,Renaissance institutional devotional catalogue; culture admission Northern Baltic; availability Renaissance. Description is form-led and makes no unsupported devotional or mechanical claim.
renaissance_jewellery_nba_incense_holder_118,Renaissance,Renaissance,Jewellery & devotional,institutional devotional,Northern Baltic,incense holder,a water-wave brass incense holder,brass,Small,Good,69,143,Era / Renaissance Era; Functions / Household Items / Household Religious Items; Market / Religious Goods / Devotional Goods; Culture / Renaissance / Shared / Northern Baltic,Holdable; Destroyable_HeavyMetal,Jewellery and devotional work,Silversmithing,Renaissance institutional devotional catalogue; culture admission Northern Baltic; availability Renaissance. Description is form-led and makes no unsupported devotional or mechanical claim.
renaissance_jewellery_nba_portable_panel_119,Renaissance,Renaissance,Jewellery & devotional,institutional devotional,Northern Baltic,small devotional panel,a knotted wood small devotional panel,wood,Small,Standard,76,152,Era / Renaissance Era; Functions / Household Items / Household Religious Items; Market / Religious Goods / Devotional Goods; Culture / Renaissance / Shared / Northern Baltic,Holdable; Destroyable_Misc,Jewellery and devotional work,Carpentry,Renaissance institutional devotional catalogue; culture admission Northern Baltic; availability Renaissance. Description is form-led and makes no unsupported devotional or mechanical claim.
renaissance_jewellery_nba_processional_ornament_120,Renaissance,Renaissance,Jewellery & devotional,institutional devotional,Northern Baltic,processional ornament,a flower-head pewter processional ornament,pewter,Small,Poor,83,8,Era / Renaissance Era; Functions / Household Items / Household Religious Items; Market / Religious Goods / Devotional Goods; Culture / Renaissance / Shared / Northern Baltic,Holdable; Destroyable_HeavyMetal,Jewellery and devotional work,Silversmithing,Renaissance institutional devotional catalogue; culture admission Northern Baltic; availability Renaissance. Description is form-led and makes no unsupported devotional or mechanical claim.
renaissance_jewellery_cef_ring_121,Renaissance,Renaissance,Jewellery & devotional,personal adornment,Central Eastern Frontier,ring,a leaf-scroll quartz ring,quartz,Tiny,Standard,90,17,Era / Renaissance Era; Functions / Worn Items / Jewellery; Functions / Worn Items / Jewellery / Rings; Market / Jewellery / Standard Jewellery; Culture / Renaissance / Shared / Central Eastern Frontier,Holdable; Wear_Ring; Destroyable_Misc,Jewellery and devotional work,Gemcraft,Renaissance personal adornment catalogue; culture admission Central Eastern Frontier; availability Renaissance. Description is form-led and makes no unsupported devotional or mechanical claim.
renaissance_jewellery_cef_signet_ring_122,Renaissance,Renaissance,Jewellery & devotional,personal adornment,Central Eastern Frontier,ring,a sunburst faience ring,faience,Tiny,VeryGood,20,26,Era / Renaissance Era; Functions / Worn Items / Jewellery; Functions / Worn Items / Jewellery / Rings; Market / Jewellery / Standard Jewellery; Culture / Renaissance / Shared / Central Eastern Frontier,Holdable; Wear_Ring; Destroyable_Glassware,Jewellery and devotional work,Glassworking,Renaissance personal adornment catalogue; culture admission Central Eastern Frontier; availability Renaissance. Description is form-led and makes no unsupported devotional or mechanical claim.
renaissance_jewellery_cef_pendant_123,Renaissance,Renaissance,Jewellery & devotional,personal adornment,Central Eastern Frontier,pendant,a water-wave pewter pendant,pewter,Tiny,Good,27,35,Era / Renaissance Era; Functions / Worn Items / Jewellery; Functions / Worn Items / Jewellery / Pendants; Market / Jewellery / Standard Jewellery; Culture / Renaissance / Shared / Central Eastern Frontier,Holdable; Wear_Necklace; Destroyable_HeavyMetal,Jewellery and devotional work,Silversmithing,Renaissance personal adornment catalogue; culture admission Central Eastern Frontier; availability Renaissance. Description is form-led and makes no unsupported devotional or mechanical claim.
renaissance_jewellery_cef_bead_necklace_124,Renaissance,Renaissance,Jewellery & devotional,personal adornment,Central Eastern Frontier,necklace,a knotted copper necklace,copper,Tiny,Standard,34,44,Era / Renaissance Era; Functions / Worn Items / Jewellery; Functions / Worn Items / Jewellery / Bead Strings; Market / Jewellery / Standard Jewellery; Culture / Renaissance / Shared / Central Eastern Frontier,Holdable; Wear_Necklace; Destroyable_HeavyMetal,Jewellery and devotional work,Silversmithing,Renaissance personal adornment catalogue; culture admission Central Eastern Frontier; availability Renaissance. Description is form-led and makes no unsupported devotional or mechanical claim.
renaissance_jewellery_cef_chain_necklace_125,Renaissance,Renaissance,Jewellery & devotional,personal adornment,Central Eastern Frontier,necklace,a flower-head bronze necklace,bronze,Tiny,VeryGood,41,53,Era / Renaissance Era; Functions / Worn Items / Jewellery; Functions / Worn Items / Jewellery / Necklaces; Market / Jewellery / Standard Jewellery; Culture / Renaissance / Shared / Central Eastern Frontier,Holdable; Wear_Necklace; Destroyable_HeavyMetal,Jewellery and devotional work,Silversmithing,Renaissance personal adornment catalogue; culture admission Central Eastern Frontier; availability Renaissance. Description is form-led and makes no unsupported devotional or mechanical claim.
renaissance_jewellery_cef_bracelet_126,Renaissance,Renaissance,Jewellery & devotional,personal adornment,Central Eastern Frontier,bracelet,a star silver bracelet,silver,Tiny,Good,48,62,Era / Renaissance Era; Functions / Worn Items / Jewellery; Functions / Worn Items / Jewellery / Bracelets; Market / Jewellery / Standard Jewellery; Culture / Renaissance / Shared / Central Eastern Frontier,Holdable; Wear_Bracelet; Destroyable_HeavyMetal,Jewellery and devotional work,Silversmithing,Renaissance personal adornment catalogue; culture admission Central Eastern Frontier; availability Renaissance. Description is form-led and makes no unsupported devotional or mechanical claim.
renaissance_jewellery_cef_armlet_127,Renaissance,Renaissance,Jewellery & devotional,personal adornment,Central Eastern Frontier,armlet,a bird gold armlet,gold,Tiny,Standard,55,71,Era / Renaissance Era; Functions / Worn Items / Jewellery; Functions / Worn Items / Jewellery / Armlets; Market / Jewellery / Standard Jewellery; Culture / Renaissance / Shared / Central Eastern Frontier,Holdable; Wear_Armlet; Destroyable_HeavyMetal,Jewellery and devotional work,Silversmithing,Renaissance personal adornment catalogue; culture admission Central Eastern Frontier; availability Renaissance. Description is form-led and makes no unsupported devotional or mechanical claim.
renaissance_jewellery_cef_anklet_128,Renaissance,Renaissance,Jewellery & devotional,personal adornment,Central Eastern Frontier,anklet,a vine brass anklet,brass,Tiny,Poor,62,80,Era / Renaissance Era; Functions / Worn Items / Jewellery; Functions / Worn Items / Jewellery / Anklets; Market / Jewellery / Standard Jewellery; Culture / Renaissance / Shared / Central Eastern Frontier,Holdable; Wear_Anklet; Destroyable_HeavyMetal,Jewellery and devotional work,Silversmithing,Renaissance personal adornment catalogue; culture admission Central Eastern Frontier; availability Renaissance. Description is form-led and makes no unsupported devotional or mechanical claim.
renaissance_jewellery_cef_earrings_129,Renaissance,Renaissance,Jewellery & devotional,personal adornment,Central Eastern Frontier,earrings,a geometric glass earrings,glass,Tiny,Standard,69,89,Era / Renaissance Era; Functions / Worn Items / Jewellery; Functions / Worn Items / Jewellery / Earrings; Market / Jewellery / Standard Jewellery; Culture / Renaissance / Shared / Central Eastern Frontier,Holdable; Wear_Earrings; Destroyable_Glassware,Jewellery and devotional work,Glassworking,Renaissance personal adornment catalogue; culture admission Central Eastern Frontier; availability Renaissance. Description is form-led and makes no unsupported devotional or mechanical claim.
renaissance_jewellery_cef_brooch_130,Renaissance,Renaissance,Jewellery & devotional,personal adornment,Central Eastern Frontier,brooch,a cloud bone brooch,bone,Tiny,Good,76,98,Era / Renaissance Era; Functions / Worn Items / Jewellery; Functions / Worn Items / Jewellery / Brooches; Market / Jewellery / Standard Jewellery; Culture / Renaissance / Shared / Central Eastern Frontier,Holdable; Wear_Brooch; Destroyable_Misc,Jewellery and devotional work,Scrimshawing,Renaissance personal adornment catalogue; culture admission Central Eastern Frontier; availability Renaissance. Description is form-led and makes no unsupported devotional or mechanical claim.
renaissance_jewellery_cef_pin_131,Renaissance,Renaissance,Jewellery & devotional,personal adornment,Central Eastern Frontier,pin,a shell shell pin,shell,Tiny,Good,83,107,Era / Renaissance Era; Functions / Worn Items / Jewellery; Functions / Worn Items / Jewellery / Pins; Market / Jewellery / Standard Jewellery; Culture / Renaissance / Shared / Central Eastern Frontier,Holdable; Wear_Pin; Destroyable_Misc,Jewellery and devotional work,Scrimshawing,Renaissance personal adornment catalogue; culture admission Central Eastern Frontier; availability Renaissance. Description is form-led and makes no unsupported devotional or mechanical claim.
renaissance_jewellery_cef_hairpin_132,Renaissance,Renaissance,Jewellery & devotional,personal adornment,Central Eastern Frontier,hairpin,a reed ivory hairpin,ivory,Tiny,Standard,90,116,Era / Renaissance Era; Functions / Worn Items / Jewellery; Functions / Worn Items / Jewellery / Hair Ornaments; Market / Jewellery / Standard Jewellery; Culture / Renaissance / Shared / Central Eastern Frontier,Holdable; Wear_Hairpin; Destroyable_Misc,Jewellery and devotional work,Scrimshawing,Renaissance personal adornment catalogue; culture admission Central Eastern Frontier; availability Renaissance. Description is form-led and makes no unsupported devotional or mechanical claim.
renaissance_jewellery_cef_circlet_133,Renaissance,Renaissance,Jewellery & devotional,personal adornment,Central Eastern Frontier,circlet,a rosette pearl circlet,pearl,Tiny,VeryGood,20,125,Era / Renaissance Era; Functions / Worn Items / Jewellery; Functions / Worn Items / Jewellery / Circlets; Market / Jewellery / Standard Jewellery; Culture / Renaissance / Shared / Central Eastern Frontier,Holdable; Wear_Circlet; Destroyable_Misc,Jewellery and devotional work,Gemcraft,Renaissance personal adornment catalogue; culture admission Central Eastern Frontier; availability Renaissance. Description is form-led and makes no unsupported devotional or mechanical claim.
renaissance_jewellery_cef_diadem_134,Renaissance,Renaissance,Jewellery & devotional,personal adornment,Central Eastern Frontier,diadem,a checker amber diadem,amber,Tiny,Good,27,134,Era / Renaissance Era; Functions / Worn Items / Jewellery; Functions / Worn Items / Jewellery / Diadems; Market / Jewellery / Standard Jewellery; Culture / Renaissance / Shared / Central Eastern Frontier,Holdable; Wear_Diadem; Destroyable_Misc,Jewellery and devotional work,Gemcraft,Renaissance personal adornment catalogue; culture admission Central Eastern Frontier; availability Renaissance. Description is form-led and makes no unsupported devotional or mechanical claim.
renaissance_jewellery_cef_waist_chain_135,Renaissance,Renaissance,Jewellery & devotional,personal adornment,Central Eastern Frontier,waist chain,a braided coral waist chain,coral,Tiny,Standard,34,143,Era / Renaissance Era; Functions / Worn Items / Jewellery; Functions / Worn Items / Jewellery / Waist Chains; Market / Jewellery / Standard Jewellery; Culture / Renaissance / Shared / Central Eastern Frontier,Holdable; Wear_Waist_Chain; Destroyable_Misc,Jewellery and devotional work,Scrimshawing,Renaissance personal adornment catalogue; culture admission Central Eastern Frontier; availability Renaissance. Description is form-led and makes no unsupported devotional or mechanical claim.
renaissance_jewellery_cef_belt_ornament_136,Renaissance,Renaissance,Jewellery & devotional,personal adornment,Central Eastern Frontier,belt ornament,a radiating garnet belt ornament,garnet,Tiny,Poor,41,152,Era / Renaissance Era; Functions / Worn Items / Jewellery; Functions / Worn Items / Jewellery / Belt Ornaments; Market / Jewellery / Standard Jewellery; Culture / Renaissance / Shared / Central Eastern Frontier,Holdable; Wear_Belt_Ornament; Destroyable_Misc,Jewellery and devotional work,Gemcraft,Renaissance personal adornment catalogue; culture admission Central Eastern Frontier; availability Renaissance. Description is form-led and makes no unsupported devotional or mechanical claim.
renaissance_jewellery_cef_badge_137,Renaissance,Renaissance,Jewellery & devotional,personal adornment,Central Eastern Frontier,badge,a leaf-scroll agate badge,agate,Tiny,Standard,48,8,Era / Renaissance Era; Functions / Worn Items / Jewellery; Functions / Worn Items / Jewellery / Badges; Market / Jewellery / Standard Jewellery; Culture / Renaissance / Shared / Central Eastern Frontier,Holdable; Wear_Badge; Destroyable_Misc,Jewellery and devotional work,Gemcraft,Renaissance personal adornment catalogue; culture admission Central Eastern Frontier; availability Renaissance. Description is form-led and makes no unsupported devotional or mechanical claim.
renaissance_jewellery_cef_temple_ring_138,Renaissance,Renaissance,Jewellery & devotional,personal adornment,Central Eastern Frontier,temple ring,a sunburst carnelian temple ring,carnelian,Tiny,Good,55,17,Era / Renaissance Era; Functions / Worn Items / Jewellery; Functions / Worn Items / Jewellery / Temple Rings; Market / Jewellery / Standard Jewellery; Culture / Renaissance / Shared / Central Eastern Frontier,Holdable; Wear_Temple_Rings; Destroyable_Misc,Jewellery and devotional work,Gemcraft,Renaissance personal adornment catalogue; culture admission Central Eastern Frontier; availability Renaissance. Description is form-led and makes no unsupported devotional or mechanical claim.
renaissance_jewellery_cef_torc_139,Renaissance,Renaissance,Jewellery & devotional,personal adornment,Central Eastern Frontier,torc,a water-wave lapis lazuli torc,lapis lazuli,Tiny,Good,62,26,Era / Renaissance Era; Functions / Worn Items / Jewellery; Functions / Worn Items / Jewellery / Torcs; Market / Jewellery / Standard Jewellery; Culture / Renaissance / Shared / Central Eastern Frontier,Holdable; Wear_Torc; Destroyable_Misc,Jewellery and devotional work,Gemcraft,Renaissance personal adornment catalogue; culture admission Central Eastern Frontier; availability Renaissance. Description is form-led and makes no unsupported devotional or mechanical claim.
renaissance_jewellery_cef_wreath_140,Renaissance,Renaissance,Jewellery & devotional,personal adornment,Central Eastern Frontier,wreath,a knotted turquoise wreath,turquoise,Tiny,Standard,69,35,Era / Renaissance Era; Functions / Worn Items / Jewellery; Functions / Worn Items / Jewellery / Wreaths; Market / Jewellery / Standard Jewellery; Culture / Renaissance / Shared / Central Eastern Frontier,Holdable; Wear_Wreath; Destroyable_Misc,Jewellery and devotional work,Gemcraft,Renaissance personal adornment catalogue; culture admission Central Eastern Frontier; availability Renaissance. Description is form-led and makes no unsupported devotional or mechanical claim.
renaissance_jewellery_cef_prayer_beads_141,Renaissance,Renaissance,Jewellery & devotional,personal devotional,Central Eastern Frontier,prayer bead strand,a flower-head jade prayer bead strand,jade,Tiny,VeryGood,76,44,Era / Renaissance Era; Functions / Worn Items / Jewellery; Functions / Worn Items / Jewellery / Bead Strings; Market / Jewellery / Standard Jewellery; Functions / Household Items / Household Religious Items; Market / Religious Goods / Devotional Goods; Culture / Renaissance / Shared / Central Eastern Frontier,Holdable; Wear_Necklace; Destroyable_Misc,Jewellery and devotional work,Gemcraft,Renaissance personal devotional catalogue; culture admission Central Eastern Frontier; availability Renaissance. Description is form-led and makes no unsupported devotional or mechanical claim.
renaissance_jewellery_cef_devotional_medal_142,Renaissance,Renaissance,Jewellery & devotional,personal devotional,Central Eastern Frontier,devotional medal,a star quartz devotional medal,quartz,Tiny,Good,83,53,Era / Renaissance Era; Functions / Worn Items / Jewellery; Functions / Worn Items / Jewellery / Pendants; Market / Jewellery / Standard Jewellery; Functions / Household Items / Household Religious Items; Market / Religious Goods / Devotional Goods; Culture / Renaissance / Shared / Central Eastern Frontier,Holdable; Wear_Necklace; Destroyable_Misc,Jewellery and devotional work,Gemcraft,Renaissance personal devotional catalogue; culture admission Central Eastern Frontier; availability Renaissance. Description is form-led and makes no unsupported devotional or mechanical claim.
renaissance_jewellery_cef_devotional_badge_143,Renaissance,Renaissance,Jewellery & devotional,personal devotional,Central Eastern Frontier,devotional badge,a bird faience devotional badge,faience,Tiny,Standard,90,62,Era / Renaissance Era; Functions / Worn Items / Jewellery; Functions / Worn Items / Jewellery / Badges; Market / Jewellery / Standard Jewellery; Functions / Household Items / Household Religious Items; Market / Religious Goods / Devotional Goods; Culture / Renaissance / Shared / Central Eastern Frontier,Holdable; Wear_Badge; Destroyable_Glassware,Jewellery and devotional work,Glassworking,Renaissance personal devotional catalogue; culture admission Central Eastern Frontier; availability Renaissance. Description is form-led and makes no unsupported devotional or mechanical claim.
renaissance_jewellery_cef_prayer_cord_144,Renaissance,Renaissance,Jewellery & devotional,personal devotional,Central Eastern Frontier,prayer cord,a vine linen prayer cord,linen,Tiny,Poor,20,71,Era / Renaissance Era; Functions / Worn Items / Jewellery; Functions / Worn Items / Jewellery / Neck Garlands; Market / Jewellery / Standard Jewellery; Functions / Household Items / Household Religious Items; Market / Religious Goods / Devotional Goods; Culture / Renaissance / Shared / Central Eastern Frontier,Holdable; Wear_Neck_Garland; Destroyable_Clothing,Jewellery and devotional work,Weaving,Renaissance personal devotional catalogue; culture admission Central Eastern Frontier; availability Renaissance. Description is form-led and makes no unsupported devotional or mechanical claim.
renaissance_jewellery_cef_votive_token_145,Renaissance,Renaissance,Jewellery & devotional,institutional devotional,Central Eastern Frontier,votive token,a geometric copper votive token,copper,Small,Standard,27,80,Era / Renaissance Era; Functions / Household Items / Household Religious Items; Market / Religious Goods / Devotional Goods; Culture / Renaissance / Shared / Central Eastern Frontier,Holdable; Destroyable_HeavyMetal,Jewellery and devotional work,Silversmithing,Renaissance institutional devotional catalogue; culture admission Central Eastern Frontier; availability Renaissance. Description is form-led and makes no unsupported devotional or mechanical claim.
renaissance_jewellery_cef_scripture_box_146,Renaissance,Renaissance,Jewellery & devotional,institutional devotional,Central Eastern Frontier,small scripture box,a cloud bronze small scripture box,bronze,Small,Good,34,89,Era / Renaissance Era; Functions / Household Items / Household Religious Items; Market / Religious Goods / Devotional Goods; Culture / Renaissance / Shared / Central Eastern Frontier,Holdable; Destroyable_HeavyMetal,Jewellery and devotional work,Silversmithing,Renaissance institutional devotional catalogue; culture admission Central Eastern Frontier; availability Renaissance. Description is form-led and makes no unsupported devotional or mechanical claim.
renaissance_jewellery_cef_offering_bowl_147,Renaissance,Renaissance,Jewellery & devotional,institutional devotional,Central Eastern Frontier,offering bowl,a shell silver offering bowl,silver,Small,Good,41,98,Era / Renaissance Era; Functions / Household Items / Household Religious Items; Market / Religious Goods / Devotional Goods; Culture / Renaissance / Shared / Central Eastern Frontier,Holdable; Destroyable_HeavyMetal,Jewellery and devotional work,Silversmithing,Renaissance institutional devotional catalogue; culture admission Central Eastern Frontier; availability Renaissance. Description is form-led and makes no unsupported devotional or mechanical claim.
renaissance_jewellery_cef_incense_holder_148,Renaissance,Renaissance,Jewellery & devotional,institutional devotional,Central Eastern Frontier,incense holder,a reed pewter incense holder,pewter,Small,Standard,48,107,Era / Renaissance Era; Functions / Household Items / Household Religious Items; Market / Religious Goods / Devotional Goods; Culture / Renaissance / Shared / Central Eastern Frontier,Holdable; Destroyable_HeavyMetal,Jewellery and devotional work,Silversmithing,Renaissance institutional devotional catalogue; culture admission Central Eastern Frontier; availability Renaissance. Description is form-led and makes no unsupported devotional or mechanical claim.
renaissance_jewellery_cef_portable_panel_149,Renaissance,Renaissance,Jewellery & devotional,institutional devotional,Central Eastern Frontier,small devotional panel,a rosette wood small devotional panel,wood,Small,VeryGood,55,116,Era / Renaissance Era; Functions / Household Items / Household Religious Items; Market / Religious Goods / Devotional Goods; Culture / Renaissance / Shared / Central Eastern Frontier,Holdable; Destroyable_Misc,Jewellery and devotional work,Carpentry,Renaissance institutional devotional catalogue; culture admission Central Eastern Frontier; availability Renaissance. Description is form-led and makes no unsupported devotional or mechanical claim.
renaissance_jewellery_cef_processional_ornament_150,Renaissance,Renaissance,Jewellery & devotional,institutional devotional,Central Eastern Frontier,processional ornament,a checker brass processional ornament,brass,Small,Good,62,125,Era / Renaissance Era; Functions / Household Items / Household Religious Items; Market / Religious Goods / Devotional Goods; Culture / Renaissance / Shared / Central Eastern Frontier,Holdable; Destroyable_HeavyMetal,Jewellery and devotional work,Silversmithing,Renaissance institutional devotional catalogue; culture admission Central Eastern Frontier; availability Renaissance. Description is form-led and makes no unsupported devotional or mechanical claim.
renaissance_jewellery_eon_ring_151,Renaissance,Renaissance,Jewellery & devotional,personal adornment,Eastern Orthodox Northern,ring,a sunburst shell ring,shell,Tiny,Standard,69,134,Era / Renaissance Era; Functions / Worn Items / Jewellery; Functions / Worn Items / Jewellery / Rings; Market / Jewellery / Standard Jewellery; Culture / Renaissance / Shared / Eastern Orthodox Northern,Holdable; Wear_Ring; Destroyable_Misc,Jewellery and devotional work,Scrimshawing,Renaissance personal adornment catalogue; culture admission Eastern Orthodox Northern; availability Renaissance. Description is form-led and makes no unsupported devotional or mechanical claim.
renaissance_jewellery_eon_signet_ring_152,Renaissance,Renaissance,Jewellery & devotional,personal adornment,Eastern Orthodox Northern,ring,a water-wave ivory ring,ivory,Tiny,VeryGood,76,143,Era / Renaissance Era; Functions / Worn Items / Jewellery; Functions / Worn Items / Jewellery / Rings; Market / Jewellery / Standard Jewellery; Culture / Renaissance / Shared / Eastern Orthodox Northern,Holdable; Wear_Ring; Destroyable_Misc,Jewellery and devotional work,Scrimshawing,Renaissance personal adornment catalogue; culture admission Eastern Orthodox Northern; availability Renaissance. Description is form-led and makes no unsupported devotional or mechanical claim.
renaissance_jewellery_eon_pendant_153,Renaissance,Renaissance,Jewellery & devotional,personal adornment,Eastern Orthodox Northern,pendant,a knotted pearl pendant,pearl,Tiny,Standard,83,152,Era / Renaissance Era; Functions / Worn Items / Jewellery; Functions / Worn Items / Jewellery / Pendants; Market / Jewellery / Standard Jewellery; Culture / Renaissance / Shared / Eastern Orthodox Northern,Holdable; Wear_Necklace; Destroyable_Misc,Jewellery and devotional work,Gemcraft,Renaissance personal adornment catalogue; culture admission Eastern Orthodox Northern; availability Renaissance. Description is form-led and makes no unsupported devotional or mechanical claim.
renaissance_jewellery_eon_bead_necklace_154,Renaissance,Renaissance,Jewellery & devotional,personal adornment,Eastern Orthodox Northern,necklace,a flower-head amber necklace,amber,Tiny,Good,90,8,Era / Renaissance Era; Functions / Worn Items / Jewellery; Functions / Worn Items / Jewellery / Bead Strings; Market / Jewellery / Standard Jewellery; Culture / Renaissance / Shared / Eastern Orthodox Northern,Holdable; Wear_Necklace; Destroyable_Misc,Jewellery and devotional work,Gemcraft,Renaissance personal adornment catalogue; culture admission Eastern Orthodox Northern; availability Renaissance. Description is form-led and makes no unsupported devotional or mechanical claim.
renaissance_jewellery_eon_chain_necklace_155,Renaissance,Renaissance,Jewellery & devotional,personal adornment,Eastern Orthodox Northern,necklace,a star coral necklace,coral,Tiny,Good,20,17,Era / Renaissance Era; Functions / Worn Items / Jewellery; Functions / Worn Items / Jewellery / Necklaces; Market / Jewellery / Standard Jewellery; Culture / Renaissance / Shared / Eastern Orthodox Northern,Holdable; Wear_Necklace; Destroyable_Misc,Jewellery and devotional work,Scrimshawing,Renaissance personal adornment catalogue; culture admission Eastern Orthodox Northern; availability Renaissance. Description is form-led and makes no unsupported devotional or mechanical claim.
renaissance_jewellery_eon_bracelet_156,Renaissance,Renaissance,Jewellery & devotional,personal adornment,Eastern Orthodox Northern,bracelet,a bird garnet bracelet,garnet,Tiny,Standard,27,26,Era / Renaissance Era; Functions / Worn Items / Jewellery; Functions / Worn Items / Jewellery / Bracelets; Market / Jewellery / Standard Jewellery; Culture / Renaissance / Shared / Eastern Orthodox Northern,Holdable; Wear_Bracelet; Destroyable_Misc,Jewellery and devotional work,Gemcraft,Renaissance personal adornment catalogue; culture admission Eastern Orthodox Northern; availability Renaissance. Description is form-led and makes no unsupported devotional or mechanical claim.
renaissance_jewellery_eon_armlet_157,Renaissance,Renaissance,Jewellery & devotional,personal adornment,Eastern Orthodox Northern,armlet,a vine agate armlet,agate,Tiny,VeryGood,34,35,Era / Renaissance Era; Functions / Worn Items / Jewellery; Functions / Worn Items / Jewellery / Armlets; Market / Jewellery / Standard Jewellery; Culture / Renaissance / Shared / Eastern Orthodox Northern,Holdable; Wear_Armlet; Destroyable_Misc,Jewellery and devotional work,Gemcraft,Renaissance personal adornment catalogue; culture admission Eastern Orthodox Northern; availability Renaissance. Description is form-led and makes no unsupported devotional or mechanical claim.
renaissance_jewellery_eon_anklet_158,Renaissance,Renaissance,Jewellery & devotional,personal adornment,Eastern Orthodox Northern,anklet,a geometric carnelian anklet,carnelian,Tiny,Good,41,44,Era / Renaissance Era; Functions / Worn Items / Jewellery; Functions / Worn Items / Jewellery / Anklets; Market / Jewellery / Standard Jewellery; Culture / Renaissance / Shared / Eastern Orthodox Northern,Holdable; Wear_Anklet; Destroyable_Misc,Jewellery and devotional work,Gemcraft,Renaissance personal adornment catalogue; culture admission Eastern Orthodox Northern; availability Renaissance. Description is form-led and makes no unsupported devotional or mechanical claim.
renaissance_jewellery_eon_earrings_159,Renaissance,Renaissance,Jewellery & devotional,personal adornment,Eastern Orthodox Northern,earrings,a cloud lapis lazuli earrings,lapis lazuli,Tiny,Standard,48,53,Era / Renaissance Era; Functions / Worn Items / Jewellery; Functions / Worn Items / Jewellery / Earrings; Market / Jewellery / Standard Jewellery; Culture / Renaissance / Shared / Eastern Orthodox Northern,Holdable; Wear_Earrings; Destroyable_Misc,Jewellery and devotional work,Gemcraft,Renaissance personal adornment catalogue; culture admission Eastern Orthodox Northern; availability Renaissance. Description is form-led and makes no unsupported devotional or mechanical claim.
renaissance_jewellery_eon_brooch_160,Renaissance,Renaissance,Jewellery & devotional,personal adornment,Eastern Orthodox Northern,brooch,a shell turquoise brooch,turquoise,Tiny,Poor,55,62,Era / Renaissance Era; Functions / Worn Items / Jewellery; Functions / Worn Items / Jewellery / Brooches; Market / Jewellery / Standard Jewellery; Culture / Renaissance / Shared / Eastern Orthodox Northern,Holdable; Wear_Brooch; Destroyable_Misc,Jewellery and devotional work,Gemcraft,Renaissance personal adornment catalogue; culture admission Eastern Orthodox Northern; availability Renaissance. Description is form-led and makes no unsupported devotional or mechanical claim.
renaissance_jewellery_eon_pin_161,Renaissance,Renaissance,Jewellery & devotional,personal adornment,Eastern Orthodox Northern,pin,a reed jade pin,jade,Tiny,Standard,62,71,Era / Renaissance Era; Functions / Worn Items / Jewellery; Functions / Worn Items / Jewellery / Pins; Market / Jewellery / Standard Jewellery; Culture / Renaissance / Shared / Eastern Orthodox Northern,Holdable; Wear_Pin; Destroyable_Misc,Jewellery and devotional work,Gemcraft,Renaissance personal adornment catalogue; culture admission Eastern Orthodox Northern; availability Renaissance. Description is form-led and makes no unsupported devotional or mechanical claim.
renaissance_jewellery_eon_hairpin_162,Renaissance,Renaissance,Jewellery & devotional,personal adornment,Eastern Orthodox Northern,hairpin,a rosette quartz hairpin,quartz,Tiny,Good,69,80,Era / Renaissance Era; Functions / Worn Items / Jewellery; Functions / Worn Items / Jewellery / Hair Ornaments; Market / Jewellery / Standard Jewellery; Culture / Renaissance / Shared / Eastern Orthodox Northern,Holdable; Wear_Hairpin; Destroyable_Misc,Jewellery and devotional work,Gemcraft,Renaissance personal adornment catalogue; culture admission Eastern Orthodox Northern; availability Renaissance. Description is form-led and makes no unsupported devotional or mechanical claim.
renaissance_jewellery_eon_circlet_163,Renaissance,Renaissance,Jewellery & devotional,personal adornment,Eastern Orthodox Northern,circlet,a checker faience circlet,faience,Tiny,Good,76,89,Era / Renaissance Era; Functions / Worn Items / Jewellery; Functions / Worn Items / Jewellery / Circlets; Market / Jewellery / Standard Jewellery; Culture / Renaissance / Shared / Eastern Orthodox Northern,Holdable; Wear_Circlet; Destroyable_Glassware,Jewellery and devotional work,Glassworking,Renaissance personal adornment catalogue; culture admission Eastern Orthodox Northern; availability Renaissance. Description is form-led and makes no unsupported devotional or mechanical claim.
renaissance_jewellery_eon_diadem_164,Renaissance,Renaissance,Jewellery & devotional,personal adornment,Eastern Orthodox Northern,diadem,a braided pewter diadem,pewter,Tiny,Standard,83,98,Era / Renaissance Era; Functions / Worn Items / Jewellery; Functions / Worn Items / Jewellery / Diadems; Market / Jewellery / Standard Jewellery; Culture / Renaissance / Shared / Eastern Orthodox Northern,Holdable; Wear_Diadem; Destroyable_HeavyMetal,Jewellery and devotional work,Silversmithing,Renaissance personal adornment catalogue; culture admission Eastern Orthodox Northern; availability Renaissance. Description is form-led and makes no unsupported devotional or mechanical claim.
renaissance_jewellery_eon_waist_chain_165,Renaissance,Renaissance,Jewellery & devotional,personal adornment,Eastern Orthodox Northern,waist chain,a radiating copper waist chain,copper,Tiny,VeryGood,90,107,Era / Renaissance Era; Functions / Worn Items / Jewellery; Functions / Worn Items / Jewellery / Waist Chains; Market / Jewellery / Standard Jewellery; Culture / Renaissance / Shared / Eastern Orthodox Northern,Holdable; Wear_Waist_Chain; Destroyable_HeavyMetal,Jewellery and devotional work,Silversmithing,Renaissance personal adornment catalogue; culture admission Eastern Orthodox Northern; availability Renaissance. Description is form-led and makes no unsupported devotional or mechanical claim.
renaissance_jewellery_eon_belt_ornament_166,Renaissance,Renaissance,Jewellery & devotional,personal adornment,Eastern Orthodox Northern,belt ornament,a leaf-scroll bronze belt ornament,bronze,Tiny,Good,20,116,Era / Renaissance Era; Functions / Worn Items / Jewellery; Functions / Worn Items / Jewellery / Belt Ornaments; Market / Jewellery / Standard Jewellery; Culture / Renaissance / Shared / Eastern Orthodox Northern,Holdable; Wear_Belt_Ornament; Destroyable_HeavyMetal,Jewellery and devotional work,Silversmithing,Renaissance personal adornment catalogue; culture admission Eastern Orthodox Northern; availability Renaissance. Description is form-led and makes no unsupported devotional or mechanical claim.
renaissance_jewellery_eon_badge_167,Renaissance,Renaissance,Jewellery & devotional,personal adornment,Eastern Orthodox Northern,badge,a sunburst silver badge,silver,Tiny,Standard,27,125,Era / Renaissance Era; Functions / Worn Items / Jewellery; Functions / Worn Items / Jewellery / Badges; Market / Jewellery / Standard Jewellery; Culture / Renaissance / Shared / Eastern Orthodox Northern,Holdable; Wear_Badge; Destroyable_HeavyMetal,Jewellery and devotional work,Silversmithing,Renaissance personal adornment catalogue; culture admission Eastern Orthodox Northern; availability Renaissance. Description is form-led and makes no unsupported devotional or mechanical claim.
renaissance_jewellery_eon_temple_ring_168,Renaissance,Renaissance,Jewellery & devotional,personal adornment,Eastern Orthodox Northern,temple ring,a water-wave gold temple ring,gold,Tiny,Poor,34,134,Era / Renaissance Era; Functions / Worn Items / Jewellery; Functions / Worn Items / Jewellery / Temple Rings; Market / Jewellery / Standard Jewellery; Culture / Renaissance / Shared / Eastern Orthodox Northern,Holdable; Wear_Temple_Rings; Destroyable_HeavyMetal,Jewellery and devotional work,Silversmithing,Renaissance personal adornment catalogue; culture admission Eastern Orthodox Northern; availability Renaissance. Description is form-led and makes no unsupported devotional or mechanical claim.
renaissance_jewellery_eon_torc_169,Renaissance,Renaissance,Jewellery & devotional,personal adornment,Eastern Orthodox Northern,torc,a knotted brass torc,brass,Tiny,Standard,41,143,Era / Renaissance Era; Functions / Worn Items / Jewellery; Functions / Worn Items / Jewellery / Torcs; Market / Jewellery / Standard Jewellery; Culture / Renaissance / Shared / Eastern Orthodox Northern,Holdable; Wear_Torc; Destroyable_HeavyMetal,Jewellery and devotional work,Silversmithing,Renaissance personal adornment catalogue; culture admission Eastern Orthodox Northern; availability Renaissance. Description is form-led and makes no unsupported devotional or mechanical claim.
renaissance_jewellery_eon_wreath_170,Renaissance,Renaissance,Jewellery & devotional,personal adornment,Eastern Orthodox Northern,wreath,a flower-head glass wreath,glass,Tiny,Good,48,152,Era / Renaissance Era; Functions / Worn Items / Jewellery; Functions / Worn Items / Jewellery / Wreaths; Market / Jewellery / Standard Jewellery; Culture / Renaissance / Shared / Eastern Orthodox Northern,Holdable; Wear_Wreath; Destroyable_Glassware,Jewellery and devotional work,Glassworking,Renaissance personal adornment catalogue; culture admission Eastern Orthodox Northern; availability Renaissance. Description is form-led and makes no unsupported devotional or mechanical claim.
renaissance_jewellery_eon_prayer_beads_171,Renaissance,Renaissance,Jewellery & devotional,personal devotional,Eastern Orthodox Northern,prayer bead strand,a star bone prayer bead strand,bone,Tiny,Good,55,8,Era / Renaissance Era; Functions / Worn Items / Jewellery; Functions / Worn Items / Jewellery / Bead Strings; Market / Jewellery / Standard Jewellery; Functions / Household Items / Household Religious Items; Market / Religious Goods / Devotional Goods; Culture / Renaissance / Shared / Eastern Orthodox Northern,Holdable; Wear_Necklace; Destroyable_Misc,Jewellery and devotional work,Scrimshawing,Renaissance personal devotional catalogue; culture admission Eastern Orthodox Northern; availability Renaissance. Description is form-led and makes no unsupported devotional or mechanical claim.
renaissance_jewellery_eon_devotional_medal_172,Renaissance,Renaissance,Jewellery & devotional,personal devotional,Eastern Orthodox Northern,devotional medal,a bird shell devotional medal,shell,Tiny,Standard,62,17,Era / Renaissance Era; Functions / Worn Items / Jewellery; Functions / Worn Items / Jewellery / Pendants; Market / Jewellery / Standard Jewellery; Functions / Household Items / Household Religious Items; Market / Religious Goods / Devotional Goods; Culture / Renaissance / Shared / Eastern Orthodox Northern,Holdable; Wear_Necklace; Destroyable_Misc,Jewellery and devotional work,Scrimshawing,Renaissance personal devotional catalogue; culture admission Eastern Orthodox Northern; availability Renaissance. Description is form-led and makes no unsupported devotional or mechanical claim.
renaissance_jewellery_eon_devotional_badge_173,Renaissance,Renaissance,Jewellery & devotional,personal devotional,Eastern Orthodox Northern,devotional badge,a vine ivory devotional badge,ivory,Tiny,VeryGood,69,26,Era / Renaissance Era; Functions / Worn Items / Jewellery; Functions / Worn Items / Jewellery / Badges; Market / Jewellery / Standard Jewellery; Functions / Household Items / Household Religious Items; Market / Religious Goods / Devotional Goods; Culture / Renaissance / Shared / Eastern Orthodox Northern,Holdable; Wear_Badge; Destroyable_Misc,Jewellery and devotional work,Scrimshawing,Renaissance personal devotional catalogue; culture admission Eastern Orthodox Northern; availability Renaissance. Description is form-led and makes no unsupported devotional or mechanical claim.
renaissance_jewellery_eon_prayer_cord_174,Renaissance,Renaissance,Jewellery & devotional,personal devotional,Eastern Orthodox Northern,prayer cord,a geometric linen prayer cord,linen,Tiny,Good,76,35,Era / Renaissance Era; Functions / Worn Items / Jewellery; Functions / Worn Items / Jewellery / Neck Garlands; Market / Jewellery / Standard Jewellery; Functions / Household Items / Household Religious Items; Market / Religious Goods / Devotional Goods; Culture / Renaissance / Shared / Eastern Orthodox Northern,Holdable; Wear_Neck_Garland; Destroyable_Clothing,Jewellery and devotional work,Weaving,Renaissance personal devotional catalogue; culture admission Eastern Orthodox Northern; availability Renaissance. Description is form-led and makes no unsupported devotional or mechanical claim.
renaissance_jewellery_eon_votive_token_175,Renaissance,Renaissance,Jewellery & devotional,institutional devotional,Eastern Orthodox Northern,votive token,a cloud amber votive token,amber,Small,Standard,83,44,Era / Renaissance Era; Functions / Household Items / Household Religious Items; Market / Religious Goods / Devotional Goods; Culture / Renaissance / Shared / Eastern Orthodox Northern,Holdable; Destroyable_Misc,Jewellery and devotional work,Gemcraft,Renaissance institutional devotional catalogue; culture admission Eastern Orthodox Northern; availability Renaissance. Description is form-led and makes no unsupported devotional or mechanical claim.
renaissance_jewellery_eon_scripture_box_176,Renaissance,Renaissance,Jewellery & devotional,institutional devotional,Eastern Orthodox Northern,small scripture box,a shell coral small scripture box,coral,Small,Poor,90,53,Era / Renaissance Era; Functions / Household Items / Household Religious Items; Market / Religious Goods / Devotional Goods; Culture / Renaissance / Shared / Eastern Orthodox Northern,Holdable; Destroyable_Misc,Jewellery and devotional work,Scrimshawing,Renaissance institutional devotional catalogue; culture admission Eastern Orthodox Northern; availability Renaissance. Description is form-led and makes no unsupported devotional or mechanical claim.
renaissance_jewellery_eon_offering_bowl_177,Renaissance,Renaissance,Jewellery & devotional,institutional devotional,Eastern Orthodox Northern,offering bowl,a reed bronze offering bowl,bronze,Small,Standard,20,62,Era / Renaissance Era; Functions / Household Items / Household Religious Items; Market / Religious Goods / Devotional Goods; Culture / Renaissance / Shared / Eastern Orthodox Northern,Holdable; Destroyable_HeavyMetal,Jewellery and devotional work,Silversmithing,Renaissance institutional devotional catalogue; culture admission Eastern Orthodox Northern; availability Renaissance. Description is form-led and makes no unsupported devotional or mechanical claim.
renaissance_jewellery_eon_incense_holder_178,Renaissance,Renaissance,Jewellery & devotional,institutional devotional,Eastern Orthodox Northern,incense holder,a rosette brass incense holder,brass,Small,Good,27,71,Era / Renaissance Era; Functions / Household Items / Household Religious Items; Market / Religious Goods / Devotional Goods; Culture / Renaissance / Shared / Eastern Orthodox Northern,Holdable; Destroyable_HeavyMetal,Jewellery and devotional work,Silversmithing,Renaissance institutional devotional catalogue; culture admission Eastern Orthodox Northern; availability Renaissance. Description is form-led and makes no unsupported devotional or mechanical claim.
renaissance_jewellery_eon_portable_panel_179,Renaissance,Renaissance,Jewellery & devotional,institutional devotional,Eastern Orthodox Northern,small devotional panel,a checker wood small devotional panel,wood,Small,Good,34,80,Era / Renaissance Era; Functions / Household Items / Household Religious Items; Market / Religious Goods / Devotional Goods; Culture / Renaissance / Shared / Eastern Orthodox Northern,Holdable; Destroyable_Misc,Jewellery and devotional work,Carpentry,Renaissance institutional devotional catalogue; culture admission Eastern Orthodox Northern; availability Renaissance. Description is form-led and makes no unsupported devotional or mechanical claim.
renaissance_jewellery_eon_processional_ornament_180,Renaissance,Renaissance,Jewellery & devotional,institutional devotional,Eastern Orthodox Northern,processional ornament,a braided pewter processional ornament,pewter,Small,Standard,41,89,Era / Renaissance Era; Functions / Household Items / Household Religious Items; Market / Religious Goods / Devotional Goods; Culture / Renaissance / Shared / Eastern Orthodox Northern,Holdable; Destroyable_HeavyMetal,Jewellery and devotional work,Silversmithing,Renaissance institutional devotional catalogue; culture admission Eastern Orthodox Northern; availability Renaissance. Description is form-led and makes no unsupported devotional or mechanical claim.
renaissance_jewellery_ott_ring_181,Renaissance,Renaissance,Jewellery & devotional,personal adornment,Ottoman Islamicate,ring,a shell pearl ring,pearl,Tiny,VeryGood,48,98,Era / Renaissance Era; Functions / Worn Items / Jewellery; Functions / Worn Items / Jewellery / Rings; Market / Jewellery / Standard Jewellery; Culture / Renaissance / Shared / Ottoman Islamicate,Holdable; Wear_Ring; Destroyable_Misc,Jewellery and devotional work,Gemcraft,Renaissance personal adornment catalogue; culture admission Ottoman Islamicate; availability Renaissance. Description is form-led and makes no unsupported devotional or mechanical claim.
renaissance_jewellery_ott_signet_ring_182,Renaissance,Renaissance,Jewellery & devotional,personal adornment,Ottoman Islamicate,ring,a reed amber ring,amber,Tiny,VeryGood,55,107,Era / Renaissance Era; Functions / Worn Items / Jewellery; Functions / Worn Items / Jewellery / Rings; Market / Jewellery / Standard Jewellery; Culture / Renaissance / Shared / Ottoman Islamicate,Holdable; Wear_Ring; Destroyable_Misc,Jewellery and devotional work,Gemcraft,Renaissance personal adornment catalogue; culture admission Ottoman Islamicate; availability Renaissance. Description is form-led and makes no unsupported devotional or mechanical claim.
renaissance_jewellery_ott_pendant_183,Renaissance,Renaissance,Jewellery & devotional,personal adornment,Ottoman Islamicate,pendant,a rosette coral pendant,coral,Tiny,Standard,62,116,Era / Renaissance Era; Functions / Worn Items / Jewellery; Functions / Worn Items / Jewellery / Pendants; Market / Jewellery / Standard Jewellery; Culture / Renaissance / Shared / Ottoman Islamicate,Holdable; Wear_Necklace; Destroyable_Misc,Jewellery and devotional work,Scrimshawing,Renaissance personal adornment catalogue; culture admission Ottoman Islamicate; availability Renaissance. Description is form-led and makes no unsupported devotional or mechanical claim.
renaissance_jewellery_ott_bead_necklace_184,Renaissance,Renaissance,Jewellery & devotional,personal adornment,Ottoman Islamicate,necklace,a checker garnet necklace,garnet,Tiny,Poor,69,125,Era / Renaissance Era; Functions / Worn Items / Jewellery; Functions / Worn Items / Jewellery / Bead Strings; Market / Jewellery / Standard Jewellery; Culture / Renaissance / Shared / Ottoman Islamicate,Holdable; Wear_Necklace; Destroyable_Misc,Jewellery and devotional work,Gemcraft,Renaissance personal adornment catalogue; culture admission Ottoman Islamicate; availability Renaissance. Description is form-led and makes no unsupported devotional or mechanical claim.
renaissance_jewellery_ott_chain_necklace_185,Renaissance,Renaissance,Jewellery & devotional,personal adornment,Ottoman Islamicate,necklace,a braided agate necklace,agate,Tiny,Standard,76,134,Era / Renaissance Era; Functions / Worn Items / Jewellery; Functions / Worn Items / Jewellery / Necklaces; Market / Jewellery / Standard Jewellery; Culture / Renaissance / Shared / Ottoman Islamicate,Holdable; Wear_Necklace; Destroyable_Misc,Jewellery and devotional work,Gemcraft,Renaissance personal adornment catalogue; culture admission Ottoman Islamicate; availability Renaissance. Description is form-led and makes no unsupported devotional or mechanical claim.
renaissance_jewellery_ott_bracelet_186,Renaissance,Renaissance,Jewellery & devotional,personal adornment,Ottoman Islamicate,bracelet,a radiating carnelian bracelet,carnelian,Tiny,Good,83,143,Era / Renaissance Era; Functions / Worn Items / Jewellery; Functions / Worn Items / Jewellery / Bracelets; Market / Jewellery / Standard Jewellery; Culture / Renaissance / Shared / Ottoman Islamicate,Holdable; Wear_Bracelet; Destroyable_Misc,Jewellery and devotional work,Gemcraft,Renaissance personal adornment catalogue; culture admission Ottoman Islamicate; availability Renaissance. Description is form-led and makes no unsupported devotional or mechanical claim.
renaissance_jewellery_ott_armlet_187,Renaissance,Renaissance,Jewellery & devotional,personal adornment,Ottoman Islamicate,armlet,a leaf-scroll lapis lazuli armlet,lapis lazuli,Tiny,Good,90,152,Era / Renaissance Era; Functions / Worn Items / Jewellery; Functions / Worn Items / Jewellery / Armlets; Market / Jewellery / Standard Jewellery; Culture / Renaissance / Shared / Ottoman Islamicate,Holdable; Wear_Armlet; Destroyable_Misc,Jewellery and devotional work,Gemcraft,Renaissance personal adornment catalogue; culture admission Ottoman Islamicate; availability Renaissance. Description is form-led and makes no unsupported devotional or mechanical claim.
renaissance_jewellery_ott_anklet_188,Renaissance,Renaissance,Jewellery & devotional,personal adornment,Ottoman Islamicate,anklet,a sunburst turquoise anklet,turquoise,Tiny,Standard,20,8,Era / Renaissance Era; Functions / Worn Items / Jewellery; Functions / Worn Items / Jewellery / Anklets; Market / Jewellery / Standard Jewellery; Culture / Renaissance / Shared / Ottoman Islamicate,Holdable; Wear_Anklet; Destroyable_Misc,Jewellery and devotional work,Gemcraft,Renaissance personal adornment catalogue; culture admission Ottoman Islamicate; availability Renaissance. Description is form-led and makes no unsupported devotional or mechanical claim.
renaissance_jewellery_ott_earrings_189,Renaissance,Renaissance,Jewellery & devotional,personal adornment,Ottoman Islamicate,earrings,a water-wave jade earrings,jade,Tiny,VeryGood,27,17,Era / Renaissance Era; Functions / Worn Items / Jewellery; Functions / Worn Items / Jewellery / Earrings; Market / Jewellery / Standard Jewellery; Culture / Renaissance / Shared / Ottoman Islamicate,Holdable; Wear_Earrings; Destroyable_Misc,Jewellery and devotional work,Gemcraft,Renaissance personal adornment catalogue; culture admission Ottoman Islamicate; availability Renaissance. Description is form-led and makes no unsupported devotional or mechanical claim.
renaissance_jewellery_ott_brooch_190,Renaissance,Renaissance,Jewellery & devotional,personal adornment,Ottoman Islamicate,brooch,a knotted quartz brooch,quartz,Tiny,Good,34,26,Era / Renaissance Era; Functions / Worn Items / Jewellery; Functions / Worn Items / Jewellery / Brooches; Market / Jewellery / Standard Jewellery; Culture / Renaissance / Shared / Ottoman Islamicate,Holdable; Wear_Brooch; Destroyable_Misc,Jewellery and devotional work,Gemcraft,Renaissance personal adornment catalogue; culture admission Ottoman Islamicate; availability Renaissance. Description is form-led and makes no unsupported devotional or mechanical claim.
renaissance_jewellery_ott_pin_191,Renaissance,Renaissance,Jewellery & devotional,personal adornment,Ottoman Islamicate,pin,a flower-head faience pin,faience,Tiny,Standard,41,35,Era / Renaissance Era; Functions / Worn Items / Jewellery; Functions / Worn Items / Jewellery / Pins; Market / Jewellery / Standard Jewellery; Culture / Renaissance / Shared / Ottoman Islamicate,Holdable; Wear_Pin; Destroyable_Glassware,Jewellery and devotional work,Glassworking,Renaissance personal adornment catalogue; culture admission Ottoman Islamicate; availability Renaissance. Description is form-led and makes no unsupported devotional or mechanical claim.
renaissance_jewellery_ott_hairpin_192,Renaissance,Renaissance,Jewellery & devotional,personal adornment,Ottoman Islamicate,hairpin,a star pewter hairpin,pewter,Tiny,Poor,48,44,Era / Renaissance Era; Functions / Worn Items / Jewellery; Functions / Worn Items / Jewellery / Hair Ornaments; Market / Jewellery / Standard Jewellery; Culture / Renaissance / Shared / Ottoman Islamicate,Holdable; Wear_Hairpin; Destroyable_HeavyMetal,Jewellery and devotional work,Silversmithing,Renaissance personal adornment catalogue; culture admission Ottoman Islamicate; availability Renaissance. Description is form-led and makes no unsupported devotional or mechanical claim.
renaissance_jewellery_ott_circlet_193,Renaissance,Renaissance,Jewellery & devotional,personal adornment,Ottoman Islamicate,circlet,a bird copper circlet,copper,Tiny,Standard,55,53,Era / Renaissance Era; Functions / Worn Items / Jewellery; Functions / Worn Items / Jewellery / Circlets; Market / Jewellery / Standard Jewellery; Culture / Renaissance / Shared / Ottoman Islamicate,Holdable; Wear_Circlet; Destroyable_HeavyMetal,Jewellery and devotional work,Silversmithing,Renaissance personal adornment catalogue; culture admission Ottoman Islamicate; availability Renaissance. Description is form-led and makes no unsupported devotional or mechanical claim.
renaissance_jewellery_ott_diadem_194,Renaissance,Renaissance,Jewellery & devotional,personal adornment,Ottoman Islamicate,diadem,a vine bronze diadem,bronze,Tiny,Good,62,62,Era / Renaissance Era; Functions / Worn Items / Jewellery; Functions / Worn Items / Jewellery / Diadems; Market / Jewellery / Standard Jewellery; Culture / Renaissance / Shared / Ottoman Islamicate,Holdable; Wear_Diadem; Destroyable_HeavyMetal,Jewellery and devotional work,Silversmithing,Renaissance personal adornment catalogue; culture admission Ottoman Islamicate; availability Renaissance. Description is form-led and makes no unsupported devotional or mechanical claim.
renaissance_jewellery_ott_waist_chain_195,Renaissance,Renaissance,Jewellery & devotional,personal adornment,Ottoman Islamicate,waist chain,a geometric silver waist chain,silver,Tiny,Good,69,71,Era / Renaissance Era; Functions / Worn Items / Jewellery; Functions / Worn Items / Jewellery / Waist Chains; Market / Jewellery / Standard Jewellery; Culture / Renaissance / Shared / Ottoman Islamicate,Holdable; Wear_Waist_Chain; Destroyable_HeavyMetal,Jewellery and devotional work,Silversmithing,Renaissance personal adornment catalogue; culture admission Ottoman Islamicate; availability Renaissance. Description is form-led and makes no unsupported devotional or mechanical claim.
renaissance_jewellery_ott_belt_ornament_196,Renaissance,Renaissance,Jewellery & devotional,personal adornment,Ottoman Islamicate,belt ornament,a cloud gold belt ornament,gold,Tiny,Standard,76,80,Era / Renaissance Era; Functions / Worn Items / Jewellery; Functions / Worn Items / Jewellery / Belt Ornaments; Market / Jewellery / Standard Jewellery; Culture / Renaissance / Shared / Ottoman Islamicate,Holdable; Wear_Belt_Ornament; Destroyable_HeavyMetal,Jewellery and devotional work,Silversmithing,Renaissance personal adornment catalogue; culture admission Ottoman Islamicate; availability Renaissance. Description is form-led and makes no unsupported devotional or mechanical claim.
renaissance_jewellery_ott_badge_197,Renaissance,Renaissance,Jewellery & devotional,personal adornment,Ottoman Islamicate,badge,a shell brass badge,brass,Tiny,VeryGood,83,89,Era / Renaissance Era; Functions / Worn Items / Jewellery; Functions / Worn Items / Jewellery / Badges; Market / Jewellery / Standard Jewellery; Culture / Renaissance / Shared / Ottoman Islamicate,Holdable; Wear_Badge; Destroyable_HeavyMetal,Jewellery and devotional work,Silversmithing,Renaissance personal adornment catalogue; culture admission Ottoman Islamicate; availability Renaissance. Description is form-led and makes no unsupported devotional or mechanical claim.
renaissance_jewellery_ott_temple_ring_198,Renaissance,Renaissance,Jewellery & devotional,personal adornment,Ottoman Islamicate,temple ring,a reed glass temple ring,glass,Tiny,Good,90,98,Era / Renaissance Era; Functions / Worn Items / Jewellery; Functions / Worn Items / Jewellery / Temple Rings; Market / Jewellery / Standard Jewellery; Culture / Renaissance / Shared / Ottoman Islamicate,Holdable; Wear_Temple_Rings; Destroyable_Glassware,Jewellery and devotional work,Glassworking,Renaissance personal adornment catalogue; culture admission Ottoman Islamicate; availability Renaissance. Description is form-led and makes no unsupported devotional or mechanical claim.
renaissance_jewellery_ott_torc_199,Renaissance,Renaissance,Jewellery & devotional,personal adornment,Ottoman Islamicate,torc,a rosette bone torc,bone,Tiny,Standard,20,107,Era / Renaissance Era; Functions / Worn Items / Jewellery; Functions / Worn Items / Jewellery / Torcs; Market / Jewellery / Standard Jewellery; Culture / Renaissance / Shared / Ottoman Islamicate,Holdable; Wear_Torc; Destroyable_Misc,Jewellery and devotional work,Scrimshawing,Renaissance personal adornment catalogue; culture admission Ottoman Islamicate; availability Renaissance. Description is form-led and makes no unsupported devotional or mechanical claim.
renaissance_jewellery_ott_wreath_200,Renaissance,Renaissance,Jewellery & devotional,personal adornment,Ottoman Islamicate,wreath,a checker shell wreath,shell,Tiny,Poor,27,116,Era / Renaissance Era; Functions / Worn Items / Jewellery; Functions / Worn Items / Jewellery / Wreaths; Market / Jewellery / Standard Jewellery; Culture / Renaissance / Shared / Ottoman Islamicate,Holdable; Wear_Wreath; Destroyable_Misc,Jewellery and devotional work,Scrimshawing,Renaissance personal adornment catalogue; culture admission Ottoman Islamicate; availability Renaissance. Description is form-led and makes no unsupported devotional or mechanical claim.
renaissance_jewellery_ott_prayer_beads_201,Renaissance,Renaissance,Jewellery & devotional,personal devotional,Ottoman Islamicate,prayer bead strand,a braided ivory prayer bead strand,ivory,Tiny,Standard,34,125,Era / Renaissance Era; Functions / Worn Items / Jewellery; Functions / Worn Items / Jewellery / Bead Strings; Market / Jewellery / Standard Jewellery; Functions / Household Items / Household Religious Items; Market / Religious Goods / Devotional Goods; Culture / Renaissance / Shared / Ottoman Islamicate,Holdable; Wear_Necklace; Destroyable_Misc,Jewellery and devotional work,Scrimshawing,Renaissance personal devotional catalogue; culture admission Ottoman Islamicate; availability Renaissance. Description is form-led and makes no unsupported devotional or mechanical claim.
renaissance_jewellery_ott_devotional_medal_202,Renaissance,Renaissance,Jewellery & devotional,personal devotional,Ottoman Islamicate,devotional medal,a radiating pearl devotional medal,pearl,Tiny,Good,41,134,Era / Renaissance Era; Functions / Worn Items / Jewellery; Functions / Worn Items / Jewellery / Pendants; Market / Jewellery / Standard Jewellery; Functions / Household Items / Household Religious Items; Market / Religious Goods / Devotional Goods; Culture / Renaissance / Shared / Ottoman Islamicate,Holdable; Wear_Necklace; Destroyable_Misc,Jewellery and devotional work,Gemcraft,Renaissance personal devotional catalogue; culture admission Ottoman Islamicate; availability Renaissance. Description is form-led and makes no unsupported devotional or mechanical claim.
renaissance_jewellery_ott_devotional_badge_203,Renaissance,Renaissance,Jewellery & devotional,personal devotional,Ottoman Islamicate,devotional badge,a leaf-scroll amber devotional badge,amber,Tiny,Good,48,143,Era / Renaissance Era; Functions / Worn Items / Jewellery; Functions / Worn Items / Jewellery / Badges; Market / Jewellery / Standard Jewellery; Functions / Household Items / Household Religious Items; Market / Religious Goods / Devotional Goods; Culture / Renaissance / Shared / Ottoman Islamicate,Holdable; Wear_Badge; Destroyable_Misc,Jewellery and devotional work,Gemcraft,Renaissance personal devotional catalogue; culture admission Ottoman Islamicate; availability Renaissance. Description is form-led and makes no unsupported devotional or mechanical claim.
renaissance_jewellery_ott_prayer_cord_204,Renaissance,Renaissance,Jewellery & devotional,personal devotional,Ottoman Islamicate,prayer cord,a sunburst linen prayer cord,linen,Tiny,Standard,55,152,Era / Renaissance Era; Functions / Worn Items / Jewellery; Functions / Worn Items / Jewellery / Neck Garlands; Market / Jewellery / Standard Jewellery; Functions / Household Items / Household Religious Items; Market / Religious Goods / Devotional Goods; Culture / Renaissance / Shared / Ottoman Islamicate,Holdable; Wear_Neck_Garland; Destroyable_Clothing,Jewellery and devotional work,Weaving,Renaissance personal devotional catalogue; culture admission Ottoman Islamicate; availability Renaissance. Description is form-led and makes no unsupported devotional or mechanical claim.
renaissance_jewellery_ott_votive_token_205,Renaissance,Renaissance,Jewellery & devotional,institutional devotional,Ottoman Islamicate,votive token,a water-wave garnet votive token,garnet,Small,VeryGood,62,8,Era / Renaissance Era; Functions / Household Items / Household Religious Items; Market / Religious Goods / Devotional Goods; Culture / Renaissance / Shared / Ottoman Islamicate,Holdable; Destroyable_Misc,Jewellery and devotional work,Gemcraft,Renaissance institutional devotional catalogue; culture admission Ottoman Islamicate; availability Renaissance. Description is form-led and makes no unsupported devotional or mechanical claim.
renaissance_jewellery_ott_scripture_box_206,Renaissance,Renaissance,Jewellery & devotional,institutional devotional,Ottoman Islamicate,small scripture box,a knotted agate small scripture box,agate,Small,Good,69,17,Era / Renaissance Era; Functions / Household Items / Household Religious Items; Market / Religious Goods / Devotional Goods; Culture / Renaissance / Shared / Ottoman Islamicate,Holdable; Destroyable_Misc,Jewellery and devotional work,Gemcraft,Renaissance institutional devotional catalogue; culture admission Ottoman Islamicate; availability Renaissance. Description is form-led and makes no unsupported devotional or mechanical claim.
renaissance_jewellery_ott_offering_bowl_207,Renaissance,Renaissance,Jewellery & devotional,institutional devotional,Ottoman Islamicate,offering bowl,a flower-head silver offering bowl,silver,Small,Standard,76,26,Era / Renaissance Era; Functions / Household Items / Household Religious Items; Market / Religious Goods / Devotional Goods; Culture / Renaissance / Shared / Ottoman Islamicate,Holdable; Destroyable_HeavyMetal,Jewellery and devotional work,Silversmithing,Renaissance institutional devotional catalogue; culture admission Ottoman Islamicate; availability Renaissance. Description is form-led and makes no unsupported devotional or mechanical claim.
renaissance_jewellery_ott_incense_holder_208,Renaissance,Renaissance,Jewellery & devotional,institutional devotional,Ottoman Islamicate,incense holder,a star pewter incense holder,pewter,Small,Poor,83,35,Era / Renaissance Era; Functions / Household Items / Household Religious Items; Market / Religious Goods / Devotional Goods; Culture / Renaissance / Shared / Ottoman Islamicate,Holdable; Destroyable_HeavyMetal,Jewellery and devotional work,Silversmithing,Renaissance institutional devotional catalogue; culture admission Ottoman Islamicate; availability Renaissance. Description is form-led and makes no unsupported devotional or mechanical claim.
renaissance_jewellery_ott_portable_panel_209,Renaissance,Renaissance,Jewellery & devotional,institutional devotional,Ottoman Islamicate,small devotional panel,a bird wood small devotional panel,wood,Small,Standard,90,44,Era / Renaissance Era; Functions / Household Items / Household Religious Items; Market / Religious Goods / Devotional Goods; Culture / Renaissance / Shared / Ottoman Islamicate,Holdable; Destroyable_Misc,Jewellery and devotional work,Carpentry,Renaissance institutional devotional catalogue; culture admission Ottoman Islamicate; availability Renaissance. Description is form-led and makes no unsupported devotional or mechanical claim.
renaissance_jewellery_ott_processional_ornament_210,Renaissance,Renaissance,Jewellery & devotional,institutional devotional,Ottoman Islamicate,processional ornament,a vine brass processional ornament,brass,Small,Good,20,53,Era / Renaissance Era; Functions / Household Items / Household Religious Items; Market / Religious Goods / Devotional Goods; Culture / Renaissance / Shared / Ottoman Islamicate,Holdable; Destroyable_HeavyMetal,Jewellery and devotional work,Silversmithing,Renaissance institutional devotional catalogue; culture admission Ottoman Islamicate; availability Renaissance. Description is form-led and makes no unsupported devotional or mechanical claim.
renaissance_jewellery_pip_ring_211,Renaissance,Renaissance,Jewellery & devotional,personal adornment,Persianate Indo-Persian,ring,a vine silver ring,silver,Tiny,Good,27,62,Era / Renaissance Era; Functions / Worn Items / Jewellery; Functions / Worn Items / Jewellery / Rings; Market / Jewellery / Standard Jewellery; Culture / Renaissance / Shared / Persianate Indo-Persian,Holdable; Wear_Ring; Destroyable_HeavyMetal,Jewellery and devotional work,Silversmithing,Renaissance personal adornment catalogue; culture admission Persianate Indo-Persian; availability Renaissance. Description is form-led and makes no unsupported devotional or mechanical claim.
renaissance_jewellery_pip_signet_ring_212,Renaissance,Renaissance,Jewellery & devotional,personal adornment,Persianate Indo-Persian,ring,a geometric gold ring,gold,Tiny,VeryGood,34,71,Era / Renaissance Era; Functions / Worn Items / Jewellery; Functions / Worn Items / Jewellery / Rings; Market / Jewellery / Standard Jewellery; Culture / Renaissance / Shared / Persianate Indo-Persian,Holdable; Wear_Ring; Destroyable_HeavyMetal,Jewellery and devotional work,Silversmithing,Renaissance personal adornment catalogue; culture admission Persianate Indo-Persian; availability Renaissance. Description is form-led and makes no unsupported devotional or mechanical claim.
renaissance_jewellery_pip_pendant_213,Renaissance,Renaissance,Jewellery & devotional,personal adornment,Persianate Indo-Persian,pendant,a cloud brass pendant,brass,Tiny,VeryGood,41,80,Era / Renaissance Era; Functions / Worn Items / Jewellery; Functions / Worn Items / Jewellery / Pendants; Market / Jewellery / Standard Jewellery; Culture / Renaissance / Shared / Persianate Indo-Persian,Holdable; Wear_Necklace; Destroyable_HeavyMetal,Jewellery and devotional work,Silversmithing,Renaissance personal adornment catalogue; culture admission Persianate Indo-Persian; availability Renaissance. Description is form-led and makes no unsupported devotional or mechanical claim.
renaissance_jewellery_pip_bead_necklace_214,Renaissance,Renaissance,Jewellery & devotional,personal adornment,Persianate Indo-Persian,necklace,a shell glass necklace,glass,Tiny,Good,48,89,Era / Renaissance Era; Functions / Worn Items / Jewellery; Functions / Worn Items / Jewellery / Bead Strings; Market / Jewellery / Standard Jewellery; Culture / Renaissance / Shared / Persianate Indo-Persian,Holdable; Wear_Necklace; Destroyable_Glassware,Jewellery and devotional work,Glassworking,Renaissance personal adornment catalogue; culture admission Persianate Indo-Persian; availability Renaissance. Description is form-led and makes no unsupported devotional or mechanical claim.
renaissance_jewellery_pip_chain_necklace_215,Renaissance,Renaissance,Jewellery & devotional,personal adornment,Persianate Indo-Persian,necklace,a reed bone necklace,bone,Tiny,Standard,55,98,Era / Renaissance Era; Functions / Worn Items / Jewellery; Functions / Worn Items / Jewellery / Necklaces; Market / Jewellery / Standard Jewellery; Culture / Renaissance / Shared / Persianate Indo-Persian,Holdable; Wear_Necklace; Destroyable_Misc,Jewellery and devotional work,Scrimshawing,Renaissance personal adornment catalogue; culture admission Persianate Indo-Persian; availability Renaissance. Description is form-led and makes no unsupported devotional or mechanical claim.
renaissance_jewellery_pip_bracelet_216,Renaissance,Renaissance,Jewellery & devotional,personal adornment,Persianate Indo-Persian,bracelet,a rosette shell bracelet,shell,Tiny,Poor,62,107,Era / Renaissance Era; Functions / Worn Items / Jewellery; Functions / Worn Items / Jewellery / Bracelets; Market / Jewellery / Standard Jewellery; Culture / Renaissance / Shared / Persianate Indo-Persian,Holdable; Wear_Bracelet; Destroyable_Misc,Jewellery and devotional work,Scrimshawing,Renaissance personal adornment catalogue; culture admission Persianate Indo-Persian; availability Renaissance. Description is form-led and makes no unsupported devotional or mechanical claim.
renaissance_jewellery_pip_armlet_217,Renaissance,Renaissance,Jewellery & devotional,personal adornment,Persianate Indo-Persian,armlet,a checker ivory armlet,ivory,Tiny,Standard,69,116,Era / Renaissance Era; Functions / Worn Items / Jewellery; Functions / Worn Items / Jewellery / Armlets; Market / Jewellery / Standard Jewellery; Culture / Renaissance / Shared / Persianate Indo-Persian,Holdable; Wear_Armlet; Destroyable_Misc,Jewellery and devotional work,Scrimshawing,Renaissance personal adornment catalogue; culture admission Persianate Indo-Persian; availability Renaissance. Description is form-led and makes no unsupported devotional or mechanical claim.
renaissance_jewellery_pip_anklet_218,Renaissance,Renaissance,Jewellery & devotional,personal adornment,Persianate Indo-Persian,anklet,a braided pearl anklet,pearl,Tiny,Good,76,125,Era / Renaissance Era; Functions / Worn Items / Jewellery; Functions / Worn Items / Jewellery / Anklets; Market / Jewellery / Standard Jewellery; Culture / Renaissance / Shared / Persianate Indo-Persian,Holdable; Wear_Anklet; Destroyable_Misc,Jewellery and devotional work,Gemcraft,Renaissance personal adornment catalogue; culture admission Persianate Indo-Persian; availability Renaissance. Description is form-led and makes no unsupported devotional or mechanical claim.
renaissance_jewellery_pip_earrings_219,Renaissance,Renaissance,Jewellery & devotional,personal adornment,Persianate Indo-Persian,earrings,a radiating amber earrings,amber,Tiny,Good,83,134,Era / Renaissance Era; Functions / Worn Items / Jewellery; Functions / Worn Items / Jewellery / Earrings; Market / Jewellery / Standard Jewellery; Culture / Renaissance / Shared / Persianate Indo-Persian,Holdable; Wear_Earrings; Destroyable_Misc,Jewellery and devotional work,Gemcraft,Renaissance personal adornment catalogue; culture admission Persianate Indo-Persian; availability Renaissance. Description is form-led and makes no unsupported devotional or mechanical claim.
renaissance_jewellery_pip_brooch_220,Renaissance,Renaissance,Jewellery & devotional,personal adornment,Persianate Indo-Persian,brooch,a leaf-scroll coral brooch,coral,Tiny,Standard,90,143,Era / Renaissance Era; Functions / Worn Items / Jewellery; Functions / Worn Items / Jewellery / Brooches; Market / Jewellery / Standard Jewellery; Culture / Renaissance / Shared / Persianate Indo-Persian,Holdable; Wear_Brooch; Destroyable_Misc,Jewellery and devotional work,Scrimshawing,Renaissance personal adornment catalogue; culture admission Persianate Indo-Persian; availability Renaissance. Description is form-led and makes no unsupported devotional or mechanical claim.
renaissance_jewellery_pip_pin_221,Renaissance,Renaissance,Jewellery & devotional,personal adornment,Persianate Indo-Persian,pin,a sunburst garnet pin,garnet,Tiny,VeryGood,20,152,Era / Renaissance Era; Functions / Worn Items / Jewellery; Functions / Worn Items / Jewellery / Pins; Market / Jewellery / Standard Jewellery; Culture / Renaissance / Shared / Persianate Indo-Persian,Holdable; Wear_Pin; Destroyable_Misc,Jewellery and devotional work,Gemcraft,Renaissance personal adornment catalogue; culture admission Persianate Indo-Persian; availability Renaissance. Description is form-led and makes no unsupported devotional or mechanical claim.
renaissance_jewellery_pip_hairpin_222,Renaissance,Renaissance,Jewellery & devotional,personal adornment,Persianate Indo-Persian,hairpin,a water-wave agate hairpin,agate,Tiny,Good,27,8,Era / Renaissance Era; Functions / Worn Items / Jewellery; Functions / Worn Items / Jewellery / Hair Ornaments; Market / Jewellery / Standard Jewellery; Culture / Renaissance / Shared / Persianate Indo-Persian,Holdable; Wear_Hairpin; Destroyable_Misc,Jewellery and devotional work,Gemcraft,Renaissance personal adornment catalogue; culture admission Persianate Indo-Persian; availability Renaissance. Description is form-led and makes no unsupported devotional or mechanical claim.
renaissance_jewellery_pip_circlet_223,Renaissance,Renaissance,Jewellery & devotional,personal adornment,Persianate Indo-Persian,circlet,a knotted carnelian circlet,carnelian,Tiny,Standard,34,17,Era / Renaissance Era; Functions / Worn Items / Jewellery; Functions / Worn Items / Jewellery / Circlets; Market / Jewellery / Standard Jewellery; Culture / Renaissance / Shared / Persianate Indo-Persian,Holdable; Wear_Circlet; Destroyable_Misc,Jewellery and devotional work,Gemcraft,Renaissance personal adornment catalogue; culture admission Persianate Indo-Persian; availability Renaissance. Description is form-led and makes no unsupported devotional or mechanical claim.
renaissance_jewellery_pip_diadem_224,Renaissance,Renaissance,Jewellery & devotional,personal adornment,Persianate Indo-Persian,diadem,a flower-head lapis lazuli diadem,lapis lazuli,Tiny,Poor,41,26,Era / Renaissance Era; Functions / Worn Items / Jewellery; Functions / Worn Items / Jewellery / Diadems; Market / Jewellery / Standard Jewellery; Culture / Renaissance / Shared / Persianate Indo-Persian,Holdable; Wear_Diadem; Destroyable_Misc,Jewellery and devotional work,Gemcraft,Renaissance personal adornment catalogue; culture admission Persianate Indo-Persian; availability Renaissance. Description is form-led and makes no unsupported devotional or mechanical claim.
renaissance_jewellery_pip_waist_chain_225,Renaissance,Renaissance,Jewellery & devotional,personal adornment,Persianate Indo-Persian,waist chain,a star turquoise waist chain,turquoise,Tiny,Standard,48,35,Era / Renaissance Era; Functions / Worn Items / Jewellery; Functions / Worn Items / Jewellery / Waist Chains; Market / Jewellery / Standard Jewellery; Culture / Renaissance / Shared / Persianate Indo-Persian,Holdable; Wear_Waist_Chain; Destroyable_Misc,Jewellery and devotional work,Gemcraft,Renaissance personal adornment catalogue; culture admission Persianate Indo-Persian; availability Renaissance. Description is form-led and makes no unsupported devotional or mechanical claim.
renaissance_jewellery_pip_belt_ornament_226,Renaissance,Renaissance,Jewellery & devotional,personal adornment,Persianate Indo-Persian,belt ornament,a bird jade belt ornament,jade,Tiny,Good,55,44,Era / Renaissance Era; Functions / Worn Items / Jewellery; Functions / Worn Items / Jewellery / Belt Ornaments; Market / Jewellery / Standard Jewellery; Culture / Renaissance / Shared / Persianate Indo-Persian,Holdable; Wear_Belt_Ornament; Destroyable_Misc,Jewellery and devotional work,Gemcraft,Renaissance personal adornment catalogue; culture admission Persianate Indo-Persian; availability Renaissance. Description is form-led and makes no unsupported devotional or mechanical claim.
renaissance_jewellery_pip_badge_227,Renaissance,Renaissance,Jewellery & devotional,personal adornment,Persianate Indo-Persian,badge,a vine quartz badge,quartz,Tiny,Good,62,53,Era / Renaissance Era; Functions / Worn Items / Jewellery; Functions / Worn Items / Jewellery / Badges; Market / Jewellery / Standard Jewellery; Culture / Renaissance / Shared / Persianate Indo-Persian,Holdable; Wear_Badge; Destroyable_Misc,Jewellery and devotional work,Gemcraft,Renaissance personal adornment catalogue; culture admission Persianate Indo-Persian; availability Renaissance. Description is form-led and makes no unsupported devotional or mechanical claim.
renaissance_jewellery_pip_temple_ring_228,Renaissance,Renaissance,Jewellery & devotional,personal adornment,Persianate Indo-Persian,temple ring,a geometric faience temple ring,faience,Tiny,Standard,69,62,Era / Renaissance Era; Functions / Worn Items / Jewellery; Functions / Worn Items / Jewellery / Temple Rings; Market / Jewellery / Standard Jewellery; Culture / Renaissance / Shared / Persianate Indo-Persian,Holdable; Wear_Temple_Rings; Destroyable_Glassware,Jewellery and devotional work,Glassworking,Renaissance personal adornment catalogue; culture admission Persianate Indo-Persian; availability Renaissance. Description is form-led and makes no unsupported devotional or mechanical claim.
renaissance_jewellery_pip_torc_229,Renaissance,Renaissance,Jewellery & devotional,personal adornment,Persianate Indo-Persian,torc,a cloud pewter torc,pewter,Tiny,VeryGood,76,71,Era / Renaissance Era; Functions / Worn Items / Jewellery; Functions / Worn Items / Jewellery / Torcs; Market / Jewellery / Standard Jewellery; Culture / Renaissance / Shared / Persianate Indo-Persian,Holdable; Wear_Torc; Destroyable_HeavyMetal,Jewellery and devotional work,Silversmithing,Renaissance personal adornment catalogue; culture admission Persianate Indo-Persian; availability Renaissance. Description is form-led and makes no unsupported devotional or mechanical claim.
renaissance_jewellery_pip_wreath_230,Renaissance,Renaissance,Jewellery & devotional,personal adornment,Persianate Indo-Persian,wreath,a shell copper wreath,copper,Tiny,Good,83,80,Era / Renaissance Era; Functions / Worn Items / Jewellery; Functions / Worn Items / Jewellery / Wreaths; Market / Jewellery / Standard Jewellery; Culture / Renaissance / Shared / Persianate Indo-Persian,Holdable; Wear_Wreath; Destroyable_HeavyMetal,Jewellery and devotional work,Silversmithing,Renaissance personal adornment catalogue; culture admission Persianate Indo-Persian; availability Renaissance. Description is form-led and makes no unsupported devotional or mechanical claim.
renaissance_jewellery_pip_prayer_beads_231,Renaissance,Renaissance,Jewellery & devotional,personal devotional,Persianate Indo-Persian,prayer bead strand,a reed bronze prayer bead strand,bronze,Tiny,Standard,90,89,Era / Renaissance Era; Functions / Worn Items / Jewellery; Functions / Worn Items / Jewellery / Bead Strings; Market / Jewellery / Standard Jewellery; Functions / Household Items / Household Religious Items; Market / Religious Goods / Devotional Goods; Culture / Renaissance / Shared / Persianate Indo-Persian,Holdable; Wear_Necklace; Destroyable_HeavyMetal,Jewellery and devotional work,Silversmithing,Renaissance personal devotional catalogue; culture admission Persianate Indo-Persian; availability Renaissance. Description is form-led and makes no unsupported devotional or mechanical claim.
renaissance_jewellery_pip_devotional_medal_232,Renaissance,Renaissance,Jewellery & devotional,personal devotional,Persianate Indo-Persian,devotional medal,a rosette silver devotional medal,silver,Tiny,Poor,20,98,Era / Renaissance Era; Functions / Worn Items / Jewellery; Functions / Worn Items / Jewellery / Pendants; Market / Jewellery / Standard Jewellery; Functions / Household Items / Household Religious Items; Market / Religious Goods / Devotional Goods; Culture / Renaissance / Shared / Persianate Indo-Persian,Holdable; Wear_Necklace; Destroyable_HeavyMetal,Jewellery and devotional work,Silversmithing,Renaissance personal devotional catalogue; culture admission Persianate Indo-Persian; availability Renaissance. Description is form-led and makes no unsupported devotional or mechanical claim.
renaissance_jewellery_pip_devotional_badge_233,Renaissance,Renaissance,Jewellery & devotional,personal devotional,Persianate Indo-Persian,devotional badge,a checker gold devotional badge,gold,Tiny,Standard,27,107,Era / Renaissance Era; Functions / Worn Items / Jewellery; Functions / Worn Items / Jewellery / Badges; Market / Jewellery / Standard Jewellery; Functions / Household Items / Household Religious Items; Market / Religious Goods / Devotional Goods; Culture / Renaissance / Shared / Persianate Indo-Persian,Holdable; Wear_Badge; Destroyable_HeavyMetal,Jewellery and devotional work,Silversmithing,Renaissance personal devotional catalogue; culture admission Persianate Indo-Persian; availability Renaissance. Description is form-led and makes no unsupported devotional or mechanical claim.
renaissance_jewellery_pip_prayer_cord_234,Renaissance,Renaissance,Jewellery & devotional,personal devotional,Persianate Indo-Persian,prayer cord,a braided linen prayer cord,linen,Tiny,Good,34,116,Era / Renaissance Era; Functions / Worn Items / Jewellery; Functions / Worn Items / Jewellery / Neck Garlands; Market / Jewellery / Standard Jewellery; Functions / Household Items / Household Religious Items; Market / Religious Goods / Devotional Goods; Culture / Renaissance / Shared / Persianate Indo-Persian,Holdable; Wear_Neck_Garland; Destroyable_Clothing,Jewellery and devotional work,Weaving,Renaissance personal devotional catalogue; culture admission Persianate Indo-Persian; availability Renaissance. Description is form-led and makes no unsupported devotional or mechanical claim.
renaissance_jewellery_pip_votive_token_235,Renaissance,Renaissance,Jewellery & devotional,institutional devotional,Persianate Indo-Persian,votive token,a radiating glass votive token,glass,Small,Good,41,125,Era / Renaissance Era; Functions / Household Items / Household Religious Items; Market / Religious Goods / Devotional Goods; Culture / Renaissance / Shared / Persianate Indo-Persian,Holdable; Destroyable_Glassware,Jewellery and devotional work,Glassworking,Renaissance institutional devotional catalogue; culture admission Persianate Indo-Persian; availability Renaissance. Description is form-led and makes no unsupported devotional or mechanical claim.
renaissance_jewellery_pip_scripture_box_236,Renaissance,Renaissance,Jewellery & devotional,institutional devotional,Persianate Indo-Persian,small scripture box,a leaf-scroll bone small scripture box,bone,Small,Standard,48,134,Era / Renaissance Era; Functions / Household Items / Household Religious Items; Market / Religious Goods / Devotional Goods; Culture / Renaissance / Shared / Persianate Indo-Persian,Holdable; Destroyable_Misc,Jewellery and devotional work,Scrimshawing,Renaissance institutional devotional catalogue; culture admission Persianate Indo-Persian; availability Renaissance. Description is form-led and makes no unsupported devotional or mechanical claim.
renaissance_jewellery_pip_offering_bowl_237,Renaissance,Renaissance,Jewellery & devotional,institutional devotional,Persianate Indo-Persian,offering bowl,a sunburst bronze offering bowl,bronze,Small,VeryGood,55,143,Era / Renaissance Era; Functions / Household Items / Household Religious Items; Market / Religious Goods / Devotional Goods; Culture / Renaissance / Shared / Persianate Indo-Persian,Holdable; Destroyable_HeavyMetal,Jewellery and devotional work,Silversmithing,Renaissance institutional devotional catalogue; culture admission Persianate Indo-Persian; availability Renaissance. Description is form-led and makes no unsupported devotional or mechanical claim.
renaissance_jewellery_pip_incense_holder_238,Renaissance,Renaissance,Jewellery & devotional,institutional devotional,Persianate Indo-Persian,incense holder,a water-wave brass incense holder,brass,Small,Good,62,152,Era / Renaissance Era; Functions / Household Items / Household Religious Items; Market / Religious Goods / Devotional Goods; Culture / Renaissance / Shared / Persianate Indo-Persian,Holdable; Destroyable_HeavyMetal,Jewellery and devotional work,Silversmithing,Renaissance institutional devotional catalogue; culture admission Persianate Indo-Persian; availability Renaissance. Description is form-led and makes no unsupported devotional or mechanical claim.
renaissance_jewellery_pip_portable_panel_239,Renaissance,Renaissance,Jewellery & devotional,institutional devotional,Persianate Indo-Persian,small devotional panel,a knotted wood small devotional panel,wood,Small,Standard,69,8,Era / Renaissance Era; Functions / Household Items / Household Religious Items; Market / Religious Goods / Devotional Goods; Culture / Renaissance / Shared / Persianate Indo-Persian,Holdable; Destroyable_Misc,Jewellery and devotional work,Carpentry,Renaissance institutional devotional catalogue; culture admission Persianate Indo-Persian; availability Renaissance. Description is form-led and makes no unsupported devotional or mechanical claim.
renaissance_jewellery_pip_processional_ornament_240,Renaissance,Renaissance,Jewellery & devotional,institutional devotional,Persianate Indo-Persian,processional ornament,a flower-head pewter processional ornament,pewter,Small,Poor,76,17,Era / Renaissance Era; Functions / Household Items / Household Religious Items; Market / Religious Goods / Devotional Goods; Culture / Renaissance / Shared / Persianate Indo-Persian,Holdable; Destroyable_HeavyMetal,Jewellery and devotional work,Silversmithing,Renaissance institutional devotional catalogue; culture admission Persianate Indo-Persian; availability Renaissance. Description is form-led and makes no unsupported devotional or mechanical claim.
renaissance_jewellery_sas_ring_241,Renaissance,Renaissance,Jewellery & devotional,personal adornment,South Asian,ring,a sunburst pewter ring,pewter,Tiny,Standard,83,26,Era / Renaissance Era; Functions / Worn Items / Jewellery; Functions / Worn Items / Jewellery / Rings; Market / Jewellery / Standard Jewellery; Culture / Renaissance / Shared / South Asian,Holdable; Wear_Ring; Destroyable_HeavyMetal,Jewellery and devotional work,Silversmithing,Renaissance personal adornment catalogue; culture admission South Asian; availability Renaissance. Description is form-led and makes no unsupported devotional or mechanical claim.
renaissance_jewellery_sas_signet_ring_242,Renaissance,Renaissance,Jewellery & devotional,personal adornment,South Asian,ring,a water-wave copper ring,copper,Tiny,VeryGood,90,35,Era / Renaissance Era; Functions / Worn Items / Jewellery; Functions / Worn Items / Jewellery / Rings; Market / Jewellery / Standard Jewellery; Culture / Renaissance / Shared / South Asian,Holdable; Wear_Ring; Destroyable_HeavyMetal,Jewellery and devotional work,Silversmithing,Renaissance personal adornment catalogue; culture admission South Asian; availability Renaissance. Description is form-led and makes no unsupported devotional or mechanical claim.
renaissance_jewellery_sas_pendant_243,Renaissance,Renaissance,Jewellery & devotional,personal adornment,South Asian,pendant,a knotted bronze pendant,bronze,Tiny,Good,20,44,Era / Renaissance Era; Functions / Worn Items / Jewellery; Functions / Worn Items / Jewellery / Pendants; Market / Jewellery / Standard Jewellery; Culture / Renaissance / Shared / South Asian,Holdable; Wear_Necklace; Destroyable_HeavyMetal,Jewellery and devotional work,Silversmithing,Renaissance personal adornment catalogue; culture admission South Asian; availability Renaissance. Description is form-led and makes no unsupported devotional or mechanical claim.
renaissance_jewellery_sas_bead_necklace_244,Renaissance,Renaissance,Jewellery & devotional,personal adornment,South Asian,necklace,a flower-head silver necklace,silver,Tiny,Standard,27,53,Era / Renaissance Era; Functions / Worn Items / Jewellery; Functions / Worn Items / Jewellery / Bead Strings; Market / Jewellery / Standard Jewellery; Culture / Renaissance / Shared / South Asian,Holdable; Wear_Necklace; Destroyable_HeavyMetal,Jewellery and devotional work,Silversmithing,Renaissance personal adornment catalogue; culture admission South Asian; availability Renaissance. Description is form-led and makes no unsupported devotional or mechanical claim.
renaissance_jewellery_sas_chain_necklace_245,Renaissance,Renaissance,Jewellery & devotional,personal adornment,South Asian,necklace,a star gold necklace,gold,Tiny,VeryGood,34,62,Era / Renaissance Era; Functions / Worn Items / Jewellery; Functions / Worn Items / Jewellery / Necklaces; Market / Jewellery / Standard Jewellery; Culture / Renaissance / Shared / South Asian,Holdable; Wear_Necklace; Destroyable_HeavyMetal,Jewellery and devotional work,Silversmithing,Renaissance personal adornment catalogue; culture admission South Asian; availability Renaissance. Description is form-led and makes no unsupported devotional or mechanical claim.
renaissance_jewellery_sas_bracelet_246,Renaissance,Renaissance,Jewellery & devotional,personal adornment,South Asian,bracelet,a bird brass bracelet,brass,Tiny,Good,41,71,Era / Renaissance Era; Functions / Worn Items / Jewellery; Functions / Worn Items / Jewellery / Bracelets; Market / Jewellery / Standard Jewellery; Culture / Renaissance / Shared / South Asian,Holdable; Wear_Bracelet; Destroyable_HeavyMetal,Jewellery and devotional work,Silversmithing,Renaissance personal adornment catalogue; culture admission South Asian; availability Renaissance. Description is form-led and makes no unsupported devotional or mechanical claim.
renaissance_jewellery_sas_armlet_247,Renaissance,Renaissance,Jewellery & devotional,personal adornment,South Asian,armlet,a vine glass armlet,glass,Tiny,Standard,48,80,Era / Renaissance Era; Functions / Worn Items / Jewellery; Functions / Worn Items / Jewellery / Armlets; Market / Jewellery / Standard Jewellery; Culture / Renaissance / Shared / South Asian,Holdable; Wear_Armlet; Destroyable_Glassware,Jewellery and devotional work,Glassworking,Renaissance personal adornment catalogue; culture admission South Asian; availability Renaissance. Description is form-led and makes no unsupported devotional or mechanical claim.
renaissance_jewellery_sas_anklet_248,Renaissance,Renaissance,Jewellery & devotional,personal adornment,South Asian,anklet,a geometric bone anklet,bone,Tiny,Poor,55,89,Era / Renaissance Era; Functions / Worn Items / Jewellery; Functions / Worn Items / Jewellery / Anklets; Market / Jewellery / Standard Jewellery; Culture / Renaissance / Shared / South Asian,Holdable; Wear_Anklet; Destroyable_Misc,Jewellery and devotional work,Scrimshawing,Renaissance personal adornment catalogue; culture admission South Asian; availability Renaissance. Description is form-led and makes no unsupported devotional or mechanical claim.
renaissance_jewellery_sas_earrings_249,Renaissance,Renaissance,Jewellery & devotional,personal adornment,South Asian,earrings,a cloud shell earrings,shell,Tiny,Standard,62,98,Era / Renaissance Era; Functions / Worn Items / Jewellery; Functions / Worn Items / Jewellery / Earrings; Market / Jewellery / Standard Jewellery; Culture / Renaissance / Shared / South Asian,Holdable; Wear_Earrings; Destroyable_Misc,Jewellery and devotional work,Scrimshawing,Renaissance personal adornment catalogue; culture admission South Asian; availability Renaissance. Description is form-led and makes no unsupported devotional or mechanical claim.
renaissance_jewellery_sas_brooch_250,Renaissance,Renaissance,Jewellery & devotional,personal adornment,South Asian,brooch,a shell ivory brooch,ivory,Tiny,Good,69,107,Era / Renaissance Era; Functions / Worn Items / Jewellery; Functions / Worn Items / Jewellery / Brooches; Market / Jewellery / Standard Jewellery; Culture / Renaissance / Shared / South Asian,Holdable; Wear_Brooch; Destroyable_Misc,Jewellery and devotional work,Scrimshawing,Renaissance personal adornment catalogue; culture admission South Asian; availability Renaissance. Description is form-led and makes no unsupported devotional or mechanical claim.
renaissance_jewellery_sas_pin_251,Renaissance,Renaissance,Jewellery & devotional,personal adornment,South Asian,pin,a reed pearl pin,pearl,Tiny,Good,76,116,Era / Renaissance Era; Functions / Worn Items / Jewellery; Functions / Worn Items / Jewellery / Pins; Market / Jewellery / Standard Jewellery; Culture / Renaissance / Shared / South Asian,Holdable; Wear_Pin; Destroyable_Misc,Jewellery and devotional work,Gemcraft,Renaissance personal adornment catalogue; culture admission South Asian; availability Renaissance. Description is form-led and makes no unsupported devotional or mechanical claim.
renaissance_jewellery_sas_hairpin_252,Renaissance,Renaissance,Jewellery & devotional,personal adornment,South Asian,hairpin,a rosette amber hairpin,amber,Tiny,Standard,83,125,Era / Renaissance Era; Functions / Worn Items / Jewellery; Functions / Worn Items / Jewellery / Hair Ornaments; Market / Jewellery / Standard Jewellery; Culture / Renaissance / Shared / South Asian,Holdable; Wear_Hairpin; Destroyable_Misc,Jewellery and devotional work,Gemcraft,Renaissance personal adornment catalogue; culture admission South Asian; availability Renaissance. Description is form-led and makes no unsupported devotional or mechanical claim.
renaissance_jewellery_sas_circlet_253,Renaissance,Renaissance,Jewellery & devotional,personal adornment,South Asian,circlet,a checker coral circlet,coral,Tiny,VeryGood,90,134,Era / Renaissance Era; Functions / Worn Items / Jewellery; Functions / Worn Items / Jewellery / Circlets; Market / Jewellery / Standard Jewellery; Culture / Renaissance / Shared / South Asian,Holdable; Wear_Circlet; Destroyable_Misc,Jewellery and devotional work,Scrimshawing,Renaissance personal adornment catalogue; culture admission South Asian; availability Renaissance. Description is form-led and makes no unsupported devotional or mechanical claim.
renaissance_jewellery_sas_diadem_254,Renaissance,Renaissance,Jewellery & devotional,personal adornment,South Asian,diadem,a braided garnet diadem,garnet,Tiny,Good,20,143,Era / Renaissance Era; Functions / Worn Items / Jewellery; Functions / Worn Items / Jewellery / Diadems; Market / Jewellery / Standard Jewellery; Culture / Renaissance / Shared / South Asian,Holdable; Wear_Diadem; Destroyable_Misc,Jewellery and devotional work,Gemcraft,Renaissance personal adornment catalogue; culture admission South Asian; availability Renaissance. Description is form-led and makes no unsupported devotional or mechanical claim.
renaissance_jewellery_sas_waist_chain_255,Renaissance,Renaissance,Jewellery & devotional,personal adornment,South Asian,waist chain,a radiating agate waist chain,agate,Tiny,Standard,27,152,Era / Renaissance Era; Functions / Worn Items / Jewellery; Functions / Worn Items / Jewellery / Waist Chains; Market / Jewellery / Standard Jewellery; Culture / Renaissance / Shared / South Asian,Holdable; Wear_Waist_Chain; Destroyable_Misc,Jewellery and devotional work,Gemcraft,Renaissance personal adornment catalogue; culture admission South Asian; availability Renaissance. Description is form-led and makes no unsupported devotional or mechanical claim.
renaissance_jewellery_sas_belt_ornament_256,Renaissance,Renaissance,Jewellery & devotional,personal adornment,South Asian,belt ornament,a leaf-scroll carnelian belt ornament,carnelian,Tiny,Poor,34,8,Era / Renaissance Era; Functions / Worn Items / Jewellery; Functions / Worn Items / Jewellery / Belt Ornaments; Market / Jewellery / Standard Jewellery; Culture / Renaissance / Shared / South Asian,Holdable; Wear_Belt_Ornament; Destroyable_Misc,Jewellery and devotional work,Gemcraft,Renaissance personal adornment catalogue; culture admission South Asian; availability Renaissance. Description is form-led and makes no unsupported devotional or mechanical claim.
renaissance_jewellery_sas_badge_257,Renaissance,Renaissance,Jewellery & devotional,personal adornment,South Asian,badge,a sunburst lapis lazuli badge,lapis lazuli,Tiny,Standard,41,17,Era / Renaissance Era; Functions / Worn Items / Jewellery; Functions / Worn Items / Jewellery / Badges; Market / Jewellery / Standard Jewellery; Culture / Renaissance / Shared / South Asian,Holdable; Wear_Badge; Destroyable_Misc,Jewellery and devotional work,Gemcraft,Renaissance personal adornment catalogue; culture admission South Asian; availability Renaissance. Description is form-led and makes no unsupported devotional or mechanical claim.
renaissance_jewellery_sas_temple_ring_258,Renaissance,Renaissance,Jewellery & devotional,personal adornment,South Asian,temple ring,a water-wave turquoise temple ring,turquoise,Tiny,Good,48,26,Era / Renaissance Era; Functions / Worn Items / Jewellery; Functions / Worn Items / Jewellery / Temple Rings; Market / Jewellery / Standard Jewellery; Culture / Renaissance / Shared / South Asian,Holdable; Wear_Temple_Rings; Destroyable_Misc,Jewellery and devotional work,Gemcraft,Renaissance personal adornment catalogue; culture admission South Asian; availability Renaissance. Description is form-led and makes no unsupported devotional or mechanical claim.
renaissance_jewellery_sas_torc_259,Renaissance,Renaissance,Jewellery & devotional,personal adornment,South Asian,torc,a knotted jade torc,jade,Tiny,Good,55,35,Era / Renaissance Era; Functions / Worn Items / Jewellery; Functions / Worn Items / Jewellery / Torcs; Market / Jewellery / Standard Jewellery; Culture / Renaissance / Shared / South Asian,Holdable; Wear_Torc; Destroyable_Misc,Jewellery and devotional work,Gemcraft,Renaissance personal adornment catalogue; culture admission South Asian; availability Renaissance. Description is form-led and makes no unsupported devotional or mechanical claim.
renaissance_jewellery_sas_wreath_260,Renaissance,Renaissance,Jewellery & devotional,personal adornment,South Asian,wreath,a flower-head quartz wreath,quartz,Tiny,Standard,62,44,Era / Renaissance Era; Functions / Worn Items / Jewellery; Functions / Worn Items / Jewellery / Wreaths; Market / Jewellery / Standard Jewellery; Culture / Renaissance / Shared / South Asian,Holdable; Wear_Wreath; Destroyable_Misc,Jewellery and devotional work,Gemcraft,Renaissance personal adornment catalogue; culture admission South Asian; availability Renaissance. Description is form-led and makes no unsupported devotional or mechanical claim.
renaissance_jewellery_sas_prayer_beads_261,Renaissance,Renaissance,Jewellery & devotional,personal devotional,South Asian,prayer bead strand,a star faience prayer bead strand,faience,Tiny,VeryGood,69,53,Era / Renaissance Era; Functions / Worn Items / Jewellery; Functions / Worn Items / Jewellery / Bead Strings; Market / Jewellery / Standard Jewellery; Functions / Household Items / Household Religious Items; Market / Religious Goods / Devotional Goods; Culture / Renaissance / Shared / South Asian,Holdable; Wear_Necklace; Destroyable_Glassware,Jewellery and devotional work,Glassworking,Renaissance personal devotional catalogue; culture admission South Asian; availability Renaissance. Description is form-led and makes no unsupported devotional or mechanical claim.
renaissance_jewellery_sas_devotional_medal_262,Renaissance,Renaissance,Jewellery & devotional,personal devotional,South Asian,devotional medal,a bird pewter devotional medal,pewter,Tiny,Good,76,62,Era / Renaissance Era; Functions / Worn Items / Jewellery; Functions / Worn Items / Jewellery / Pendants; Market / Jewellery / Standard Jewellery; Functions / Household Items / Household Religious Items; Market / Religious Goods / Devotional Goods; Culture / Renaissance / Shared / South Asian,Holdable; Wear_Necklace; Destroyable_HeavyMetal,Jewellery and devotional work,Silversmithing,Renaissance personal devotional catalogue; culture admission South Asian; availability Renaissance. Description is form-led and makes no unsupported devotional or mechanical claim.
renaissance_jewellery_sas_devotional_badge_263,Renaissance,Renaissance,Jewellery & devotional,personal devotional,South Asian,devotional badge,a vine copper devotional badge,copper,Tiny,Standard,83,71,Era / Renaissance Era; Functions / Worn Items / Jewellery; Functions / Worn Items / Jewellery / Badges; Market / Jewellery / Standard Jewellery; Functions / Household Items / Household Religious Items; Market / Religious Goods / Devotional Goods; Culture / Renaissance / Shared / South Asian,Holdable; Wear_Badge; Destroyable_HeavyMetal,Jewellery and devotional work,Silversmithing,Renaissance personal devotional catalogue; culture admission South Asian; availability Renaissance. Description is form-led and makes no unsupported devotional or mechanical claim.
renaissance_jewellery_sas_prayer_cord_264,Renaissance,Renaissance,Jewellery & devotional,personal devotional,South Asian,prayer cord,a geometric linen prayer cord,linen,Tiny,Poor,90,80,Era / Renaissance Era; Functions / Worn Items / Jewellery; Functions / Worn Items / Jewellery / Neck Garlands; Market / Jewellery / Standard Jewellery; Functions / Household Items / Household Religious Items; Market / Religious Goods / Devotional Goods; Culture / Renaissance / Shared / South Asian,Holdable; Wear_Neck_Garland; Destroyable_Clothing,Jewellery and devotional work,Weaving,Renaissance personal devotional catalogue; culture admission South Asian; availability Renaissance. Description is form-led and makes no unsupported devotional or mechanical claim.
renaissance_jewellery_sas_votive_token_265,Renaissance,Renaissance,Jewellery & devotional,institutional devotional,South Asian,votive token,a cloud silver votive token,silver,Small,Standard,20,89,Era / Renaissance Era; Functions / Household Items / Household Religious Items; Market / Religious Goods / Devotional Goods; Culture / Renaissance / Shared / South Asian,Holdable; Destroyable_HeavyMetal,Jewellery and devotional work,Silversmithing,Renaissance institutional devotional catalogue; culture admission South Asian; availability Renaissance. Description is form-led and makes no unsupported devotional or mechanical claim.
renaissance_jewellery_sas_scripture_box_266,Renaissance,Renaissance,Jewellery & devotional,institutional devotional,South Asian,small scripture box,a shell gold small scripture box,gold,Small,Good,27,98,Era / Renaissance Era; Functions / Household Items / Household Religious Items; Market / Religious Goods / Devotional Goods; Culture / Renaissance / Shared / South Asian,Holdable; Destroyable_HeavyMetal,Jewellery and devotional work,Silversmithing,Renaissance institutional devotional catalogue; culture admission South Asian; availability Renaissance. Description is form-led and makes no unsupported devotional or mechanical claim.
renaissance_jewellery_sas_offering_bowl_267,Renaissance,Renaissance,Jewellery & devotional,institutional devotional,South Asian,offering bowl,a reed silver offering bowl,silver,Small,Good,34,107,Era / Renaissance Era; Functions / Household Items / Household Religious Items; Market / Religious Goods / Devotional Goods; Culture / Renaissance / Shared / South Asian,Holdable; Destroyable_HeavyMetal,Jewellery and devotional work,Silversmithing,Renaissance institutional devotional catalogue; culture admission South Asian; availability Renaissance. Description is form-led and makes no unsupported devotional or mechanical claim.
renaissance_jewellery_sas_incense_holder_268,Renaissance,Renaissance,Jewellery & devotional,institutional devotional,South Asian,incense holder,a rosette pewter incense holder,pewter,Small,Standard,41,116,Era / Renaissance Era; Functions / Household Items / Household Religious Items; Market / Religious Goods / Devotional Goods; Culture / Renaissance / Shared / South Asian,Holdable; Destroyable_HeavyMetal,Jewellery and devotional work,Silversmithing,Renaissance institutional devotional catalogue; culture admission South Asian; availability Renaissance. Description is form-led and makes no unsupported devotional or mechanical claim.
renaissance_jewellery_sas_portable_panel_269,Renaissance,Renaissance,Jewellery & devotional,institutional devotional,South Asian,small devotional panel,a checker wood small devotional panel,wood,Small,VeryGood,48,125,Era / Renaissance Era; Functions / Household Items / Household Religious Items; Market / Religious Goods / Devotional Goods; Culture / Renaissance / Shared / South Asian,Holdable; Destroyable_Misc,Jewellery and devotional work,Carpentry,Renaissance institutional devotional catalogue; culture admission South Asian; availability Renaissance. Description is form-led and makes no unsupported devotional or mechanical claim.
renaissance_jewellery_sas_processional_ornament_270,Renaissance,Renaissance,Jewellery & devotional,institutional devotional,South Asian,processional ornament,a braided brass processional ornament,brass,Small,Good,55,134,Era / Renaissance Era; Functions / Household Items / Household Religious Items; Market / Religious Goods / Devotional Goods; Culture / Renaissance / Shared / South Asian,Holdable; Destroyable_HeavyMetal,Jewellery and devotional work,Silversmithing,Renaissance institutional devotional catalogue; culture admission South Asian; availability Renaissance. Description is form-led and makes no unsupported devotional or mechanical claim.
renaissance_jewellery_eal_ring_271,Renaissance,Renaissance,Jewellery & devotional,personal adornment,East Asian Literati,ring,a vine turquoise ring,turquoise,Tiny,Standard,62,143,Era / Renaissance Era; Functions / Worn Items / Jewellery; Functions / Worn Items / Jewellery / Rings; Market / Jewellery / Standard Jewellery; Culture / Renaissance / Shared / East Asian Literati,Holdable; Wear_Ring; Destroyable_Misc,Jewellery and devotional work,Gemcraft,Renaissance personal adornment catalogue; culture admission East Asian Literati; availability Renaissance. Description is form-led and makes no unsupported devotional or mechanical claim.
renaissance_jewellery_eal_signet_ring_272,Renaissance,Renaissance,Jewellery & devotional,personal adornment,East Asian Literati,ring,a geometric jade ring,jade,Tiny,VeryGood,69,152,Era / Renaissance Era; Functions / Worn Items / Jewellery; Functions / Worn Items / Jewellery / Rings; Market / Jewellery / Standard Jewellery; Culture / Renaissance / Shared / East Asian Literati,Holdable; Wear_Ring; Destroyable_Misc,Jewellery and devotional work,Gemcraft,Renaissance personal adornment catalogue; culture admission East Asian Literati; availability Renaissance. Description is form-led and makes no unsupported devotional or mechanical claim.
renaissance_jewellery_eal_pendant_273,Renaissance,Renaissance,Jewellery & devotional,personal adornment,East Asian Literati,pendant,a cloud quartz pendant,quartz,Tiny,Standard,76,8,Era / Renaissance Era; Functions / Worn Items / Jewellery; Functions / Worn Items / Jewellery / Pendants; Market / Jewellery / Standard Jewellery; Culture / Renaissance / Shared / East Asian Literati,Holdable; Wear_Necklace; Destroyable_Misc,Jewellery and devotional work,Gemcraft,Renaissance personal adornment catalogue; culture admission East Asian Literati; availability Renaissance. Description is form-led and makes no unsupported devotional or mechanical claim.
renaissance_jewellery_eal_bead_necklace_274,Renaissance,Renaissance,Jewellery & devotional,personal adornment,East Asian Literati,necklace,a shell faience necklace,faience,Tiny,Good,83,17,Era / Renaissance Era; Functions / Worn Items / Jewellery; Functions / Worn Items / Jewellery / Bead Strings; Market / Jewellery / Standard Jewellery; Culture / Renaissance / Shared / East Asian Literati,Holdable; Wear_Necklace; Destroyable_Glassware,Jewellery and devotional work,Glassworking,Renaissance personal adornment catalogue; culture admission East Asian Literati; availability Renaissance. Description is form-led and makes no unsupported devotional or mechanical claim.
renaissance_jewellery_eal_chain_necklace_275,Renaissance,Renaissance,Jewellery & devotional,personal adornment,East Asian Literati,necklace,a reed pewter necklace,pewter,Tiny,Good,90,26,Era / Renaissance Era; Functions / Worn Items / Jewellery; Functions / Worn Items / Jewellery / Necklaces; Market / Jewellery / Standard Jewellery; Culture / Renaissance / Shared / East Asian Literati,Holdable; Wear_Necklace; Destroyable_HeavyMetal,Jewellery and devotional work,Silversmithing,Renaissance personal adornment catalogue; culture admission East Asian Literati; availability Renaissance. Description is form-led and makes no unsupported devotional or mechanical claim.
renaissance_jewellery_eal_bracelet_276,Renaissance,Renaissance,Jewellery & devotional,personal adornment,East Asian Literati,bracelet,a rosette copper bracelet,copper,Tiny,Standard,20,35,Era / Renaissance Era; Functions / Worn Items / Jewellery; Functions / Worn Items / Jewellery / Bracelets; Market / Jewellery / Standard Jewellery; Culture / Renaissance / Shared / East Asian Literati,Holdable; Wear_Bracelet; Destroyable_HeavyMetal,Jewellery and devotional work,Silversmithing,Renaissance personal adornment catalogue; culture admission East Asian Literati; availability Renaissance. Description is form-led and makes no unsupported devotional or mechanical claim.
renaissance_jewellery_eal_armlet_277,Renaissance,Renaissance,Jewellery & devotional,personal adornment,East Asian Literati,armlet,a checker bronze armlet,bronze,Tiny,VeryGood,27,44,Era / Renaissance Era; Functions / Worn Items / Jewellery; Functions / Worn Items / Jewellery / Armlets; Market / Jewellery / Standard Jewellery; Culture / Renaissance / Shared / East Asian Literati,Holdable; Wear_Armlet; Destroyable_HeavyMetal,Jewellery and devotional work,Silversmithing,Renaissance personal adornment catalogue; culture admission East Asian Literati; availability Renaissance. Description is form-led and makes no unsupported devotional or mechanical claim.
renaissance_jewellery_eal_anklet_278,Renaissance,Renaissance,Jewellery & devotional,personal adornment,East Asian Literati,anklet,a braided silver anklet,silver,Tiny,Good,34,53,Era / Renaissance Era; Functions / Worn Items / Jewellery; Functions / Worn Items / Jewellery / Anklets; Market / Jewellery / Standard Jewellery; Culture / Renaissance / Shared / East Asian Literati,Holdable; Wear_Anklet; Destroyable_HeavyMetal,Jewellery and devotional work,Silversmithing,Renaissance personal adornment catalogue; culture admission East Asian Literati; availability Renaissance. Description is form-led and makes no unsupported devotional or mechanical claim.
renaissance_jewellery_eal_earrings_279,Renaissance,Renaissance,Jewellery & devotional,personal adornment,East Asian Literati,earrings,a radiating gold earrings,gold,Tiny,Standard,41,62,Era / Renaissance Era; Functions / Worn Items / Jewellery; Functions / Worn Items / Jewellery / Earrings; Market / Jewellery / Standard Jewellery; Culture / Renaissance / Shared / East Asian Literati,Holdable; Wear_Earrings; Destroyable_HeavyMetal,Jewellery and devotional work,Silversmithing,Renaissance personal adornment catalogue; culture admission East Asian Literati; availability Renaissance. Description is form-led and makes no unsupported devotional or mechanical claim.
renaissance_jewellery_eal_brooch_280,Renaissance,Renaissance,Jewellery & devotional,personal adornment,East Asian Literati,brooch,a leaf-scroll brass brooch,brass,Tiny,Poor,48,71,Era / Renaissance Era; Functions / Worn Items / Jewellery; Functions / Worn Items / Jewellery / Brooches; Market / Jewellery / Standard Jewellery; Culture / Renaissance / Shared / East Asian Literati,Holdable; Wear_Brooch; Destroyable_HeavyMetal,Jewellery and devotional work,Silversmithing,Renaissance personal adornment catalogue; culture admission East Asian Literati; availability Renaissance. Description is form-led and makes no unsupported devotional or mechanical claim.
renaissance_jewellery_eal_pin_281,Renaissance,Renaissance,Jewellery & devotional,personal adornment,East Asian Literati,pin,a sunburst glass pin,glass,Tiny,Standard,55,80,Era / Renaissance Era; Functions / Worn Items / Jewellery; Functions / Worn Items / Jewellery / Pins; Market / Jewellery / Standard Jewellery; Culture / Renaissance / Shared / East Asian Literati,Holdable; Wear_Pin; Destroyable_Glassware,Jewellery and devotional work,Glassworking,Renaissance personal adornment catalogue; culture admission East Asian Literati; availability Renaissance. Description is form-led and makes no unsupported devotional or mechanical claim.
renaissance_jewellery_eal_hairpin_282,Renaissance,Renaissance,Jewellery & devotional,personal adornment,East Asian Literati,hairpin,a water-wave bone hairpin,bone,Tiny,Good,62,89,Era / Renaissance Era; Functions / Worn Items / Jewellery; Functions / Worn Items / Jewellery / Hair Ornaments; Market / Jewellery / Standard Jewellery; Culture / Renaissance / Shared / East Asian Literati,Holdable; Wear_Hairpin; Destroyable_Misc,Jewellery and devotional work,Scrimshawing,Renaissance personal adornment catalogue; culture admission East Asian Literati; availability Renaissance. Description is form-led and makes no unsupported devotional or mechanical claim.
renaissance_jewellery_eal_circlet_283,Renaissance,Renaissance,Jewellery & devotional,personal adornment,East Asian Literati,circlet,a knotted shell circlet,shell,Tiny,Good,69,98,Era / Renaissance Era; Functions / Worn Items / Jewellery; Functions / Worn Items / Jewellery / Circlets; Market / Jewellery / Standard Jewellery; Culture / Renaissance / Shared / East Asian Literati,Holdable; Wear_Circlet; Destroyable_Misc,Jewellery and devotional work,Scrimshawing,Renaissance personal adornment catalogue; culture admission East Asian Literati; availability Renaissance. Description is form-led and makes no unsupported devotional or mechanical claim.
renaissance_jewellery_eal_diadem_284,Renaissance,Renaissance,Jewellery & devotional,personal adornment,East Asian Literati,diadem,a flower-head ivory diadem,ivory,Tiny,Standard,76,107,Era / Renaissance Era; Functions / Worn Items / Jewellery; Functions / Worn Items / Jewellery / Diadems; Market / Jewellery / Standard Jewellery; Culture / Renaissance / Shared / East Asian Literati,Holdable; Wear_Diadem; Destroyable_Misc,Jewellery and devotional work,Scrimshawing,Renaissance personal adornment catalogue; culture admission East Asian Literati; availability Renaissance. Description is form-led and makes no unsupported devotional or mechanical claim.
renaissance_jewellery_eal_waist_chain_285,Renaissance,Renaissance,Jewellery & devotional,personal adornment,East Asian Literati,waist chain,a star pearl waist chain,pearl,Tiny,VeryGood,83,116,Era / Renaissance Era; Functions / Worn Items / Jewellery; Functions / Worn Items / Jewellery / Waist Chains; Market / Jewellery / Standard Jewellery; Culture / Renaissance / Shared / East Asian Literati,Holdable; Wear_Waist_Chain; Destroyable_Misc,Jewellery and devotional work,Gemcraft,Renaissance personal adornment catalogue; culture admission East Asian Literati; availability Renaissance. Description is form-led and makes no unsupported devotional or mechanical claim.
renaissance_jewellery_eal_belt_ornament_286,Renaissance,Renaissance,Jewellery & devotional,personal adornment,East Asian Literati,belt ornament,a bird amber belt ornament,amber,Tiny,Good,90,125,Era / Renaissance Era; Functions / Worn Items / Jewellery; Functions / Worn Items / Jewellery / Belt Ornaments; Market / Jewellery / Standard Jewellery; Culture / Renaissance / Shared / East Asian Literati,Holdable; Wear_Belt_Ornament; Destroyable_Misc,Jewellery and devotional work,Gemcraft,Renaissance personal adornment catalogue; culture admission East Asian Literati; availability Renaissance. Description is form-led and makes no unsupported devotional or mechanical claim.
renaissance_jewellery_eal_badge_287,Renaissance,Renaissance,Jewellery & devotional,personal adornment,East Asian Literati,badge,a vine coral badge,coral,Tiny,Standard,20,134,Era / Renaissance Era; Functions / Worn Items / Jewellery; Functions / Worn Items / Jewellery / Badges; Market / Jewellery / Standard Jewellery; Culture / Renaissance / Shared / East Asian Literati,Holdable; Wear_Badge; Destroyable_Misc,Jewellery and devotional work,Scrimshawing,Renaissance personal adornment catalogue; culture admission East Asian Literati; availability Renaissance. Description is form-led and makes no unsupported devotional or mechanical claim.
renaissance_jewellery_eal_temple_ring_288,Renaissance,Renaissance,Jewellery & devotional,personal adornment,East Asian Literati,temple ring,a geometric garnet temple ring,garnet,Tiny,Poor,27,143,Era / Renaissance Era; Functions / Worn Items / Jewellery; Functions / Worn Items / Jewellery / Temple Rings; Market / Jewellery / Standard Jewellery; Culture / Renaissance / Shared / East Asian Literati,Holdable; Wear_Temple_Rings; Destroyable_Misc,Jewellery and devotional work,Gemcraft,Renaissance personal adornment catalogue; culture admission East Asian Literati; availability Renaissance. Description is form-led and makes no unsupported devotional or mechanical claim.
renaissance_jewellery_eal_torc_289,Renaissance,Renaissance,Jewellery & devotional,personal adornment,East Asian Literati,torc,a cloud agate torc,agate,Tiny,Standard,34,152,Era / Renaissance Era; Functions / Worn Items / Jewellery; Functions / Worn Items / Jewellery / Torcs; Market / Jewellery / Standard Jewellery; Culture / Renaissance / Shared / East Asian Literati,Holdable; Wear_Torc; Destroyable_Misc,Jewellery and devotional work,Gemcraft,Renaissance personal adornment catalogue; culture admission East Asian Literati; availability Renaissance. Description is form-led and makes no unsupported devotional or mechanical claim.
renaissance_jewellery_eal_wreath_290,Renaissance,Renaissance,Jewellery & devotional,personal adornment,East Asian Literati,wreath,a shell carnelian wreath,carnelian,Tiny,Good,41,8,Era / Renaissance Era; Functions / Worn Items / Jewellery; Functions / Worn Items / Jewellery / Wreaths; Market / Jewellery / Standard Jewellery; Culture / Renaissance / Shared / East Asian Literati,Holdable; Wear_Wreath; Destroyable_Misc,Jewellery and devotional work,Gemcraft,Renaissance personal adornment catalogue; culture admission East Asian Literati; availability Renaissance. Description is form-led and makes no unsupported devotional or mechanical claim.
renaissance_jewellery_eal_prayer_beads_291,Renaissance,Renaissance,Jewellery & devotional,personal devotional,East Asian Literati,prayer bead strand,a reed lapis lazuli prayer bead strand,lapis lazuli,Tiny,Good,48,17,Era / Renaissance Era; Functions / Worn Items / Jewellery; Functions / Worn Items / Jewellery / Bead Strings; Market / Jewellery / Standard Jewellery; Functions / Household Items / Household Religious Items; Market / Religious Goods / Devotional Goods; Culture / Renaissance / Shared / East Asian Literati,Holdable; Wear_Necklace; Destroyable_Misc,Jewellery and devotional work,Gemcraft,Renaissance personal devotional catalogue; culture admission East Asian Literati; availability Renaissance. Description is form-led and makes no unsupported devotional or mechanical claim.
renaissance_jewellery_eal_devotional_medal_292,Renaissance,Renaissance,Jewellery & devotional,personal devotional,East Asian Literati,devotional medal,a rosette turquoise devotional medal,turquoise,Tiny,Standard,55,26,Era / Renaissance Era; Functions / Worn Items / Jewellery; Functions / Worn Items / Jewellery / Pendants; Market / Jewellery / Standard Jewellery; Functions / Household Items / Household Religious Items; Market / Religious Goods / Devotional Goods; Culture / Renaissance / Shared / East Asian Literati,Holdable; Wear_Necklace; Destroyable_Misc,Jewellery and devotional work,Gemcraft,Renaissance personal devotional catalogue; culture admission East Asian Literati; availability Renaissance. Description is form-led and makes no unsupported devotional or mechanical claim.
renaissance_jewellery_eal_devotional_badge_293,Renaissance,Renaissance,Jewellery & devotional,personal devotional,East Asian Literati,devotional badge,a checker jade devotional badge,jade,Tiny,VeryGood,62,35,Era / Renaissance Era; Functions / Worn Items / Jewellery; Functions / Worn Items / Jewellery / Badges; Market / Jewellery / Standard Jewellery; Functions / Household Items / Household Religious Items; Market / Religious Goods / Devotional Goods; Culture / Renaissance / Shared / East Asian Literati,Holdable; Wear_Badge; Destroyable_Misc,Jewellery and devotional work,Gemcraft,Renaissance personal devotional catalogue; culture admission East Asian Literati; availability Renaissance. Description is form-led and makes no unsupported devotional or mechanical claim.
renaissance_jewellery_eal_prayer_cord_294,Renaissance,Renaissance,Jewellery & devotional,personal devotional,East Asian Literati,prayer cord,a braided linen prayer cord,linen,Tiny,Good,69,44,Era / Renaissance Era; Functions / Worn Items / Jewellery; Functions / Worn Items / Jewellery / Neck Garlands; Market / Jewellery / Standard Jewellery; Functions / Household Items / Household Religious Items; Market / Religious Goods / Devotional Goods; Culture / Renaissance / Shared / East Asian Literati,Holdable; Wear_Neck_Garland; Destroyable_Clothing,Jewellery and devotional work,Weaving,Renaissance personal devotional catalogue; culture admission East Asian Literati; availability Renaissance. Description is form-led and makes no unsupported devotional or mechanical claim.
renaissance_jewellery_eal_votive_token_295,Renaissance,Renaissance,Jewellery & devotional,institutional devotional,East Asian Literati,votive token,a radiating faience votive token,faience,Small,Standard,76,53,Era / Renaissance Era; Functions / Household Items / Household Religious Items; Market / Religious Goods / Devotional Goods; Culture / Renaissance / Shared / East Asian Literati,Holdable; Destroyable_Glassware,Jewellery and devotional work,Glassworking,Renaissance institutional devotional catalogue; culture admission East Asian Literati; availability Renaissance. Description is form-led and makes no unsupported devotional or mechanical claim.
renaissance_jewellery_eal_scripture_box_296,Renaissance,Renaissance,Jewellery & devotional,institutional devotional,East Asian Literati,small scripture box,a leaf-scroll pewter small scripture box,pewter,Small,Poor,83,62,Era / Renaissance Era; Functions / Household Items / Household Religious Items; Market / Religious Goods / Devotional Goods; Culture / Renaissance / Shared / East Asian Literati,Holdable; Destroyable_HeavyMetal,Jewellery and devotional work,Silversmithing,Renaissance institutional devotional catalogue; culture admission East Asian Literati; availability Renaissance. Description is form-led and makes no unsupported devotional or mechanical claim.
renaissance_jewellery_eal_offering_bowl_297,Renaissance,Renaissance,Jewellery & devotional,institutional devotional,East Asian Literati,offering bowl,a sunburst bronze offering bowl,bronze,Small,Standard,90,71,Era / Renaissance Era; Functions / Household Items / Household Religious Items; Market / Religious Goods / Devotional Goods; Culture / Renaissance / Shared / East Asian Literati,Holdable; Destroyable_HeavyMetal,Jewellery and devotional work,Silversmithing,Renaissance institutional devotional catalogue; culture admission East Asian Literati; availability Renaissance. Description is form-led and makes no unsupported devotional or mechanical claim.
renaissance_jewellery_eal_incense_holder_298,Renaissance,Renaissance,Jewellery & devotional,institutional devotional,East Asian Literati,incense holder,a water-wave brass incense holder,brass,Small,Good,20,80,Era / Renaissance Era; Functions / Household Items / Household Religious Items; Market / Religious Goods / Devotional Goods; Culture / Renaissance / Shared / East Asian Literati,Holdable; Destroyable_HeavyMetal,Jewellery and devotional work,Silversmithing,Renaissance institutional devotional catalogue; culture admission East Asian Literati; availability Renaissance. Description is form-led and makes no unsupported devotional or mechanical claim.
renaissance_jewellery_eal_portable_panel_299,Renaissance,Renaissance,Jewellery & devotional,institutional devotional,East Asian Literati,small devotional panel,a knotted wood small devotional panel,wood,Small,Good,27,89,Era / Renaissance Era; Functions / Household Items / Household Religious Items; Market / Religious Goods / Devotional Goods; Culture / Renaissance / Shared / East Asian Literati,Holdable; Destroyable_Misc,Jewellery and devotional work,Carpentry,Renaissance institutional devotional catalogue; culture admission East Asian Literati; availability Renaissance. Description is form-led and makes no unsupported devotional or mechanical claim.
renaissance_jewellery_eal_processional_ornament_300,Renaissance,Renaissance,Jewellery & devotional,institutional devotional,East Asian Literati,processional ornament,a flower-head pewter processional ornament,pewter,Small,Standard,34,98,Era / Renaissance Era; Functions / Household Items / Household Religious Items; Market / Religious Goods / Devotional Goods; Culture / Renaissance / Shared / East Asian Literati,Holdable; Destroyable_HeavyMetal,Jewellery and devotional work,Silversmithing,Renaissance institutional devotional catalogue; culture admission East Asian Literati; availability Renaissance. Description is form-led and makes no unsupported devotional or mechanical claim.
renaissance_jewellery_jpn_ring_301,Renaissance,Renaissance,Jewellery & devotional,personal adornment,Japanese,ring,a flower-head carnelian ring,carnelian,Tiny,VeryGood,41,107,Era / Renaissance Era; Functions / Worn Items / Jewellery; Functions / Worn Items / Jewellery / Rings; Market / Jewellery / Standard Jewellery; Culture / Renaissance / Shared / Japanese,Holdable; Wear_Ring; Destroyable_Misc,Jewellery and devotional work,Gemcraft,Renaissance personal adornment catalogue; culture admission Japanese; availability Renaissance. Description is form-led and makes no unsupported devotional or mechanical claim.
renaissance_jewellery_jpn_signet_ring_302,Renaissance,Renaissance,Jewellery & devotional,personal adornment,Japanese,ring,a star lapis lazuli ring,lapis lazuli,Tiny,VeryGood,48,116,Era / Renaissance Era; Functions / Worn Items / Jewellery; Functions / Worn Items / Jewellery / Rings; Market / Jewellery / Standard Jewellery; Culture / Renaissance / Shared / Japanese,Holdable; Wear_Ring; Destroyable_Misc,Jewellery and devotional work,Gemcraft,Renaissance personal adornment catalogue; culture admission Japanese; availability Renaissance. Description is form-led and makes no unsupported devotional or mechanical claim.
renaissance_jewellery_jpn_pendant_303,Renaissance,Renaissance,Jewellery & devotional,personal adornment,Japanese,pendant,a bird turquoise pendant,turquoise,Tiny,Standard,55,125,Era / Renaissance Era; Functions / Worn Items / Jewellery; Functions / Worn Items / Jewellery / Pendants; Market / Jewellery / Standard Jewellery; Culture / Renaissance / Shared / Japanese,Holdable; Wear_Necklace; Destroyable_Misc,Jewellery and devotional work,Gemcraft,Renaissance personal adornment catalogue; culture admission Japanese; availability Renaissance. Description is form-led and makes no unsupported devotional or mechanical claim.
renaissance_jewellery_jpn_bead_necklace_304,Renaissance,Renaissance,Jewellery & devotional,personal adornment,Japanese,necklace,a vine jade necklace,jade,Tiny,Poor,62,134,Era / Renaissance Era; Functions / Worn Items / Jewellery; Functions / Worn Items / Jewellery / Bead Strings; Market / Jewellery / Standard Jewellery; Culture / Renaissance / Shared / Japanese,Holdable; Wear_Necklace; Destroyable_Misc,Jewellery and devotional work,Gemcraft,Renaissance personal adornment catalogue; culture admission Japanese; availability Renaissance. Description is form-led and makes no unsupported devotional or mechanical claim.
renaissance_jewellery_jpn_chain_necklace_305,Renaissance,Renaissance,Jewellery & devotional,personal adornment,Japanese,necklace,a geometric quartz necklace,quartz,Tiny,Standard,69,143,Era / Renaissance Era; Functions / Worn Items / Jewellery; Functions / Worn Items / Jewellery / Necklaces; Market / Jewellery / Standard Jewellery; Culture / Renaissance / Shared / Japanese,Holdable; Wear_Necklace; Destroyable_Misc,Jewellery and devotional work,Gemcraft,Renaissance personal adornment catalogue; culture admission Japanese; availability Renaissance. Description is form-led and makes no unsupported devotional or mechanical claim.
renaissance_jewellery_jpn_bracelet_306,Renaissance,Renaissance,Jewellery & devotional,personal adornment,Japanese,bracelet,a cloud faience bracelet,faience,Tiny,Good,76,152,Era / Renaissance Era; Functions / Worn Items / Jewellery; Functions / Worn Items / Jewellery / Bracelets; Market / Jewellery / Standard Jewellery; Culture / Renaissance / Shared / Japanese,Holdable; Wear_Bracelet; Destroyable_Glassware,Jewellery and devotional work,Glassworking,Renaissance personal adornment catalogue; culture admission Japanese; availability Renaissance. Description is form-led and makes no unsupported devotional or mechanical claim.
renaissance_jewellery_jpn_armlet_307,Renaissance,Renaissance,Jewellery & devotional,personal adornment,Japanese,armlet,a shell pewter armlet,pewter,Tiny,Good,83,8,Era / Renaissance Era; Functions / Worn Items / Jewellery; Functions / Worn Items / Jewellery / Armlets; Market / Jewellery / Standard Jewellery; Culture / Renaissance / Shared / Japanese,Holdable; Wear_Armlet; Destroyable_HeavyMetal,Jewellery and devotional work,Silversmithing,Renaissance personal adornment catalogue; culture admission Japanese; availability Renaissance. Description is form-led and makes no unsupported devotional or mechanical claim.
renaissance_jewellery_jpn_anklet_308,Renaissance,Renaissance,Jewellery & devotional,personal adornment,Japanese,anklet,a reed copper anklet,copper,Tiny,Standard,90,17,Era / Renaissance Era; Functions / Worn Items / Jewellery; Functions / Worn Items / Jewellery / Anklets; Market / Jewellery / Standard Jewellery; Culture / Renaissance / Shared / Japanese,Holdable; Wear_Anklet; Destroyable_HeavyMetal,Jewellery and devotional work,Silversmithing,Renaissance personal adornment catalogue; culture admission Japanese; availability Renaissance. Description is form-led and makes no unsupported devotional or mechanical claim.
renaissance_jewellery_jpn_earrings_309,Renaissance,Renaissance,Jewellery & devotional,personal adornment,Japanese,earrings,a rosette bronze earrings,bronze,Tiny,VeryGood,20,26,Era / Renaissance Era; Functions / Worn Items / Jewellery; Functions / Worn Items / Jewellery / Earrings; Market / Jewellery / Standard Jewellery; Culture / Renaissance / Shared / Japanese,Holdable; Wear_Earrings; Destroyable_HeavyMetal,Jewellery and devotional work,Silversmithing,Renaissance personal adornment catalogue; culture admission Japanese; availability Renaissance. Description is form-led and makes no unsupported devotional or mechanical claim.
renaissance_jewellery_jpn_brooch_310,Renaissance,Renaissance,Jewellery & devotional,personal adornment,Japanese,brooch,a checker silver brooch,silver,Tiny,Good,27,35,Era / Renaissance Era; Functions / Worn Items / Jewellery; Functions / Worn Items / Jewellery / Brooches; Market / Jewellery / Standard Jewellery; Culture / Renaissance / Shared / Japanese,Holdable; Wear_Brooch; Destroyable_HeavyMetal,Jewellery and devotional work,Silversmithing,Renaissance personal adornment catalogue; culture admission Japanese; availability Renaissance. Description is form-led and makes no unsupported devotional or mechanical claim.
renaissance_jewellery_jpn_pin_311,Renaissance,Renaissance,Jewellery & devotional,personal adornment,Japanese,pin,a braided gold pin,gold,Tiny,Standard,34,44,Era / Renaissance Era; Functions / Worn Items / Jewellery; Functions / Worn Items / Jewellery / Pins; Market / Jewellery / Standard Jewellery; Culture / Renaissance / Shared / Japanese,Holdable; Wear_Pin; Destroyable_HeavyMetal,Jewellery and devotional work,Silversmithing,Renaissance personal adornment catalogue; culture admission Japanese; availability Renaissance. Description is form-led and makes no unsupported devotional or mechanical claim.
renaissance_jewellery_jpn_hairpin_312,Renaissance,Renaissance,Jewellery & devotional,personal adornment,Japanese,hairpin,a radiating brass hairpin,brass,Tiny,Poor,41,53,Era / Renaissance Era; Functions / Worn Items / Jewellery; Functions / Worn Items / Jewellery / Hair Ornaments; Market / Jewellery / Standard Jewellery; Culture / Renaissance / Shared / Japanese,Holdable; Wear_Hairpin; Destroyable_HeavyMetal,Jewellery and devotional work,Silversmithing,Renaissance personal adornment catalogue; culture admission Japanese; availability Renaissance. Description is form-led and makes no unsupported devotional or mechanical claim.
renaissance_jewellery_jpn_circlet_313,Renaissance,Renaissance,Jewellery & devotional,personal adornment,Japanese,circlet,a leaf-scroll glass circlet,glass,Tiny,Standard,48,62,Era / Renaissance Era; Functions / Worn Items / Jewellery; Functions / Worn Items / Jewellery / Circlets; Market / Jewellery / Standard Jewellery; Culture / Renaissance / Shared / Japanese,Holdable; Wear_Circlet; Destroyable_Glassware,Jewellery and devotional work,Glassworking,Renaissance personal adornment catalogue; culture admission Japanese; availability Renaissance. Description is form-led and makes no unsupported devotional or mechanical claim.
renaissance_jewellery_jpn_diadem_314,Renaissance,Renaissance,Jewellery & devotional,personal adornment,Japanese,diadem,a sunburst bone diadem,bone,Tiny,Good,55,71,Era / Renaissance Era; Functions / Worn Items / Jewellery; Functions / Worn Items / Jewellery / Diadems; Market / Jewellery / Standard Jewellery; Culture / Renaissance / Shared / Japanese,Holdable; Wear_Diadem; Destroyable_Misc,Jewellery and devotional work,Scrimshawing,Renaissance personal adornment catalogue; culture admission Japanese; availability Renaissance. Description is form-led and makes no unsupported devotional or mechanical claim.
renaissance_jewellery_jpn_waist_chain_315,Renaissance,Renaissance,Jewellery & devotional,personal adornment,Japanese,waist chain,a water-wave shell waist chain,shell,Tiny,Good,62,80,Era / Renaissance Era; Functions / Worn Items / Jewellery; Functions / Worn Items / Jewellery / Waist Chains; Market / Jewellery / Standard Jewellery; Culture / Renaissance / Shared / Japanese,Holdable; Wear_Waist_Chain; Destroyable_Misc,Jewellery and devotional work,Scrimshawing,Renaissance personal adornment catalogue; culture admission Japanese; availability Renaissance. Description is form-led and makes no unsupported devotional or mechanical claim.
renaissance_jewellery_jpn_belt_ornament_316,Renaissance,Renaissance,Jewellery & devotional,personal adornment,Japanese,belt ornament,a knotted ivory belt ornament,ivory,Tiny,Standard,69,89,Era / Renaissance Era; Functions / Worn Items / Jewellery; Functions / Worn Items / Jewellery / Belt Ornaments; Market / Jewellery / Standard Jewellery; Culture / Renaissance / Shared / Japanese,Holdable; Wear_Belt_Ornament; Destroyable_Misc,Jewellery and devotional work,Scrimshawing,Renaissance personal adornment catalogue; culture admission Japanese; availability Renaissance. Description is form-led and makes no unsupported devotional or mechanical claim.
renaissance_jewellery_jpn_badge_317,Renaissance,Renaissance,Jewellery & devotional,personal adornment,Japanese,badge,a flower-head pearl badge,pearl,Tiny,VeryGood,76,98,Era / Renaissance Era; Functions / Worn Items / Jewellery; Functions / Worn Items / Jewellery / Badges; Market / Jewellery / Standard Jewellery; Culture / Renaissance / Shared / Japanese,Holdable; Wear_Badge; Destroyable_Misc,Jewellery and devotional work,Gemcraft,Renaissance personal adornment catalogue; culture admission Japanese; availability Renaissance. Description is form-led and makes no unsupported devotional or mechanical claim.
renaissance_jewellery_jpn_temple_ring_318,Renaissance,Renaissance,Jewellery & devotional,personal adornment,Japanese,temple ring,a star amber temple ring,amber,Tiny,Good,83,107,Era / Renaissance Era; Functions / Worn Items / Jewellery; Functions / Worn Items / Jewellery / Temple Rings; Market / Jewellery / Standard Jewellery; Culture / Renaissance / Shared / Japanese,Holdable; Wear_Temple_Rings; Destroyable_Misc,Jewellery and devotional work,Gemcraft,Renaissance personal adornment catalogue; culture admission Japanese; availability Renaissance. Description is form-led and makes no unsupported devotional or mechanical claim.
renaissance_jewellery_jpn_torc_319,Renaissance,Renaissance,Jewellery & devotional,personal adornment,Japanese,torc,a bird coral torc,coral,Tiny,Standard,90,116,Era / Renaissance Era; Functions / Worn Items / Jewellery; Functions / Worn Items / Jewellery / Torcs; Market / Jewellery / Standard Jewellery; Culture / Renaissance / Shared / Japanese,Holdable; Wear_Torc; Destroyable_Misc,Jewellery and devotional work,Scrimshawing,Renaissance personal adornment catalogue; culture admission Japanese; availability Renaissance. Description is form-led and makes no unsupported devotional or mechanical claim.
renaissance_jewellery_jpn_wreath_320,Renaissance,Renaissance,Jewellery & devotional,personal adornment,Japanese,wreath,a vine garnet wreath,garnet,Tiny,Poor,20,125,Era / Renaissance Era; Functions / Worn Items / Jewellery; Functions / Worn Items / Jewellery / Wreaths; Market / Jewellery / Standard Jewellery; Culture / Renaissance / Shared / Japanese,Holdable; Wear_Wreath; Destroyable_Misc,Jewellery and devotional work,Gemcraft,Renaissance personal adornment catalogue; culture admission Japanese; availability Renaissance. Description is form-led and makes no unsupported devotional or mechanical claim.
renaissance_jewellery_jpn_prayer_beads_321,Renaissance,Renaissance,Jewellery & devotional,personal devotional,Japanese,prayer bead strand,a geometric agate prayer bead strand,agate,Tiny,Standard,27,134,Era / Renaissance Era; Functions / Worn Items / Jewellery; Functions / Worn Items / Jewellery / Bead Strings; Market / Jewellery / Standard Jewellery; Functions / Household Items / Household Religious Items; Market / Religious Goods / Devotional Goods; Culture / Renaissance / Shared / Japanese,Holdable; Wear_Necklace; Destroyable_Misc,Jewellery and devotional work,Gemcraft,Renaissance personal devotional catalogue; culture admission Japanese; availability Renaissance. Description is form-led and makes no unsupported devotional or mechanical claim.
renaissance_jewellery_jpn_devotional_medal_322,Renaissance,Renaissance,Jewellery & devotional,personal devotional,Japanese,devotional medal,a cloud carnelian devotional medal,carnelian,Tiny,Good,34,143,Era / Renaissance Era; Functions / Worn Items / Jewellery; Functions / Worn Items / Jewellery / Pendants; Market / Jewellery / Standard Jewellery; Functions / Household Items / Household Religious Items; Market / Religious Goods / Devotional Goods; Culture / Renaissance / Shared / Japanese,Holdable; Wear_Necklace; Destroyable_Misc,Jewellery and devotional work,Gemcraft,Renaissance personal devotional catalogue; culture admission Japanese; availability Renaissance. Description is form-led and makes no unsupported devotional or mechanical claim.
renaissance_jewellery_jpn_devotional_badge_323,Renaissance,Renaissance,Jewellery & devotional,personal devotional,Japanese,devotional badge,a shell lapis lazuli devotional badge,lapis lazuli,Tiny,Good,41,152,Era / Renaissance Era; Functions / Worn Items / Jewellery; Functions / Worn Items / Jewellery / Badges; Market / Jewellery / Standard Jewellery; Functions / Household Items / Household Religious Items; Market / Religious Goods / Devotional Goods; Culture / Renaissance / Shared / Japanese,Holdable; Wear_Badge; Destroyable_Misc,Jewellery and devotional work,Gemcraft,Renaissance personal devotional catalogue; culture admission Japanese; availability Renaissance. Description is form-led and makes no unsupported devotional or mechanical claim.
renaissance_jewellery_jpn_prayer_cord_324,Renaissance,Renaissance,Jewellery & devotional,personal devotional,Japanese,prayer cord,a reed linen prayer cord,linen,Tiny,Standard,48,8,Era / Renaissance Era; Functions / Worn Items / Jewellery; Functions / Worn Items / Jewellery / Neck Garlands; Market / Jewellery / Standard Jewellery; Functions / Household Items / Household Religious Items; Market / Religious Goods / Devotional Goods; Culture / Renaissance / Shared / Japanese,Holdable; Wear_Neck_Garland; Destroyable_Clothing,Jewellery and devotional work,Weaving,Renaissance personal devotional catalogue; culture admission Japanese; availability Renaissance. Description is form-led and makes no unsupported devotional or mechanical claim.
renaissance_jewellery_jpn_votive_token_325,Renaissance,Renaissance,Jewellery & devotional,institutional devotional,Japanese,votive token,a rosette jade votive token,jade,Small,VeryGood,55,17,Era / Renaissance Era; Functions / Household Items / Household Religious Items; Market / Religious Goods / Devotional Goods; Culture / Renaissance / Shared / Japanese,Holdable; Destroyable_Misc,Jewellery and devotional work,Gemcraft,Renaissance institutional devotional catalogue; culture admission Japanese; availability Renaissance. Description is form-led and makes no unsupported devotional or mechanical claim.
renaissance_jewellery_jpn_scripture_box_326,Renaissance,Renaissance,Jewellery & devotional,institutional devotional,Japanese,small scripture box,a checker quartz small scripture box,quartz,Small,Good,62,26,Era / Renaissance Era; Functions / Household Items / Household Religious Items; Market / Religious Goods / Devotional Goods; Culture / Renaissance / Shared / Japanese,Holdable; Destroyable_Misc,Jewellery and devotional work,Gemcraft,Renaissance institutional devotional catalogue; culture admission Japanese; availability Renaissance. Description is form-led and makes no unsupported devotional or mechanical claim.
renaissance_jewellery_jpn_offering_bowl_327,Renaissance,Renaissance,Jewellery & devotional,institutional devotional,Japanese,offering bowl,a braided silver offering bowl,silver,Small,Standard,69,35,Era / Renaissance Era; Functions / Household Items / Household Religious Items; Market / Religious Goods / Devotional Goods; Culture / Renaissance / Shared / Japanese,Holdable; Destroyable_HeavyMetal,Jewellery and devotional work,Silversmithing,Renaissance institutional devotional catalogue; culture admission Japanese; availability Renaissance. Description is form-led and makes no unsupported devotional or mechanical claim.
renaissance_jewellery_jpn_incense_holder_328,Renaissance,Renaissance,Jewellery & devotional,institutional devotional,Japanese,incense holder,a radiating pewter incense holder,pewter,Small,Poor,76,44,Era / Renaissance Era; Functions / Household Items / Household Religious Items; Market / Religious Goods / Devotional Goods; Culture / Renaissance / Shared / Japanese,Holdable; Destroyable_HeavyMetal,Jewellery and devotional work,Silversmithing,Renaissance institutional devotional catalogue; culture admission Japanese; availability Renaissance. Description is form-led and makes no unsupported devotional or mechanical claim.
renaissance_jewellery_jpn_portable_panel_329,Renaissance,Renaissance,Jewellery & devotional,institutional devotional,Japanese,small devotional panel,a leaf-scroll wood small devotional panel,wood,Small,Standard,83,53,Era / Renaissance Era; Functions / Household Items / Household Religious Items; Market / Religious Goods / Devotional Goods; Culture / Renaissance / Shared / Japanese,Holdable; Destroyable_Misc,Jewellery and devotional work,Carpentry,Renaissance institutional devotional catalogue; culture admission Japanese; availability Renaissance. Description is form-led and makes no unsupported devotional or mechanical claim.
renaissance_jewellery_jpn_processional_ornament_330,Renaissance,Renaissance,Jewellery & devotional,institutional devotional,Japanese,processional ornament,a sunburst brass processional ornament,brass,Small,Good,90,62,Era / Renaissance Era; Functions / Household Items / Household Religious Items; Market / Religious Goods / Devotional Goods; Culture / Renaissance / Shared / Japanese,Holdable; Destroyable_HeavyMetal,Jewellery and devotional work,Silversmithing,Renaissance institutional devotional catalogue; culture admission Japanese; availability Renaissance. Description is form-led and makes no unsupported devotional or mechanical claim.
renaissance_jewellery_mea_ring_331,Renaissance,Renaissance,Jewellery & devotional,personal adornment,Maritime East Asian,ring,a knotted agate ring,agate,Tiny,Good,20,71,Era / Renaissance Era; Functions / Worn Items / Jewellery; Functions / Worn Items / Jewellery / Rings; Market / Jewellery / Standard Jewellery; Culture / Renaissance / Shared / Maritime East Asian,Holdable; Wear_Ring; Destroyable_Misc,Jewellery and devotional work,Gemcraft,Renaissance personal adornment catalogue; culture admission Maritime East Asian; availability Renaissance. Description is form-led and makes no unsupported devotional or mechanical claim.
renaissance_jewellery_mea_signet_ring_332,Renaissance,Renaissance,Jewellery & devotional,personal adornment,Maritime East Asian,ring,a flower-head carnelian ring,carnelian,Tiny,VeryGood,27,80,Era / Renaissance Era; Functions / Worn Items / Jewellery; Functions / Worn Items / Jewellery / Rings; Market / Jewellery / Standard Jewellery; Culture / Renaissance / Shared / Maritime East Asian,Holdable; Wear_Ring; Destroyable_Misc,Jewellery and devotional work,Gemcraft,Renaissance personal adornment catalogue; culture admission Maritime East Asian; availability Renaissance. Description is form-led and makes no unsupported devotional or mechanical claim.
renaissance_jewellery_mea_pendant_333,Renaissance,Renaissance,Jewellery & devotional,personal adornment,Maritime East Asian,pendant,a star lapis lazuli pendant,lapis lazuli,Tiny,VeryGood,34,89,Era / Renaissance Era; Functions / Worn Items / Jewellery; Functions / Worn Items / Jewellery / Pendants; Market / Jewellery / Standard Jewellery; Culture / Renaissance / Shared / Maritime East Asian,Holdable; Wear_Necklace; Destroyable_Misc,Jewellery and devotional work,Gemcraft,Renaissance personal adornment catalogue; culture admission Maritime East Asian; availability Renaissance. Description is form-led and makes no unsupported devotional or mechanical claim.
renaissance_jewellery_mea_bead_necklace_334,Renaissance,Renaissance,Jewellery & devotional,personal adornment,Maritime East Asian,necklace,a bird turquoise necklace,turquoise,Tiny,Good,41,98,Era / Renaissance Era; Functions / Worn Items / Jewellery; Functions / Worn Items / Jewellery / Bead Strings; Market / Jewellery / Standard Jewellery; Culture / Renaissance / Shared / Maritime East Asian,Holdable; Wear_Necklace; Destroyable_Misc,Jewellery and devotional work,Gemcraft,Renaissance personal adornment catalogue; culture admission Maritime East Asian; availability Renaissance. Description is form-led and makes no unsupported devotional or mechanical claim.
renaissance_jewellery_mea_chain_necklace_335,Renaissance,Renaissance,Jewellery & devotional,personal adornment,Maritime East Asian,necklace,a vine jade necklace,jade,Tiny,Standard,48,107,Era / Renaissance Era; Functions / Worn Items / Jewellery; Functions / Worn Items / Jewellery / Necklaces; Market / Jewellery / Standard Jewellery; Culture / Renaissance / Shared / Maritime East Asian,Holdable; Wear_Necklace; Destroyable_Misc,Jewellery and devotional work,Gemcraft,Renaissance personal adornment catalogue; culture admission Maritime East Asian; availability Renaissance. Description is form-led and makes no unsupported devotional or mechanical claim.
renaissance_jewellery_mea_bracelet_336,Renaissance,Renaissance,Jewellery & devotional,personal adornment,Maritime East Asian,bracelet,a geometric quartz bracelet,quartz,Tiny,Poor,55,116,Era / Renaissance Era; Functions / Worn Items / Jewellery; Functions / Worn Items / Jewellery / Bracelets; Market / Jewellery / Standard Jewellery; Culture / Renaissance / Shared / Maritime East Asian,Holdable; Wear_Bracelet; Destroyable_Misc,Jewellery and devotional work,Gemcraft,Renaissance personal adornment catalogue; culture admission Maritime East Asian; availability Renaissance. Description is form-led and makes no unsupported devotional or mechanical claim.
renaissance_jewellery_mea_armlet_337,Renaissance,Renaissance,Jewellery & devotional,personal adornment,Maritime East Asian,armlet,a cloud faience armlet,faience,Tiny,Standard,62,125,Era / Renaissance Era; Functions / Worn Items / Jewellery; Functions / Worn Items / Jewellery / Armlets; Market / Jewellery / Standard Jewellery; Culture / Renaissance / Shared / Maritime East Asian,Holdable; Wear_Armlet; Destroyable_Glassware,Jewellery and devotional work,Glassworking,Renaissance personal adornment catalogue; culture admission Maritime East Asian; availability Renaissance. Description is form-led and makes no unsupported devotional or mechanical claim.
renaissance_jewellery_mea_anklet_338,Renaissance,Renaissance,Jewellery & devotional,personal adornment,Maritime East Asian,anklet,a shell pewter anklet,pewter,Tiny,Good,69,134,Era / Renaissance Era; Functions / Worn Items / Jewellery; Functions / Worn Items / Jewellery / Anklets; Market / Jewellery / Standard Jewellery; Culture / Renaissance / Shared / Maritime East Asian,Holdable; Wear_Anklet; Destroyable_HeavyMetal,Jewellery and devotional work,Silversmithing,Renaissance personal adornment catalogue; culture admission Maritime East Asian; availability Renaissance. Description is form-led and makes no unsupported devotional or mechanical claim.
renaissance_jewellery_mea_earrings_339,Renaissance,Renaissance,Jewellery & devotional,personal adornment,Maritime East Asian,earrings,a reed copper earrings,copper,Tiny,Good,76,143,Era / Renaissance Era; Functions / Worn Items / Jewellery; Functions / Worn Items / Jewellery / Earrings; Market / Jewellery / Standard Jewellery; Culture / Renaissance / Shared / Maritime East Asian,Holdable; Wear_Earrings; Destroyable_HeavyMetal,Jewellery and devotional work,Silversmithing,Renaissance personal adornment catalogue; culture admission Maritime East Asian; availability Renaissance. Description is form-led and makes no unsupported devotional or mechanical claim.
renaissance_jewellery_mea_brooch_340,Renaissance,Renaissance,Jewellery & devotional,personal adornment,Maritime East Asian,brooch,a rosette bronze brooch,bronze,Tiny,Standard,83,152,Era / Renaissance Era; Functions / Worn Items / Jewellery; Functions / Worn Items / Jewellery / Brooches; Market / Jewellery / Standard Jewellery; Culture / Renaissance / Shared / Maritime East Asian,Holdable; Wear_Brooch; Destroyable_HeavyMetal,Jewellery and devotional work,Silversmithing,Renaissance personal adornment catalogue; culture admission Maritime East Asian; availability Renaissance. Description is form-led and makes no unsupported devotional or mechanical claim.
renaissance_jewellery_mea_pin_341,Renaissance,Renaissance,Jewellery & devotional,personal adornment,Maritime East Asian,pin,a checker silver pin,silver,Tiny,VeryGood,90,8,Era / Renaissance Era; Functions / Worn Items / Jewellery; Functions / Worn Items / Jewellery / Pins; Market / Jewellery / Standard Jewellery; Culture / Renaissance / Shared / Maritime East Asian,Holdable; Wear_Pin; Destroyable_HeavyMetal,Jewellery and devotional work,Silversmithing,Renaissance personal adornment catalogue; culture admission Maritime East Asian; availability Renaissance. Description is form-led and makes no unsupported devotional or mechanical claim.
renaissance_jewellery_mea_hairpin_342,Renaissance,Renaissance,Jewellery & devotional,personal adornment,Maritime East Asian,hairpin,a braided gold hairpin,gold,Tiny,Good,20,17,Era / Renaissance Era; Functions / Worn Items / Jewellery; Functions / Worn Items / Jewellery / Hair Ornaments; Market / Jewellery / Standard Jewellery; Culture / Renaissance / Shared / Maritime East Asian,Holdable; Wear_Hairpin; Destroyable_HeavyMetal,Jewellery and devotional work,Silversmithing,Renaissance personal adornment catalogue; culture admission Maritime East Asian; availability Renaissance. Description is form-led and makes no unsupported devotional or mechanical claim.
renaissance_jewellery_mea_circlet_343,Renaissance,Renaissance,Jewellery & devotional,personal adornment,Maritime East Asian,circlet,a radiating brass circlet,brass,Tiny,Standard,27,26,Era / Renaissance Era; Functions / Worn Items / Jewellery; Functions / Worn Items / Jewellery / Circlets; Market / Jewellery / Standard Jewellery; Culture / Renaissance / Shared / Maritime East Asian,Holdable; Wear_Circlet; Destroyable_HeavyMetal,Jewellery and devotional work,Silversmithing,Renaissance personal adornment catalogue; culture admission Maritime East Asian; availability Renaissance. Description is form-led and makes no unsupported devotional or mechanical claim.
renaissance_jewellery_mea_diadem_344,Renaissance,Renaissance,Jewellery & devotional,personal adornment,Maritime East Asian,diadem,a leaf-scroll glass diadem,glass,Tiny,Poor,34,35,Era / Renaissance Era; Functions / Worn Items / Jewellery; Functions / Worn Items / Jewellery / Diadems; Market / Jewellery / Standard Jewellery; Culture / Renaissance / Shared / Maritime East Asian,Holdable; Wear_Diadem; Destroyable_Glassware,Jewellery and devotional work,Glassworking,Renaissance personal adornment catalogue; culture admission Maritime East Asian; availability Renaissance. Description is form-led and makes no unsupported devotional or mechanical claim.
renaissance_jewellery_mea_waist_chain_345,Renaissance,Renaissance,Jewellery & devotional,personal adornment,Maritime East Asian,waist chain,a sunburst bone waist chain,bone,Tiny,Standard,41,44,Era / Renaissance Era; Functions / Worn Items / Jewellery; Functions / Worn Items / Jewellery / Waist Chains; Market / Jewellery / Standard Jewellery; Culture / Renaissance / Shared / Maritime East Asian,Holdable; Wear_Waist_Chain; Destroyable_Misc,Jewellery and devotional work,Scrimshawing,Renaissance personal adornment catalogue; culture admission Maritime East Asian; availability Renaissance. Description is form-led and makes no unsupported devotional or mechanical claim.
renaissance_jewellery_mea_belt_ornament_346,Renaissance,Renaissance,Jewellery & devotional,personal adornment,Maritime East Asian,belt ornament,a water-wave shell belt ornament,shell,Tiny,Good,48,53,Era / Renaissance Era; Functions / Worn Items / Jewellery; Functions / Worn Items / Jewellery / Belt Ornaments; Market / Jewellery / Standard Jewellery; Culture / Renaissance / Shared / Maritime East Asian,Holdable; Wear_Belt_Ornament; Destroyable_Misc,Jewellery and devotional work,Scrimshawing,Renaissance personal adornment catalogue; culture admission Maritime East Asian; availability Renaissance. Description is form-led and makes no unsupported devotional or mechanical claim.
renaissance_jewellery_mea_badge_347,Renaissance,Renaissance,Jewellery & devotional,personal adornment,Maritime East Asian,badge,a knotted ivory badge,ivory,Tiny,Good,55,62,Era / Renaissance Era; Functions / Worn Items / Jewellery; Functions / Worn Items / Jewellery / Badges; Market / Jewellery / Standard Jewellery; Culture / Renaissance / Shared / Maritime East Asian,Holdable; Wear_Badge; Destroyable_Misc,Jewellery and devotional work,Scrimshawing,Renaissance personal adornment catalogue; culture admission Maritime East Asian; availability Renaissance. Description is form-led and makes no unsupported devotional or mechanical claim.
renaissance_jewellery_mea_temple_ring_348,Renaissance,Renaissance,Jewellery & devotional,personal adornment,Maritime East Asian,temple ring,a flower-head pearl temple ring,pearl,Tiny,Standard,62,71,Era / Renaissance Era; Functions / Worn Items / Jewellery; Functions / Worn Items / Jewellery / Temple Rings; Market / Jewellery / Standard Jewellery; Culture / Renaissance / Shared / Maritime East Asian,Holdable; Wear_Temple_Rings; Destroyable_Misc,Jewellery and devotional work,Gemcraft,Renaissance personal adornment catalogue; culture admission Maritime East Asian; availability Renaissance. Description is form-led and makes no unsupported devotional or mechanical claim.
renaissance_jewellery_mea_torc_349,Renaissance,Renaissance,Jewellery & devotional,personal adornment,Maritime East Asian,torc,a star amber torc,amber,Tiny,VeryGood,69,80,Era / Renaissance Era; Functions / Worn Items / Jewellery; Functions / Worn Items / Jewellery / Torcs; Market / Jewellery / Standard Jewellery; Culture / Renaissance / Shared / Maritime East Asian,Holdable; Wear_Torc; Destroyable_Misc,Jewellery and devotional work,Gemcraft,Renaissance personal adornment catalogue; culture admission Maritime East Asian; availability Renaissance. Description is form-led and makes no unsupported devotional or mechanical claim.
renaissance_jewellery_mea_wreath_350,Renaissance,Renaissance,Jewellery & devotional,personal adornment,Maritime East Asian,wreath,a bird coral wreath,coral,Tiny,Good,76,89,Era / Renaissance Era; Functions / Worn Items / Jewellery; Functions / Worn Items / Jewellery / Wreaths; Market / Jewellery / Standard Jewellery; Culture / Renaissance / Shared / Maritime East Asian,Holdable; Wear_Wreath; Destroyable_Misc,Jewellery and devotional work,Scrimshawing,Renaissance personal adornment catalogue; culture admission Maritime East Asian; availability Renaissance. Description is form-led and makes no unsupported devotional or mechanical claim.
renaissance_jewellery_mea_prayer_beads_351,Renaissance,Renaissance,Jewellery & devotional,personal devotional,Maritime East Asian,prayer bead strand,a vine garnet prayer bead strand,garnet,Tiny,Standard,83,98,Era / Renaissance Era; Functions / Worn Items / Jewellery; Functions / Worn Items / Jewellery / Bead Strings; Market / Jewellery / Standard Jewellery; Functions / Household Items / Household Religious Items; Market / Religious Goods / Devotional Goods; Culture / Renaissance / Shared / Maritime East Asian,Holdable; Wear_Necklace; Destroyable_Misc,Jewellery and devotional work,Gemcraft,Renaissance personal devotional catalogue; culture admission Maritime East Asian; availability Renaissance. Description is form-led and makes no unsupported devotional or mechanical claim.
renaissance_jewellery_mea_devotional_medal_352,Renaissance,Renaissance,Jewellery & devotional,personal devotional,Maritime East Asian,devotional medal,a geometric agate devotional medal,agate,Tiny,Poor,90,107,Era / Renaissance Era; Functions / Worn Items / Jewellery; Functions / Worn Items / Jewellery / Pendants; Market / Jewellery / Standard Jewellery; Functions / Household Items / Household Religious Items; Market / Religious Goods / Devotional Goods; Culture / Renaissance / Shared / Maritime East Asian,Holdable; Wear_Necklace; Destroyable_Misc,Jewellery and devotional work,Gemcraft,Renaissance personal devotional catalogue; culture admission Maritime East Asian; availability Renaissance. Description is form-led and makes no unsupported devotional or mechanical claim.
renaissance_jewellery_mea_devotional_badge_353,Renaissance,Renaissance,Jewellery & devotional,personal devotional,Maritime East Asian,devotional badge,a cloud carnelian devotional badge,carnelian,Tiny,Standard,20,116,Era / Renaissance Era; Functions / Worn Items / Jewellery; Functions / Worn Items / Jewellery / Badges; Market / Jewellery / Standard Jewellery; Functions / Household Items / Household Religious Items; Market / Religious Goods / Devotional Goods; Culture / Renaissance / Shared / Maritime East Asian,Holdable; Wear_Badge; Destroyable_Misc,Jewellery and devotional work,Gemcraft,Renaissance personal devotional catalogue; culture admission Maritime East Asian; availability Renaissance. Description is form-led and makes no unsupported devotional or mechanical claim.
renaissance_jewellery_mea_prayer_cord_354,Renaissance,Renaissance,Jewellery & devotional,personal devotional,Maritime East Asian,prayer cord,a shell linen prayer cord,linen,Tiny,Good,27,125,Era / Renaissance Era; Functions / Worn Items / Jewellery; Functions / Worn Items / Jewellery / Neck Garlands; Market / Jewellery / Standard Jewellery; Functions / Household Items / Household Religious Items; Market / Religious Goods / Devotional Goods; Culture / Renaissance / Shared / Maritime East Asian,Holdable; Wear_Neck_Garland; Destroyable_Clothing,Jewellery and devotional work,Weaving,Renaissance personal devotional catalogue; culture admission Maritime East Asian; availability Renaissance. Description is form-led and makes no unsupported devotional or mechanical claim.
renaissance_jewellery_mea_votive_token_355,Renaissance,Renaissance,Jewellery & devotional,institutional devotional,Maritime East Asian,votive token,a reed turquoise votive token,turquoise,Small,Good,34,134,Era / Renaissance Era; Functions / Household Items / Household Religious Items; Market / Religious Goods / Devotional Goods; Culture / Renaissance / Shared / Maritime East Asian,Holdable; Destroyable_Misc,Jewellery and devotional work,Gemcraft,Renaissance institutional devotional catalogue; culture admission Maritime East Asian; availability Renaissance. Description is form-led and makes no unsupported devotional or mechanical claim.
renaissance_jewellery_mea_scripture_box_356,Renaissance,Renaissance,Jewellery & devotional,institutional devotional,Maritime East Asian,small scripture box,a rosette jade small scripture box,jade,Small,Standard,41,143,Era / Renaissance Era; Functions / Household Items / Household Religious Items; Market / Religious Goods / Devotional Goods; Culture / Renaissance / Shared / Maritime East Asian,Holdable; Destroyable_Misc,Jewellery and devotional work,Gemcraft,Renaissance institutional devotional catalogue; culture admission Maritime East Asian; availability Renaissance. Description is form-led and makes no unsupported devotional or mechanical claim.
renaissance_jewellery_mea_offering_bowl_357,Renaissance,Renaissance,Jewellery & devotional,institutional devotional,Maritime East Asian,offering bowl,a checker bronze offering bowl,bronze,Small,VeryGood,48,152,Era / Renaissance Era; Functions / Household Items / Household Religious Items; Market / Religious Goods / Devotional Goods; Culture / Renaissance / Shared / Maritime East Asian,Holdable; Destroyable_HeavyMetal,Jewellery and devotional work,Silversmithing,Renaissance institutional devotional catalogue; culture admission Maritime East Asian; availability Renaissance. Description is form-led and makes no unsupported devotional or mechanical claim.
renaissance_jewellery_mea_incense_holder_358,Renaissance,Renaissance,Jewellery & devotional,institutional devotional,Maritime East Asian,incense holder,a braided brass incense holder,brass,Small,Good,55,8,Era / Renaissance Era; Functions / Household Items / Household Religious Items; Market / Religious Goods / Devotional Goods; Culture / Renaissance / Shared / Maritime East Asian,Holdable; Destroyable_HeavyMetal,Jewellery and devotional work,Silversmithing,Renaissance institutional devotional catalogue; culture admission Maritime East Asian; availability Renaissance. Description is form-led and makes no unsupported devotional or mechanical claim.
renaissance_jewellery_mea_portable_panel_359,Renaissance,Renaissance,Jewellery & devotional,institutional devotional,Maritime East Asian,small devotional panel,a radiating wood small devotional panel,wood,Small,Standard,62,17,Era / Renaissance Era; Functions / Household Items / Household Religious Items; Market / Religious Goods / Devotional Goods; Culture / Renaissance / Shared / Maritime East Asian,Holdable; Destroyable_Misc,Jewellery and devotional work,Carpentry,Renaissance institutional devotional catalogue; culture admission Maritime East Asian; availability Renaissance. Description is form-led and makes no unsupported devotional or mechanical claim.
renaissance_jewellery_mea_processional_ornament_360,Renaissance,Renaissance,Jewellery & devotional,institutional devotional,Maritime East Asian,processional ornament,a leaf-scroll pewter processional ornament,pewter,Small,Poor,69,26,Era / Renaissance Era; Functions / Household Items / Household Religious Items; Market / Religious Goods / Devotional Goods; Culture / Renaissance / Shared / Maritime East Asian,Holdable; Destroyable_HeavyMetal,Jewellery and devotional work,Silversmithing,Renaissance institutional devotional catalogue; culture admission Maritime East Asian; availability Renaissance. Description is form-led and makes no unsupported devotional or mechanical claim.
renaissance_jewellery_sem_ring_361,Renaissance,Renaissance,Jewellery & devotional,personal adornment,South-east Asian Mainland,ring,a knotted shell ring,shell,Tiny,Standard,76,35,Era / Renaissance Era; Functions / Worn Items / Jewellery; Functions / Worn Items / Jewellery / Rings; Market / Jewellery / Standard Jewellery; Culture / Renaissance / Shared / South-east Asian Mainland,Holdable; Wear_Ring; Destroyable_Misc,Jewellery and devotional work,Scrimshawing,Renaissance personal adornment catalogue; culture admission South-east Asian Mainland; availability Renaissance. Description is form-led and makes no unsupported devotional or mechanical claim.
renaissance_jewellery_sem_signet_ring_362,Renaissance,Renaissance,Jewellery & devotional,personal adornment,South-east Asian Mainland,ring,a flower-head ivory ring,ivory,Tiny,VeryGood,83,44,Era / Renaissance Era; Functions / Worn Items / Jewellery; Functions / Worn Items / Jewellery / Rings; Market / Jewellery / Standard Jewellery; Culture / Renaissance / Shared / South-east Asian Mainland,Holdable; Wear_Ring; Destroyable_Misc,Jewellery and devotional work,Scrimshawing,Renaissance personal adornment catalogue; culture admission South-east Asian Mainland; availability Renaissance. Description is form-led and makes no unsupported devotional or mechanical claim.
renaissance_jewellery_sem_pendant_363,Renaissance,Renaissance,Jewellery & devotional,personal adornment,South-east Asian Mainland,pendant,a star pearl pendant,pearl,Tiny,Good,90,53,Era / Renaissance Era; Functions / Worn Items / Jewellery; Functions / Worn Items / Jewellery / Pendants; Market / Jewellery / Standard Jewellery; Culture / Renaissance / Shared / South-east Asian Mainland,Holdable; Wear_Necklace; Destroyable_Misc,Jewellery and devotional work,Gemcraft,Renaissance personal adornment catalogue; culture admission South-east Asian Mainland; availability Renaissance. Description is form-led and makes no unsupported devotional or mechanical claim.
renaissance_jewellery_sem_bead_necklace_364,Renaissance,Renaissance,Jewellery & devotional,personal adornment,South-east Asian Mainland,necklace,a bird amber necklace,amber,Tiny,Standard,20,62,Era / Renaissance Era; Functions / Worn Items / Jewellery; Functions / Worn Items / Jewellery / Bead Strings; Market / Jewellery / Standard Jewellery; Culture / Renaissance / Shared / South-east Asian Mainland,Holdable; Wear_Necklace; Destroyable_Misc,Jewellery and devotional work,Gemcraft,Renaissance personal adornment catalogue; culture admission South-east Asian Mainland; availability Renaissance. Description is form-led and makes no unsupported devotional or mechanical claim.
renaissance_jewellery_sem_chain_necklace_365,Renaissance,Renaissance,Jewellery & devotional,personal adornment,South-east Asian Mainland,necklace,a vine coral necklace,coral,Tiny,VeryGood,27,71,Era / Renaissance Era; Functions / Worn Items / Jewellery; Functions / Worn Items / Jewellery / Necklaces; Market / Jewellery / Standard Jewellery; Culture / Renaissance / Shared / South-east Asian Mainland,Holdable; Wear_Necklace; Destroyable_Misc,Jewellery and devotional work,Scrimshawing,Renaissance personal adornment catalogue; culture admission South-east Asian Mainland; availability Renaissance. Description is form-led and makes no unsupported devotional or mechanical claim.
renaissance_jewellery_sem_bracelet_366,Renaissance,Renaissance,Jewellery & devotional,personal adornment,South-east Asian Mainland,bracelet,a geometric garnet bracelet,garnet,Tiny,Good,34,80,Era / Renaissance Era; Functions / Worn Items / Jewellery; Functions / Worn Items / Jewellery / Bracelets; Market / Jewellery / Standard Jewellery; Culture / Renaissance / Shared / South-east Asian Mainland,Holdable; Wear_Bracelet; Destroyable_Misc,Jewellery and devotional work,Gemcraft,Renaissance personal adornment catalogue; culture admission South-east Asian Mainland; availability Renaissance. Description is form-led and makes no unsupported devotional or mechanical claim.
renaissance_jewellery_sem_armlet_367,Renaissance,Renaissance,Jewellery & devotional,personal adornment,South-east Asian Mainland,armlet,a cloud agate armlet,agate,Tiny,Standard,41,89,Era / Renaissance Era; Functions / Worn Items / Jewellery; Functions / Worn Items / Jewellery / Armlets; Market / Jewellery / Standard Jewellery; Culture / Renaissance / Shared / South-east Asian Mainland,Holdable; Wear_Armlet; Destroyable_Misc,Jewellery and devotional work,Gemcraft,Renaissance personal adornment catalogue; culture admission South-east Asian Mainland; availability Renaissance. Description is form-led and makes no unsupported devotional or mechanical claim.
renaissance_jewellery_sem_anklet_368,Renaissance,Renaissance,Jewellery & devotional,personal adornment,South-east Asian Mainland,anklet,a shell carnelian anklet,carnelian,Tiny,Poor,48,98,Era / Renaissance Era; Functions / Worn Items / Jewellery; Functions / Worn Items / Jewellery / Anklets; Market / Jewellery / Standard Jewellery; Culture / Renaissance / Shared / South-east Asian Mainland,Holdable; Wear_Anklet; Destroyable_Misc,Jewellery and devotional work,Gemcraft,Renaissance personal adornment catalogue; culture admission South-east Asian Mainland; availability Renaissance. Description is form-led and makes no unsupported devotional or mechanical claim.
renaissance_jewellery_sem_earrings_369,Renaissance,Renaissance,Jewellery & devotional,personal adornment,South-east Asian Mainland,earrings,a reed lapis lazuli earrings,lapis lazuli,Tiny,Standard,55,107,Era / Renaissance Era; Functions / Worn Items / Jewellery; Functions / Worn Items / Jewellery / Earrings; Market / Jewellery / Standard Jewellery; Culture / Renaissance / Shared / South-east Asian Mainland,Holdable; Wear_Earrings; Destroyable_Misc,Jewellery and devotional work,Gemcraft,Renaissance personal adornment catalogue; culture admission South-east Asian Mainland; availability Renaissance. Description is form-led and makes no unsupported devotional or mechanical claim.
renaissance_jewellery_sem_brooch_370,Renaissance,Renaissance,Jewellery & devotional,personal adornment,South-east Asian Mainland,brooch,a rosette turquoise brooch,turquoise,Tiny,Good,62,116,Era / Renaissance Era; Functions / Worn Items / Jewellery; Functions / Worn Items / Jewellery / Brooches; Market / Jewellery / Standard Jewellery; Culture / Renaissance / Shared / South-east Asian Mainland,Holdable; Wear_Brooch; Destroyable_Misc,Jewellery and devotional work,Gemcraft,Renaissance personal adornment catalogue; culture admission South-east Asian Mainland; availability Renaissance. Description is form-led and makes no unsupported devotional or mechanical claim.
renaissance_jewellery_sem_pin_371,Renaissance,Renaissance,Jewellery & devotional,personal adornment,South-east Asian Mainland,pin,a checker jade pin,jade,Tiny,Good,69,125,Era / Renaissance Era; Functions / Worn Items / Jewellery; Functions / Worn Items / Jewellery / Pins; Market / Jewellery / Standard Jewellery; Culture / Renaissance / Shared / South-east Asian Mainland,Holdable; Wear_Pin; Destroyable_Misc,Jewellery and devotional work,Gemcraft,Renaissance personal adornment catalogue; culture admission South-east Asian Mainland; availability Renaissance. Description is form-led and makes no unsupported devotional or mechanical claim.
renaissance_jewellery_sem_hairpin_372,Renaissance,Renaissance,Jewellery & devotional,personal adornment,South-east Asian Mainland,hairpin,a braided quartz hairpin,quartz,Tiny,Standard,76,134,Era / Renaissance Era; Functions / Worn Items / Jewellery; Functions / Worn Items / Jewellery / Hair Ornaments; Market / Jewellery / Standard Jewellery; Culture / Renaissance / Shared / South-east Asian Mainland,Holdable; Wear_Hairpin; Destroyable_Misc,Jewellery and devotional work,Gemcraft,Renaissance personal adornment catalogue; culture admission South-east Asian Mainland; availability Renaissance. Description is form-led and makes no unsupported devotional or mechanical claim.
renaissance_jewellery_sem_circlet_373,Renaissance,Renaissance,Jewellery & devotional,personal adornment,South-east Asian Mainland,circlet,a radiating faience circlet,faience,Tiny,VeryGood,83,143,Era / Renaissance Era; Functions / Worn Items / Jewellery; Functions / Worn Items / Jewellery / Circlets; Market / Jewellery / Standard Jewellery; Culture / Renaissance / Shared / South-east Asian Mainland,Holdable; Wear_Circlet; Destroyable_Glassware,Jewellery and devotional work,Glassworking,Renaissance personal adornment catalogue; culture admission South-east Asian Mainland; availability Renaissance. Description is form-led and makes no unsupported devotional or mechanical claim.
renaissance_jewellery_sem_diadem_374,Renaissance,Renaissance,Jewellery & devotional,personal adornment,South-east Asian Mainland,diadem,a leaf-scroll pewter diadem,pewter,Tiny,Good,90,152,Era / Renaissance Era; Functions / Worn Items / Jewellery; Functions / Worn Items / Jewellery / Diadems; Market / Jewellery / Standard Jewellery; Culture / Renaissance / Shared / South-east Asian Mainland,Holdable; Wear_Diadem; Destroyable_HeavyMetal,Jewellery and devotional work,Silversmithing,Renaissance personal adornment catalogue; culture admission South-east Asian Mainland; availability Renaissance. Description is form-led and makes no unsupported devotional or mechanical claim.
renaissance_jewellery_sem_waist_chain_375,Renaissance,Renaissance,Jewellery & devotional,personal adornment,South-east Asian Mainland,waist chain,a sunburst copper waist chain,copper,Tiny,Standard,20,8,Era / Renaissance Era; Functions / Worn Items / Jewellery; Functions / Worn Items / Jewellery / Waist Chains; Market / Jewellery / Standard Jewellery; Culture / Renaissance / Shared / South-east Asian Mainland,Holdable; Wear_Waist_Chain; Destroyable_HeavyMetal,Jewellery and devotional work,Silversmithing,Renaissance personal adornment catalogue; culture admission South-east Asian Mainland; availability Renaissance. Description is form-led and makes no unsupported devotional or mechanical claim.
renaissance_jewellery_sem_belt_ornament_376,Renaissance,Renaissance,Jewellery & devotional,personal adornment,South-east Asian Mainland,belt ornament,a water-wave bronze belt ornament,bronze,Tiny,Poor,27,17,Era / Renaissance Era; Functions / Worn Items / Jewellery; Functions / Worn Items / Jewellery / Belt Ornaments; Market / Jewellery / Standard Jewellery; Culture / Renaissance / Shared / South-east Asian Mainland,Holdable; Wear_Belt_Ornament; Destroyable_HeavyMetal,Jewellery and devotional work,Silversmithing,Renaissance personal adornment catalogue; culture admission South-east Asian Mainland; availability Renaissance. Description is form-led and makes no unsupported devotional or mechanical claim.
renaissance_jewellery_sem_badge_377,Renaissance,Renaissance,Jewellery & devotional,personal adornment,South-east Asian Mainland,badge,a knotted silver badge,silver,Tiny,Standard,34,26,Era / Renaissance Era; Functions / Worn Items / Jewellery; Functions / Worn Items / Jewellery / Badges; Market / Jewellery / Standard Jewellery; Culture / Renaissance / Shared / South-east Asian Mainland,Holdable; Wear_Badge; Destroyable_HeavyMetal,Jewellery and devotional work,Silversmithing,Renaissance personal adornment catalogue; culture admission South-east Asian Mainland; availability Renaissance. Description is form-led and makes no unsupported devotional or mechanical claim.
renaissance_jewellery_sem_temple_ring_378,Renaissance,Renaissance,Jewellery & devotional,personal adornment,South-east Asian Mainland,temple ring,a flower-head gold temple ring,gold,Tiny,Good,41,35,Era / Renaissance Era; Functions / Worn Items / Jewellery; Functions / Worn Items / Jewellery / Temple Rings; Market / Jewellery / Standard Jewellery; Culture / Renaissance / Shared / South-east Asian Mainland,Holdable; Wear_Temple_Rings; Destroyable_HeavyMetal,Jewellery and devotional work,Silversmithing,Renaissance personal adornment catalogue; culture admission South-east Asian Mainland; availability Renaissance. Description is form-led and makes no unsupported devotional or mechanical claim.
renaissance_jewellery_sem_torc_379,Renaissance,Renaissance,Jewellery & devotional,personal adornment,South-east Asian Mainland,torc,a star brass torc,brass,Tiny,Good,48,44,Era / Renaissance Era; Functions / Worn Items / Jewellery; Functions / Worn Items / Jewellery / Torcs; Market / Jewellery / Standard Jewellery; Culture / Renaissance / Shared / South-east Asian Mainland,Holdable; Wear_Torc; Destroyable_HeavyMetal,Jewellery and devotional work,Silversmithing,Renaissance personal adornment catalogue; culture admission South-east Asian Mainland; availability Renaissance. Description is form-led and makes no unsupported devotional or mechanical claim.
renaissance_jewellery_sem_wreath_380,Renaissance,Renaissance,Jewellery & devotional,personal adornment,South-east Asian Mainland,wreath,a bird glass wreath,glass,Tiny,Standard,55,53,Era / Renaissance Era; Functions / Worn Items / Jewellery; Functions / Worn Items / Jewellery / Wreaths; Market / Jewellery / Standard Jewellery; Culture / Renaissance / Shared / South-east Asian Mainland,Holdable; Wear_Wreath; Destroyable_Glassware,Jewellery and devotional work,Glassworking,Renaissance personal adornment catalogue; culture admission South-east Asian Mainland; availability Renaissance. Description is form-led and makes no unsupported devotional or mechanical claim.
renaissance_jewellery_sem_prayer_beads_381,Renaissance,Renaissance,Jewellery & devotional,personal devotional,South-east Asian Mainland,prayer bead strand,a vine bone prayer bead strand,bone,Tiny,VeryGood,62,62,Era / Renaissance Era; Functions / Worn Items / Jewellery; Functions / Worn Items / Jewellery / Bead Strings; Market / Jewellery / Standard Jewellery; Functions / Household Items / Household Religious Items; Market / Religious Goods / Devotional Goods; Culture / Renaissance / Shared / South-east Asian Mainland,Holdable; Wear_Necklace; Destroyable_Misc,Jewellery and devotional work,Scrimshawing,Renaissance personal devotional catalogue; culture admission South-east Asian Mainland; availability Renaissance. Description is form-led and makes no unsupported devotional or mechanical claim.
renaissance_jewellery_sem_devotional_medal_382,Renaissance,Renaissance,Jewellery & devotional,personal devotional,South-east Asian Mainland,devotional medal,a geometric shell devotional medal,shell,Tiny,Good,69,71,Era / Renaissance Era; Functions / Worn Items / Jewellery; Functions / Worn Items / Jewellery / Pendants; Market / Jewellery / Standard Jewellery; Functions / Household Items / Household Religious Items; Market / Religious Goods / Devotional Goods; Culture / Renaissance / Shared / South-east Asian Mainland,Holdable; Wear_Necklace; Destroyable_Misc,Jewellery and devotional work,Scrimshawing,Renaissance personal devotional catalogue; culture admission South-east Asian Mainland; availability Renaissance. Description is form-led and makes no unsupported devotional or mechanical claim.
renaissance_jewellery_sem_devotional_badge_383,Renaissance,Renaissance,Jewellery & devotional,personal devotional,South-east Asian Mainland,devotional badge,a cloud ivory devotional badge,ivory,Tiny,Standard,76,80,Era / Renaissance Era; Functions / Worn Items / Jewellery; Functions / Worn Items / Jewellery / Badges; Market / Jewellery / Standard Jewellery; Functions / Household Items / Household Religious Items; Market / Religious Goods / Devotional Goods; Culture / Renaissance / Shared / South-east Asian Mainland,Holdable; Wear_Badge; Destroyable_Misc,Jewellery and devotional work,Scrimshawing,Renaissance personal devotional catalogue; culture admission South-east Asian Mainland; availability Renaissance. Description is form-led and makes no unsupported devotional or mechanical claim.
renaissance_jewellery_sem_prayer_cord_384,Renaissance,Renaissance,Jewellery & devotional,personal devotional,South-east Asian Mainland,prayer cord,a shell linen prayer cord,linen,Tiny,Poor,83,89,Era / Renaissance Era; Functions / Worn Items / Jewellery; Functions / Worn Items / Jewellery / Neck Garlands; Market / Jewellery / Standard Jewellery; Functions / Household Items / Household Religious Items; Market / Religious Goods / Devotional Goods; Culture / Renaissance / Shared / South-east Asian Mainland,Holdable; Wear_Neck_Garland; Destroyable_Clothing,Jewellery and devotional work,Weaving,Renaissance personal devotional catalogue; culture admission South-east Asian Mainland; availability Renaissance. Description is form-led and makes no unsupported devotional or mechanical claim.
renaissance_jewellery_sem_votive_token_385,Renaissance,Renaissance,Jewellery & devotional,institutional devotional,South-east Asian Mainland,votive token,a reed amber votive token,amber,Small,Standard,90,98,Era / Renaissance Era; Functions / Household Items / Household Religious Items; Market / Religious Goods / Devotional Goods; Culture / Renaissance / Shared / South-east Asian Mainland,Holdable; Destroyable_Misc,Jewellery and devotional work,Gemcraft,Renaissance institutional devotional catalogue; culture admission South-east Asian Mainland; availability Renaissance. Description is form-led and makes no unsupported devotional or mechanical claim.
renaissance_jewellery_sem_scripture_box_386,Renaissance,Renaissance,Jewellery & devotional,institutional devotional,South-east Asian Mainland,small scripture box,a rosette coral small scripture box,coral,Small,Good,20,107,Era / Renaissance Era; Functions / Household Items / Household Religious Items; Market / Religious Goods / Devotional Goods; Culture / Renaissance / Shared / South-east Asian Mainland,Holdable; Destroyable_Misc,Jewellery and devotional work,Scrimshawing,Renaissance institutional devotional catalogue; culture admission South-east Asian Mainland; availability Renaissance. Description is form-led and makes no unsupported devotional or mechanical claim.
renaissance_jewellery_sem_offering_bowl_387,Renaissance,Renaissance,Jewellery & devotional,institutional devotional,South-east Asian Mainland,offering bowl,a checker silver offering bowl,silver,Small,Good,27,116,Era / Renaissance Era; Functions / Household Items / Household Religious Items; Market / Religious Goods / Devotional Goods; Culture / Renaissance / Shared / South-east Asian Mainland,Holdable; Destroyable_HeavyMetal,Jewellery and devotional work,Silversmithing,Renaissance institutional devotional catalogue; culture admission South-east Asian Mainland; availability Renaissance. Description is form-led and makes no unsupported devotional or mechanical claim.
renaissance_jewellery_sem_incense_holder_388,Renaissance,Renaissance,Jewellery & devotional,institutional devotional,South-east Asian Mainland,incense holder,a braided pewter incense holder,pewter,Small,Standard,34,125,Era / Renaissance Era; Functions / Household Items / Household Religious Items; Market / Religious Goods / Devotional Goods; Culture / Renaissance / Shared / South-east Asian Mainland,Holdable; Destroyable_HeavyMetal,Jewellery and devotional work,Silversmithing,Renaissance institutional devotional catalogue; culture admission South-east Asian Mainland; availability Renaissance. Description is form-led and makes no unsupported devotional or mechanical claim.
renaissance_jewellery_sem_portable_panel_389,Renaissance,Renaissance,Jewellery & devotional,institutional devotional,South-east Asian Mainland,small devotional panel,a radiating wood small devotional panel,wood,Small,VeryGood,41,134,Era / Renaissance Era; Functions / Household Items / Household Religious Items; Market / Religious Goods / Devotional Goods; Culture / Renaissance / Shared / South-east Asian Mainland,Holdable; Destroyable_Misc,Jewellery and devotional work,Carpentry,Renaissance institutional devotional catalogue; culture admission South-east Asian Mainland; availability Renaissance. Description is form-led and makes no unsupported devotional or mechanical claim.
renaissance_jewellery_sem_processional_ornament_390,Renaissance,Renaissance,Jewellery & devotional,institutional devotional,South-east Asian Mainland,processional ornament,a leaf-scroll brass processional ornament,brass,Small,Good,48,143,Era / Renaissance Era; Functions / Household Items / Household Religious Items; Market / Religious Goods / Devotional Goods; Culture / Renaissance / Shared / South-east Asian Mainland,Holdable; Destroyable_HeavyMetal,Jewellery and devotional work,Silversmithing,Renaissance institutional devotional catalogue; culture admission South-east Asian Mainland; availability Renaissance. Description is form-led and makes no unsupported devotional or mechanical claim.
renaissance_jewellery_msea_ring_391,Renaissance,Renaissance,Jewellery & devotional,personal adornment,Maritime South-east Asian,ring,a sunburst turquoise ring,turquoise,Tiny,Standard,55,152,Era / Renaissance Era; Functions / Worn Items / Jewellery; Functions / Worn Items / Jewellery / Rings; Market / Jewellery / Standard Jewellery; Culture / Renaissance / Shared / Maritime South-east Asian,Holdable; Wear_Ring; Destroyable_Misc,Jewellery and devotional work,Gemcraft,Renaissance personal adornment catalogue; culture admission Maritime South-east Asian; availability Renaissance. Description is form-led and makes no unsupported devotional or mechanical claim.
renaissance_jewellery_msea_signet_ring_392,Renaissance,Renaissance,Jewellery & devotional,personal adornment,Maritime South-east Asian,ring,a water-wave jade ring,jade,Tiny,VeryGood,62,8,Era / Renaissance Era; Functions / Worn Items / Jewellery; Functions / Worn Items / Jewellery / Rings; Market / Jewellery / Standard Jewellery; Culture / Renaissance / Shared / Maritime South-east Asian,Holdable; Wear_Ring; Destroyable_Misc,Jewellery and devotional work,Gemcraft,Renaissance personal adornment catalogue; culture admission Maritime South-east Asian; availability Renaissance. Description is form-led and makes no unsupported devotional or mechanical claim.
renaissance_jewellery_msea_pendant_393,Renaissance,Renaissance,Jewellery & devotional,personal adornment,Maritime South-east Asian,pendant,a knotted quartz pendant,quartz,Tiny,Standard,69,17,Era / Renaissance Era; Functions / Worn Items / Jewellery; Functions / Worn Items / Jewellery / Pendants; Market / Jewellery / Standard Jewellery; Culture / Renaissance / Shared / Maritime South-east Asian,Holdable; Wear_Necklace; Destroyable_Misc,Jewellery and devotional work,Gemcraft,Renaissance personal adornment catalogue; culture admission Maritime South-east Asian; availability Renaissance. Description is form-led and makes no unsupported devotional or mechanical claim.
renaissance_jewellery_msea_bead_necklace_394,Renaissance,Renaissance,Jewellery & devotional,personal adornment,Maritime South-east Asian,necklace,a flower-head faience necklace,faience,Tiny,Good,76,26,Era / Renaissance Era; Functions / Worn Items / Jewellery; Functions / Worn Items / Jewellery / Bead Strings; Market / Jewellery / Standard Jewellery; Culture / Renaissance / Shared / Maritime South-east Asian,Holdable; Wear_Necklace; Destroyable_Glassware,Jewellery and devotional work,Glassworking,Renaissance personal adornment catalogue; culture admission Maritime South-east Asian; availability Renaissance. Description is form-led and makes no unsupported devotional or mechanical claim.
renaissance_jewellery_msea_chain_necklace_395,Renaissance,Renaissance,Jewellery & devotional,personal adornment,Maritime South-east Asian,necklace,a star pewter necklace,pewter,Tiny,Good,83,35,Era / Renaissance Era; Functions / Worn Items / Jewellery; Functions / Worn Items / Jewellery / Necklaces; Market / Jewellery / Standard Jewellery; Culture / Renaissance / Shared / Maritime South-east Asian,Holdable; Wear_Necklace; Destroyable_HeavyMetal,Jewellery and devotional work,Silversmithing,Renaissance personal adornment catalogue; culture admission Maritime South-east Asian; availability Renaissance. Description is form-led and makes no unsupported devotional or mechanical claim.
renaissance_jewellery_msea_bracelet_396,Renaissance,Renaissance,Jewellery & devotional,personal adornment,Maritime South-east Asian,bracelet,a bird copper bracelet,copper,Tiny,Standard,90,44,Era / Renaissance Era; Functions / Worn Items / Jewellery; Functions / Worn Items / Jewellery / Bracelets; Market / Jewellery / Standard Jewellery; Culture / Renaissance / Shared / Maritime South-east Asian,Holdable; Wear_Bracelet; Destroyable_HeavyMetal,Jewellery and devotional work,Silversmithing,Renaissance personal adornment catalogue; culture admission Maritime South-east Asian; availability Renaissance. Description is form-led and makes no unsupported devotional or mechanical claim.
renaissance_jewellery_msea_armlet_397,Renaissance,Renaissance,Jewellery & devotional,personal adornment,Maritime South-east Asian,armlet,a vine bronze armlet,bronze,Tiny,VeryGood,20,53,Era / Renaissance Era; Functions / Worn Items / Jewellery; Functions / Worn Items / Jewellery / Armlets; Market / Jewellery / Standard Jewellery; Culture / Renaissance / Shared / Maritime South-east Asian,Holdable; Wear_Armlet; Destroyable_HeavyMetal,Jewellery and devotional work,Silversmithing,Renaissance personal adornment catalogue; culture admission Maritime South-east Asian; availability Renaissance. Description is form-led and makes no unsupported devotional or mechanical claim.
renaissance_jewellery_msea_anklet_398,Renaissance,Renaissance,Jewellery & devotional,personal adornment,Maritime South-east Asian,anklet,a geometric silver anklet,silver,Tiny,Good,27,62,Era / Renaissance Era; Functions / Worn Items / Jewellery; Functions / Worn Items / Jewellery / Anklets; Market / Jewellery / Standard Jewellery; Culture / Renaissance / Shared / Maritime South-east Asian,Holdable; Wear_Anklet; Destroyable_HeavyMetal,Jewellery and devotional work,Silversmithing,Renaissance personal adornment catalogue; culture admission Maritime South-east Asian; availability Renaissance. Description is form-led and makes no unsupported devotional or mechanical claim.
renaissance_jewellery_msea_earrings_399,Renaissance,Renaissance,Jewellery & devotional,personal adornment,Maritime South-east Asian,earrings,a cloud gold earrings,gold,Tiny,Standard,34,71,Era / Renaissance Era; Functions / Worn Items / Jewellery; Functions / Worn Items / Jewellery / Earrings; Market / Jewellery / Standard Jewellery; Culture / Renaissance / Shared / Maritime South-east Asian,Holdable; Wear_Earrings; Destroyable_HeavyMetal,Jewellery and devotional work,Silversmithing,Renaissance personal adornment catalogue; culture admission Maritime South-east Asian; availability Renaissance. Description is form-led and makes no unsupported devotional or mechanical claim.
renaissance_jewellery_msea_brooch_400,Renaissance,Renaissance,Jewellery & devotional,personal adornment,Maritime South-east Asian,brooch,a shell brass brooch,brass,Tiny,Poor,41,80,Era / Renaissance Era; Functions / Worn Items / Jewellery; Functions / Worn Items / Jewellery / Brooches; Market / Jewellery / Standard Jewellery; Culture / Renaissance / Shared / Maritime South-east Asian,Holdable; Wear_Brooch; Destroyable_HeavyMetal,Jewellery and devotional work,Silversmithing,Renaissance personal adornment catalogue; culture admission Maritime South-east Asian; availability Renaissance. Description is form-led and makes no unsupported devotional or mechanical claim.
renaissance_jewellery_msea_pin_401,Renaissance,Renaissance,Jewellery & devotional,personal adornment,Maritime South-east Asian,pin,a reed glass pin,glass,Tiny,Standard,48,89,Era / Renaissance Era; Functions / Worn Items / Jewellery; Functions / Worn Items / Jewellery / Pins; Market / Jewellery / Standard Jewellery; Culture / Renaissance / Shared / Maritime South-east Asian,Holdable; Wear_Pin; Destroyable_Glassware,Jewellery and devotional work,Glassworking,Renaissance personal adornment catalogue; culture admission Maritime South-east Asian; availability Renaissance. Description is form-led and makes no unsupported devotional or mechanical claim.
renaissance_jewellery_msea_hairpin_402,Renaissance,Renaissance,Jewellery & devotional,personal adornment,Maritime South-east Asian,hairpin,a rosette bone hairpin,bone,Tiny,Good,55,98,Era / Renaissance Era; Functions / Worn Items / Jewellery; Functions / Worn Items / Jewellery / Hair Ornaments; Market / Jewellery / Standard Jewellery; Culture / Renaissance / Shared / Maritime South-east Asian,Holdable; Wear_Hairpin; Destroyable_Misc,Jewellery and devotional work,Scrimshawing,Renaissance personal adornment catalogue; culture admission Maritime South-east Asian; availability Renaissance. Description is form-led and makes no unsupported devotional or mechanical claim.
renaissance_jewellery_msea_circlet_403,Renaissance,Renaissance,Jewellery & devotional,personal adornment,Maritime South-east Asian,circlet,a checker shell circlet,shell,Tiny,Good,62,107,Era / Renaissance Era; Functions / Worn Items / Jewellery; Functions / Worn Items / Jewellery / Circlets; Market / Jewellery / Standard Jewellery; Culture / Renaissance / Shared / Maritime South-east Asian,Holdable; Wear_Circlet; Destroyable_Misc,Jewellery and devotional work,Scrimshawing,Renaissance personal adornment catalogue; culture admission Maritime South-east Asian; availability Renaissance. Description is form-led and makes no unsupported devotional or mechanical claim.
renaissance_jewellery_msea_diadem_404,Renaissance,Renaissance,Jewellery & devotional,personal adornment,Maritime South-east Asian,diadem,a braided ivory diadem,ivory,Tiny,Standard,69,116,Era / Renaissance Era; Functions / Worn Items / Jewellery; Functions / Worn Items / Jewellery / Diadems; Market / Jewellery / Standard Jewellery; Culture / Renaissance / Shared / Maritime South-east Asian,Holdable; Wear_Diadem; Destroyable_Misc,Jewellery and devotional work,Scrimshawing,Renaissance personal adornment catalogue; culture admission Maritime South-east Asian; availability Renaissance. Description is form-led and makes no unsupported devotional or mechanical claim.
renaissance_jewellery_msea_waist_chain_405,Renaissance,Renaissance,Jewellery & devotional,personal adornment,Maritime South-east Asian,waist chain,a radiating pearl waist chain,pearl,Tiny,VeryGood,76,125,Era / Renaissance Era; Functions / Worn Items / Jewellery; Functions / Worn Items / Jewellery / Waist Chains; Market / Jewellery / Standard Jewellery; Culture / Renaissance / Shared / Maritime South-east Asian,Holdable; Wear_Waist_Chain; Destroyable_Misc,Jewellery and devotional work,Gemcraft,Renaissance personal adornment catalogue; culture admission Maritime South-east Asian; availability Renaissance. Description is form-led and makes no unsupported devotional or mechanical claim.
renaissance_jewellery_msea_belt_ornament_406,Renaissance,Renaissance,Jewellery & devotional,personal adornment,Maritime South-east Asian,belt ornament,a leaf-scroll amber belt ornament,amber,Tiny,Good,83,134,Era / Renaissance Era; Functions / Worn Items / Jewellery; Functions / Worn Items / Jewellery / Belt Ornaments; Market / Jewellery / Standard Jewellery; Culture / Renaissance / Shared / Maritime South-east Asian,Holdable; Wear_Belt_Ornament; Destroyable_Misc,Jewellery and devotional work,Gemcraft,Renaissance personal adornment catalogue; culture admission Maritime South-east Asian; availability Renaissance. Description is form-led and makes no unsupported devotional or mechanical claim.
renaissance_jewellery_msea_badge_407,Renaissance,Renaissance,Jewellery & devotional,personal adornment,Maritime South-east Asian,badge,a sunburst coral badge,coral,Tiny,Standard,90,143,Era / Renaissance Era; Functions / Worn Items / Jewellery; Functions / Worn Items / Jewellery / Badges; Market / Jewellery / Standard Jewellery; Culture / Renaissance / Shared / Maritime South-east Asian,Holdable; Wear_Badge; Destroyable_Misc,Jewellery and devotional work,Scrimshawing,Renaissance personal adornment catalogue; culture admission Maritime South-east Asian; availability Renaissance. Description is form-led and makes no unsupported devotional or mechanical claim.
renaissance_jewellery_msea_temple_ring_408,Renaissance,Renaissance,Jewellery & devotional,personal adornment,Maritime South-east Asian,temple ring,a water-wave garnet temple ring,garnet,Tiny,Poor,20,152,Era / Renaissance Era; Functions / Worn Items / Jewellery; Functions / Worn Items / Jewellery / Temple Rings; Market / Jewellery / Standard Jewellery; Culture / Renaissance / Shared / Maritime South-east Asian,Holdable; Wear_Temple_Rings; Destroyable_Misc,Jewellery and devotional work,Gemcraft,Renaissance personal adornment catalogue; culture admission Maritime South-east Asian; availability Renaissance. Description is form-led and makes no unsupported devotional or mechanical claim.
renaissance_jewellery_msea_torc_409,Renaissance,Renaissance,Jewellery & devotional,personal adornment,Maritime South-east Asian,torc,a knotted agate torc,agate,Tiny,Standard,27,8,Era / Renaissance Era; Functions / Worn Items / Jewellery; Functions / Worn Items / Jewellery / Torcs; Market / Jewellery / Standard Jewellery; Culture / Renaissance / Shared / Maritime South-east Asian,Holdable; Wear_Torc; Destroyable_Misc,Jewellery and devotional work,Gemcraft,Renaissance personal adornment catalogue; culture admission Maritime South-east Asian; availability Renaissance. Description is form-led and makes no unsupported devotional or mechanical claim.
renaissance_jewellery_msea_wreath_410,Renaissance,Renaissance,Jewellery & devotional,personal adornment,Maritime South-east Asian,wreath,a flower-head carnelian wreath,carnelian,Tiny,Good,34,17,Era / Renaissance Era; Functions / Worn Items / Jewellery; Functions / Worn Items / Jewellery / Wreaths; Market / Jewellery / Standard Jewellery; Culture / Renaissance / Shared / Maritime South-east Asian,Holdable; Wear_Wreath; Destroyable_Misc,Jewellery and devotional work,Gemcraft,Renaissance personal adornment catalogue; culture admission Maritime South-east Asian; availability Renaissance. Description is form-led and makes no unsupported devotional or mechanical claim.
renaissance_jewellery_msea_prayer_beads_411,Renaissance,Renaissance,Jewellery & devotional,personal devotional,Maritime South-east Asian,prayer bead strand,a star lapis lazuli prayer bead strand,lapis lazuli,Tiny,Good,41,26,Era / Renaissance Era; Functions / Worn Items / Jewellery; Functions / Worn Items / Jewellery / Bead Strings; Market / Jewellery / Standard Jewellery; Functions / Household Items / Household Religious Items; Market / Religious Goods / Devotional Goods; Culture / Renaissance / Shared / Maritime South-east Asian,Holdable; Wear_Necklace; Destroyable_Misc,Jewellery and devotional work,Gemcraft,Renaissance personal devotional catalogue; culture admission Maritime South-east Asian; availability Renaissance. Description is form-led and makes no unsupported devotional or mechanical claim.
renaissance_jewellery_msea_devotional_medal_412,Renaissance,Renaissance,Jewellery & devotional,personal devotional,Maritime South-east Asian,devotional medal,a bird turquoise devotional medal,turquoise,Tiny,Standard,48,35,Era / Renaissance Era; Functions / Worn Items / Jewellery; Functions / Worn Items / Jewellery / Pendants; Market / Jewellery / Standard Jewellery; Functions / Household Items / Household Religious Items; Market / Religious Goods / Devotional Goods; Culture / Renaissance / Shared / Maritime South-east Asian,Holdable; Wear_Necklace; Destroyable_Misc,Jewellery and devotional work,Gemcraft,Renaissance personal devotional catalogue; culture admission Maritime South-east Asian; availability Renaissance. Description is form-led and makes no unsupported devotional or mechanical claim.
renaissance_jewellery_msea_devotional_badge_413,Renaissance,Renaissance,Jewellery & devotional,personal devotional,Maritime South-east Asian,devotional badge,a vine jade devotional badge,jade,Tiny,VeryGood,55,44,Era / Renaissance Era; Functions / Worn Items / Jewellery; Functions / Worn Items / Jewellery / Badges; Market / Jewellery / Standard Jewellery; Functions / Household Items / Household Religious Items; Market / Religious Goods / Devotional Goods; Culture / Renaissance / Shared / Maritime South-east Asian,Holdable; Wear_Badge; Destroyable_Misc,Jewellery and devotional work,Gemcraft,Renaissance personal devotional catalogue; culture admission Maritime South-east Asian; availability Renaissance. Description is form-led and makes no unsupported devotional or mechanical claim.
renaissance_jewellery_msea_prayer_cord_414,Renaissance,Renaissance,Jewellery & devotional,personal devotional,Maritime South-east Asian,prayer cord,a geometric linen prayer cord,linen,Tiny,Good,62,53,Era / Renaissance Era; Functions / Worn Items / Jewellery; Functions / Worn Items / Jewellery / Neck Garlands; Market / Jewellery / Standard Jewellery; Functions / Household Items / Household Religious Items; Market / Religious Goods / Devotional Goods; Culture / Renaissance / Shared / Maritime South-east Asian,Holdable; Wear_Neck_Garland; Destroyable_Clothing,Jewellery and devotional work,Weaving,Renaissance personal devotional catalogue; culture admission Maritime South-east Asian; availability Renaissance. Description is form-led and makes no unsupported devotional or mechanical claim.
renaissance_jewellery_msea_votive_token_415,Renaissance,Renaissance,Jewellery & devotional,institutional devotional,Maritime South-east Asian,votive token,a cloud faience votive token,faience,Small,Standard,69,62,Era / Renaissance Era; Functions / Household Items / Household Religious Items; Market / Religious Goods / Devotional Goods; Culture / Renaissance / Shared / Maritime South-east Asian,Holdable; Destroyable_Glassware,Jewellery and devotional work,Glassworking,Renaissance institutional devotional catalogue; culture admission Maritime South-east Asian; availability Renaissance. Description is form-led and makes no unsupported devotional or mechanical claim.
renaissance_jewellery_msea_scripture_box_416,Renaissance,Renaissance,Jewellery & devotional,institutional devotional,Maritime South-east Asian,small scripture box,a shell pewter small scripture box,pewter,Small,Poor,76,71,Era / Renaissance Era; Functions / Household Items / Household Religious Items; Market / Religious Goods / Devotional Goods; Culture / Renaissance / Shared / Maritime South-east Asian,Holdable; Destroyable_HeavyMetal,Jewellery and devotional work,Silversmithing,Renaissance institutional devotional catalogue; culture admission Maritime South-east Asian; availability Renaissance. Description is form-led and makes no unsupported devotional or mechanical claim.
renaissance_jewellery_msea_offering_bowl_417,Renaissance,Renaissance,Jewellery & devotional,institutional devotional,Maritime South-east Asian,offering bowl,a reed bronze offering bowl,bronze,Small,Standard,83,80,Era / Renaissance Era; Functions / Household Items / Household Religious Items; Market / Religious Goods / Devotional Goods; Culture / Renaissance / Shared / Maritime South-east Asian,Holdable; Destroyable_HeavyMetal,Jewellery and devotional work,Silversmithing,Renaissance institutional devotional catalogue; culture admission Maritime South-east Asian; availability Renaissance. Description is form-led and makes no unsupported devotional or mechanical claim.
renaissance_jewellery_msea_incense_holder_418,Renaissance,Renaissance,Jewellery & devotional,institutional devotional,Maritime South-east Asian,incense holder,a rosette brass incense holder,brass,Small,Good,90,89,Era / Renaissance Era; Functions / Household Items / Household Religious Items; Market / Religious Goods / Devotional Goods; Culture / Renaissance / Shared / Maritime South-east Asian,Holdable; Destroyable_HeavyMetal,Jewellery and devotional work,Silversmithing,Renaissance institutional devotional catalogue; culture admission Maritime South-east Asian; availability Renaissance. Description is form-led and makes no unsupported devotional or mechanical claim.
renaissance_jewellery_msea_portable_panel_419,Renaissance,Renaissance,Jewellery & devotional,institutional devotional,Maritime South-east Asian,small devotional panel,a checker wood small devotional panel,wood,Small,Good,20,98,Era / Renaissance Era; Functions / Household Items / Household Religious Items; Market / Religious Goods / Devotional Goods; Culture / Renaissance / Shared / Maritime South-east Asian,Holdable; Destroyable_Misc,Jewellery and devotional work,Carpentry,Renaissance institutional devotional catalogue; culture admission Maritime South-east Asian; availability Renaissance. Description is form-led and makes no unsupported devotional or mechanical claim.
renaissance_jewellery_msea_processional_ornament_420,Renaissance,Renaissance,Jewellery & devotional,institutional devotional,Maritime South-east Asian,processional ornament,a braided pewter processional ornament,pewter,Small,Standard,27,107,Era / Renaissance Era; Functions / Household Items / Household Religious Items; Market / Religious Goods / Devotional Goods; Culture / Renaissance / Shared / Maritime South-east Asian,Holdable; Destroyable_HeavyMetal,Jewellery and devotional work,Silversmithing,Renaissance institutional devotional catalogue; culture admission Maritime South-east Asian; availability Renaissance. Description is form-led and makes no unsupported devotional or mechanical claim.
renaissance_jewellery_stp_ring_421,Renaissance,Renaissance,Jewellery & devotional,personal adornment,Steppe and Caravan,ring,a shell quartz ring,quartz,Tiny,VeryGood,34,116,Era / Renaissance Era; Functions / Worn Items / Jewellery; Functions / Worn Items / Jewellery / Rings; Market / Jewellery / Standard Jewellery; Culture / Renaissance / Shared / Steppe and Caravan,Holdable; Wear_Ring; Destroyable_Misc,Jewellery and devotional work,Gemcraft,Renaissance personal adornment catalogue; culture admission Steppe and Caravan; availability Renaissance. Description is form-led and makes no unsupported devotional or mechanical claim.
renaissance_jewellery_stp_signet_ring_422,Renaissance,Renaissance,Jewellery & devotional,personal adornment,Steppe and Caravan,ring,a reed faience ring,faience,Tiny,VeryGood,41,125,Era / Renaissance Era; Functions / Worn Items / Jewellery; Functions / Worn Items / Jewellery / Rings; Market / Jewellery / Standard Jewellery; Culture / Renaissance / Shared / Steppe and Caravan,Holdable; Wear_Ring; Destroyable_Glassware,Jewellery and devotional work,Glassworking,Renaissance personal adornment catalogue; culture admission Steppe and Caravan; availability Renaissance. Description is form-led and makes no unsupported devotional or mechanical claim.
renaissance_jewellery_stp_pendant_423,Renaissance,Renaissance,Jewellery & devotional,personal adornment,Steppe and Caravan,pendant,a rosette pewter pendant,pewter,Tiny,Standard,48,134,Era / Renaissance Era; Functions / Worn Items / Jewellery; Functions / Worn Items / Jewellery / Pendants; Market / Jewellery / Standard Jewellery; Culture / Renaissance / Shared / Steppe and Caravan,Holdable; Wear_Necklace; Destroyable_HeavyMetal,Jewellery and devotional work,Silversmithing,Renaissance personal adornment catalogue; culture admission Steppe and Caravan; availability Renaissance. Description is form-led and makes no unsupported devotional or mechanical claim.
renaissance_jewellery_stp_bead_necklace_424,Renaissance,Renaissance,Jewellery & devotional,personal adornment,Steppe and Caravan,necklace,a checker copper necklace,copper,Tiny,Poor,55,143,Era / Renaissance Era; Functions / Worn Items / Jewellery; Functions / Worn Items / Jewellery / Bead Strings; Market / Jewellery / Standard Jewellery; Culture / Renaissance / Shared / Steppe and Caravan,Holdable; Wear_Necklace; Destroyable_HeavyMetal,Jewellery and devotional work,Silversmithing,Renaissance personal adornment catalogue; culture admission Steppe and Caravan; availability Renaissance. Description is form-led and makes no unsupported devotional or mechanical claim.
renaissance_jewellery_stp_chain_necklace_425,Renaissance,Renaissance,Jewellery & devotional,personal adornment,Steppe and Caravan,necklace,a braided bronze necklace,bronze,Tiny,Standard,62,152,Era / Renaissance Era; Functions / Worn Items / Jewellery; Functions / Worn Items / Jewellery / Necklaces; Market / Jewellery / Standard Jewellery; Culture / Renaissance / Shared / Steppe and Caravan,Holdable; Wear_Necklace; Destroyable_HeavyMetal,Jewellery and devotional work,Silversmithing,Renaissance personal adornment catalogue; culture admission Steppe and Caravan; availability Renaissance. Description is form-led and makes no unsupported devotional or mechanical claim.
renaissance_jewellery_stp_bracelet_426,Renaissance,Renaissance,Jewellery & devotional,personal adornment,Steppe and Caravan,bracelet,a radiating silver bracelet,silver,Tiny,Good,69,8,Era / Renaissance Era; Functions / Worn Items / Jewellery; Functions / Worn Items / Jewellery / Bracelets; Market / Jewellery / Standard Jewellery; Culture / Renaissance / Shared / Steppe and Caravan,Holdable; Wear_Bracelet; Destroyable_HeavyMetal,Jewellery and devotional work,Silversmithing,Renaissance personal adornment catalogue; culture admission Steppe and Caravan; availability Renaissance. Description is form-led and makes no unsupported devotional or mechanical claim.
renaissance_jewellery_stp_armlet_427,Renaissance,Renaissance,Jewellery & devotional,personal adornment,Steppe and Caravan,armlet,a leaf-scroll gold armlet,gold,Tiny,Good,76,17,Era / Renaissance Era; Functions / Worn Items / Jewellery; Functions / Worn Items / Jewellery / Armlets; Market / Jewellery / Standard Jewellery; Culture / Renaissance / Shared / Steppe and Caravan,Holdable; Wear_Armlet; Destroyable_HeavyMetal,Jewellery and devotional work,Silversmithing,Renaissance personal adornment catalogue; culture admission Steppe and Caravan; availability Renaissance. Description is form-led and makes no unsupported devotional or mechanical claim.
renaissance_jewellery_stp_anklet_428,Renaissance,Renaissance,Jewellery & devotional,personal adornment,Steppe and Caravan,anklet,a sunburst brass anklet,brass,Tiny,Standard,83,26,Era / Renaissance Era; Functions / Worn Items / Jewellery; Functions / Worn Items / Jewellery / Anklets; Market / Jewellery / Standard Jewellery; Culture / Renaissance / Shared / Steppe and Caravan,Holdable; Wear_Anklet; Destroyable_HeavyMetal,Jewellery and devotional work,Silversmithing,Renaissance personal adornment catalogue; culture admission Steppe and Caravan; availability Renaissance. Description is form-led and makes no unsupported devotional or mechanical claim.
renaissance_jewellery_stp_earrings_429,Renaissance,Renaissance,Jewellery & devotional,personal adornment,Steppe and Caravan,earrings,a water-wave glass earrings,glass,Tiny,VeryGood,90,35,Era / Renaissance Era; Functions / Worn Items / Jewellery; Functions / Worn Items / Jewellery / Earrings; Market / Jewellery / Standard Jewellery; Culture / Renaissance / Shared / Steppe and Caravan,Holdable; Wear_Earrings; Destroyable_Glassware,Jewellery and devotional work,Glassworking,Renaissance personal adornment catalogue; culture admission Steppe and Caravan; availability Renaissance. Description is form-led and makes no unsupported devotional or mechanical claim.
renaissance_jewellery_stp_brooch_430,Renaissance,Renaissance,Jewellery & devotional,personal adornment,Steppe and Caravan,brooch,a knotted bone brooch,bone,Tiny,Good,20,44,Era / Renaissance Era; Functions / Worn Items / Jewellery; Functions / Worn Items / Jewellery / Brooches; Market / Jewellery / Standard Jewellery; Culture / Renaissance / Shared / Steppe and Caravan,Holdable; Wear_Brooch; Destroyable_Misc,Jewellery and devotional work,Scrimshawing,Renaissance personal adornment catalogue; culture admission Steppe and Caravan; availability Renaissance. Description is form-led and makes no unsupported devotional or mechanical claim.
renaissance_jewellery_stp_pin_431,Renaissance,Renaissance,Jewellery & devotional,personal adornment,Steppe and Caravan,pin,a flower-head shell pin,shell,Tiny,Standard,27,53,Era / Renaissance Era; Functions / Worn Items / Jewellery; Functions / Worn Items / Jewellery / Pins; Market / Jewellery / Standard Jewellery; Culture / Renaissance / Shared / Steppe and Caravan,Holdable; Wear_Pin; Destroyable_Misc,Jewellery and devotional work,Scrimshawing,Renaissance personal adornment catalogue; culture admission Steppe and Caravan; availability Renaissance. Description is form-led and makes no unsupported devotional or mechanical claim.
renaissance_jewellery_stp_hairpin_432,Renaissance,Renaissance,Jewellery & devotional,personal adornment,Steppe and Caravan,hairpin,a star ivory hairpin,ivory,Tiny,Poor,34,62,Era / Renaissance Era; Functions / Worn Items / Jewellery; Functions / Worn Items / Jewellery / Hair Ornaments; Market / Jewellery / Standard Jewellery; Culture / Renaissance / Shared / Steppe and Caravan,Holdable; Wear_Hairpin; Destroyable_Misc,Jewellery and devotional work,Scrimshawing,Renaissance personal adornment catalogue; culture admission Steppe and Caravan; availability Renaissance. Description is form-led and makes no unsupported devotional or mechanical claim.
renaissance_jewellery_stp_circlet_433,Renaissance,Renaissance,Jewellery & devotional,personal adornment,Steppe and Caravan,circlet,a bird pearl circlet,pearl,Tiny,Standard,41,71,Era / Renaissance Era; Functions / Worn Items / Jewellery; Functions / Worn Items / Jewellery / Circlets; Market / Jewellery / Standard Jewellery; Culture / Renaissance / Shared / Steppe and Caravan,Holdable; Wear_Circlet; Destroyable_Misc,Jewellery and devotional work,Gemcraft,Renaissance personal adornment catalogue; culture admission Steppe and Caravan; availability Renaissance. Description is form-led and makes no unsupported devotional or mechanical claim.
renaissance_jewellery_stp_diadem_434,Renaissance,Renaissance,Jewellery & devotional,personal adornment,Steppe and Caravan,diadem,a vine amber diadem,amber,Tiny,Good,48,80,Era / Renaissance Era; Functions / Worn Items / Jewellery; Functions / Worn Items / Jewellery / Diadems; Market / Jewellery / Standard Jewellery; Culture / Renaissance / Shared / Steppe and Caravan,Holdable; Wear_Diadem; Destroyable_Misc,Jewellery and devotional work,Gemcraft,Renaissance personal adornment catalogue; culture admission Steppe and Caravan; availability Renaissance. Description is form-led and makes no unsupported devotional or mechanical claim.
renaissance_jewellery_stp_waist_chain_435,Renaissance,Renaissance,Jewellery & devotional,personal adornment,Steppe and Caravan,waist chain,a geometric coral waist chain,coral,Tiny,Good,55,89,Era / Renaissance Era; Functions / Worn Items / Jewellery; Functions / Worn Items / Jewellery / Waist Chains; Market / Jewellery / Standard Jewellery; Culture / Renaissance / Shared / Steppe and Caravan,Holdable; Wear_Waist_Chain; Destroyable_Misc,Jewellery and devotional work,Scrimshawing,Renaissance personal adornment catalogue; culture admission Steppe and Caravan; availability Renaissance. Description is form-led and makes no unsupported devotional or mechanical claim.
renaissance_jewellery_stp_belt_ornament_436,Renaissance,Renaissance,Jewellery & devotional,personal adornment,Steppe and Caravan,belt ornament,a cloud garnet belt ornament,garnet,Tiny,Standard,62,98,Era / Renaissance Era; Functions / Worn Items / Jewellery; Functions / Worn Items / Jewellery / Belt Ornaments; Market / Jewellery / Standard Jewellery; Culture / Renaissance / Shared / Steppe and Caravan,Holdable; Wear_Belt_Ornament; Destroyable_Misc,Jewellery and devotional work,Gemcraft,Renaissance personal adornment catalogue; culture admission Steppe and Caravan; availability Renaissance. Description is form-led and makes no unsupported devotional or mechanical claim.
renaissance_jewellery_stp_badge_437,Renaissance,Renaissance,Jewellery & devotional,personal adornment,Steppe and Caravan,badge,a shell agate badge,agate,Tiny,VeryGood,69,107,Era / Renaissance Era; Functions / Worn Items / Jewellery; Functions / Worn Items / Jewellery / Badges; Market / Jewellery / Standard Jewellery; Culture / Renaissance / Shared / Steppe and Caravan,Holdable; Wear_Badge; Destroyable_Misc,Jewellery and devotional work,Gemcraft,Renaissance personal adornment catalogue; culture admission Steppe and Caravan; availability Renaissance. Description is form-led and makes no unsupported devotional or mechanical claim.
renaissance_jewellery_stp_temple_ring_438,Renaissance,Renaissance,Jewellery & devotional,personal adornment,Steppe and Caravan,temple ring,a reed carnelian temple ring,carnelian,Tiny,Good,76,116,Era / Renaissance Era; Functions / Worn Items / Jewellery; Functions / Worn Items / Jewellery / Temple Rings; Market / Jewellery / Standard Jewellery; Culture / Renaissance / Shared / Steppe and Caravan,Holdable; Wear_Temple_Rings; Destroyable_Misc,Jewellery and devotional work,Gemcraft,Renaissance personal adornment catalogue; culture admission Steppe and Caravan; availability Renaissance. Description is form-led and makes no unsupported devotional or mechanical claim.
renaissance_jewellery_stp_torc_439,Renaissance,Renaissance,Jewellery & devotional,personal adornment,Steppe and Caravan,torc,a rosette lapis lazuli torc,lapis lazuli,Tiny,Standard,83,125,Era / Renaissance Era; Functions / Worn Items / Jewellery; Functions / Worn Items / Jewellery / Torcs; Market / Jewellery / Standard Jewellery; Culture / Renaissance / Shared / Steppe and Caravan,Holdable; Wear_Torc; Destroyable_Misc,Jewellery and devotional work,Gemcraft,Renaissance personal adornment catalogue; culture admission Steppe and Caravan; availability Renaissance. Description is form-led and makes no unsupported devotional or mechanical claim.
renaissance_jewellery_stp_wreath_440,Renaissance,Renaissance,Jewellery & devotional,personal adornment,Steppe and Caravan,wreath,a checker turquoise wreath,turquoise,Tiny,Poor,90,134,Era / Renaissance Era; Functions / Worn Items / Jewellery; Functions / Worn Items / Jewellery / Wreaths; Market / Jewellery / Standard Jewellery; Culture / Renaissance / Shared / Steppe and Caravan,Holdable; Wear_Wreath; Destroyable_Misc,Jewellery and devotional work,Gemcraft,Renaissance personal adornment catalogue; culture admission Steppe and Caravan; availability Renaissance. Description is form-led and makes no unsupported devotional or mechanical claim.
renaissance_jewellery_stp_prayer_beads_441,Renaissance,Renaissance,Jewellery & devotional,personal devotional,Steppe and Caravan,prayer bead strand,a braided jade prayer bead strand,jade,Tiny,Standard,20,143,Era / Renaissance Era; Functions / Worn Items / Jewellery; Functions / Worn Items / Jewellery / Bead Strings; Market / Jewellery / Standard Jewellery; Functions / Household Items / Household Religious Items; Market / Religious Goods / Devotional Goods; Culture / Renaissance / Shared / Steppe and Caravan,Holdable; Wear_Necklace; Destroyable_Misc,Jewellery and devotional work,Gemcraft,Renaissance personal devotional catalogue; culture admission Steppe and Caravan; availability Renaissance. Description is form-led and makes no unsupported devotional or mechanical claim.
renaissance_jewellery_stp_devotional_medal_442,Renaissance,Renaissance,Jewellery & devotional,personal devotional,Steppe and Caravan,devotional medal,a radiating quartz devotional medal,quartz,Tiny,Good,27,152,Era / Renaissance Era; Functions / Worn Items / Jewellery; Functions / Worn Items / Jewellery / Pendants; Market / Jewellery / Standard Jewellery; Functions / Household Items / Household Religious Items; Market / Religious Goods / Devotional Goods; Culture / Renaissance / Shared / Steppe and Caravan,Holdable; Wear_Necklace; Destroyable_Misc,Jewellery and devotional work,Gemcraft,Renaissance personal devotional catalogue; culture admission Steppe and Caravan; availability Renaissance. Description is form-led and makes no unsupported devotional or mechanical claim.
renaissance_jewellery_stp_devotional_badge_443,Renaissance,Renaissance,Jewellery & devotional,personal devotional,Steppe and Caravan,devotional badge,a leaf-scroll faience devotional badge,faience,Tiny,Good,34,8,Era / Renaissance Era; Functions / Worn Items / Jewellery; Functions / Worn Items / Jewellery / Badges; Market / Jewellery / Standard Jewellery; Functions / Household Items / Household Religious Items; Market / Religious Goods / Devotional Goods; Culture / Renaissance / Shared / Steppe and Caravan,Holdable; Wear_Badge; Destroyable_Glassware,Jewellery and devotional work,Glassworking,Renaissance personal devotional catalogue; culture admission Steppe and Caravan; availability Renaissance. Description is form-led and makes no unsupported devotional or mechanical claim.
renaissance_jewellery_stp_prayer_cord_444,Renaissance,Renaissance,Jewellery & devotional,personal devotional,Steppe and Caravan,prayer cord,a sunburst linen prayer cord,linen,Tiny,Standard,41,17,Era / Renaissance Era; Functions / Worn Items / Jewellery; Functions / Worn Items / Jewellery / Neck Garlands; Market / Jewellery / Standard Jewellery; Functions / Household Items / Household Religious Items; Market / Religious Goods / Devotional Goods; Culture / Renaissance / Shared / Steppe and Caravan,Holdable; Wear_Neck_Garland; Destroyable_Clothing,Jewellery and devotional work,Weaving,Renaissance personal devotional catalogue; culture admission Steppe and Caravan; availability Renaissance. Description is form-led and makes no unsupported devotional or mechanical claim.
renaissance_jewellery_stp_votive_token_445,Renaissance,Renaissance,Jewellery & devotional,institutional devotional,Steppe and Caravan,votive token,a water-wave copper votive token,copper,Small,VeryGood,48,26,Era / Renaissance Era; Functions / Household Items / Household Religious Items; Market / Religious Goods / Devotional Goods; Culture / Renaissance / Shared / Steppe and Caravan,Holdable; Destroyable_HeavyMetal,Jewellery and devotional work,Silversmithing,Renaissance institutional devotional catalogue; culture admission Steppe and Caravan; availability Renaissance. Description is form-led and makes no unsupported devotional or mechanical claim.
renaissance_jewellery_stp_scripture_box_446,Renaissance,Renaissance,Jewellery & devotional,institutional devotional,Steppe and Caravan,small scripture box,a knotted bronze small scripture box,bronze,Small,Good,55,35,Era / Renaissance Era; Functions / Household Items / Household Religious Items; Market / Religious Goods / Devotional Goods; Culture / Renaissance / Shared / Steppe and Caravan,Holdable; Destroyable_HeavyMetal,Jewellery and devotional work,Silversmithing,Renaissance institutional devotional catalogue; culture admission Steppe and Caravan; availability Renaissance. Description is form-led and makes no unsupported devotional or mechanical claim.
renaissance_jewellery_stp_offering_bowl_447,Renaissance,Renaissance,Jewellery & devotional,institutional devotional,Steppe and Caravan,offering bowl,a flower-head silver offering bowl,silver,Small,Standard,62,44,Era / Renaissance Era; Functions / Household Items / Household Religious Items; Market / Religious Goods / Devotional Goods; Culture / Renaissance / Shared / Steppe and Caravan,Holdable; Destroyable_HeavyMetal,Jewellery and devotional work,Silversmithing,Renaissance institutional devotional catalogue; culture admission Steppe and Caravan; availability Renaissance. Description is form-led and makes no unsupported devotional or mechanical claim.
renaissance_jewellery_stp_incense_holder_448,Renaissance,Renaissance,Jewellery & devotional,institutional devotional,Steppe and Caravan,incense holder,a star pewter incense holder,pewter,Small,Poor,69,53,Era / Renaissance Era; Functions / Household Items / Household Religious Items; Market / Religious Goods / Devotional Goods; Culture / Renaissance / Shared / Steppe and Caravan,Holdable; Destroyable_HeavyMetal,Jewellery and devotional work,Silversmithing,Renaissance institutional devotional catalogue; culture admission Steppe and Caravan; availability Renaissance. Description is form-led and makes no unsupported devotional or mechanical claim.
renaissance_jewellery_stp_portable_panel_449,Renaissance,Renaissance,Jewellery & devotional,institutional devotional,Steppe and Caravan,small devotional panel,a bird wood small devotional panel,wood,Small,Standard,76,62,Era / Renaissance Era; Functions / Household Items / Household Religious Items; Market / Religious Goods / Devotional Goods; Culture / Renaissance / Shared / Steppe and Caravan,Holdable; Destroyable_Misc,Jewellery and devotional work,Carpentry,Renaissance institutional devotional catalogue; culture admission Steppe and Caravan; availability Renaissance. Description is form-led and makes no unsupported devotional or mechanical claim.
renaissance_jewellery_stp_processional_ornament_450,Renaissance,Renaissance,Jewellery & devotional,institutional devotional,Steppe and Caravan,processional ornament,a vine brass processional ornament,brass,Small,Good,83,71,Era / Renaissance Era; Functions / Household Items / Household Religious Items; Market / Religious Goods / Devotional Goods; Culture / Renaissance / Shared / Steppe and Caravan,Holdable; Destroyable_HeavyMetal,Jewellery and devotional work,Silversmithing,Renaissance institutional devotional catalogue; culture admission Steppe and Caravan; availability Renaissance. Description is form-led and makes no unsupported devotional or mechanical claim.
renaissance_jewellery_aca_ring_451,Renaissance,Renaissance,Jewellery & devotional,personal adornment,African Court Atlantic,ring,a flower-head amber ring,amber,Tiny,Good,90,80,Era / Renaissance Era; Functions / Worn Items / Jewellery; Functions / Worn Items / Jewellery / Rings; Market / Jewellery / Standard Jewellery; Culture / Renaissance / Shared / African Court Atlantic,Holdable; Wear_Ring; Destroyable_Misc,Jewellery and devotional work,Gemcraft,Renaissance personal adornment catalogue; culture admission African Court Atlantic; availability Renaissance. Description is form-led and makes no unsupported devotional or mechanical claim.
renaissance_jewellery_aca_signet_ring_452,Renaissance,Renaissance,Jewellery & devotional,personal adornment,African Court Atlantic,ring,a star coral ring,coral,Tiny,VeryGood,20,89,Era / Renaissance Era; Functions / Worn Items / Jewellery; Functions / Worn Items / Jewellery / Rings; Market / Jewellery / Standard Jewellery; Culture / Renaissance / Shared / African Court Atlantic,Holdable; Wear_Ring; Destroyable_Misc,Jewellery and devotional work,Scrimshawing,Renaissance personal adornment catalogue; culture admission African Court Atlantic; availability Renaissance. Description is form-led and makes no unsupported devotional or mechanical claim.
renaissance_jewellery_aca_pendant_453,Renaissance,Renaissance,Jewellery & devotional,personal adornment,African Court Atlantic,pendant,a bird garnet pendant,garnet,Tiny,VeryGood,27,98,Era / Renaissance Era; Functions / Worn Items / Jewellery; Functions / Worn Items / Jewellery / Pendants; Market / Jewellery / Standard Jewellery; Culture / Renaissance / Shared / African Court Atlantic,Holdable; Wear_Necklace; Destroyable_Misc,Jewellery and devotional work,Gemcraft,Renaissance personal adornment catalogue; culture admission African Court Atlantic; availability Renaissance. Description is form-led and makes no unsupported devotional or mechanical claim.
renaissance_jewellery_aca_bead_necklace_454,Renaissance,Renaissance,Jewellery & devotional,personal adornment,African Court Atlantic,necklace,a vine agate necklace,agate,Tiny,Good,34,107,Era / Renaissance Era; Functions / Worn Items / Jewellery; Functions / Worn Items / Jewellery / Bead Strings; Market / Jewellery / Standard Jewellery; Culture / Renaissance / Shared / African Court Atlantic,Holdable; Wear_Necklace; Destroyable_Misc,Jewellery and devotional work,Gemcraft,Renaissance personal adornment catalogue; culture admission African Court Atlantic; availability Renaissance. Description is form-led and makes no unsupported devotional or mechanical claim.
renaissance_jewellery_aca_chain_necklace_455,Renaissance,Renaissance,Jewellery & devotional,personal adornment,African Court Atlantic,necklace,a geometric carnelian necklace,carnelian,Tiny,Standard,41,116,Era / Renaissance Era; Functions / Worn Items / Jewellery; Functions / Worn Items / Jewellery / Necklaces; Market / Jewellery / Standard Jewellery; Culture / Renaissance / Shared / African Court Atlantic,Holdable; Wear_Necklace; Destroyable_Misc,Jewellery and devotional work,Gemcraft,Renaissance personal adornment catalogue; culture admission African Court Atlantic; availability Renaissance. Description is form-led and makes no unsupported devotional or mechanical claim.
renaissance_jewellery_aca_bracelet_456,Renaissance,Renaissance,Jewellery & devotional,personal adornment,African Court Atlantic,bracelet,a cloud lapis lazuli bracelet,lapis lazuli,Tiny,Poor,48,125,Era / Renaissance Era; Functions / Worn Items / Jewellery; Functions / Worn Items / Jewellery / Bracelets; Market / Jewellery / Standard Jewellery; Culture / Renaissance / Shared / African Court Atlantic,Holdable; Wear_Bracelet; Destroyable_Misc,Jewellery and devotional work,Gemcraft,Renaissance personal adornment catalogue; culture admission African Court Atlantic; availability Renaissance. Description is form-led and makes no unsupported devotional or mechanical claim.
renaissance_jewellery_aca_armlet_457,Renaissance,Renaissance,Jewellery & devotional,personal adornment,African Court Atlantic,armlet,a shell turquoise armlet,turquoise,Tiny,Standard,55,134,Era / Renaissance Era; Functions / Worn Items / Jewellery; Functions / Worn Items / Jewellery / Armlets; Market / Jewellery / Standard Jewellery; Culture / Renaissance / Shared / African Court Atlantic,Holdable; Wear_Armlet; Destroyable_Misc,Jewellery and devotional work,Gemcraft,Renaissance personal adornment catalogue; culture admission African Court Atlantic; availability Renaissance. Description is form-led and makes no unsupported devotional or mechanical claim.
renaissance_jewellery_aca_anklet_458,Renaissance,Renaissance,Jewellery & devotional,personal adornment,African Court Atlantic,anklet,a reed jade anklet,jade,Tiny,Good,62,143,Era / Renaissance Era; Functions / Worn Items / Jewellery; Functions / Worn Items / Jewellery / Anklets; Market / Jewellery / Standard Jewellery; Culture / Renaissance / Shared / African Court Atlantic,Holdable; Wear_Anklet; Destroyable_Misc,Jewellery and devotional work,Gemcraft,Renaissance personal adornment catalogue; culture admission African Court Atlantic; availability Renaissance. Description is form-led and makes no unsupported devotional or mechanical claim.
renaissance_jewellery_aca_earrings_459,Renaissance,Renaissance,Jewellery & devotional,personal adornment,African Court Atlantic,earrings,a rosette quartz earrings,quartz,Tiny,Good,69,152,Era / Renaissance Era; Functions / Worn Items / Jewellery; Functions / Worn Items / Jewellery / Earrings; Market / Jewellery / Standard Jewellery; Culture / Renaissance / Shared / African Court Atlantic,Holdable; Wear_Earrings; Destroyable_Misc,Jewellery and devotional work,Gemcraft,Renaissance personal adornment catalogue; culture admission African Court Atlantic; availability Renaissance. Description is form-led and makes no unsupported devotional or mechanical claim.
renaissance_jewellery_aca_brooch_460,Renaissance,Renaissance,Jewellery & devotional,personal adornment,African Court Atlantic,brooch,a checker faience brooch,faience,Tiny,Standard,76,8,Era / Renaissance Era; Functions / Worn Items / Jewellery; Functions / Worn Items / Jewellery / Brooches; Market / Jewellery / Standard Jewellery; Culture / Renaissance / Shared / African Court Atlantic,Holdable; Wear_Brooch; Destroyable_Glassware,Jewellery and devotional work,Glassworking,Renaissance personal adornment catalogue; culture admission African Court Atlantic; availability Renaissance. Description is form-led and makes no unsupported devotional or mechanical claim.
renaissance_jewellery_aca_pin_461,Renaissance,Renaissance,Jewellery & devotional,personal adornment,African Court Atlantic,pin,a braided pewter pin,pewter,Tiny,VeryGood,83,17,Era / Renaissance Era; Functions / Worn Items / Jewellery; Functions / Worn Items / Jewellery / Pins; Market / Jewellery / Standard Jewellery; Culture / Renaissance / Shared / African Court Atlantic,Holdable; Wear_Pin; Destroyable_HeavyMetal,Jewellery and devotional work,Silversmithing,Renaissance personal adornment catalogue; culture admission African Court Atlantic; availability Renaissance. Description is form-led and makes no unsupported devotional or mechanical claim.
renaissance_jewellery_aca_hairpin_462,Renaissance,Renaissance,Jewellery & devotional,personal adornment,African Court Atlantic,hairpin,a radiating copper hairpin,copper,Tiny,Good,90,26,Era / Renaissance Era; Functions / Worn Items / Jewellery; Functions / Worn Items / Jewellery / Hair Ornaments; Market / Jewellery / Standard Jewellery; Culture / Renaissance / Shared / African Court Atlantic,Holdable; Wear_Hairpin; Destroyable_HeavyMetal,Jewellery and devotional work,Silversmithing,Renaissance personal adornment catalogue; culture admission African Court Atlantic; availability Renaissance. Description is form-led and makes no unsupported devotional or mechanical claim.
renaissance_jewellery_aca_circlet_463,Renaissance,Renaissance,Jewellery & devotional,personal adornment,African Court Atlantic,circlet,a leaf-scroll bronze circlet,bronze,Tiny,Standard,20,35,Era / Renaissance Era; Functions / Worn Items / Jewellery; Functions / Worn Items / Jewellery / Circlets; Market / Jewellery / Standard Jewellery; Culture / Renaissance / Shared / African Court Atlantic,Holdable; Wear_Circlet; Destroyable_HeavyMetal,Jewellery and devotional work,Silversmithing,Renaissance personal adornment catalogue; culture admission African Court Atlantic; availability Renaissance. Description is form-led and makes no unsupported devotional or mechanical claim.
renaissance_jewellery_aca_diadem_464,Renaissance,Renaissance,Jewellery & devotional,personal adornment,African Court Atlantic,diadem,a sunburst silver diadem,silver,Tiny,Poor,27,44,Era / Renaissance Era; Functions / Worn Items / Jewellery; Functions / Worn Items / Jewellery / Diadems; Market / Jewellery / Standard Jewellery; Culture / Renaissance / Shared / African Court Atlantic,Holdable; Wear_Diadem; Destroyable_HeavyMetal,Jewellery and devotional work,Silversmithing,Renaissance personal adornment catalogue; culture admission African Court Atlantic; availability Renaissance. Description is form-led and makes no unsupported devotional or mechanical claim.
renaissance_jewellery_aca_waist_chain_465,Renaissance,Renaissance,Jewellery & devotional,personal adornment,African Court Atlantic,waist chain,a water-wave gold waist chain,gold,Tiny,Standard,34,53,Era / Renaissance Era; Functions / Worn Items / Jewellery; Functions / Worn Items / Jewellery / Waist Chains; Market / Jewellery / Standard Jewellery; Culture / Renaissance / Shared / African Court Atlantic,Holdable; Wear_Waist_Chain; Destroyable_HeavyMetal,Jewellery and devotional work,Silversmithing,Renaissance personal adornment catalogue; culture admission African Court Atlantic; availability Renaissance. Description is form-led and makes no unsupported devotional or mechanical claim.
renaissance_jewellery_aca_belt_ornament_466,Renaissance,Renaissance,Jewellery & devotional,personal adornment,African Court Atlantic,belt ornament,a knotted brass belt ornament,brass,Tiny,Good,41,62,Era / Renaissance Era; Functions / Worn Items / Jewellery; Functions / Worn Items / Jewellery / Belt Ornaments; Market / Jewellery / Standard Jewellery; Culture / Renaissance / Shared / African Court Atlantic,Holdable; Wear_Belt_Ornament; Destroyable_HeavyMetal,Jewellery and devotional work,Silversmithing,Renaissance personal adornment catalogue; culture admission African Court Atlantic; availability Renaissance. Description is form-led and makes no unsupported devotional or mechanical claim.
renaissance_jewellery_aca_badge_467,Renaissance,Renaissance,Jewellery & devotional,personal adornment,African Court Atlantic,badge,a flower-head glass badge,glass,Tiny,Good,48,71,Era / Renaissance Era; Functions / Worn Items / Jewellery; Functions / Worn Items / Jewellery / Badges; Market / Jewellery / Standard Jewellery; Culture / Renaissance / Shared / African Court Atlantic,Holdable; Wear_Badge; Destroyable_Glassware,Jewellery and devotional work,Glassworking,Renaissance personal adornment catalogue; culture admission African Court Atlantic; availability Renaissance. Description is form-led and makes no unsupported devotional or mechanical claim.
renaissance_jewellery_aca_temple_ring_468,Renaissance,Renaissance,Jewellery & devotional,personal adornment,African Court Atlantic,temple ring,a star bone temple ring,bone,Tiny,Standard,55,80,Era / Renaissance Era; Functions / Worn Items / Jewellery; Functions / Worn Items / Jewellery / Temple Rings; Market / Jewellery / Standard Jewellery; Culture / Renaissance / Shared / African Court Atlantic,Holdable; Wear_Temple_Rings; Destroyable_Misc,Jewellery and devotional work,Scrimshawing,Renaissance personal adornment catalogue; culture admission African Court Atlantic; availability Renaissance. Description is form-led and makes no unsupported devotional or mechanical claim.
renaissance_jewellery_aca_torc_469,Renaissance,Renaissance,Jewellery & devotional,personal adornment,African Court Atlantic,torc,a bird shell torc,shell,Tiny,VeryGood,62,89,Era / Renaissance Era; Functions / Worn Items / Jewellery; Functions / Worn Items / Jewellery / Torcs; Market / Jewellery / Standard Jewellery; Culture / Renaissance / Shared / African Court Atlantic,Holdable; Wear_Torc; Destroyable_Misc,Jewellery and devotional work,Scrimshawing,Renaissance personal adornment catalogue; culture admission African Court Atlantic; availability Renaissance. Description is form-led and makes no unsupported devotional or mechanical claim.
renaissance_jewellery_aca_wreath_470,Renaissance,Renaissance,Jewellery & devotional,personal adornment,African Court Atlantic,wreath,a vine ivory wreath,ivory,Tiny,Good,69,98,Era / Renaissance Era; Functions / Worn Items / Jewellery; Functions / Worn Items / Jewellery / Wreaths; Market / Jewellery / Standard Jewellery; Culture / Renaissance / Shared / African Court Atlantic,Holdable; Wear_Wreath; Destroyable_Misc,Jewellery and devotional work,Scrimshawing,Renaissance personal adornment catalogue; culture admission African Court Atlantic; availability Renaissance. Description is form-led and makes no unsupported devotional or mechanical claim.
renaissance_jewellery_aca_prayer_beads_471,Renaissance,Renaissance,Jewellery & devotional,personal devotional,African Court Atlantic,prayer bead strand,a geometric pearl prayer bead strand,pearl,Tiny,Standard,76,107,Era / Renaissance Era; Functions / Worn Items / Jewellery; Functions / Worn Items / Jewellery / Bead Strings; Market / Jewellery / Standard Jewellery; Functions / Household Items / Household Religious Items; Market / Religious Goods / Devotional Goods; Culture / Renaissance / Shared / African Court Atlantic,Holdable; Wear_Necklace; Destroyable_Misc,Jewellery and devotional work,Gemcraft,Renaissance personal devotional catalogue; culture admission African Court Atlantic; availability Renaissance. Description is form-led and makes no unsupported devotional or mechanical claim.
renaissance_jewellery_aca_devotional_medal_472,Renaissance,Renaissance,Jewellery & devotional,personal devotional,African Court Atlantic,devotional medal,a cloud amber devotional medal,amber,Tiny,Poor,83,116,Era / Renaissance Era; Functions / Worn Items / Jewellery; Functions / Worn Items / Jewellery / Pendants; Market / Jewellery / Standard Jewellery; Functions / Household Items / Household Religious Items; Market / Religious Goods / Devotional Goods; Culture / Renaissance / Shared / African Court Atlantic,Holdable; Wear_Necklace; Destroyable_Misc,Jewellery and devotional work,Gemcraft,Renaissance personal devotional catalogue; culture admission African Court Atlantic; availability Renaissance. Description is form-led and makes no unsupported devotional or mechanical claim.
renaissance_jewellery_aca_devotional_badge_473,Renaissance,Renaissance,Jewellery & devotional,personal devotional,African Court Atlantic,devotional badge,a shell coral devotional badge,coral,Tiny,Standard,90,125,Era / Renaissance Era; Functions / Worn Items / Jewellery; Functions / Worn Items / Jewellery / Badges; Market / Jewellery / Standard Jewellery; Functions / Household Items / Household Religious Items; Market / Religious Goods / Devotional Goods; Culture / Renaissance / Shared / African Court Atlantic,Holdable; Wear_Badge; Destroyable_Misc,Jewellery and devotional work,Scrimshawing,Renaissance personal devotional catalogue; culture admission African Court Atlantic; availability Renaissance. Description is form-led and makes no unsupported devotional or mechanical claim.
renaissance_jewellery_aca_prayer_cord_474,Renaissance,Renaissance,Jewellery & devotional,personal devotional,African Court Atlantic,prayer cord,a reed linen prayer cord,linen,Tiny,Good,20,134,Era / Renaissance Era; Functions / Worn Items / Jewellery; Functions / Worn Items / Jewellery / Neck Garlands; Market / Jewellery / Standard Jewellery; Functions / Household Items / Household Religious Items; Market / Religious Goods / Devotional Goods; Culture / Renaissance / Shared / African Court Atlantic,Holdable; Wear_Neck_Garland; Destroyable_Clothing,Jewellery and devotional work,Weaving,Renaissance personal devotional catalogue; culture admission African Court Atlantic; availability Renaissance. Description is form-led and makes no unsupported devotional or mechanical claim.
renaissance_jewellery_aca_votive_token_475,Renaissance,Renaissance,Jewellery & devotional,institutional devotional,African Court Atlantic,votive token,a rosette agate votive token,agate,Small,Good,27,143,Era / Renaissance Era; Functions / Household Items / Household Religious Items; Market / Religious Goods / Devotional Goods; Culture / Renaissance / Shared / African Court Atlantic,Holdable; Destroyable_Misc,Jewellery and devotional work,Gemcraft,Renaissance institutional devotional catalogue; culture admission African Court Atlantic; availability Renaissance. Description is form-led and makes no unsupported devotional or mechanical claim.
renaissance_jewellery_aca_scripture_box_476,Renaissance,Renaissance,Jewellery & devotional,institutional devotional,African Court Atlantic,small scripture box,a checker carnelian small scripture box,carnelian,Small,Standard,34,152,Era / Renaissance Era; Functions / Household Items / Household Religious Items; Market / Religious Goods / Devotional Goods; Culture / Renaissance / Shared / African Court Atlantic,Holdable; Destroyable_Misc,Jewellery and devotional work,Gemcraft,Renaissance institutional devotional catalogue; culture admission African Court Atlantic; availability Renaissance. Description is form-led and makes no unsupported devotional or mechanical claim.
renaissance_jewellery_aca_offering_bowl_477,Renaissance,Renaissance,Jewellery & devotional,institutional devotional,African Court Atlantic,offering bowl,a braided bronze offering bowl,bronze,Small,VeryGood,41,8,Era / Renaissance Era; Functions / Household Items / Household Religious Items; Market / Religious Goods / Devotional Goods; Culture / Renaissance / Shared / African Court Atlantic,Holdable; Destroyable_HeavyMetal,Jewellery and devotional work,Silversmithing,Renaissance institutional devotional catalogue; culture admission African Court Atlantic; availability Renaissance. Description is form-led and makes no unsupported devotional or mechanical claim.
renaissance_jewellery_aca_incense_holder_478,Renaissance,Renaissance,Jewellery & devotional,institutional devotional,African Court Atlantic,incense holder,a radiating brass incense holder,brass,Small,Good,48,17,Era / Renaissance Era; Functions / Household Items / Household Religious Items; Market / Religious Goods / Devotional Goods; Culture / Renaissance / Shared / African Court Atlantic,Holdable; Destroyable_HeavyMetal,Jewellery and devotional work,Silversmithing,Renaissance institutional devotional catalogue; culture admission African Court Atlantic; availability Renaissance. Description is form-led and makes no unsupported devotional or mechanical claim.
renaissance_jewellery_aca_portable_panel_479,Renaissance,Renaissance,Jewellery & devotional,institutional devotional,African Court Atlantic,small devotional panel,a leaf-scroll wood small devotional panel,wood,Small,Standard,55,26,Era / Renaissance Era; Functions / Household Items / Household Religious Items; Market / Religious Goods / Devotional Goods; Culture / Renaissance / Shared / African Court Atlantic,Holdable; Destroyable_Misc,Jewellery and devotional work,Carpentry,Renaissance institutional devotional catalogue; culture admission African Court Atlantic; availability Renaissance. Description is form-led and makes no unsupported devotional or mechanical claim.
renaissance_jewellery_aca_processional_ornament_480,Renaissance,Renaissance,Jewellery & devotional,institutional devotional,African Court Atlantic,processional ornament,a sunburst pewter processional ornament,pewter,Small,Poor,62,35,Era / Renaissance Era; Functions / Household Items / Household Religious Items; Market / Religious Goods / Devotional Goods; Culture / Renaissance / Shared / African Court Atlantic,Holdable; Destroyable_HeavyMetal,Jewellery and devotional work,Silversmithing,Renaissance institutional devotional catalogue; culture admission African Court Atlantic; availability Renaissance. Description is form-led and makes no unsupported devotional or mechanical claim.
renaissance_jewellery_sai_ring_481,Renaissance,Renaissance,Jewellery & devotional,personal adornment,Sahelian Islamic,ring,a leaf-scroll agate ring,agate,Tiny,Standard,69,44,Era / Renaissance Era; Functions / Worn Items / Jewellery; Functions / Worn Items / Jewellery / Rings; Market / Jewellery / Standard Jewellery; Culture / Renaissance / Shared / Sahelian Islamic,Holdable; Wear_Ring; Destroyable_Misc,Jewellery and devotional work,Gemcraft,Renaissance personal adornment catalogue; culture admission Sahelian Islamic; availability Renaissance. Description is form-led and makes no unsupported devotional or mechanical claim.
renaissance_jewellery_sai_signet_ring_482,Renaissance,Renaissance,Jewellery & devotional,personal adornment,Sahelian Islamic,ring,a sunburst carnelian ring,carnelian,Tiny,VeryGood,76,53,Era / Renaissance Era; Functions / Worn Items / Jewellery; Functions / Worn Items / Jewellery / Rings; Market / Jewellery / Standard Jewellery; Culture / Renaissance / Shared / Sahelian Islamic,Holdable; Wear_Ring; Destroyable_Misc,Jewellery and devotional work,Gemcraft,Renaissance personal adornment catalogue; culture admission Sahelian Islamic; availability Renaissance. Description is form-led and makes no unsupported devotional or mechanical claim.
renaissance_jewellery_sai_pendant_483,Renaissance,Renaissance,Jewellery & devotional,personal adornment,Sahelian Islamic,pendant,a water-wave lapis lazuli pendant,lapis lazuli,Tiny,Good,83,62,Era / Renaissance Era; Functions / Worn Items / Jewellery; Functions / Worn Items / Jewellery / Pendants; Market / Jewellery / Standard Jewellery; Culture / Renaissance / Shared / Sahelian Islamic,Holdable; Wear_Necklace; Destroyable_Misc,Jewellery and devotional work,Gemcraft,Renaissance personal adornment catalogue; culture admission Sahelian Islamic; availability Renaissance. Description is form-led and makes no unsupported devotional or mechanical claim.
renaissance_jewellery_sai_bead_necklace_484,Renaissance,Renaissance,Jewellery & devotional,personal adornment,Sahelian Islamic,necklace,a knotted turquoise necklace,turquoise,Tiny,Standard,90,71,Era / Renaissance Era; Functions / Worn Items / Jewellery; Functions / Worn Items / Jewellery / Bead Strings; Market / Jewellery / Standard Jewellery; Culture / Renaissance / Shared / Sahelian Islamic,Holdable; Wear_Necklace; Destroyable_Misc,Jewellery and devotional work,Gemcraft,Renaissance personal adornment catalogue; culture admission Sahelian Islamic; availability Renaissance. Description is form-led and makes no unsupported devotional or mechanical claim.
renaissance_jewellery_sai_chain_necklace_485,Renaissance,Renaissance,Jewellery & devotional,personal adornment,Sahelian Islamic,necklace,a flower-head jade necklace,jade,Tiny,VeryGood,20,80,Era / Renaissance Era; Functions / Worn Items / Jewellery; Functions / Worn Items / Jewellery / Necklaces; Market / Jewellery / Standard Jewellery; Culture / Renaissance / Shared / Sahelian Islamic,Holdable; Wear_Necklace; Destroyable_Misc,Jewellery and devotional work,Gemcraft,Renaissance personal adornment catalogue; culture admission Sahelian Islamic; availability Renaissance. Description is form-led and makes no unsupported devotional or mechanical claim.
renaissance_jewellery_sai_bracelet_486,Renaissance,Renaissance,Jewellery & devotional,personal adornment,Sahelian Islamic,bracelet,a star quartz bracelet,quartz,Tiny,Good,27,89,Era / Renaissance Era; Functions / Worn Items / Jewellery; Functions / Worn Items / Jewellery / Bracelets; Market / Jewellery / Standard Jewellery; Culture / Renaissance / Shared / Sahelian Islamic,Holdable; Wear_Bracelet; Destroyable_Misc,Jewellery and devotional work,Gemcraft,Renaissance personal adornment catalogue; culture admission Sahelian Islamic; availability Renaissance. Description is form-led and makes no unsupported devotional or mechanical claim.
renaissance_jewellery_sai_armlet_487,Renaissance,Renaissance,Jewellery & devotional,personal adornment,Sahelian Islamic,armlet,a bird faience armlet,faience,Tiny,Standard,34,98,Era / Renaissance Era; Functions / Worn Items / Jewellery; Functions / Worn Items / Jewellery / Armlets; Market / Jewellery / Standard Jewellery; Culture / Renaissance / Shared / Sahelian Islamic,Holdable; Wear_Armlet; Destroyable_Glassware,Jewellery and devotional work,Glassworking,Renaissance personal adornment catalogue; culture admission Sahelian Islamic; availability Renaissance. Description is form-led and makes no unsupported devotional or mechanical claim.
renaissance_jewellery_sai_anklet_488,Renaissance,Renaissance,Jewellery & devotional,personal adornment,Sahelian Islamic,anklet,a vine pewter anklet,pewter,Tiny,Poor,41,107,Era / Renaissance Era; Functions / Worn Items / Jewellery; Functions / Worn Items / Jewellery / Anklets; Market / Jewellery / Standard Jewellery; Culture / Renaissance / Shared / Sahelian Islamic,Holdable; Wear_Anklet; Destroyable_HeavyMetal,Jewellery and devotional work,Silversmithing,Renaissance personal adornment catalogue; culture admission Sahelian Islamic; availability Renaissance. Description is form-led and makes no unsupported devotional or mechanical claim.
renaissance_jewellery_sai_earrings_489,Renaissance,Renaissance,Jewellery & devotional,personal adornment,Sahelian Islamic,earrings,a geometric copper earrings,copper,Tiny,Standard,48,116,Era / Renaissance Era; Functions / Worn Items / Jewellery; Functions / Worn Items / Jewellery / Earrings; Market / Jewellery / Standard Jewellery; Culture / Renaissance / Shared / Sahelian Islamic,Holdable; Wear_Earrings; Destroyable_HeavyMetal,Jewellery and devotional work,Silversmithing,Renaissance personal adornment catalogue; culture admission Sahelian Islamic; availability Renaissance. Description is form-led and makes no unsupported devotional or mechanical claim.
renaissance_jewellery_sai_brooch_490,Renaissance,Renaissance,Jewellery & devotional,personal adornment,Sahelian Islamic,brooch,a cloud bronze brooch,bronze,Tiny,Good,55,125,Era / Renaissance Era; Functions / Worn Items / Jewellery; Functions / Worn Items / Jewellery / Brooches; Market / Jewellery / Standard Jewellery; Culture / Renaissance / Shared / Sahelian Islamic,Holdable; Wear_Brooch; Destroyable_HeavyMetal,Jewellery and devotional work,Silversmithing,Renaissance personal adornment catalogue; culture admission Sahelian Islamic; availability Renaissance. Description is form-led and makes no unsupported devotional or mechanical claim.
renaissance_jewellery_sai_pin_491,Renaissance,Renaissance,Jewellery & devotional,personal adornment,Sahelian Islamic,pin,a shell silver pin,silver,Tiny,Good,62,134,Era / Renaissance Era; Functions / Worn Items / Jewellery; Functions / Worn Items / Jewellery / Pins; Market / Jewellery / Standard Jewellery; Culture / Renaissance / Shared / Sahelian Islamic,Holdable; Wear_Pin; Destroyable_HeavyMetal,Jewellery and devotional work,Silversmithing,Renaissance personal adornment catalogue; culture admission Sahelian Islamic; availability Renaissance. Description is form-led and makes no unsupported devotional or mechanical claim.
renaissance_jewellery_sai_hairpin_492,Renaissance,Renaissance,Jewellery & devotional,personal adornment,Sahelian Islamic,hairpin,a reed gold hairpin,gold,Tiny,Standard,69,143,Era / Renaissance Era; Functions / Worn Items / Jewellery; Functions / Worn Items / Jewellery / Hair Ornaments; Market / Jewellery / Standard Jewellery; Culture / Renaissance / Shared / Sahelian Islamic,Holdable; Wear_Hairpin; Destroyable_HeavyMetal,Jewellery and devotional work,Silversmithing,Renaissance personal adornment catalogue; culture admission Sahelian Islamic; availability Renaissance. Description is form-led and makes no unsupported devotional or mechanical claim.
renaissance_jewellery_sai_circlet_493,Renaissance,Renaissance,Jewellery & devotional,personal adornment,Sahelian Islamic,circlet,a rosette brass circlet,brass,Tiny,VeryGood,76,152,Era / Renaissance Era; Functions / Worn Items / Jewellery; Functions / Worn Items / Jewellery / Circlets; Market / Jewellery / Standard Jewellery; Culture / Renaissance / Shared / Sahelian Islamic,Holdable; Wear_Circlet; Destroyable_HeavyMetal,Jewellery and devotional work,Silversmithing,Renaissance personal adornment catalogue; culture admission Sahelian Islamic; availability Renaissance. Description is form-led and makes no unsupported devotional or mechanical claim.
renaissance_jewellery_sai_diadem_494,Renaissance,Renaissance,Jewellery & devotional,personal adornment,Sahelian Islamic,diadem,a checker glass diadem,glass,Tiny,Good,83,8,Era / Renaissance Era; Functions / Worn Items / Jewellery; Functions / Worn Items / Jewellery / Diadems; Market / Jewellery / Standard Jewellery; Culture / Renaissance / Shared / Sahelian Islamic,Holdable; Wear_Diadem; Destroyable_Glassware,Jewellery and devotional work,Glassworking,Renaissance personal adornment catalogue; culture admission Sahelian Islamic; availability Renaissance. Description is form-led and makes no unsupported devotional or mechanical claim.
renaissance_jewellery_sai_waist_chain_495,Renaissance,Renaissance,Jewellery & devotional,personal adornment,Sahelian Islamic,waist chain,a braided bone waist chain,bone,Tiny,Standard,90,17,Era / Renaissance Era; Functions / Worn Items / Jewellery; Functions / Worn Items / Jewellery / Waist Chains; Market / Jewellery / Standard Jewellery; Culture / Renaissance / Shared / Sahelian Islamic,Holdable; Wear_Waist_Chain; Destroyable_Misc,Jewellery and devotional work,Scrimshawing,Renaissance personal adornment catalogue; culture admission Sahelian Islamic; availability Renaissance. Description is form-led and makes no unsupported devotional or mechanical claim.
renaissance_jewellery_sai_belt_ornament_496,Renaissance,Renaissance,Jewellery & devotional,personal adornment,Sahelian Islamic,belt ornament,a radiating shell belt ornament,shell,Tiny,Poor,20,26,Era / Renaissance Era; Functions / Worn Items / Jewellery; Functions / Worn Items / Jewellery / Belt Ornaments; Market / Jewellery / Standard Jewellery; Culture / Renaissance / Shared / Sahelian Islamic,Holdable; Wear_Belt_Ornament; Destroyable_Misc,Jewellery and devotional work,Scrimshawing,Renaissance personal adornment catalogue; culture admission Sahelian Islamic; availability Renaissance. Description is form-led and makes no unsupported devotional or mechanical claim.
renaissance_jewellery_sai_badge_497,Renaissance,Renaissance,Jewellery & devotional,personal adornment,Sahelian Islamic,badge,a leaf-scroll ivory badge,ivory,Tiny,Standard,27,35,Era / Renaissance Era; Functions / Worn Items / Jewellery; Functions / Worn Items / Jewellery / Badges; Market / Jewellery / Standard Jewellery; Culture / Renaissance / Shared / Sahelian Islamic,Holdable; Wear_Badge; Destroyable_Misc,Jewellery and devotional work,Scrimshawing,Renaissance personal adornment catalogue; culture admission Sahelian Islamic; availability Renaissance. Description is form-led and makes no unsupported devotional or mechanical claim.
renaissance_jewellery_sai_temple_ring_498,Renaissance,Renaissance,Jewellery & devotional,personal adornment,Sahelian Islamic,temple ring,a sunburst pearl temple ring,pearl,Tiny,Good,34,44,Era / Renaissance Era; Functions / Worn Items / Jewellery; Functions / Worn Items / Jewellery / Temple Rings; Market / Jewellery / Standard Jewellery; Culture / Renaissance / Shared / Sahelian Islamic,Holdable; Wear_Temple_Rings; Destroyable_Misc,Jewellery and devotional work,Gemcraft,Renaissance personal adornment catalogue; culture admission Sahelian Islamic; availability Renaissance. Description is form-led and makes no unsupported devotional or mechanical claim.
renaissance_jewellery_sai_torc_499,Renaissance,Renaissance,Jewellery & devotional,personal adornment,Sahelian Islamic,torc,a water-wave amber torc,amber,Tiny,Good,41,53,Era / Renaissance Era; Functions / Worn Items / Jewellery; Functions / Worn Items / Jewellery / Torcs; Market / Jewellery / Standard Jewellery; Culture / Renaissance / Shared / Sahelian Islamic,Holdable; Wear_Torc; Destroyable_Misc,Jewellery and devotional work,Gemcraft,Renaissance personal adornment catalogue; culture admission Sahelian Islamic; availability Renaissance. Description is form-led and makes no unsupported devotional or mechanical claim.
renaissance_jewellery_sai_wreath_500,Renaissance,Renaissance,Jewellery & devotional,personal adornment,Sahelian Islamic,wreath,a knotted coral wreath,coral,Tiny,Standard,48,62,Era / Renaissance Era; Functions / Worn Items / Jewellery; Functions / Worn Items / Jewellery / Wreaths; Market / Jewellery / Standard Jewellery; Culture / Renaissance / Shared / Sahelian Islamic,Holdable; Wear_Wreath; Destroyable_Misc,Jewellery and devotional work,Scrimshawing,Renaissance personal adornment catalogue; culture admission Sahelian Islamic; availability Renaissance. Description is form-led and makes no unsupported devotional or mechanical claim.
renaissance_jewellery_sai_prayer_beads_501,Renaissance,Renaissance,Jewellery & devotional,personal devotional,Sahelian Islamic,prayer bead strand,a flower-head garnet prayer bead strand,garnet,Tiny,VeryGood,55,71,Era / Renaissance Era; Functions / Worn Items / Jewellery; Functions / Worn Items / Jewellery / Bead Strings; Market / Jewellery / Standard Jewellery; Functions / Household Items / Household Religious Items; Market / Religious Goods / Devotional Goods; Culture / Renaissance / Shared / Sahelian Islamic,Holdable; Wear_Necklace; Destroyable_Misc,Jewellery and devotional work,Gemcraft,Renaissance personal devotional catalogue; culture admission Sahelian Islamic; availability Renaissance. Description is form-led and makes no unsupported devotional or mechanical claim.
renaissance_jewellery_sai_devotional_medal_502,Renaissance,Renaissance,Jewellery & devotional,personal devotional,Sahelian Islamic,devotional medal,a star agate devotional medal,agate,Tiny,Good,62,80,Era / Renaissance Era; Functions / Worn Items / Jewellery; Functions / Worn Items / Jewellery / Pendants; Market / Jewellery / Standard Jewellery; Functions / Household Items / Household Religious Items; Market / Religious Goods / Devotional Goods; Culture / Renaissance / Shared / Sahelian Islamic,Holdable; Wear_Necklace; Destroyable_Misc,Jewellery and devotional work,Gemcraft,Renaissance personal devotional catalogue; culture admission Sahelian Islamic; availability Renaissance. Description is form-led and makes no unsupported devotional or mechanical claim.
renaissance_jewellery_sai_devotional_badge_503,Renaissance,Renaissance,Jewellery & devotional,personal devotional,Sahelian Islamic,devotional badge,a bird carnelian devotional badge,carnelian,Tiny,Standard,69,89,Era / Renaissance Era; Functions / Worn Items / Jewellery; Functions / Worn Items / Jewellery / Badges; Market / Jewellery / Standard Jewellery; Functions / Household Items / Household Religious Items; Market / Religious Goods / Devotional Goods; Culture / Renaissance / Shared / Sahelian Islamic,Holdable; Wear_Badge; Destroyable_Misc,Jewellery and devotional work,Gemcraft,Renaissance personal devotional catalogue; culture admission Sahelian Islamic; availability Renaissance. Description is form-led and makes no unsupported devotional or mechanical claim.
renaissance_jewellery_sai_prayer_cord_504,Renaissance,Renaissance,Jewellery & devotional,personal devotional,Sahelian Islamic,prayer cord,a vine linen prayer cord,linen,Tiny,Poor,76,98,Era / Renaissance Era; Functions / Worn Items / Jewellery; Functions / Worn Items / Jewellery / Neck Garlands; Market / Jewellery / Standard Jewellery; Functions / Household Items / Household Religious Items; Market / Religious Goods / Devotional Goods; Culture / Renaissance / Shared / Sahelian Islamic,Holdable; Wear_Neck_Garland; Destroyable_Clothing,Jewellery and devotional work,Weaving,Renaissance personal devotional catalogue; culture admission Sahelian Islamic; availability Renaissance. Description is form-led and makes no unsupported devotional or mechanical claim.
renaissance_jewellery_sai_votive_token_505,Renaissance,Renaissance,Jewellery & devotional,institutional devotional,Sahelian Islamic,votive token,a geometric turquoise votive token,turquoise,Small,Standard,83,107,Era / Renaissance Era; Functions / Household Items / Household Religious Items; Market / Religious Goods / Devotional Goods; Culture / Renaissance / Shared / Sahelian Islamic,Holdable; Destroyable_Misc,Jewellery and devotional work,Gemcraft,Renaissance institutional devotional catalogue; culture admission Sahelian Islamic; availability Renaissance. Description is form-led and makes no unsupported devotional or mechanical claim.
renaissance_jewellery_sai_scripture_box_506,Renaissance,Renaissance,Jewellery & devotional,institutional devotional,Sahelian Islamic,small scripture box,a cloud jade small scripture box,jade,Small,Good,90,116,Era / Renaissance Era; Functions / Household Items / Household Religious Items; Market / Religious Goods / Devotional Goods; Culture / Renaissance / Shared / Sahelian Islamic,Holdable; Destroyable_Misc,Jewellery and devotional work,Gemcraft,Renaissance institutional devotional catalogue; culture admission Sahelian Islamic; availability Renaissance. Description is form-led and makes no unsupported devotional or mechanical claim.
renaissance_jewellery_sai_offering_bowl_507,Renaissance,Renaissance,Jewellery & devotional,institutional devotional,Sahelian Islamic,offering bowl,a shell silver offering bowl,silver,Small,Good,20,125,Era / Renaissance Era; Functions / Household Items / Household Religious Items; Market / Religious Goods / Devotional Goods; Culture / Renaissance / Shared / Sahelian Islamic,Holdable; Destroyable_HeavyMetal,Jewellery and devotional work,Silversmithing,Renaissance institutional devotional catalogue; culture admission Sahelian Islamic; availability Renaissance. Description is form-led and makes no unsupported devotional or mechanical claim.
renaissance_jewellery_sai_incense_holder_508,Renaissance,Renaissance,Jewellery & devotional,institutional devotional,Sahelian Islamic,incense holder,a reed pewter incense holder,pewter,Small,Standard,27,134,Era / Renaissance Era; Functions / Household Items / Household Religious Items; Market / Religious Goods / Devotional Goods; Culture / Renaissance / Shared / Sahelian Islamic,Holdable; Destroyable_HeavyMetal,Jewellery and devotional work,Silversmithing,Renaissance institutional devotional catalogue; culture admission Sahelian Islamic; availability Renaissance. Description is form-led and makes no unsupported devotional or mechanical claim.
renaissance_jewellery_sai_portable_panel_509,Renaissance,Renaissance,Jewellery & devotional,institutional devotional,Sahelian Islamic,small devotional panel,a rosette wood small devotional panel,wood,Small,VeryGood,34,143,Era / Renaissance Era; Functions / Household Items / Household Religious Items; Market / Religious Goods / Devotional Goods; Culture / Renaissance / Shared / Sahelian Islamic,Holdable; Destroyable_Misc,Jewellery and devotional work,Carpentry,Renaissance institutional devotional catalogue; culture admission Sahelian Islamic; availability Renaissance. Description is form-led and makes no unsupported devotional or mechanical claim.
renaissance_jewellery_sai_processional_ornament_510,Renaissance,Renaissance,Jewellery & devotional,institutional devotional,Sahelian Islamic,processional ornament,a checker brass processional ornament,brass,Small,Good,41,152,Era / Renaissance Era; Functions / Household Items / Household Religious Items; Market / Religious Goods / Devotional Goods; Culture / Renaissance / Shared / Sahelian Islamic,Holdable; Destroyable_HeavyMetal,Jewellery and devotional work,Silversmithing,Renaissance institutional devotional catalogue; culture admission Sahelian Islamic; availability Renaissance. Description is form-led and makes no unsupported devotional or mechanical claim.
renaissance_jewellery_rse_ring_511,Renaissance,Renaissance,Jewellery & devotional,personal adornment,Red Sea,ring,a knotted agate ring,agate,Tiny,Standard,48,8,Era / Renaissance Era; Functions / Worn Items / Jewellery; Functions / Worn Items / Jewellery / Rings; Market / Jewellery / Standard Jewellery; Culture / Renaissance / Shared / Red Sea,Holdable; Wear_Ring; Destroyable_Misc,Jewellery and devotional work,Gemcraft,Renaissance personal adornment catalogue; culture admission Red Sea; availability Renaissance. Description is form-led and makes no unsupported devotional or mechanical claim.
renaissance_jewellery_rse_signet_ring_512,Renaissance,Renaissance,Jewellery & devotional,personal adornment,Red Sea,ring,a flower-head carnelian ring,carnelian,Tiny,VeryGood,55,17,Era / Renaissance Era; Functions / Worn Items / Jewellery; Functions / Worn Items / Jewellery / Rings; Market / Jewellery / Standard Jewellery; Culture / Renaissance / Shared / Red Sea,Holdable; Wear_Ring; Destroyable_Misc,Jewellery and devotional work,Gemcraft,Renaissance personal adornment catalogue; culture admission Red Sea; availability Renaissance. Description is form-led and makes no unsupported devotional or mechanical claim.
renaissance_jewellery_rse_pendant_513,Renaissance,Renaissance,Jewellery & devotional,personal adornment,Red Sea,pendant,a star lapis lazuli pendant,lapis lazuli,Tiny,Standard,62,26,Era / Renaissance Era; Functions / Worn Items / Jewellery; Functions / Worn Items / Jewellery / Pendants; Market / Jewellery / Standard Jewellery; Culture / Renaissance / Shared / Red Sea,Holdable; Wear_Necklace; Destroyable_Misc,Jewellery and devotional work,Gemcraft,Renaissance personal adornment catalogue; culture admission Red Sea; availability Renaissance. Description is form-led and makes no unsupported devotional or mechanical claim.
renaissance_jewellery_rse_bead_necklace_514,Renaissance,Renaissance,Jewellery & devotional,personal adornment,Red Sea,necklace,a bird turquoise necklace,turquoise,Tiny,Good,69,35,Era / Renaissance Era; Functions / Worn Items / Jewellery; Functions / Worn Items / Jewellery / Bead Strings; Market / Jewellery / Standard Jewellery; Culture / Renaissance / Shared / Red Sea,Holdable; Wear_Necklace; Destroyable_Misc,Jewellery and devotional work,Gemcraft,Renaissance personal adornment catalogue; culture admission Red Sea; availability Renaissance. Description is form-led and makes no unsupported devotional or mechanical claim.
renaissance_jewellery_rse_chain_necklace_515,Renaissance,Renaissance,Jewellery & devotional,personal adornment,Red Sea,necklace,a vine jade necklace,jade,Tiny,Good,76,44,Era / Renaissance Era; Functions / Worn Items / Jewellery; Functions / Worn Items / Jewellery / Necklaces; Market / Jewellery / Standard Jewellery; Culture / Renaissance / Shared / Red Sea,Holdable; Wear_Necklace; Destroyable_Misc,Jewellery and devotional work,Gemcraft,Renaissance personal adornment catalogue; culture admission Red Sea; availability Renaissance. Description is form-led and makes no unsupported devotional or mechanical claim.
renaissance_jewellery_rse_bracelet_516,Renaissance,Renaissance,Jewellery & devotional,personal adornment,Red Sea,bracelet,a geometric quartz bracelet,quartz,Tiny,Standard,83,53,Era / Renaissance Era; Functions / Worn Items / Jewellery; Functions / Worn Items / Jewellery / Bracelets; Market / Jewellery / Standard Jewellery; Culture / Renaissance / Shared / Red Sea,Holdable; Wear_Bracelet; Destroyable_Misc,Jewellery and devotional work,Gemcraft,Renaissance personal adornment catalogue; culture admission Red Sea; availability Renaissance. Description is form-led and makes no unsupported devotional or mechanical claim.
renaissance_jewellery_rse_armlet_517,Renaissance,Renaissance,Jewellery & devotional,personal adornment,Red Sea,armlet,a cloud faience armlet,faience,Tiny,VeryGood,90,62,Era / Renaissance Era; Functions / Worn Items / Jewellery; Functions / Worn Items / Jewellery / Armlets; Market / Jewellery / Standard Jewellery; Culture / Renaissance / Shared / Red Sea,Holdable; Wear_Armlet; Destroyable_Glassware,Jewellery and devotional work,Glassworking,Renaissance personal adornment catalogue; culture admission Red Sea; availability Renaissance. Description is form-led and makes no unsupported devotional or mechanical claim.
renaissance_jewellery_rse_anklet_518,Renaissance,Renaissance,Jewellery & devotional,personal adornment,Red Sea,anklet,a shell pewter anklet,pewter,Tiny,Good,20,71,Era / Renaissance Era; Functions / Worn Items / Jewellery; Functions / Worn Items / Jewellery / Anklets; Market / Jewellery / Standard Jewellery; Culture / Renaissance / Shared / Red Sea,Holdable; Wear_Anklet; Destroyable_HeavyMetal,Jewellery and devotional work,Silversmithing,Renaissance personal adornment catalogue; culture admission Red Sea; availability Renaissance. Description is form-led and makes no unsupported devotional or mechanical claim.
renaissance_jewellery_rse_earrings_519,Renaissance,Renaissance,Jewellery & devotional,personal adornment,Red Sea,earrings,a reed copper earrings,copper,Tiny,Standard,27,80,Era / Renaissance Era; Functions / Worn Items / Jewellery; Functions / Worn Items / Jewellery / Earrings; Market / Jewellery / Standard Jewellery; Culture / Renaissance / Shared / Red Sea,Holdable; Wear_Earrings; Destroyable_HeavyMetal,Jewellery and devotional work,Silversmithing,Renaissance personal adornment catalogue; culture admission Red Sea; availability Renaissance. Description is form-led and makes no unsupported devotional or mechanical claim.
renaissance_jewellery_rse_brooch_520,Renaissance,Renaissance,Jewellery & devotional,personal adornment,Red Sea,brooch,a rosette bronze brooch,bronze,Tiny,Poor,34,89,Era / Renaissance Era; Functions / Worn Items / Jewellery; Functions / Worn Items / Jewellery / Brooches; Market / Jewellery / Standard Jewellery; Culture / Renaissance / Shared / Red Sea,Holdable; Wear_Brooch; Destroyable_HeavyMetal,Jewellery and devotional work,Silversmithing,Renaissance personal adornment catalogue; culture admission Red Sea; availability Renaissance. Description is form-led and makes no unsupported devotional or mechanical claim.
renaissance_jewellery_rse_pin_521,Renaissance,Renaissance,Jewellery & devotional,personal adornment,Red Sea,pin,a checker silver pin,silver,Tiny,Standard,41,98,Era / Renaissance Era; Functions / Worn Items / Jewellery; Functions / Worn Items / Jewellery / Pins; Market / Jewellery / Standard Jewellery; Culture / Renaissance / Shared / Red Sea,Holdable; Wear_Pin; Destroyable_HeavyMetal,Jewellery and devotional work,Silversmithing,Renaissance personal adornment catalogue; culture admission Red Sea; availability Renaissance. Description is form-led and makes no unsupported devotional or mechanical claim.
renaissance_jewellery_rse_hairpin_522,Renaissance,Renaissance,Jewellery & devotional,personal adornment,Red Sea,hairpin,a braided gold hairpin,gold,Tiny,Good,48,107,Era / Renaissance Era; Functions / Worn Items / Jewellery; Functions / Worn Items / Jewellery / Hair Ornaments; Market / Jewellery / Standard Jewellery; Culture / Renaissance / Shared / Red Sea,Holdable; Wear_Hairpin; Destroyable_HeavyMetal,Jewellery and devotional work,Silversmithing,Renaissance personal adornment catalogue; culture admission Red Sea; availability Renaissance. Description is form-led and makes no unsupported devotional or mechanical claim.
renaissance_jewellery_rse_circlet_523,Renaissance,Renaissance,Jewellery & devotional,personal adornment,Red Sea,circlet,a radiating brass circlet,brass,Tiny,Good,55,116,Era / Renaissance Era; Functions / Worn Items / Jewellery; Functions / Worn Items / Jewellery / Circlets; Market / Jewellery / Standard Jewellery; Culture / Renaissance / Shared / Red Sea,Holdable; Wear_Circlet; Destroyable_HeavyMetal,Jewellery and devotional work,Silversmithing,Renaissance personal adornment catalogue; culture admission Red Sea; availability Renaissance. Description is form-led and makes no unsupported devotional or mechanical claim.
renaissance_jewellery_rse_diadem_524,Renaissance,Renaissance,Jewellery & devotional,personal adornment,Red Sea,diadem,a leaf-scroll glass diadem,glass,Tiny,Standard,62,125,Era / Renaissance Era; Functions / Worn Items / Jewellery; Functions / Worn Items / Jewellery / Diadems; Market / Jewellery / Standard Jewellery; Culture / Renaissance / Shared / Red Sea,Holdable; Wear_Diadem; Destroyable_Glassware,Jewellery and devotional work,Glassworking,Renaissance personal adornment catalogue; culture admission Red Sea; availability Renaissance. Description is form-led and makes no unsupported devotional or mechanical claim.
renaissance_jewellery_rse_waist_chain_525,Renaissance,Renaissance,Jewellery & devotional,personal adornment,Red Sea,waist chain,a sunburst bone waist chain,bone,Tiny,VeryGood,69,134,Era / Renaissance Era; Functions / Worn Items / Jewellery; Functions / Worn Items / Jewellery / Waist Chains; Market / Jewellery / Standard Jewellery; Culture / Renaissance / Shared / Red Sea,Holdable; Wear_Waist_Chain; Destroyable_Misc,Jewellery and devotional work,Scrimshawing,Renaissance personal adornment catalogue; culture admission Red Sea; availability Renaissance. Description is form-led and makes no unsupported devotional or mechanical claim.
renaissance_jewellery_rse_belt_ornament_526,Renaissance,Renaissance,Jewellery & devotional,personal adornment,Red Sea,belt ornament,a water-wave shell belt ornament,shell,Tiny,Good,76,143,Era / Renaissance Era; Functions / Worn Items / Jewellery; Functions / Worn Items / Jewellery / Belt Ornaments; Market / Jewellery / Standard Jewellery; Culture / Renaissance / Shared / Red Sea,Holdable; Wear_Belt_Ornament; Destroyable_Misc,Jewellery and devotional work,Scrimshawing,Renaissance personal adornment catalogue; culture admission Red Sea; availability Renaissance. Description is form-led and makes no unsupported devotional or mechanical claim.
renaissance_jewellery_rse_badge_527,Renaissance,Renaissance,Jewellery & devotional,personal adornment,Red Sea,badge,a knotted ivory badge,ivory,Tiny,Standard,83,152,Era / Renaissance Era; Functions / Worn Items / Jewellery; Functions / Worn Items / Jewellery / Badges; Market / Jewellery / Standard Jewellery; Culture / Renaissance / Shared / Red Sea,Holdable; Wear_Badge; Destroyable_Misc,Jewellery and devotional work,Scrimshawing,Renaissance personal adornment catalogue; culture admission Red Sea; availability Renaissance. Description is form-led and makes no unsupported devotional or mechanical claim.
renaissance_jewellery_rse_temple_ring_528,Renaissance,Renaissance,Jewellery & devotional,personal adornment,Red Sea,temple ring,a flower-head pearl temple ring,pearl,Tiny,Poor,90,8,Era / Renaissance Era; Functions / Worn Items / Jewellery; Functions / Worn Items / Jewellery / Temple Rings; Market / Jewellery / Standard Jewellery; Culture / Renaissance / Shared / Red Sea,Holdable; Wear_Temple_Rings; Destroyable_Misc,Jewellery and devotional work,Gemcraft,Renaissance personal adornment catalogue; culture admission Red Sea; availability Renaissance. Description is form-led and makes no unsupported devotional or mechanical claim.
renaissance_jewellery_rse_torc_529,Renaissance,Renaissance,Jewellery & devotional,personal adornment,Red Sea,torc,a star amber torc,amber,Tiny,Standard,20,17,Era / Renaissance Era; Functions / Worn Items / Jewellery; Functions / Worn Items / Jewellery / Torcs; Market / Jewellery / Standard Jewellery; Culture / Renaissance / Shared / Red Sea,Holdable; Wear_Torc; Destroyable_Misc,Jewellery and devotional work,Gemcraft,Renaissance personal adornment catalogue; culture admission Red Sea; availability Renaissance. Description is form-led and makes no unsupported devotional or mechanical claim.
renaissance_jewellery_rse_wreath_530,Renaissance,Renaissance,Jewellery & devotional,personal adornment,Red Sea,wreath,a bird coral wreath,coral,Tiny,Good,27,26,Era / Renaissance Era; Functions / Worn Items / Jewellery; Functions / Worn Items / Jewellery / Wreaths; Market / Jewellery / Standard Jewellery; Culture / Renaissance / Shared / Red Sea,Holdable; Wear_Wreath; Destroyable_Misc,Jewellery and devotional work,Scrimshawing,Renaissance personal adornment catalogue; culture admission Red Sea; availability Renaissance. Description is form-led and makes no unsupported devotional or mechanical claim.
renaissance_jewellery_rse_prayer_beads_531,Renaissance,Renaissance,Jewellery & devotional,personal devotional,Red Sea,prayer bead strand,a vine garnet prayer bead strand,garnet,Tiny,Good,34,35,Era / Renaissance Era; Functions / Worn Items / Jewellery; Functions / Worn Items / Jewellery / Bead Strings; Market / Jewellery / Standard Jewellery; Functions / Household Items / Household Religious Items; Market / Religious Goods / Devotional Goods; Culture / Renaissance / Shared / Red Sea,Holdable; Wear_Necklace; Destroyable_Misc,Jewellery and devotional work,Gemcraft,Renaissance personal devotional catalogue; culture admission Red Sea; availability Renaissance. Description is form-led and makes no unsupported devotional or mechanical claim.
renaissance_jewellery_rse_devotional_medal_532,Renaissance,Renaissance,Jewellery & devotional,personal devotional,Red Sea,devotional medal,a geometric agate devotional medal,agate,Tiny,Standard,41,44,Era / Renaissance Era; Functions / Worn Items / Jewellery; Functions / Worn Items / Jewellery / Pendants; Market / Jewellery / Standard Jewellery; Functions / Household Items / Household Religious Items; Market / Religious Goods / Devotional Goods; Culture / Renaissance / Shared / Red Sea,Holdable; Wear_Necklace; Destroyable_Misc,Jewellery and devotional work,Gemcraft,Renaissance personal devotional catalogue; culture admission Red Sea; availability Renaissance. Description is form-led and makes no unsupported devotional or mechanical claim.
renaissance_jewellery_rse_devotional_badge_533,Renaissance,Renaissance,Jewellery & devotional,personal devotional,Red Sea,devotional badge,a cloud carnelian devotional badge,carnelian,Tiny,VeryGood,48,53,Era / Renaissance Era; Functions / Worn Items / Jewellery; Functions / Worn Items / Jewellery / Badges; Market / Jewellery / Standard Jewellery; Functions / Household Items / Household Religious Items; Market / Religious Goods / Devotional Goods; Culture / Renaissance / Shared / Red Sea,Holdable; Wear_Badge; Destroyable_Misc,Jewellery and devotional work,Gemcraft,Renaissance personal devotional catalogue; culture admission Red Sea; availability Renaissance. Description is form-led and makes no unsupported devotional or mechanical claim.
renaissance_jewellery_rse_prayer_cord_534,Renaissance,Renaissance,Jewellery & devotional,personal devotional,Red Sea,prayer cord,a shell linen prayer cord,linen,Tiny,Good,55,62,Era / Renaissance Era; Functions / Worn Items / Jewellery; Functions / Worn Items / Jewellery / Neck Garlands; Market / Jewellery / Standard Jewellery; Functions / Household Items / Household Religious Items; Market / Religious Goods / Devotional Goods; Culture / Renaissance / Shared / Red Sea,Holdable; Wear_Neck_Garland; Destroyable_Clothing,Jewellery and devotional work,Weaving,Renaissance personal devotional catalogue; culture admission Red Sea; availability Renaissance. Description is form-led and makes no unsupported devotional or mechanical claim.
renaissance_jewellery_rse_votive_token_535,Renaissance,Renaissance,Jewellery & devotional,institutional devotional,Red Sea,votive token,a reed turquoise votive token,turquoise,Small,Standard,62,71,Era / Renaissance Era; Functions / Household Items / Household Religious Items; Market / Religious Goods / Devotional Goods; Culture / Renaissance / Shared / Red Sea,Holdable; Destroyable_Misc,Jewellery and devotional work,Gemcraft,Renaissance institutional devotional catalogue; culture admission Red Sea; availability Renaissance. Description is form-led and makes no unsupported devotional or mechanical claim.
renaissance_jewellery_rse_scripture_box_536,Renaissance,Renaissance,Jewellery & devotional,institutional devotional,Red Sea,small scripture box,a rosette jade small scripture box,jade,Small,Poor,69,80,Era / Renaissance Era; Functions / Household Items / Household Religious Items; Market / Religious Goods / Devotional Goods; Culture / Renaissance / Shared / Red Sea,Holdable; Destroyable_Misc,Jewellery and devotional work,Gemcraft,Renaissance institutional devotional catalogue; culture admission Red Sea; availability Renaissance. Description is form-led and makes no unsupported devotional or mechanical claim.
renaissance_jewellery_rse_offering_bowl_537,Renaissance,Renaissance,Jewellery & devotional,institutional devotional,Red Sea,offering bowl,a checker bronze offering bowl,bronze,Small,Standard,76,89,Era / Renaissance Era; Functions / Household Items / Household Religious Items; Market / Religious Goods / Devotional Goods; Culture / Renaissance / Shared / Red Sea,Holdable; Destroyable_HeavyMetal,Jewellery and devotional work,Silversmithing,Renaissance institutional devotional catalogue; culture admission Red Sea; availability Renaissance. Description is form-led and makes no unsupported devotional or mechanical claim.
renaissance_jewellery_rse_incense_holder_538,Renaissance,Renaissance,Jewellery & devotional,institutional devotional,Red Sea,incense holder,a braided brass incense holder,brass,Small,Good,83,98,Era / Renaissance Era; Functions / Household Items / Household Religious Items; Market / Religious Goods / Devotional Goods; Culture / Renaissance / Shared / Red Sea,Holdable; Destroyable_HeavyMetal,Jewellery and devotional work,Silversmithing,Renaissance institutional devotional catalogue; culture admission Red Sea; availability Renaissance. Description is form-led and makes no unsupported devotional or mechanical claim.
renaissance_jewellery_rse_portable_panel_539,Renaissance,Renaissance,Jewellery & devotional,institutional devotional,Red Sea,small devotional panel,a radiating wood small devotional panel,wood,Small,Good,90,107,Era / Renaissance Era; Functions / Household Items / Household Religious Items; Market / Religious Goods / Devotional Goods; Culture / Renaissance / Shared / Red Sea,Holdable; Destroyable_Misc,Jewellery and devotional work,Carpentry,Renaissance institutional devotional catalogue; culture admission Red Sea; availability Renaissance. Description is form-led and makes no unsupported devotional or mechanical claim.
renaissance_jewellery_rse_processional_ornament_540,Renaissance,Renaissance,Jewellery & devotional,institutional devotional,Red Sea,processional ornament,a leaf-scroll pewter processional ornament,pewter,Small,Standard,20,116,Era / Renaissance Era; Functions / Household Items / Household Religious Items; Market / Religious Goods / Devotional Goods; Culture / Renaissance / Shared / Red Sea,Holdable; Destroyable_HeavyMetal,Jewellery and devotional work,Silversmithing,Renaissance institutional devotional catalogue; culture admission Red Sea; availability Renaissance. Description is form-led and makes no unsupported devotional or mechanical claim.
renaissance_jewellery_ind_ring_541,Renaissance,Renaissance,Jewellery & devotional,personal adornment,Indian Ocean,ring,a leaf-scroll bone ring,bone,Tiny,VeryGood,27,125,Era / Renaissance Era; Functions / Worn Items / Jewellery; Functions / Worn Items / Jewellery / Rings; Market / Jewellery / Standard Jewellery; Culture / Renaissance / Shared / Indian Ocean,Holdable; Wear_Ring; Destroyable_Misc,Jewellery and devotional work,Scrimshawing,Renaissance personal adornment catalogue; culture admission Indian Ocean; availability Renaissance. Description is form-led and makes no unsupported devotional or mechanical claim.
renaissance_jewellery_ind_signet_ring_542,Renaissance,Renaissance,Jewellery & devotional,personal adornment,Indian Ocean,ring,a sunburst shell ring,shell,Tiny,VeryGood,34,134,Era / Renaissance Era; Functions / Worn Items / Jewellery; Functions / Worn Items / Jewellery / Rings; Market / Jewellery / Standard Jewellery; Culture / Renaissance / Shared / Indian Ocean,Holdable; Wear_Ring; Destroyable_Misc,Jewellery and devotional work,Scrimshawing,Renaissance personal adornment catalogue; culture admission Indian Ocean; availability Renaissance. Description is form-led and makes no unsupported devotional or mechanical claim.
renaissance_jewellery_ind_pendant_543,Renaissance,Renaissance,Jewellery & devotional,personal adornment,Indian Ocean,pendant,a water-wave ivory pendant,ivory,Tiny,Standard,41,143,Era / Renaissance Era; Functions / Worn Items / Jewellery; Functions / Worn Items / Jewellery / Pendants; Market / Jewellery / Standard Jewellery; Culture / Renaissance / Shared / Indian Ocean,Holdable; Wear_Necklace; Destroyable_Misc,Jewellery and devotional work,Scrimshawing,Renaissance personal adornment catalogue; culture admission Indian Ocean; availability Renaissance. Description is form-led and makes no unsupported devotional or mechanical claim.
renaissance_jewellery_ind_bead_necklace_544,Renaissance,Renaissance,Jewellery & devotional,personal adornment,Indian Ocean,necklace,a knotted pearl necklace,pearl,Tiny,Poor,48,152,Era / Renaissance Era; Functions / Worn Items / Jewellery; Functions / Worn Items / Jewellery / Bead Strings; Market / Jewellery / Standard Jewellery; Culture / Renaissance / Shared / Indian Ocean,Holdable; Wear_Necklace; Destroyable_Misc,Jewellery and devotional work,Gemcraft,Renaissance personal adornment catalogue; culture admission Indian Ocean; availability Renaissance. Description is form-led and makes no unsupported devotional or mechanical claim.
renaissance_jewellery_ind_chain_necklace_545,Renaissance,Renaissance,Jewellery & devotional,personal adornment,Indian Ocean,necklace,a flower-head amber necklace,amber,Tiny,Standard,55,8,Era / Renaissance Era; Functions / Worn Items / Jewellery; Functions / Worn Items / Jewellery / Necklaces; Market / Jewellery / Standard Jewellery; Culture / Renaissance / Shared / Indian Ocean,Holdable; Wear_Necklace; Destroyable_Misc,Jewellery and devotional work,Gemcraft,Renaissance personal adornment catalogue; culture admission Indian Ocean; availability Renaissance. Description is form-led and makes no unsupported devotional or mechanical claim.
renaissance_jewellery_ind_bracelet_546,Renaissance,Renaissance,Jewellery & devotional,personal adornment,Indian Ocean,bracelet,a star coral bracelet,coral,Tiny,Good,62,17,Era / Renaissance Era; Functions / Worn Items / Jewellery; Functions / Worn Items / Jewellery / Bracelets; Market / Jewellery / Standard Jewellery; Culture / Renaissance / Shared / Indian Ocean,Holdable; Wear_Bracelet; Destroyable_Misc,Jewellery and devotional work,Scrimshawing,Renaissance personal adornment catalogue; culture admission Indian Ocean; availability Renaissance. Description is form-led and makes no unsupported devotional or mechanical claim.
renaissance_jewellery_ind_armlet_547,Renaissance,Renaissance,Jewellery & devotional,personal adornment,Indian Ocean,armlet,a bird garnet armlet,garnet,Tiny,Good,69,26,Era / Renaissance Era; Functions / Worn Items / Jewellery; Functions / Worn Items / Jewellery / Armlets; Market / Jewellery / Standard Jewellery; Culture / Renaissance / Shared / Indian Ocean,Holdable; Wear_Armlet; Destroyable_Misc,Jewellery and devotional work,Gemcraft,Renaissance personal adornment catalogue; culture admission Indian Ocean; availability Renaissance. Description is form-led and makes no unsupported devotional or mechanical claim.
renaissance_jewellery_ind_anklet_548,Renaissance,Renaissance,Jewellery & devotional,personal adornment,Indian Ocean,anklet,a vine agate anklet,agate,Tiny,Standard,76,35,Era / Renaissance Era; Functions / Worn Items / Jewellery; Functions / Worn Items / Jewellery / Anklets; Market / Jewellery / Standard Jewellery; Culture / Renaissance / Shared / Indian Ocean,Holdable; Wear_Anklet; Destroyable_Misc,Jewellery and devotional work,Gemcraft,Renaissance personal adornment catalogue; culture admission Indian Ocean; availability Renaissance. Description is form-led and makes no unsupported devotional or mechanical claim.
renaissance_jewellery_ind_earrings_549,Renaissance,Renaissance,Jewellery & devotional,personal adornment,Indian Ocean,earrings,a geometric carnelian earrings,carnelian,Tiny,VeryGood,83,44,Era / Renaissance Era; Functions / Worn Items / Jewellery; Functions / Worn Items / Jewellery / Earrings; Market / Jewellery / Standard Jewellery; Culture / Renaissance / Shared / Indian Ocean,Holdable; Wear_Earrings; Destroyable_Misc,Jewellery and devotional work,Gemcraft,Renaissance personal adornment catalogue; culture admission Indian Ocean; availability Renaissance. Description is form-led and makes no unsupported devotional or mechanical claim.
renaissance_jewellery_ind_brooch_550,Renaissance,Renaissance,Jewellery & devotional,personal adornment,Indian Ocean,brooch,a cloud lapis lazuli brooch,lapis lazuli,Tiny,Good,90,53,Era / Renaissance Era; Functions / Worn Items / Jewellery; Functions / Worn Items / Jewellery / Brooches; Market / Jewellery / Standard Jewellery; Culture / Renaissance / Shared / Indian Ocean,Holdable; Wear_Brooch; Destroyable_Misc,Jewellery and devotional work,Gemcraft,Renaissance personal adornment catalogue; culture admission Indian Ocean; availability Renaissance. Description is form-led and makes no unsupported devotional or mechanical claim.
renaissance_jewellery_ind_pin_551,Renaissance,Renaissance,Jewellery & devotional,personal adornment,Indian Ocean,pin,a shell turquoise pin,turquoise,Tiny,Standard,20,62,Era / Renaissance Era; Functions / Worn Items / Jewellery; Functions / Worn Items / Jewellery / Pins; Market / Jewellery / Standard Jewellery; Culture / Renaissance / Shared / Indian Ocean,Holdable; Wear_Pin; Destroyable_Misc,Jewellery and devotional work,Gemcraft,Renaissance personal adornment catalogue; culture admission Indian Ocean; availability Renaissance. Description is form-led and makes no unsupported devotional or mechanical claim.
renaissance_jewellery_ind_hairpin_552,Renaissance,Renaissance,Jewellery & devotional,personal adornment,Indian Ocean,hairpin,a reed jade hairpin,jade,Tiny,Poor,27,71,Era / Renaissance Era; Functions / Worn Items / Jewellery; Functions / Worn Items / Jewellery / Hair Ornaments; Market / Jewellery / Standard Jewellery; Culture / Renaissance / Shared / Indian Ocean,Holdable; Wear_Hairpin; Destroyable_Misc,Jewellery and devotional work,Gemcraft,Renaissance personal adornment catalogue; culture admission Indian Ocean; availability Renaissance. Description is form-led and makes no unsupported devotional or mechanical claim.
renaissance_jewellery_ind_circlet_553,Renaissance,Renaissance,Jewellery & devotional,personal adornment,Indian Ocean,circlet,a rosette quartz circlet,quartz,Tiny,Standard,34,80,Era / Renaissance Era; Functions / Worn Items / Jewellery; Functions / Worn Items / Jewellery / Circlets; Market / Jewellery / Standard Jewellery; Culture / Renaissance / Shared / Indian Ocean,Holdable; Wear_Circlet; Destroyable_Misc,Jewellery and devotional work,Gemcraft,Renaissance personal adornment catalogue; culture admission Indian Ocean; availability Renaissance. Description is form-led and makes no unsupported devotional or mechanical claim.
renaissance_jewellery_ind_diadem_554,Renaissance,Renaissance,Jewellery & devotional,personal adornment,Indian Ocean,diadem,a checker faience diadem,faience,Tiny,Good,41,89,Era / Renaissance Era; Functions / Worn Items / Jewellery; Functions / Worn Items / Jewellery / Diadems; Market / Jewellery / Standard Jewellery; Culture / Renaissance / Shared / Indian Ocean,Holdable; Wear_Diadem; Destroyable_Glassware,Jewellery and devotional work,Glassworking,Renaissance personal adornment catalogue; culture admission Indian Ocean; availability Renaissance. Description is form-led and makes no unsupported devotional or mechanical claim.
renaissance_jewellery_ind_waist_chain_555,Renaissance,Renaissance,Jewellery & devotional,personal adornment,Indian Ocean,waist chain,a braided pewter waist chain,pewter,Tiny,Good,48,98,Era / Renaissance Era; Functions / Worn Items / Jewellery; Functions / Worn Items / Jewellery / Waist Chains; Market / Jewellery / Standard Jewellery; Culture / Renaissance / Shared / Indian Ocean,Holdable; Wear_Waist_Chain; Destroyable_HeavyMetal,Jewellery and devotional work,Silversmithing,Renaissance personal adornment catalogue; culture admission Indian Ocean; availability Renaissance. Description is form-led and makes no unsupported devotional or mechanical claim.
renaissance_jewellery_ind_belt_ornament_556,Renaissance,Renaissance,Jewellery & devotional,personal adornment,Indian Ocean,belt ornament,a radiating copper belt ornament,copper,Tiny,Standard,55,107,Era / Renaissance Era; Functions / Worn Items / Jewellery; Functions / Worn Items / Jewellery / Belt Ornaments; Market / Jewellery / Standard Jewellery; Culture / Renaissance / Shared / Indian Ocean,Holdable; Wear_Belt_Ornament; Destroyable_HeavyMetal,Jewellery and devotional work,Silversmithing,Renaissance personal adornment catalogue; culture admission Indian Ocean; availability Renaissance. Description is form-led and makes no unsupported devotional or mechanical claim.
renaissance_jewellery_ind_badge_557,Renaissance,Renaissance,Jewellery & devotional,personal adornment,Indian Ocean,badge,a leaf-scroll bronze badge,bronze,Tiny,VeryGood,62,116,Era / Renaissance Era; Functions / Worn Items / Jewellery; Functions / Worn Items / Jewellery / Badges; Market / Jewellery / Standard Jewellery; Culture / Renaissance / Shared / Indian Ocean,Holdable; Wear_Badge; Destroyable_HeavyMetal,Jewellery and devotional work,Silversmithing,Renaissance personal adornment catalogue; culture admission Indian Ocean; availability Renaissance. Description is form-led and makes no unsupported devotional or mechanical claim.
renaissance_jewellery_ind_temple_ring_558,Renaissance,Renaissance,Jewellery & devotional,personal adornment,Indian Ocean,temple ring,a sunburst silver temple ring,silver,Tiny,Good,69,125,Era / Renaissance Era; Functions / Worn Items / Jewellery; Functions / Worn Items / Jewellery / Temple Rings; Market / Jewellery / Standard Jewellery; Culture / Renaissance / Shared / Indian Ocean,Holdable; Wear_Temple_Rings; Destroyable_HeavyMetal,Jewellery and devotional work,Silversmithing,Renaissance personal adornment catalogue; culture admission Indian Ocean; availability Renaissance. Description is form-led and makes no unsupported devotional or mechanical claim.
renaissance_jewellery_ind_torc_559,Renaissance,Renaissance,Jewellery & devotional,personal adornment,Indian Ocean,torc,a water-wave gold torc,gold,Tiny,Standard,76,134,Era / Renaissance Era; Functions / Worn Items / Jewellery; Functions / Worn Items / Jewellery / Torcs; Market / Jewellery / Standard Jewellery; Culture / Renaissance / Shared / Indian Ocean,Holdable; Wear_Torc; Destroyable_HeavyMetal,Jewellery and devotional work,Silversmithing,Renaissance personal adornment catalogue; culture admission Indian Ocean; availability Renaissance. Description is form-led and makes no unsupported devotional or mechanical claim.
renaissance_jewellery_ind_wreath_560,Renaissance,Renaissance,Jewellery & devotional,personal adornment,Indian Ocean,wreath,a knotted brass wreath,brass,Tiny,Poor,83,143,Era / Renaissance Era; Functions / Worn Items / Jewellery; Functions / Worn Items / Jewellery / Wreaths; Market / Jewellery / Standard Jewellery; Culture / Renaissance / Shared / Indian Ocean,Holdable; Wear_Wreath; Destroyable_HeavyMetal,Jewellery and devotional work,Silversmithing,Renaissance personal adornment catalogue; culture admission Indian Ocean; availability Renaissance. Description is form-led and makes no unsupported devotional or mechanical claim.
renaissance_jewellery_ind_prayer_beads_561,Renaissance,Renaissance,Jewellery & devotional,personal devotional,Indian Ocean,prayer bead strand,a flower-head glass prayer bead strand,glass,Tiny,Standard,90,152,Era / Renaissance Era; Functions / Worn Items / Jewellery; Functions / Worn Items / Jewellery / Bead Strings; Market / Jewellery / Standard Jewellery; Functions / Household Items / Household Religious Items; Market / Religious Goods / Devotional Goods; Culture / Renaissance / Shared / Indian Ocean,Holdable; Wear_Necklace; Destroyable_Glassware,Jewellery and devotional work,Glassworking,Renaissance personal devotional catalogue; culture admission Indian Ocean; availability Renaissance. Description is form-led and makes no unsupported devotional or mechanical claim.
renaissance_jewellery_ind_devotional_medal_562,Renaissance,Renaissance,Jewellery & devotional,personal devotional,Indian Ocean,devotional medal,a star bone devotional medal,bone,Tiny,Good,20,8,Era / Renaissance Era; Functions / Worn Items / Jewellery; Functions / Worn Items / Jewellery / Pendants; Market / Jewellery / Standard Jewellery; Functions / Household Items / Household Religious Items; Market / Religious Goods / Devotional Goods; Culture / Renaissance / Shared / Indian Ocean,Holdable; Wear_Necklace; Destroyable_Misc,Jewellery and devotional work,Scrimshawing,Renaissance personal devotional catalogue; culture admission Indian Ocean; availability Renaissance. Description is form-led and makes no unsupported devotional or mechanical claim.
renaissance_jewellery_ind_devotional_badge_563,Renaissance,Renaissance,Jewellery & devotional,personal devotional,Indian Ocean,devotional badge,a bird shell devotional badge,shell,Tiny,Good,27,17,Era / Renaissance Era; Functions / Worn Items / Jewellery; Functions / Worn Items / Jewellery / Badges; Market / Jewellery / Standard Jewellery; Functions / Household Items / Household Religious Items; Market / Religious Goods / Devotional Goods; Culture / Renaissance / Shared / Indian Ocean,Holdable; Wear_Badge; Destroyable_Misc,Jewellery and devotional work,Scrimshawing,Renaissance personal devotional catalogue; culture admission Indian Ocean; availability Renaissance. Description is form-led and makes no unsupported devotional or mechanical claim.
renaissance_jewellery_ind_prayer_cord_564,Renaissance,Renaissance,Jewellery & devotional,personal devotional,Indian Ocean,prayer cord,a vine linen prayer cord,linen,Tiny,Standard,34,26,Era / Renaissance Era; Functions / Worn Items / Jewellery; Functions / Worn Items / Jewellery / Neck Garlands; Market / Jewellery / Standard Jewellery; Functions / Household Items / Household Religious Items; Market / Religious Goods / Devotional Goods; Culture / Renaissance / Shared / Indian Ocean,Holdable; Wear_Neck_Garland; Destroyable_Clothing,Jewellery and devotional work,Weaving,Renaissance personal devotional catalogue; culture admission Indian Ocean; availability Renaissance. Description is form-led and makes no unsupported devotional or mechanical claim.
renaissance_jewellery_ind_votive_token_565,Renaissance,Renaissance,Jewellery & devotional,institutional devotional,Indian Ocean,votive token,a geometric pearl votive token,pearl,Small,VeryGood,41,35,Era / Renaissance Era; Functions / Household Items / Household Religious Items; Market / Religious Goods / Devotional Goods; Culture / Renaissance / Shared / Indian Ocean,Holdable; Destroyable_Misc,Jewellery and devotional work,Gemcraft,Renaissance institutional devotional catalogue; culture admission Indian Ocean; availability Renaissance. Description is form-led and makes no unsupported devotional or mechanical claim.
renaissance_jewellery_ind_scripture_box_566,Renaissance,Renaissance,Jewellery & devotional,institutional devotional,Indian Ocean,small scripture box,a cloud amber small scripture box,amber,Small,Good,48,44,Era / Renaissance Era; Functions / Household Items / Household Religious Items; Market / Religious Goods / Devotional Goods; Culture / Renaissance / Shared / Indian Ocean,Holdable; Destroyable_Misc,Jewellery and devotional work,Gemcraft,Renaissance institutional devotional catalogue; culture admission Indian Ocean; availability Renaissance. Description is form-led and makes no unsupported devotional or mechanical claim.
renaissance_jewellery_ind_offering_bowl_567,Renaissance,Renaissance,Jewellery & devotional,institutional devotional,Indian Ocean,offering bowl,a shell silver offering bowl,silver,Small,Standard,55,53,Era / Renaissance Era; Functions / Household Items / Household Religious Items; Market / Religious Goods / Devotional Goods; Culture / Renaissance / Shared / Indian Ocean,Holdable; Destroyable_HeavyMetal,Jewellery and devotional work,Silversmithing,Renaissance institutional devotional catalogue; culture admission Indian Ocean; availability Renaissance. Description is form-led and makes no unsupported devotional or mechanical claim.
renaissance_jewellery_ind_incense_holder_568,Renaissance,Renaissance,Jewellery & devotional,institutional devotional,Indian Ocean,incense holder,a reed pewter incense holder,pewter,Small,Poor,62,62,Era / Renaissance Era; Functions / Household Items / Household Religious Items; Market / Religious Goods / Devotional Goods; Culture / Renaissance / Shared / Indian Ocean,Holdable; Destroyable_HeavyMetal,Jewellery and devotional work,Silversmithing,Renaissance institutional devotional catalogue; culture admission Indian Ocean; availability Renaissance. Description is form-led and makes no unsupported devotional or mechanical claim.
renaissance_jewellery_ind_portable_panel_569,Renaissance,Renaissance,Jewellery & devotional,institutional devotional,Indian Ocean,small devotional panel,a rosette wood small devotional panel,wood,Small,Standard,69,71,Era / Renaissance Era; Functions / Household Items / Household Religious Items; Market / Religious Goods / Devotional Goods; Culture / Renaissance / Shared / Indian Ocean,Holdable; Destroyable_Misc,Jewellery and devotional work,Carpentry,Renaissance institutional devotional catalogue; culture admission Indian Ocean; availability Renaissance. Description is form-led and makes no unsupported devotional or mechanical claim.
renaissance_jewellery_ind_processional_ornament_570,Renaissance,Renaissance,Jewellery & devotional,institutional devotional,Indian Ocean,processional ornament,a checker brass processional ornament,brass,Small,Good,76,80,Era / Renaissance Era; Functions / Household Items / Household Religious Items; Market / Religious Goods / Devotional Goods; Culture / Renaissance / Shared / Indian Ocean,Holdable; Destroyable_HeavyMetal,Jewellery and devotional work,Silversmithing,Renaissance institutional devotional catalogue; culture admission Indian Ocean; availability Renaissance. Description is form-led and makes no unsupported devotional or mechanical claim.
renaissance_jewellery_mes_ring_571,Renaissance,Renaissance,Jewellery & devotional,personal adornment,Mesoamerican,ring,a braided lapis lazuli ring,lapis lazuli,Tiny,Good,83,89,Era / Renaissance Era; Functions / Worn Items / Jewellery; Functions / Worn Items / Jewellery / Rings; Market / Jewellery / Standard Jewellery; Culture / Renaissance / Shared / Mesoamerican,Holdable; Wear_Ring; Destroyable_Misc,Jewellery and devotional work,Gemcraft,Renaissance personal adornment catalogue; culture admission Mesoamerican; availability Renaissance. Description is form-led and makes no unsupported devotional or mechanical claim.
renaissance_jewellery_mes_signet_ring_572,Renaissance,Renaissance,Jewellery & devotional,personal adornment,Mesoamerican,ring,a radiating turquoise ring,turquoise,Tiny,VeryGood,90,98,Era / Renaissance Era; Functions / Worn Items / Jewellery; Functions / Worn Items / Jewellery / Rings; Market / Jewellery / Standard Jewellery; Culture / Renaissance / Shared / Mesoamerican,Holdable; Wear_Ring; Destroyable_Misc,Jewellery and devotional work,Gemcraft,Renaissance personal adornment catalogue; culture admission Mesoamerican; availability Renaissance. Description is form-led and makes no unsupported devotional or mechanical claim.
renaissance_jewellery_mes_pendant_573,Renaissance,Renaissance,Jewellery & devotional,personal adornment,Mesoamerican,pendant,a leaf-scroll jade pendant,jade,Tiny,VeryGood,20,107,Era / Renaissance Era; Functions / Worn Items / Jewellery; Functions / Worn Items / Jewellery / Pendants; Market / Jewellery / Standard Jewellery; Culture / Renaissance / Shared / Mesoamerican,Holdable; Wear_Necklace; Destroyable_Misc,Jewellery and devotional work,Gemcraft,Renaissance personal adornment catalogue; culture admission Mesoamerican; availability Renaissance. Description is form-led and makes no unsupported devotional or mechanical claim.
renaissance_jewellery_mes_bead_necklace_574,Renaissance,Renaissance,Jewellery & devotional,personal adornment,Mesoamerican,necklace,a sunburst quartz necklace,quartz,Tiny,Good,27,116,Era / Renaissance Era; Functions / Worn Items / Jewellery; Functions / Worn Items / Jewellery / Bead Strings; Market / Jewellery / Standard Jewellery; Culture / Renaissance / Shared / Mesoamerican,Holdable; Wear_Necklace; Destroyable_Misc,Jewellery and devotional work,Gemcraft,Renaissance personal adornment catalogue; culture admission Mesoamerican; availability Renaissance. Description is form-led and makes no unsupported devotional or mechanical claim.
renaissance_jewellery_mes_chain_necklace_575,Renaissance,Renaissance,Jewellery & devotional,personal adornment,Mesoamerican,necklace,a water-wave faience necklace,faience,Tiny,Standard,34,125,Era / Renaissance Era; Functions / Worn Items / Jewellery; Functions / Worn Items / Jewellery / Necklaces; Market / Jewellery / Standard Jewellery; Culture / Renaissance / Shared / Mesoamerican,Holdable; Wear_Necklace; Destroyable_Glassware,Jewellery and devotional work,Glassworking,Renaissance personal adornment catalogue; culture admission Mesoamerican; availability Renaissance. Description is form-led and makes no unsupported devotional or mechanical claim.
renaissance_jewellery_mes_bracelet_576,Renaissance,Renaissance,Jewellery & devotional,personal adornment,Mesoamerican,bracelet,a knotted pewter bracelet,pewter,Tiny,Poor,41,134,Era / Renaissance Era; Functions / Worn Items / Jewellery; Functions / Worn Items / Jewellery / Bracelets; Market / Jewellery / Standard Jewellery; Culture / Renaissance / Shared / Mesoamerican,Holdable; Wear_Bracelet; Destroyable_HeavyMetal,Jewellery and devotional work,Silversmithing,Renaissance personal adornment catalogue; culture admission Mesoamerican; availability Renaissance. Description is form-led and makes no unsupported devotional or mechanical claim.
renaissance_jewellery_mes_armlet_577,Renaissance,Renaissance,Jewellery & devotional,personal adornment,Mesoamerican,armlet,a flower-head copper armlet,copper,Tiny,Standard,48,143,Era / Renaissance Era; Functions / Worn Items / Jewellery; Functions / Worn Items / Jewellery / Armlets; Market / Jewellery / Standard Jewellery; Culture / Renaissance / Shared / Mesoamerican,Holdable; Wear_Armlet; Destroyable_HeavyMetal,Jewellery and devotional work,Silversmithing,Renaissance personal adornment catalogue; culture admission Mesoamerican; availability Renaissance. Description is form-led and makes no unsupported devotional or mechanical claim.
renaissance_jewellery_mes_anklet_578,Renaissance,Renaissance,Jewellery & devotional,personal adornment,Mesoamerican,anklet,a star bronze anklet,bronze,Tiny,Good,55,152,Era / Renaissance Era; Functions / Worn Items / Jewellery; Functions / Worn Items / Jewellery / Anklets; Market / Jewellery / Standard Jewellery; Culture / Renaissance / Shared / Mesoamerican,Holdable; Wear_Anklet; Destroyable_HeavyMetal,Jewellery and devotional work,Silversmithing,Renaissance personal adornment catalogue; culture admission Mesoamerican; availability Renaissance. Description is form-led and makes no unsupported devotional or mechanical claim.
renaissance_jewellery_mes_earrings_579,Renaissance,Renaissance,Jewellery & devotional,personal adornment,Mesoamerican,earrings,a bird silver earrings,silver,Tiny,Good,62,8,Era / Renaissance Era; Functions / Worn Items / Jewellery; Functions / Worn Items / Jewellery / Earrings; Market / Jewellery / Standard Jewellery; Culture / Renaissance / Shared / Mesoamerican,Holdable; Wear_Earrings; Destroyable_HeavyMetal,Jewellery and devotional work,Silversmithing,Renaissance personal adornment catalogue; culture admission Mesoamerican; availability Renaissance. Description is form-led and makes no unsupported devotional or mechanical claim.
renaissance_jewellery_mes_brooch_580,Renaissance,Renaissance,Jewellery & devotional,personal adornment,Mesoamerican,brooch,a vine gold brooch,gold,Tiny,Standard,69,17,Era / Renaissance Era; Functions / Worn Items / Jewellery; Functions / Worn Items / Jewellery / Brooches; Market / Jewellery / Standard Jewellery; Culture / Renaissance / Shared / Mesoamerican,Holdable; Wear_Brooch; Destroyable_HeavyMetal,Jewellery and devotional work,Silversmithing,Renaissance personal adornment catalogue; culture admission Mesoamerican; availability Renaissance. Description is form-led and makes no unsupported devotional or mechanical claim.
renaissance_jewellery_mes_pin_581,Renaissance,Renaissance,Jewellery & devotional,personal adornment,Mesoamerican,pin,a geometric brass pin,brass,Tiny,VeryGood,76,26,Era / Renaissance Era; Functions / Worn Items / Jewellery; Functions / Worn Items / Jewellery / Pins; Market / Jewellery / Standard Jewellery; Culture / Renaissance / Shared / Mesoamerican,Holdable; Wear_Pin; Destroyable_HeavyMetal,Jewellery and devotional work,Silversmithing,Renaissance personal adornment catalogue; culture admission Mesoamerican; availability Renaissance. Description is form-led and makes no unsupported devotional or mechanical claim.
renaissance_jewellery_mes_hairpin_582,Renaissance,Renaissance,Jewellery & devotional,personal adornment,Mesoamerican,hairpin,a cloud glass hairpin,glass,Tiny,Good,83,35,Era / Renaissance Era; Functions / Worn Items / Jewellery; Functions / Worn Items / Jewellery / Hair Ornaments; Market / Jewellery / Standard Jewellery; Culture / Renaissance / Shared / Mesoamerican,Holdable; Wear_Hairpin; Destroyable_Glassware,Jewellery and devotional work,Glassworking,Renaissance personal adornment catalogue; culture admission Mesoamerican; availability Renaissance. Description is form-led and makes no unsupported devotional or mechanical claim.
renaissance_jewellery_mes_circlet_583,Renaissance,Renaissance,Jewellery & devotional,personal adornment,Mesoamerican,circlet,a shell bone circlet,bone,Tiny,Standard,90,44,Era / Renaissance Era; Functions / Worn Items / Jewellery; Functions / Worn Items / Jewellery / Circlets; Market / Jewellery / Standard Jewellery; Culture / Renaissance / Shared / Mesoamerican,Holdable; Wear_Circlet; Destroyable_Misc,Jewellery and devotional work,Scrimshawing,Renaissance personal adornment catalogue; culture admission Mesoamerican; availability Renaissance. Description is form-led and makes no unsupported devotional or mechanical claim.
renaissance_jewellery_mes_diadem_584,Renaissance,Renaissance,Jewellery & devotional,personal adornment,Mesoamerican,diadem,a reed shell diadem,shell,Tiny,Poor,20,53,Era / Renaissance Era; Functions / Worn Items / Jewellery; Functions / Worn Items / Jewellery / Diadems; Market / Jewellery / Standard Jewellery; Culture / Renaissance / Shared / Mesoamerican,Holdable; Wear_Diadem; Destroyable_Misc,Jewellery and devotional work,Scrimshawing,Renaissance personal adornment catalogue; culture admission Mesoamerican; availability Renaissance. Description is form-led and makes no unsupported devotional or mechanical claim.
renaissance_jewellery_mes_waist_chain_585,Renaissance,Renaissance,Jewellery & devotional,personal adornment,Mesoamerican,waist chain,a rosette ivory waist chain,ivory,Tiny,Standard,27,62,Era / Renaissance Era; Functions / Worn Items / Jewellery; Functions / Worn Items / Jewellery / Waist Chains; Market / Jewellery / Standard Jewellery; Culture / Renaissance / Shared / Mesoamerican,Holdable; Wear_Waist_Chain; Destroyable_Misc,Jewellery and devotional work,Scrimshawing,Renaissance personal adornment catalogue; culture admission Mesoamerican; availability Renaissance. Description is form-led and makes no unsupported devotional or mechanical claim.
renaissance_jewellery_mes_belt_ornament_586,Renaissance,Renaissance,Jewellery & devotional,personal adornment,Mesoamerican,belt ornament,a checker pearl belt ornament,pearl,Tiny,Good,34,71,Era / Renaissance Era; Functions / Worn Items / Jewellery; Functions / Worn Items / Jewellery / Belt Ornaments; Market / Jewellery / Standard Jewellery; Culture / Renaissance / Shared / Mesoamerican,Holdable; Wear_Belt_Ornament; Destroyable_Misc,Jewellery and devotional work,Gemcraft,Renaissance personal adornment catalogue; culture admission Mesoamerican; availability Renaissance. Description is form-led and makes no unsupported devotional or mechanical claim.
renaissance_jewellery_mes_badge_587,Renaissance,Renaissance,Jewellery & devotional,personal adornment,Mesoamerican,badge,a braided amber badge,amber,Tiny,Good,41,80,Era / Renaissance Era; Functions / Worn Items / Jewellery; Functions / Worn Items / Jewellery / Badges; Market / Jewellery / Standard Jewellery; Culture / Renaissance / Shared / Mesoamerican,Holdable; Wear_Badge; Destroyable_Misc,Jewellery and devotional work,Gemcraft,Renaissance personal adornment catalogue; culture admission Mesoamerican; availability Renaissance. Description is form-led and makes no unsupported devotional or mechanical claim.
renaissance_jewellery_mes_temple_ring_588,Renaissance,Renaissance,Jewellery & devotional,personal adornment,Mesoamerican,temple ring,a radiating coral temple ring,coral,Tiny,Standard,48,89,Era / Renaissance Era; Functions / Worn Items / Jewellery; Functions / Worn Items / Jewellery / Temple Rings; Market / Jewellery / Standard Jewellery; Culture / Renaissance / Shared / Mesoamerican,Holdable; Wear_Temple_Rings; Destroyable_Misc,Jewellery and devotional work,Scrimshawing,Renaissance personal adornment catalogue; culture admission Mesoamerican; availability Renaissance. Description is form-led and makes no unsupported devotional or mechanical claim.
renaissance_jewellery_mes_torc_589,Renaissance,Renaissance,Jewellery & devotional,personal adornment,Mesoamerican,torc,a leaf-scroll garnet torc,garnet,Tiny,VeryGood,55,98,Era / Renaissance Era; Functions / Worn Items / Jewellery; Functions / Worn Items / Jewellery / Torcs; Market / Jewellery / Standard Jewellery; Culture / Renaissance / Shared / Mesoamerican,Holdable; Wear_Torc; Destroyable_Misc,Jewellery and devotional work,Gemcraft,Renaissance personal adornment catalogue; culture admission Mesoamerican; availability Renaissance. Description is form-led and makes no unsupported devotional or mechanical claim.
renaissance_jewellery_mes_wreath_590,Renaissance,Renaissance,Jewellery & devotional,personal adornment,Mesoamerican,wreath,a sunburst agate wreath,agate,Tiny,Good,62,107,Era / Renaissance Era; Functions / Worn Items / Jewellery; Functions / Worn Items / Jewellery / Wreaths; Market / Jewellery / Standard Jewellery; Culture / Renaissance / Shared / Mesoamerican,Holdable; Wear_Wreath; Destroyable_Misc,Jewellery and devotional work,Gemcraft,Renaissance personal adornment catalogue; culture admission Mesoamerican; availability Renaissance. Description is form-led and makes no unsupported devotional or mechanical claim.
renaissance_jewellery_mes_prayer_beads_591,Renaissance,Renaissance,Jewellery & devotional,personal devotional,Mesoamerican,prayer bead strand,a water-wave carnelian prayer bead strand,carnelian,Tiny,Standard,69,116,Era / Renaissance Era; Functions / Worn Items / Jewellery; Functions / Worn Items / Jewellery / Bead Strings; Market / Jewellery / Standard Jewellery; Functions / Household Items / Household Religious Items; Market / Religious Goods / Devotional Goods; Culture / Renaissance / Shared / Mesoamerican,Holdable; Wear_Necklace; Destroyable_Misc,Jewellery and devotional work,Gemcraft,Renaissance personal devotional catalogue; culture admission Mesoamerican; availability Renaissance. Description is form-led and makes no unsupported devotional or mechanical claim.
renaissance_jewellery_mes_devotional_medal_592,Renaissance,Renaissance,Jewellery & devotional,personal devotional,Mesoamerican,devotional medal,a knotted lapis lazuli devotional medal,lapis lazuli,Tiny,Poor,76,125,Era / Renaissance Era; Functions / Worn Items / Jewellery; Functions / Worn Items / Jewellery / Pendants; Market / Jewellery / Standard Jewellery; Functions / Household Items / Household Religious Items; Market / Religious Goods / Devotional Goods; Culture / Renaissance / Shared / Mesoamerican,Holdable; Wear_Necklace; Destroyable_Misc,Jewellery and devotional work,Gemcraft,Renaissance personal devotional catalogue; culture admission Mesoamerican; availability Renaissance. Description is form-led and makes no unsupported devotional or mechanical claim.
renaissance_jewellery_mes_devotional_badge_593,Renaissance,Renaissance,Jewellery & devotional,personal devotional,Mesoamerican,devotional badge,a flower-head turquoise devotional badge,turquoise,Tiny,Standard,83,134,Era / Renaissance Era; Functions / Worn Items / Jewellery; Functions / Worn Items / Jewellery / Badges; Market / Jewellery / Standard Jewellery; Functions / Household Items / Household Religious Items; Market / Religious Goods / Devotional Goods; Culture / Renaissance / Shared / Mesoamerican,Holdable; Wear_Badge; Destroyable_Misc,Jewellery and devotional work,Gemcraft,Renaissance personal devotional catalogue; culture admission Mesoamerican; availability Renaissance. Description is form-led and makes no unsupported devotional or mechanical claim.
renaissance_jewellery_mes_prayer_cord_594,Renaissance,Renaissance,Jewellery & devotional,personal devotional,Mesoamerican,prayer cord,a star linen prayer cord,linen,Tiny,Good,90,143,Era / Renaissance Era; Functions / Worn Items / Jewellery; Functions / Worn Items / Jewellery / Neck Garlands; Market / Jewellery / Standard Jewellery; Functions / Household Items / Household Religious Items; Market / Religious Goods / Devotional Goods; Culture / Renaissance / Shared / Mesoamerican,Holdable; Wear_Neck_Garland; Destroyable_Clothing,Jewellery and devotional work,Weaving,Renaissance personal devotional catalogue; culture admission Mesoamerican; availability Renaissance. Description is form-led and makes no unsupported devotional or mechanical claim.
renaissance_jewellery_mes_votive_token_595,Renaissance,Renaissance,Jewellery & devotional,institutional devotional,Mesoamerican,votive token,a bird quartz votive token,quartz,Small,Good,20,152,Era / Renaissance Era; Functions / Household Items / Household Religious Items; Market / Religious Goods / Devotional Goods; Culture / Renaissance / Shared / Mesoamerican,Holdable; Destroyable_Misc,Jewellery and devotional work,Gemcraft,Renaissance institutional devotional catalogue; culture admission Mesoamerican; availability Renaissance. Description is form-led and makes no unsupported devotional or mechanical claim.
renaissance_jewellery_mes_scripture_box_596,Renaissance,Renaissance,Jewellery & devotional,institutional devotional,Mesoamerican,small scripture box,a vine faience small scripture box,faience,Small,Standard,27,8,Era / Renaissance Era; Functions / Household Items / Household Religious Items; Market / Religious Goods / Devotional Goods; Culture / Renaissance / Shared / Mesoamerican,Holdable; Destroyable_Glassware,Jewellery and devotional work,Glassworking,Renaissance institutional devotional catalogue; culture admission Mesoamerican; availability Renaissance. Description is form-led and makes no unsupported devotional or mechanical claim.
renaissance_jewellery_mes_offering_bowl_597,Renaissance,Renaissance,Jewellery & devotional,institutional devotional,Mesoamerican,offering bowl,a geometric bronze offering bowl,bronze,Small,VeryGood,34,17,Era / Renaissance Era; Functions / Household Items / Household Religious Items; Market / Religious Goods / Devotional Goods; Culture / Renaissance / Shared / Mesoamerican,Holdable; Destroyable_HeavyMetal,Jewellery and devotional work,Silversmithing,Renaissance institutional devotional catalogue; culture admission Mesoamerican; availability Renaissance. Description is form-led and makes no unsupported devotional or mechanical claim.
renaissance_jewellery_mes_incense_holder_598,Renaissance,Renaissance,Jewellery & devotional,institutional devotional,Mesoamerican,incense holder,a cloud brass incense holder,brass,Small,Good,41,26,Era / Renaissance Era; Functions / Household Items / Household Religious Items; Market / Religious Goods / Devotional Goods; Culture / Renaissance / Shared / Mesoamerican,Holdable; Destroyable_HeavyMetal,Jewellery and devotional work,Silversmithing,Renaissance institutional devotional catalogue; culture admission Mesoamerican; availability Renaissance. Description is form-led and makes no unsupported devotional or mechanical claim.
renaissance_jewellery_mes_portable_panel_599,Renaissance,Renaissance,Jewellery & devotional,institutional devotional,Mesoamerican,small devotional panel,a shell wood small devotional panel,wood,Small,Standard,48,35,Era / Renaissance Era; Functions / Household Items / Household Religious Items; Market / Religious Goods / Devotional Goods; Culture / Renaissance / Shared / Mesoamerican,Holdable; Destroyable_Misc,Jewellery and devotional work,Carpentry,Renaissance institutional devotional catalogue; culture admission Mesoamerican; availability Renaissance. Description is form-led and makes no unsupported devotional or mechanical claim.
renaissance_jewellery_mes_processional_ornament_600,Renaissance,Renaissance,Jewellery & devotional,institutional devotional,Mesoamerican,processional ornament,a reed pewter processional ornament,pewter,Small,Poor,55,44,Era / Renaissance Era; Functions / Household Items / Household Religious Items; Market / Religious Goods / Devotional Goods; Culture / Renaissance / Shared / Mesoamerican,Holdable; Destroyable_HeavyMetal,Jewellery and devotional work,Silversmithing,Renaissance institutional devotional catalogue; culture admission Mesoamerican; availability Renaissance. Description is form-led and makes no unsupported devotional or mechanical claim.
renaissance_jewellery_and_ring_601,Renaissance,Renaissance,Jewellery & devotional,personal adornment,Andean,ring,a shell quartz ring,quartz,Tiny,Standard,62,53,Era / Renaissance Era; Functions / Worn Items / Jewellery; Functions / Worn Items / Jewellery / Rings; Market / Jewellery / Standard Jewellery; Culture / Renaissance / Shared / Andean,Holdable; Wear_Ring; Destroyable_Misc,Jewellery and devotional work,Gemcraft,Renaissance personal adornment catalogue; culture admission Andean; availability Renaissance. Description is form-led and makes no unsupported devotional or mechanical claim.
renaissance_jewellery_and_signet_ring_602,Renaissance,Renaissance,Jewellery & devotional,personal adornment,Andean,ring,a reed faience ring,faience,Tiny,VeryGood,69,62,Era / Renaissance Era; Functions / Worn Items / Jewellery; Functions / Worn Items / Jewellery / Rings; Market / Jewellery / Standard Jewellery; Culture / Renaissance / Shared / Andean,Holdable; Wear_Ring; Destroyable_Glassware,Jewellery and devotional work,Glassworking,Renaissance personal adornment catalogue; culture admission Andean; availability Renaissance. Description is form-led and makes no unsupported devotional or mechanical claim.
renaissance_jewellery_and_pendant_603,Renaissance,Renaissance,Jewellery & devotional,personal adornment,Andean,pendant,a rosette pewter pendant,pewter,Tiny,Good,76,71,Era / Renaissance Era; Functions / Worn Items / Jewellery; Functions / Worn Items / Jewellery / Pendants; Market / Jewellery / Standard Jewellery; Culture / Renaissance / Shared / Andean,Holdable; Wear_Necklace; Destroyable_HeavyMetal,Jewellery and devotional work,Silversmithing,Renaissance personal adornment catalogue; culture admission Andean; availability Renaissance. Description is form-led and makes no unsupported devotional or mechanical claim.
renaissance_jewellery_and_bead_necklace_604,Renaissance,Renaissance,Jewellery & devotional,personal adornment,Andean,necklace,a checker copper necklace,copper,Tiny,Standard,83,80,Era / Renaissance Era; Functions / Worn Items / Jewellery; Functions / Worn Items / Jewellery / Bead Strings; Market / Jewellery / Standard Jewellery; Culture / Renaissance / Shared / Andean,Holdable; Wear_Necklace; Destroyable_HeavyMetal,Jewellery and devotional work,Silversmithing,Renaissance personal adornment catalogue; culture admission Andean; availability Renaissance. Description is form-led and makes no unsupported devotional or mechanical claim.
renaissance_jewellery_and_chain_necklace_605,Renaissance,Renaissance,Jewellery & devotional,personal adornment,Andean,necklace,a braided bronze necklace,bronze,Tiny,VeryGood,90,89,Era / Renaissance Era; Functions / Worn Items / Jewellery; Functions / Worn Items / Jewellery / Necklaces; Market / Jewellery / Standard Jewellery; Culture / Renaissance / Shared / Andean,Holdable; Wear_Necklace; Destroyable_HeavyMetal,Jewellery and devotional work,Silversmithing,Renaissance personal adornment catalogue; culture admission Andean; availability Renaissance. Description is form-led and makes no unsupported devotional or mechanical claim.
renaissance_jewellery_and_bracelet_606,Renaissance,Renaissance,Jewellery & devotional,personal adornment,Andean,bracelet,a radiating silver bracelet,silver,Tiny,Good,20,98,Era / Renaissance Era; Functions / Worn Items / Jewellery; Functions / Worn Items / Jewellery / Bracelets; Market / Jewellery / Standard Jewellery; Culture / Renaissance / Shared / Andean,Holdable; Wear_Bracelet; Destroyable_HeavyMetal,Jewellery and devotional work,Silversmithing,Renaissance personal adornment catalogue; culture admission Andean; availability Renaissance. Description is form-led and makes no unsupported devotional or mechanical claim.
renaissance_jewellery_and_armlet_607,Renaissance,Renaissance,Jewellery & devotional,personal adornment,Andean,armlet,a leaf-scroll gold armlet,gold,Tiny,Standard,27,107,Era / Renaissance Era; Functions / Worn Items / Jewellery; Functions / Worn Items / Jewellery / Armlets; Market / Jewellery / Standard Jewellery; Culture / Renaissance / Shared / Andean,Holdable; Wear_Armlet; Destroyable_HeavyMetal,Jewellery and devotional work,Silversmithing,Renaissance personal adornment catalogue; culture admission Andean; availability Renaissance. Description is form-led and makes no unsupported devotional or mechanical claim.
renaissance_jewellery_and_anklet_608,Renaissance,Renaissance,Jewellery & devotional,personal adornment,Andean,anklet,a sunburst brass anklet,brass,Tiny,Poor,34,116,Era / Renaissance Era; Functions / Worn Items / Jewellery; Functions / Worn Items / Jewellery / Anklets; Market / Jewellery / Standard Jewellery; Culture / Renaissance / Shared / Andean,Holdable; Wear_Anklet; Destroyable_HeavyMetal,Jewellery and devotional work,Silversmithing,Renaissance personal adornment catalogue; culture admission Andean; availability Renaissance. Description is form-led and makes no unsupported devotional or mechanical claim.
renaissance_jewellery_and_earrings_609,Renaissance,Renaissance,Jewellery & devotional,personal adornment,Andean,earrings,a water-wave glass earrings,glass,Tiny,Standard,41,125,Era / Renaissance Era; Functions / Worn Items / Jewellery; Functions / Worn Items / Jewellery / Earrings; Market / Jewellery / Standard Jewellery; Culture / Renaissance / Shared / Andean,Holdable; Wear_Earrings; Destroyable_Glassware,Jewellery and devotional work,Glassworking,Renaissance personal adornment catalogue; culture admission Andean; availability Renaissance. Description is form-led and makes no unsupported devotional or mechanical claim.
renaissance_jewellery_and_brooch_610,Renaissance,Renaissance,Jewellery & devotional,personal adornment,Andean,brooch,a knotted bone brooch,bone,Tiny,Good,48,134,Era / Renaissance Era; Functions / Worn Items / Jewellery; Functions / Worn Items / Jewellery / Brooches; Market / Jewellery / Standard Jewellery; Culture / Renaissance / Shared / Andean,Holdable; Wear_Brooch; Destroyable_Misc,Jewellery and devotional work,Scrimshawing,Renaissance personal adornment catalogue; culture admission Andean; availability Renaissance. Description is form-led and makes no unsupported devotional or mechanical claim.
renaissance_jewellery_and_pin_611,Renaissance,Renaissance,Jewellery & devotional,personal adornment,Andean,pin,a flower-head shell pin,shell,Tiny,Good,55,143,Era / Renaissance Era; Functions / Worn Items / Jewellery; Functions / Worn Items / Jewellery / Pins; Market / Jewellery / Standard Jewellery; Culture / Renaissance / Shared / Andean,Holdable; Wear_Pin; Destroyable_Misc,Jewellery and devotional work,Scrimshawing,Renaissance personal adornment catalogue; culture admission Andean; availability Renaissance. Description is form-led and makes no unsupported devotional or mechanical claim.
renaissance_jewellery_and_hairpin_612,Renaissance,Renaissance,Jewellery & devotional,personal adornment,Andean,hairpin,a star ivory hairpin,ivory,Tiny,Standard,62,152,Era / Renaissance Era; Functions / Worn Items / Jewellery; Functions / Worn Items / Jewellery / Hair Ornaments; Market / Jewellery / Standard Jewellery; Culture / Renaissance / Shared / Andean,Holdable; Wear_Hairpin; Destroyable_Misc,Jewellery and devotional work,Scrimshawing,Renaissance personal adornment catalogue; culture admission Andean; availability Renaissance. Description is form-led and makes no unsupported devotional or mechanical claim.
renaissance_jewellery_and_circlet_613,Renaissance,Renaissance,Jewellery & devotional,personal adornment,Andean,circlet,a bird pearl circlet,pearl,Tiny,VeryGood,69,8,Era / Renaissance Era; Functions / Worn Items / Jewellery; Functions / Worn Items / Jewellery / Circlets; Market / Jewellery / Standard Jewellery; Culture / Renaissance / Shared / Andean,Holdable; Wear_Circlet; Destroyable_Misc,Jewellery and devotional work,Gemcraft,Renaissance personal adornment catalogue; culture admission Andean; availability Renaissance. Description is form-led and makes no unsupported devotional or mechanical claim.
renaissance_jewellery_and_diadem_614,Renaissance,Renaissance,Jewellery & devotional,personal adornment,Andean,diadem,a vine amber diadem,amber,Tiny,Good,76,17,Era / Renaissance Era; Functions / Worn Items / Jewellery; Functions / Worn Items / Jewellery / Diadems; Market / Jewellery / Standard Jewellery; Culture / Renaissance / Shared / Andean,Holdable; Wear_Diadem; Destroyable_Misc,Jewellery and devotional work,Gemcraft,Renaissance personal adornment catalogue; culture admission Andean; availability Renaissance. Description is form-led and makes no unsupported devotional or mechanical claim.
renaissance_jewellery_and_waist_chain_615,Renaissance,Renaissance,Jewellery & devotional,personal adornment,Andean,waist chain,a geometric coral waist chain,coral,Tiny,Standard,83,26,Era / Renaissance Era; Functions / Worn Items / Jewellery; Functions / Worn Items / Jewellery / Waist Chains; Market / Jewellery / Standard Jewellery; Culture / Renaissance / Shared / Andean,Holdable; Wear_Waist_Chain; Destroyable_Misc,Jewellery and devotional work,Scrimshawing,Renaissance personal adornment catalogue; culture admission Andean; availability Renaissance. Description is form-led and makes no unsupported devotional or mechanical claim.
renaissance_jewellery_and_belt_ornament_616,Renaissance,Renaissance,Jewellery & devotional,personal adornment,Andean,belt ornament,a cloud garnet belt ornament,garnet,Tiny,Poor,90,35,Era / Renaissance Era; Functions / Worn Items / Jewellery; Functions / Worn Items / Jewellery / Belt Ornaments; Market / Jewellery / Standard Jewellery; Culture / Renaissance / Shared / Andean,Holdable; Wear_Belt_Ornament; Destroyable_Misc,Jewellery and devotional work,Gemcraft,Renaissance personal adornment catalogue; culture admission Andean; availability Renaissance. Description is form-led and makes no unsupported devotional or mechanical claim.
renaissance_jewellery_and_badge_617,Renaissance,Renaissance,Jewellery & devotional,personal adornment,Andean,badge,a shell agate badge,agate,Tiny,Standard,20,44,Era / Renaissance Era; Functions / Worn Items / Jewellery; Functions / Worn Items / Jewellery / Badges; Market / Jewellery / Standard Jewellery; Culture / Renaissance / Shared / Andean,Holdable; Wear_Badge; Destroyable_Misc,Jewellery and devotional work,Gemcraft,Renaissance personal adornment catalogue; culture admission Andean; availability Renaissance. Description is form-led and makes no unsupported devotional or mechanical claim.
renaissance_jewellery_and_temple_ring_618,Renaissance,Renaissance,Jewellery & devotional,personal adornment,Andean,temple ring,a reed carnelian temple ring,carnelian,Tiny,Good,27,53,Era / Renaissance Era; Functions / Worn Items / Jewellery; Functions / Worn Items / Jewellery / Temple Rings; Market / Jewellery / Standard Jewellery; Culture / Renaissance / Shared / Andean,Holdable; Wear_Temple_Rings; Destroyable_Misc,Jewellery and devotional work,Gemcraft,Renaissance personal adornment catalogue; culture admission Andean; availability Renaissance. Description is form-led and makes no unsupported devotional or mechanical claim.
renaissance_jewellery_and_torc_619,Renaissance,Renaissance,Jewellery & devotional,personal adornment,Andean,torc,a rosette lapis lazuli torc,lapis lazuli,Tiny,Good,34,62,Era / Renaissance Era; Functions / Worn Items / Jewellery; Functions / Worn Items / Jewellery / Torcs; Market / Jewellery / Standard Jewellery; Culture / Renaissance / Shared / Andean,Holdable; Wear_Torc; Destroyable_Misc,Jewellery and devotional work,Gemcraft,Renaissance personal adornment catalogue; culture admission Andean; availability Renaissance. Description is form-led and makes no unsupported devotional or mechanical claim.
renaissance_jewellery_and_wreath_620,Renaissance,Renaissance,Jewellery & devotional,personal adornment,Andean,wreath,a checker turquoise wreath,turquoise,Tiny,Standard,41,71,Era / Renaissance Era; Functions / Worn Items / Jewellery; Functions / Worn Items / Jewellery / Wreaths; Market / Jewellery / Standard Jewellery; Culture / Renaissance / Shared / Andean,Holdable; Wear_Wreath; Destroyable_Misc,Jewellery and devotional work,Gemcraft,Renaissance personal adornment catalogue; culture admission Andean; availability Renaissance. Description is form-led and makes no unsupported devotional or mechanical claim.
renaissance_jewellery_and_prayer_beads_621,Renaissance,Renaissance,Jewellery & devotional,personal devotional,Andean,prayer bead strand,a braided jade prayer bead strand,jade,Tiny,VeryGood,48,80,Era / Renaissance Era; Functions / Worn Items / Jewellery; Functions / Worn Items / Jewellery / Bead Strings; Market / Jewellery / Standard Jewellery; Functions / Household Items / Household Religious Items; Market / Religious Goods / Devotional Goods; Culture / Renaissance / Shared / Andean,Holdable; Wear_Necklace; Destroyable_Misc,Jewellery and devotional work,Gemcraft,Renaissance personal devotional catalogue; culture admission Andean; availability Renaissance. Description is form-led and makes no unsupported devotional or mechanical claim.
renaissance_jewellery_and_devotional_medal_622,Renaissance,Renaissance,Jewellery & devotional,personal devotional,Andean,devotional medal,a radiating quartz devotional medal,quartz,Tiny,Good,55,89,Era / Renaissance Era; Functions / Worn Items / Jewellery; Functions / Worn Items / Jewellery / Pendants; Market / Jewellery / Standard Jewellery; Functions / Household Items / Household Religious Items; Market / Religious Goods / Devotional Goods; Culture / Renaissance / Shared / Andean,Holdable; Wear_Necklace; Destroyable_Misc,Jewellery and devotional work,Gemcraft,Renaissance personal devotional catalogue; culture admission Andean; availability Renaissance. Description is form-led and makes no unsupported devotional or mechanical claim.
renaissance_jewellery_and_devotional_badge_623,Renaissance,Renaissance,Jewellery & devotional,personal devotional,Andean,devotional badge,a leaf-scroll faience devotional badge,faience,Tiny,Standard,62,98,Era / Renaissance Era; Functions / Worn Items / Jewellery; Functions / Worn Items / Jewellery / Badges; Market / Jewellery / Standard Jewellery; Functions / Household Items / Household Religious Items; Market / Religious Goods / Devotional Goods; Culture / Renaissance / Shared / Andean,Holdable; Wear_Badge; Destroyable_Glassware,Jewellery and devotional work,Glassworking,Renaissance personal devotional catalogue; culture admission Andean; availability Renaissance. Description is form-led and makes no unsupported devotional or mechanical claim.
renaissance_jewellery_and_prayer_cord_624,Renaissance,Renaissance,Jewellery & devotional,personal devotional,Andean,prayer cord,a sunburst linen prayer cord,linen,Tiny,Poor,69,107,Era / Renaissance Era; Functions / Worn Items / Jewellery; Functions / Worn Items / Jewellery / Neck Garlands; Market / Jewellery / Standard Jewellery; Functions / Household Items / Household Religious Items; Market / Religious Goods / Devotional Goods; Culture / Renaissance / Shared / Andean,Holdable; Wear_Neck_Garland; Destroyable_Clothing,Jewellery and devotional work,Weaving,Renaissance personal devotional catalogue; culture admission Andean; availability Renaissance. Description is form-led and makes no unsupported devotional or mechanical claim.
renaissance_jewellery_and_votive_token_625,Renaissance,Renaissance,Jewellery & devotional,institutional devotional,Andean,votive token,a water-wave copper votive token,copper,Small,Standard,76,116,Era / Renaissance Era; Functions / Household Items / Household Religious Items; Market / Religious Goods / Devotional Goods; Culture / Renaissance / Shared / Andean,Holdable; Destroyable_HeavyMetal,Jewellery and devotional work,Silversmithing,Renaissance institutional devotional catalogue; culture admission Andean; availability Renaissance. Description is form-led and makes no unsupported devotional or mechanical claim.
renaissance_jewellery_and_scripture_box_626,Renaissance,Renaissance,Jewellery & devotional,institutional devotional,Andean,small scripture box,a knotted bronze small scripture box,bronze,Small,Good,83,125,Era / Renaissance Era; Functions / Household Items / Household Religious Items; Market / Religious Goods / Devotional Goods; Culture / Renaissance / Shared / Andean,Holdable; Destroyable_HeavyMetal,Jewellery and devotional work,Silversmithing,Renaissance institutional devotional catalogue; culture admission Andean; availability Renaissance. Description is form-led and makes no unsupported devotional or mechanical claim.
renaissance_jewellery_and_offering_bowl_627,Renaissance,Renaissance,Jewellery & devotional,institutional devotional,Andean,offering bowl,a flower-head silver offering bowl,silver,Small,Good,90,134,Era / Renaissance Era; Functions / Household Items / Household Religious Items; Market / Religious Goods / Devotional Goods; Culture / Renaissance / Shared / Andean,Holdable; Destroyable_HeavyMetal,Jewellery and devotional work,Silversmithing,Renaissance institutional devotional catalogue; culture admission Andean; availability Renaissance. Description is form-led and makes no unsupported devotional or mechanical claim.
renaissance_jewellery_and_incense_holder_628,Renaissance,Renaissance,Jewellery & devotional,institutional devotional,Andean,incense holder,a star pewter incense holder,pewter,Small,Standard,20,143,Era / Renaissance Era; Functions / Household Items / Household Religious Items; Market / Religious Goods / Devotional Goods; Culture / Renaissance / Shared / Andean,Holdable; Destroyable_HeavyMetal,Jewellery and devotional work,Silversmithing,Renaissance institutional devotional catalogue; culture admission Andean; availability Renaissance. Description is form-led and makes no unsupported devotional or mechanical claim.
renaissance_jewellery_and_portable_panel_629,Renaissance,Renaissance,Jewellery & devotional,institutional devotional,Andean,small devotional panel,a bird wood small devotional panel,wood,Small,VeryGood,27,152,Era / Renaissance Era; Functions / Household Items / Household Religious Items; Market / Religious Goods / Devotional Goods; Culture / Renaissance / Shared / Andean,Holdable; Destroyable_Misc,Jewellery and devotional work,Carpentry,Renaissance institutional devotional catalogue; culture admission Andean; availability Renaissance. Description is form-led and makes no unsupported devotional or mechanical claim.
renaissance_jewellery_and_processional_ornament_630,Renaissance,Renaissance,Jewellery & devotional,institutional devotional,Andean,processional ornament,a vine brass processional ornament,brass,Small,Good,34,8,Era / Renaissance Era; Functions / Household Items / Household Religious Items; Market / Religious Goods / Devotional Goods; Culture / Renaissance / Shared / Andean,Holdable; Destroyable_HeavyMetal,Jewellery and devotional work,Silversmithing,Renaissance institutional devotional catalogue; culture admission Andean; availability Renaissance. Description is form-led and makes no unsupported devotional or mechanical claim.
renaissance_jewellery_car_ring_631,Renaissance,Renaissance,Jewellery & devotional,personal adornment,Caribbean Contact,ring,a cloud jade ring,jade,Tiny,Standard,41,17,Era / Renaissance Era; Functions / Worn Items / Jewellery; Functions / Worn Items / Jewellery / Rings; Market / Jewellery / Standard Jewellery; Culture / Renaissance / Shared / Caribbean Contact,Holdable; Wear_Ring; Destroyable_Misc,Jewellery and devotional work,Gemcraft,Renaissance personal adornment catalogue; culture admission Caribbean Contact; availability Renaissance. Description is form-led and makes no unsupported devotional or mechanical claim.
renaissance_jewellery_car_signet_ring_632,Renaissance,Renaissance,Jewellery & devotional,personal adornment,Caribbean Contact,ring,a shell quartz ring,quartz,Tiny,VeryGood,48,26,Era / Renaissance Era; Functions / Worn Items / Jewellery; Functions / Worn Items / Jewellery / Rings; Market / Jewellery / Standard Jewellery; Culture / Renaissance / Shared / Caribbean Contact,Holdable; Wear_Ring; Destroyable_Misc,Jewellery and devotional work,Gemcraft,Renaissance personal adornment catalogue; culture admission Caribbean Contact; availability Renaissance. Description is form-led and makes no unsupported devotional or mechanical claim.
renaissance_jewellery_car_pendant_633,Renaissance,Renaissance,Jewellery & devotional,personal adornment,Caribbean Contact,pendant,a reed faience pendant,faience,Tiny,Standard,55,35,Era / Renaissance Era; Functions / Worn Items / Jewellery; Functions / Worn Items / Jewellery / Pendants; Market / Jewellery / Standard Jewellery; Culture / Renaissance / Shared / Caribbean Contact,Holdable; Wear_Necklace; Destroyable_Glassware,Jewellery and devotional work,Glassworking,Renaissance personal adornment catalogue; culture admission Caribbean Contact; availability Renaissance. Description is form-led and makes no unsupported devotional or mechanical claim.
renaissance_jewellery_car_bead_necklace_634,Renaissance,Renaissance,Jewellery & devotional,personal adornment,Caribbean Contact,necklace,a rosette pewter necklace,pewter,Tiny,Good,62,44,Era / Renaissance Era; Functions / Worn Items / Jewellery; Functions / Worn Items / Jewellery / Bead Strings; Market / Jewellery / Standard Jewellery; Culture / Renaissance / Shared / Caribbean Contact,Holdable; Wear_Necklace; Destroyable_HeavyMetal,Jewellery and devotional work,Silversmithing,Renaissance personal adornment catalogue; culture admission Caribbean Contact; availability Renaissance. Description is form-led and makes no unsupported devotional or mechanical claim.
renaissance_jewellery_car_chain_necklace_635,Renaissance,Renaissance,Jewellery & devotional,personal adornment,Caribbean Contact,necklace,a checker copper necklace,copper,Tiny,Good,69,53,Era / Renaissance Era; Functions / Worn Items / Jewellery; Functions / Worn Items / Jewellery / Necklaces; Market / Jewellery / Standard Jewellery; Culture / Renaissance / Shared / Caribbean Contact,Holdable; Wear_Necklace; Destroyable_HeavyMetal,Jewellery and devotional work,Silversmithing,Renaissance personal adornment catalogue; culture admission Caribbean Contact; availability Renaissance. Description is form-led and makes no unsupported devotional or mechanical claim.
renaissance_jewellery_car_bracelet_636,Renaissance,Renaissance,Jewellery & devotional,personal adornment,Caribbean Contact,bracelet,a braided bronze bracelet,bronze,Tiny,Standard,76,62,Era / Renaissance Era; Functions / Worn Items / Jewellery; Functions / Worn Items / Jewellery / Bracelets; Market / Jewellery / Standard Jewellery; Culture / Renaissance / Shared / Caribbean Contact,Holdable; Wear_Bracelet; Destroyable_HeavyMetal,Jewellery and devotional work,Silversmithing,Renaissance personal adornment catalogue; culture admission Caribbean Contact; availability Renaissance. Description is form-led and makes no unsupported devotional or mechanical claim.
renaissance_jewellery_car_armlet_637,Renaissance,Renaissance,Jewellery & devotional,personal adornment,Caribbean Contact,armlet,a radiating silver armlet,silver,Tiny,VeryGood,83,71,Era / Renaissance Era; Functions / Worn Items / Jewellery; Functions / Worn Items / Jewellery / Armlets; Market / Jewellery / Standard Jewellery; Culture / Renaissance / Shared / Caribbean Contact,Holdable; Wear_Armlet; Destroyable_HeavyMetal,Jewellery and devotional work,Silversmithing,Renaissance personal adornment catalogue; culture admission Caribbean Contact; availability Renaissance. Description is form-led and makes no unsupported devotional or mechanical claim.
renaissance_jewellery_car_anklet_638,Renaissance,Renaissance,Jewellery & devotional,personal adornment,Caribbean Contact,anklet,a leaf-scroll gold anklet,gold,Tiny,Good,90,80,Era / Renaissance Era; Functions / Worn Items / Jewellery; Functions / Worn Items / Jewellery / Anklets; Market / Jewellery / Standard Jewellery; Culture / Renaissance / Shared / Caribbean Contact,Holdable; Wear_Anklet; Destroyable_HeavyMetal,Jewellery and devotional work,Silversmithing,Renaissance personal adornment catalogue; culture admission Caribbean Contact; availability Renaissance. Description is form-led and makes no unsupported devotional or mechanical claim.
renaissance_jewellery_car_earrings_639,Renaissance,Renaissance,Jewellery & devotional,personal adornment,Caribbean Contact,earrings,a sunburst brass earrings,brass,Tiny,Standard,20,89,Era / Renaissance Era; Functions / Worn Items / Jewellery; Functions / Worn Items / Jewellery / Earrings; Market / Jewellery / Standard Jewellery; Culture / Renaissance / Shared / Caribbean Contact,Holdable; Wear_Earrings; Destroyable_HeavyMetal,Jewellery and devotional work,Silversmithing,Renaissance personal adornment catalogue; culture admission Caribbean Contact; availability Renaissance. Description is form-led and makes no unsupported devotional or mechanical claim.
renaissance_jewellery_car_brooch_640,Renaissance,Renaissance,Jewellery & devotional,personal adornment,Caribbean Contact,brooch,a water-wave glass brooch,glass,Tiny,Poor,27,98,Era / Renaissance Era; Functions / Worn Items / Jewellery; Functions / Worn Items / Jewellery / Brooches; Market / Jewellery / Standard Jewellery; Culture / Renaissance / Shared / Caribbean Contact,Holdable; Wear_Brooch; Destroyable_Glassware,Jewellery and devotional work,Glassworking,Renaissance personal adornment catalogue; culture admission Caribbean Contact; availability Renaissance. Description is form-led and makes no unsupported devotional or mechanical claim.
renaissance_jewellery_car_pin_641,Renaissance,Renaissance,Jewellery & devotional,personal adornment,Caribbean Contact,pin,a knotted bone pin,bone,Tiny,Standard,34,107,Era / Renaissance Era; Functions / Worn Items / Jewellery; Functions / Worn Items / Jewellery / Pins; Market / Jewellery / Standard Jewellery; Culture / Renaissance / Shared / Caribbean Contact,Holdable; Wear_Pin; Destroyable_Misc,Jewellery and devotional work,Scrimshawing,Renaissance personal adornment catalogue; culture admission Caribbean Contact; availability Renaissance. Description is form-led and makes no unsupported devotional or mechanical claim.
renaissance_jewellery_car_hairpin_642,Renaissance,Renaissance,Jewellery & devotional,personal adornment,Caribbean Contact,hairpin,a flower-head shell hairpin,shell,Tiny,Good,41,116,Era / Renaissance Era; Functions / Worn Items / Jewellery; Functions / Worn Items / Jewellery / Hair Ornaments; Market / Jewellery / Standard Jewellery; Culture / Renaissance / Shared / Caribbean Contact,Holdable; Wear_Hairpin; Destroyable_Misc,Jewellery and devotional work,Scrimshawing,Renaissance personal adornment catalogue; culture admission Caribbean Contact; availability Renaissance. Description is form-led and makes no unsupported devotional or mechanical claim.
renaissance_jewellery_car_circlet_643,Renaissance,Renaissance,Jewellery & devotional,personal adornment,Caribbean Contact,circlet,a star ivory circlet,ivory,Tiny,Good,48,125,Era / Renaissance Era; Functions / Worn Items / Jewellery; Functions / Worn Items / Jewellery / Circlets; Market / Jewellery / Standard Jewellery; Culture / Renaissance / Shared / Caribbean Contact,Holdable; Wear_Circlet; Destroyable_Misc,Jewellery and devotional work,Scrimshawing,Renaissance personal adornment catalogue; culture admission Caribbean Contact; availability Renaissance. Description is form-led and makes no unsupported devotional or mechanical claim.
renaissance_jewellery_car_diadem_644,Renaissance,Renaissance,Jewellery & devotional,personal adornment,Caribbean Contact,diadem,a bird pearl diadem,pearl,Tiny,Standard,55,134,Era / Renaissance Era; Functions / Worn Items / Jewellery; Functions / Worn Items / Jewellery / Diadems; Market / Jewellery / Standard Jewellery; Culture / Renaissance / Shared / Caribbean Contact,Holdable; Wear_Diadem; Destroyable_Misc,Jewellery and devotional work,Gemcraft,Renaissance personal adornment catalogue; culture admission Caribbean Contact; availability Renaissance. Description is form-led and makes no unsupported devotional or mechanical claim.
renaissance_jewellery_car_waist_chain_645,Renaissance,Renaissance,Jewellery & devotional,personal adornment,Caribbean Contact,waist chain,a vine amber waist chain,amber,Tiny,VeryGood,62,143,Era / Renaissance Era; Functions / Worn Items / Jewellery; Functions / Worn Items / Jewellery / Waist Chains; Market / Jewellery / Standard Jewellery; Culture / Renaissance / Shared / Caribbean Contact,Holdable; Wear_Waist_Chain; Destroyable_Misc,Jewellery and devotional work,Gemcraft,Renaissance personal adornment catalogue; culture admission Caribbean Contact; availability Renaissance. Description is form-led and makes no unsupported devotional or mechanical claim.
renaissance_jewellery_car_belt_ornament_646,Renaissance,Renaissance,Jewellery & devotional,personal adornment,Caribbean Contact,belt ornament,a geometric coral belt ornament,coral,Tiny,Good,69,152,Era / Renaissance Era; Functions / Worn Items / Jewellery; Functions / Worn Items / Jewellery / Belt Ornaments; Market / Jewellery / Standard Jewellery; Culture / Renaissance / Shared / Caribbean Contact,Holdable; Wear_Belt_Ornament; Destroyable_Misc,Jewellery and devotional work,Scrimshawing,Renaissance personal adornment catalogue; culture admission Caribbean Contact; availability Renaissance. Description is form-led and makes no unsupported devotional or mechanical claim.
renaissance_jewellery_car_badge_647,Renaissance,Renaissance,Jewellery & devotional,personal adornment,Caribbean Contact,badge,a cloud garnet badge,garnet,Tiny,Standard,76,8,Era / Renaissance Era; Functions / Worn Items / Jewellery; Functions / Worn Items / Jewellery / Badges; Market / Jewellery / Standard Jewellery; Culture / Renaissance / Shared / Caribbean Contact,Holdable; Wear_Badge; Destroyable_Misc,Jewellery and devotional work,Gemcraft,Renaissance personal adornment catalogue; culture admission Caribbean Contact; availability Renaissance. Description is form-led and makes no unsupported devotional or mechanical claim.
renaissance_jewellery_car_temple_ring_648,Renaissance,Renaissance,Jewellery & devotional,personal adornment,Caribbean Contact,temple ring,a shell agate temple ring,agate,Tiny,Poor,83,17,Era / Renaissance Era; Functions / Worn Items / Jewellery; Functions / Worn Items / Jewellery / Temple Rings; Market / Jewellery / Standard Jewellery; Culture / Renaissance / Shared / Caribbean Contact,Holdable; Wear_Temple_Rings; Destroyable_Misc,Jewellery and devotional work,Gemcraft,Renaissance personal adornment catalogue; culture admission Caribbean Contact; availability Renaissance. Description is form-led and makes no unsupported devotional or mechanical claim.
renaissance_jewellery_car_torc_649,Renaissance,Renaissance,Jewellery & devotional,personal adornment,Caribbean Contact,torc,a reed carnelian torc,carnelian,Tiny,Standard,90,26,Era / Renaissance Era; Functions / Worn Items / Jewellery; Functions / Worn Items / Jewellery / Torcs; Market / Jewellery / Standard Jewellery; Culture / Renaissance / Shared / Caribbean Contact,Holdable; Wear_Torc; Destroyable_Misc,Jewellery and devotional work,Gemcraft,Renaissance personal adornment catalogue; culture admission Caribbean Contact; availability Renaissance. Description is form-led and makes no unsupported devotional or mechanical claim.
renaissance_jewellery_car_wreath_650,Renaissance,Renaissance,Jewellery & devotional,personal adornment,Caribbean Contact,wreath,a rosette lapis lazuli wreath,lapis lazuli,Tiny,Good,20,35,Era / Renaissance Era; Functions / Worn Items / Jewellery; Functions / Worn Items / Jewellery / Wreaths; Market / Jewellery / Standard Jewellery; Culture / Renaissance / Shared / Caribbean Contact,Holdable; Wear_Wreath; Destroyable_Misc,Jewellery and devotional work,Gemcraft,Renaissance personal adornment catalogue; culture admission Caribbean Contact; availability Renaissance. Description is form-led and makes no unsupported devotional or mechanical claim.
renaissance_jewellery_car_prayer_beads_651,Renaissance,Renaissance,Jewellery & devotional,personal devotional,Caribbean Contact,prayer bead strand,a checker turquoise prayer bead strand,turquoise,Tiny,Good,27,44,Era / Renaissance Era; Functions / Worn Items / Jewellery; Functions / Worn Items / Jewellery / Bead Strings; Market / Jewellery / Standard Jewellery; Functions / Household Items / Household Religious Items; Market / Religious Goods / Devotional Goods; Culture / Renaissance / Shared / Caribbean Contact,Holdable; Wear_Necklace; Destroyable_Misc,Jewellery and devotional work,Gemcraft,Renaissance personal devotional catalogue; culture admission Caribbean Contact; availability Renaissance. Description is form-led and makes no unsupported devotional or mechanical claim.
renaissance_jewellery_car_devotional_medal_652,Renaissance,Renaissance,Jewellery & devotional,personal devotional,Caribbean Contact,devotional medal,a braided jade devotional medal,jade,Tiny,Standard,34,53,Era / Renaissance Era; Functions / Worn Items / Jewellery; Functions / Worn Items / Jewellery / Pendants; Market / Jewellery / Standard Jewellery; Functions / Household Items / Household Religious Items; Market / Religious Goods / Devotional Goods; Culture / Renaissance / Shared / Caribbean Contact,Holdable; Wear_Necklace; Destroyable_Misc,Jewellery and devotional work,Gemcraft,Renaissance personal devotional catalogue; culture admission Caribbean Contact; availability Renaissance. Description is form-led and makes no unsupported devotional or mechanical claim.
renaissance_jewellery_car_devotional_badge_653,Renaissance,Renaissance,Jewellery & devotional,personal devotional,Caribbean Contact,devotional badge,a radiating quartz devotional badge,quartz,Tiny,VeryGood,41,62,Era / Renaissance Era; Functions / Worn Items / Jewellery; Functions / Worn Items / Jewellery / Badges; Market / Jewellery / Standard Jewellery; Functions / Household Items / Household Religious Items; Market / Religious Goods / Devotional Goods; Culture / Renaissance / Shared / Caribbean Contact,Holdable; Wear_Badge; Destroyable_Misc,Jewellery and devotional work,Gemcraft,Renaissance personal devotional catalogue; culture admission Caribbean Contact; availability Renaissance. Description is form-led and makes no unsupported devotional or mechanical claim.
renaissance_jewellery_car_prayer_cord_654,Renaissance,Renaissance,Jewellery & devotional,personal devotional,Caribbean Contact,prayer cord,a leaf-scroll linen prayer cord,linen,Tiny,Good,48,71,Era / Renaissance Era; Functions / Worn Items / Jewellery; Functions / Worn Items / Jewellery / Neck Garlands; Market / Jewellery / Standard Jewellery; Functions / Household Items / Household Religious Items; Market / Religious Goods / Devotional Goods; Culture / Renaissance / Shared / Caribbean Contact,Holdable; Wear_Neck_Garland; Destroyable_Clothing,Jewellery and devotional work,Weaving,Renaissance personal devotional catalogue; culture admission Caribbean Contact; availability Renaissance. Description is form-led and makes no unsupported devotional or mechanical claim.
renaissance_jewellery_car_votive_token_655,Renaissance,Renaissance,Jewellery & devotional,institutional devotional,Caribbean Contact,votive token,a sunburst pewter votive token,pewter,Small,Standard,55,80,Era / Renaissance Era; Functions / Household Items / Household Religious Items; Market / Religious Goods / Devotional Goods; Culture / Renaissance / Shared / Caribbean Contact,Holdable; Destroyable_HeavyMetal,Jewellery and devotional work,Silversmithing,Renaissance institutional devotional catalogue; culture admission Caribbean Contact; availability Renaissance. Description is form-led and makes no unsupported devotional or mechanical claim.
renaissance_jewellery_car_scripture_box_656,Renaissance,Renaissance,Jewellery & devotional,institutional devotional,Caribbean Contact,small scripture box,a water-wave copper small scripture box,copper,Small,Poor,62,89,Era / Renaissance Era; Functions / Household Items / Household Religious Items; Market / Religious Goods / Devotional Goods; Culture / Renaissance / Shared / Caribbean Contact,Holdable; Destroyable_HeavyMetal,Jewellery and devotional work,Silversmithing,Renaissance institutional devotional catalogue; culture admission Caribbean Contact; availability Renaissance. Description is form-led and makes no unsupported devotional or mechanical claim.
renaissance_jewellery_car_offering_bowl_657,Renaissance,Renaissance,Jewellery & devotional,institutional devotional,Caribbean Contact,offering bowl,a knotted bronze offering bowl,bronze,Small,Standard,69,98,Era / Renaissance Era; Functions / Household Items / Household Religious Items; Market / Religious Goods / Devotional Goods; Culture / Renaissance / Shared / Caribbean Contact,Holdable; Destroyable_HeavyMetal,Jewellery and devotional work,Silversmithing,Renaissance institutional devotional catalogue; culture admission Caribbean Contact; availability Renaissance. Description is form-led and makes no unsupported devotional or mechanical claim.
renaissance_jewellery_car_incense_holder_658,Renaissance,Renaissance,Jewellery & devotional,institutional devotional,Caribbean Contact,incense holder,a flower-head brass incense holder,brass,Small,Good,76,107,Era / Renaissance Era; Functions / Household Items / Household Religious Items; Market / Religious Goods / Devotional Goods; Culture / Renaissance / Shared / Caribbean Contact,Holdable; Destroyable_HeavyMetal,Jewellery and devotional work,Silversmithing,Renaissance institutional devotional catalogue; culture admission Caribbean Contact; availability Renaissance. Description is form-led and makes no unsupported devotional or mechanical claim.
renaissance_jewellery_car_portable_panel_659,Renaissance,Renaissance,Jewellery & devotional,institutional devotional,Caribbean Contact,small devotional panel,a star wood small devotional panel,wood,Small,Good,83,116,Era / Renaissance Era; Functions / Household Items / Household Religious Items; Market / Religious Goods / Devotional Goods; Culture / Renaissance / Shared / Caribbean Contact,Holdable; Destroyable_Misc,Jewellery and devotional work,Carpentry,Renaissance institutional devotional catalogue; culture admission Caribbean Contact; availability Renaissance. Description is form-led and makes no unsupported devotional or mechanical claim.
renaissance_jewellery_car_processional_ornament_660,Renaissance,Renaissance,Jewellery & devotional,institutional devotional,Caribbean Contact,processional ornament,a bird pewter processional ornament,pewter,Small,Standard,90,125,Era / Renaissance Era; Functions / Household Items / Household Religious Items; Market / Religious Goods / Devotional Goods; Culture / Renaissance / Shared / Caribbean Contact,Holdable; Destroyable_HeavyMetal,Jewellery and devotional work,Silversmithing,Renaissance institutional devotional catalogue; culture admission Caribbean Contact; availability Renaissance. Description is form-led and makes no unsupported devotional or mechanical claim.
renaissance_jewellery_nac_ring_661,Renaissance,Renaissance,Jewellery & devotional,personal adornment,North American Contact,ring,a bird amber ring,amber,Tiny,VeryGood,20,134,Era / Renaissance Era; Functions / Worn Items / Jewellery; Functions / Worn Items / Jewellery / Rings; Market / Jewellery / Standard Jewellery; Culture / Renaissance / Shared / North American Contact,Holdable; Wear_Ring; Destroyable_Misc,Jewellery and devotional work,Gemcraft,Renaissance personal adornment catalogue; culture admission North American Contact; availability Renaissance. Description is form-led and makes no unsupported devotional or mechanical claim.
renaissance_jewellery_nac_signet_ring_662,Renaissance,Renaissance,Jewellery & devotional,personal adornment,North American Contact,ring,a vine coral ring,coral,Tiny,VeryGood,27,143,Era / Renaissance Era; Functions / Worn Items / Jewellery; Functions / Worn Items / Jewellery / Rings; Market / Jewellery / Standard Jewellery; Culture / Renaissance / Shared / North American Contact,Holdable; Wear_Ring; Destroyable_Misc,Jewellery and devotional work,Scrimshawing,Renaissance personal adornment catalogue; culture admission North American Contact; availability Renaissance. Description is form-led and makes no unsupported devotional or mechanical claim.
renaissance_jewellery_nac_pendant_663,Renaissance,Renaissance,Jewellery & devotional,personal adornment,North American Contact,pendant,a geometric garnet pendant,garnet,Tiny,Standard,34,152,Era / Renaissance Era; Functions / Worn Items / Jewellery; Functions / Worn Items / Jewellery / Pendants; Market / Jewellery / Standard Jewellery; Culture / Renaissance / Shared / North American Contact,Holdable; Wear_Necklace; Destroyable_Misc,Jewellery and devotional work,Gemcraft,Renaissance personal adornment catalogue; culture admission North American Contact; availability Renaissance. Description is form-led and makes no unsupported devotional or mechanical claim.
renaissance_jewellery_nac_bead_necklace_664,Renaissance,Renaissance,Jewellery & devotional,personal adornment,North American Contact,necklace,a cloud agate necklace,agate,Tiny,Poor,41,8,Era / Renaissance Era; Functions / Worn Items / Jewellery; Functions / Worn Items / Jewellery / Bead Strings; Market / Jewellery / Standard Jewellery; Culture / Renaissance / Shared / North American Contact,Holdable; Wear_Necklace; Destroyable_Misc,Jewellery and devotional work,Gemcraft,Renaissance personal adornment catalogue; culture admission North American Contact; availability Renaissance. Description is form-led and makes no unsupported devotional or mechanical claim.
renaissance_jewellery_nac_chain_necklace_665,Renaissance,Renaissance,Jewellery & devotional,personal adornment,North American Contact,necklace,a shell carnelian necklace,carnelian,Tiny,Standard,48,17,Era / Renaissance Era; Functions / Worn Items / Jewellery; Functions / Worn Items / Jewellery / Necklaces; Market / Jewellery / Standard Jewellery; Culture / Renaissance / Shared / North American Contact,Holdable; Wear_Necklace; Destroyable_Misc,Jewellery and devotional work,Gemcraft,Renaissance personal adornment catalogue; culture admission North American Contact; availability Renaissance. Description is form-led and makes no unsupported devotional or mechanical claim.
renaissance_jewellery_nac_bracelet_666,Renaissance,Renaissance,Jewellery & devotional,personal adornment,North American Contact,bracelet,a reed lapis lazuli bracelet,lapis lazuli,Tiny,Good,55,26,Era / Renaissance Era; Functions / Worn Items / Jewellery; Functions / Worn Items / Jewellery / Bracelets; Market / Jewellery / Standard Jewellery; Culture / Renaissance / Shared / North American Contact,Holdable; Wear_Bracelet; Destroyable_Misc,Jewellery and devotional work,Gemcraft,Renaissance personal adornment catalogue; culture admission North American Contact; availability Renaissance. Description is form-led and makes no unsupported devotional or mechanical claim.
renaissance_jewellery_nac_armlet_667,Renaissance,Renaissance,Jewellery & devotional,personal adornment,North American Contact,armlet,a rosette turquoise armlet,turquoise,Tiny,Good,62,35,Era / Renaissance Era; Functions / Worn Items / Jewellery; Functions / Worn Items / Jewellery / Armlets; Market / Jewellery / Standard Jewellery; Culture / Renaissance / Shared / North American Contact,Holdable; Wear_Armlet; Destroyable_Misc,Jewellery and devotional work,Gemcraft,Renaissance personal adornment catalogue; culture admission North American Contact; availability Renaissance. Description is form-led and makes no unsupported devotional or mechanical claim.
renaissance_jewellery_nac_anklet_668,Renaissance,Renaissance,Jewellery & devotional,personal adornment,North American Contact,anklet,a checker jade anklet,jade,Tiny,Standard,69,44,Era / Renaissance Era; Functions / Worn Items / Jewellery; Functions / Worn Items / Jewellery / Anklets; Market / Jewellery / Standard Jewellery; Culture / Renaissance / Shared / North American Contact,Holdable; Wear_Anklet; Destroyable_Misc,Jewellery and devotional work,Gemcraft,Renaissance personal adornment catalogue; culture admission North American Contact; availability Renaissance. Description is form-led and makes no unsupported devotional or mechanical claim.
renaissance_jewellery_nac_earrings_669,Renaissance,Renaissance,Jewellery & devotional,personal adornment,North American Contact,earrings,a braided quartz earrings,quartz,Tiny,VeryGood,76,53,Era / Renaissance Era; Functions / Worn Items / Jewellery; Functions / Worn Items / Jewellery / Earrings; Market / Jewellery / Standard Jewellery; Culture / Renaissance / Shared / North American Contact,Holdable; Wear_Earrings; Destroyable_Misc,Jewellery and devotional work,Gemcraft,Renaissance personal adornment catalogue; culture admission North American Contact; availability Renaissance. Description is form-led and makes no unsupported devotional or mechanical claim.
renaissance_jewellery_nac_brooch_670,Renaissance,Renaissance,Jewellery & devotional,personal adornment,North American Contact,brooch,a radiating faience brooch,faience,Tiny,Good,83,62,Era / Renaissance Era; Functions / Worn Items / Jewellery; Functions / Worn Items / Jewellery / Brooches; Market / Jewellery / Standard Jewellery; Culture / Renaissance / Shared / North American Contact,Holdable; Wear_Brooch; Destroyable_Glassware,Jewellery and devotional work,Glassworking,Renaissance personal adornment catalogue; culture admission North American Contact; availability Renaissance. Description is form-led and makes no unsupported devotional or mechanical claim.
renaissance_jewellery_nac_pin_671,Renaissance,Renaissance,Jewellery & devotional,personal adornment,North American Contact,pin,a leaf-scroll pewter pin,pewter,Tiny,Standard,90,71,Era / Renaissance Era; Functions / Worn Items / Jewellery; Functions / Worn Items / Jewellery / Pins; Market / Jewellery / Standard Jewellery; Culture / Renaissance / Shared / North American Contact,Holdable; Wear_Pin; Destroyable_HeavyMetal,Jewellery and devotional work,Silversmithing,Renaissance personal adornment catalogue; culture admission North American Contact; availability Renaissance. Description is form-led and makes no unsupported devotional or mechanical claim.
renaissance_jewellery_nac_hairpin_672,Renaissance,Renaissance,Jewellery & devotional,personal adornment,North American Contact,hairpin,a sunburst copper hairpin,copper,Tiny,Poor,20,80,Era / Renaissance Era; Functions / Worn Items / Jewellery; Functions / Worn Items / Jewellery / Hair Ornaments; Market / Jewellery / Standard Jewellery; Culture / Renaissance / Shared / North American Contact,Holdable; Wear_Hairpin; Destroyable_HeavyMetal,Jewellery and devotional work,Silversmithing,Renaissance personal adornment catalogue; culture admission North American Contact; availability Renaissance. Description is form-led and makes no unsupported devotional or mechanical claim.
renaissance_jewellery_nac_circlet_673,Renaissance,Renaissance,Jewellery & devotional,personal adornment,North American Contact,circlet,a water-wave bronze circlet,bronze,Tiny,Standard,27,89,Era / Renaissance Era; Functions / Worn Items / Jewellery; Functions / Worn Items / Jewellery / Circlets; Market / Jewellery / Standard Jewellery; Culture / Renaissance / Shared / North American Contact,Holdable; Wear_Circlet; Destroyable_HeavyMetal,Jewellery and devotional work,Silversmithing,Renaissance personal adornment catalogue; culture admission North American Contact; availability Renaissance. Description is form-led and makes no unsupported devotional or mechanical claim.
renaissance_jewellery_nac_diadem_674,Renaissance,Renaissance,Jewellery & devotional,personal adornment,North American Contact,diadem,a knotted silver diadem,silver,Tiny,Good,34,98,Era / Renaissance Era; Functions / Worn Items / Jewellery; Functions / Worn Items / Jewellery / Diadems; Market / Jewellery / Standard Jewellery; Culture / Renaissance / Shared / North American Contact,Holdable; Wear_Diadem; Destroyable_HeavyMetal,Jewellery and devotional work,Silversmithing,Renaissance personal adornment catalogue; culture admission North American Contact; availability Renaissance. Description is form-led and makes no unsupported devotional or mechanical claim.
renaissance_jewellery_nac_waist_chain_675,Renaissance,Renaissance,Jewellery & devotional,personal adornment,North American Contact,waist chain,a flower-head gold waist chain,gold,Tiny,Good,41,107,Era / Renaissance Era; Functions / Worn Items / Jewellery; Functions / Worn Items / Jewellery / Waist Chains; Market / Jewellery / Standard Jewellery; Culture / Renaissance / Shared / North American Contact,Holdable; Wear_Waist_Chain; Destroyable_HeavyMetal,Jewellery and devotional work,Silversmithing,Renaissance personal adornment catalogue; culture admission North American Contact; availability Renaissance. Description is form-led and makes no unsupported devotional or mechanical claim.
renaissance_jewellery_nac_belt_ornament_676,Renaissance,Renaissance,Jewellery & devotional,personal adornment,North American Contact,belt ornament,a star brass belt ornament,brass,Tiny,Standard,48,116,Era / Renaissance Era; Functions / Worn Items / Jewellery; Functions / Worn Items / Jewellery / Belt Ornaments; Market / Jewellery / Standard Jewellery; Culture / Renaissance / Shared / North American Contact,Holdable; Wear_Belt_Ornament; Destroyable_HeavyMetal,Jewellery and devotional work,Silversmithing,Renaissance personal adornment catalogue; culture admission North American Contact; availability Renaissance. Description is form-led and makes no unsupported devotional or mechanical claim.
renaissance_jewellery_nac_badge_677,Renaissance,Renaissance,Jewellery & devotional,personal adornment,North American Contact,badge,a bird glass badge,glass,Tiny,VeryGood,55,125,Era / Renaissance Era; Functions / Worn Items / Jewellery; Functions / Worn Items / Jewellery / Badges; Market / Jewellery / Standard Jewellery; Culture / Renaissance / Shared / North American Contact,Holdable; Wear_Badge; Destroyable_Glassware,Jewellery and devotional work,Glassworking,Renaissance personal adornment catalogue; culture admission North American Contact; availability Renaissance. Description is form-led and makes no unsupported devotional or mechanical claim.
renaissance_jewellery_nac_temple_ring_678,Renaissance,Renaissance,Jewellery & devotional,personal adornment,North American Contact,temple ring,a vine bone temple ring,bone,Tiny,Good,62,134,Era / Renaissance Era; Functions / Worn Items / Jewellery; Functions / Worn Items / Jewellery / Temple Rings; Market / Jewellery / Standard Jewellery; Culture / Renaissance / Shared / North American Contact,Holdable; Wear_Temple_Rings; Destroyable_Misc,Jewellery and devotional work,Scrimshawing,Renaissance personal adornment catalogue; culture admission North American Contact; availability Renaissance. Description is form-led and makes no unsupported devotional or mechanical claim.
renaissance_jewellery_nac_torc_679,Renaissance,Renaissance,Jewellery & devotional,personal adornment,North American Contact,torc,a geometric shell torc,shell,Tiny,Standard,69,143,Era / Renaissance Era; Functions / Worn Items / Jewellery; Functions / Worn Items / Jewellery / Torcs; Market / Jewellery / Standard Jewellery; Culture / Renaissance / Shared / North American Contact,Holdable; Wear_Torc; Destroyable_Misc,Jewellery and devotional work,Scrimshawing,Renaissance personal adornment catalogue; culture admission North American Contact; availability Renaissance. Description is form-led and makes no unsupported devotional or mechanical claim.
renaissance_jewellery_nac_wreath_680,Renaissance,Renaissance,Jewellery & devotional,personal adornment,North American Contact,wreath,a cloud ivory wreath,ivory,Tiny,Poor,76,152,Era / Renaissance Era; Functions / Worn Items / Jewellery; Functions / Worn Items / Jewellery / Wreaths; Market / Jewellery / Standard Jewellery; Culture / Renaissance / Shared / North American Contact,Holdable; Wear_Wreath; Destroyable_Misc,Jewellery and devotional work,Scrimshawing,Renaissance personal adornment catalogue; culture admission North American Contact; availability Renaissance. Description is form-led and makes no unsupported devotional or mechanical claim.
renaissance_jewellery_nac_prayer_beads_681,Renaissance,Renaissance,Jewellery & devotional,personal devotional,North American Contact,prayer bead strand,a shell pearl prayer bead strand,pearl,Tiny,Standard,83,8,Era / Renaissance Era; Functions / Worn Items / Jewellery; Functions / Worn Items / Jewellery / Bead Strings; Market / Jewellery / Standard Jewellery; Functions / Household Items / Household Religious Items; Market / Religious Goods / Devotional Goods; Culture / Renaissance / Shared / North American Contact,Holdable; Wear_Necklace; Destroyable_Misc,Jewellery and devotional work,Gemcraft,Renaissance personal devotional catalogue; culture admission North American Contact; availability Renaissance. Description is form-led and makes no unsupported devotional or mechanical claim.
renaissance_jewellery_nac_devotional_medal_682,Renaissance,Renaissance,Jewellery & devotional,personal devotional,North American Contact,devotional medal,a reed amber devotional medal,amber,Tiny,Good,90,17,Era / Renaissance Era; Functions / Worn Items / Jewellery; Functions / Worn Items / Jewellery / Pendants; Market / Jewellery / Standard Jewellery; Functions / Household Items / Household Religious Items; Market / Religious Goods / Devotional Goods; Culture / Renaissance / Shared / North American Contact,Holdable; Wear_Necklace; Destroyable_Misc,Jewellery and devotional work,Gemcraft,Renaissance personal devotional catalogue; culture admission North American Contact; availability Renaissance. Description is form-led and makes no unsupported devotional or mechanical claim.
renaissance_jewellery_nac_devotional_badge_683,Renaissance,Renaissance,Jewellery & devotional,personal devotional,North American Contact,devotional badge,a rosette coral devotional badge,coral,Tiny,Good,20,26,Era / Renaissance Era; Functions / Worn Items / Jewellery; Functions / Worn Items / Jewellery / Badges; Market / Jewellery / Standard Jewellery; Functions / Household Items / Household Religious Items; Market / Religious Goods / Devotional Goods; Culture / Renaissance / Shared / North American Contact,Holdable; Wear_Badge; Destroyable_Misc,Jewellery and devotional work,Scrimshawing,Renaissance personal devotional catalogue; culture admission North American Contact; availability Renaissance. Description is form-led and makes no unsupported devotional or mechanical claim.
renaissance_jewellery_nac_prayer_cord_684,Renaissance,Renaissance,Jewellery & devotional,personal devotional,North American Contact,prayer cord,a checker linen prayer cord,linen,Tiny,Standard,27,35,Era / Renaissance Era; Functions / Worn Items / Jewellery; Functions / Worn Items / Jewellery / Neck Garlands; Market / Jewellery / Standard Jewellery; Functions / Household Items / Household Religious Items; Market / Religious Goods / Devotional Goods; Culture / Renaissance / Shared / North American Contact,Holdable; Wear_Neck_Garland; Destroyable_Clothing,Jewellery and devotional work,Weaving,Renaissance personal devotional catalogue; culture admission North American Contact; availability Renaissance. Description is form-led and makes no unsupported devotional or mechanical claim.
renaissance_jewellery_nac_votive_token_685,Renaissance,Renaissance,Jewellery & devotional,institutional devotional,North American Contact,votive token,a braided agate votive token,agate,Small,VeryGood,34,44,Era / Renaissance Era; Functions / Household Items / Household Religious Items; Market / Religious Goods / Devotional Goods; Culture / Renaissance / Shared / North American Contact,Holdable; Destroyable_Misc,Jewellery and devotional work,Gemcraft,Renaissance institutional devotional catalogue; culture admission North American Contact; availability Renaissance. Description is form-led and makes no unsupported devotional or mechanical claim.
renaissance_jewellery_nac_scripture_box_686,Renaissance,Renaissance,Jewellery & devotional,institutional devotional,North American Contact,small scripture box,a radiating carnelian small scripture box,carnelian,Small,Good,41,53,Era / Renaissance Era; Functions / Household Items / Household Religious Items; Market / Religious Goods / Devotional Goods; Culture / Renaissance / Shared / North American Contact,Holdable; Destroyable_Misc,Jewellery and devotional work,Gemcraft,Renaissance institutional devotional catalogue; culture admission North American Contact; availability Renaissance. Description is form-led and makes no unsupported devotional or mechanical claim.
renaissance_jewellery_nac_offering_bowl_687,Renaissance,Renaissance,Jewellery & devotional,institutional devotional,North American Contact,offering bowl,a leaf-scroll silver offering bowl,silver,Small,Standard,48,62,Era / Renaissance Era; Functions / Household Items / Household Religious Items; Market / Religious Goods / Devotional Goods; Culture / Renaissance / Shared / North American Contact,Holdable; Destroyable_HeavyMetal,Jewellery and devotional work,Silversmithing,Renaissance institutional devotional catalogue; culture admission North American Contact; availability Renaissance. Description is form-led and makes no unsupported devotional or mechanical claim.
renaissance_jewellery_nac_incense_holder_688,Renaissance,Renaissance,Jewellery & devotional,institutional devotional,North American Contact,incense holder,a sunburst pewter incense holder,pewter,Small,Poor,55,71,Era / Renaissance Era; Functions / Household Items / Household Religious Items; Market / Religious Goods / Devotional Goods; Culture / Renaissance / Shared / North American Contact,Holdable; Destroyable_HeavyMetal,Jewellery and devotional work,Silversmithing,Renaissance institutional devotional catalogue; culture admission North American Contact; availability Renaissance. Description is form-led and makes no unsupported devotional or mechanical claim.
renaissance_jewellery_nac_portable_panel_689,Renaissance,Renaissance,Jewellery & devotional,institutional devotional,North American Contact,small devotional panel,a water-wave wood small devotional panel,wood,Small,Standard,62,80,Era / Renaissance Era; Functions / Household Items / Household Religious Items; Market / Religious Goods / Devotional Goods; Culture / Renaissance / Shared / North American Contact,Holdable; Destroyable_Misc,Jewellery and devotional work,Carpentry,Renaissance institutional devotional catalogue; culture admission North American Contact; availability Renaissance. Description is form-led and makes no unsupported devotional or mechanical claim.
renaissance_jewellery_nac_processional_ornament_690,Renaissance,Renaissance,Jewellery & devotional,institutional devotional,North American Contact,processional ornament,a knotted brass processional ornament,brass,Small,Good,69,89,Era / Renaissance Era; Functions / Household Items / Household Religious Items; Market / Religious Goods / Devotional Goods; Culture / Renaissance / Shared / North American Contact,Holdable; Destroyable_HeavyMetal,Jewellery and devotional work,Silversmithing,Renaissance institutional devotional catalogue; culture admission North American Contact; availability Renaissance. Description is form-led and makes no unsupported devotional or mechanical claim.
renaissance_jewellery_col_ring_691,Renaissance,Renaissance,Jewellery & devotional,personal adornment,Colonial Atlantic,ring,a star carnelian ring,carnelian,Tiny,Good,76,98,Era / Renaissance Era; Functions / Worn Items / Jewellery; Functions / Worn Items / Jewellery / Rings; Market / Jewellery / Standard Jewellery; Culture / Renaissance / Shared / Colonial Atlantic,Holdable; Wear_Ring; Destroyable_Misc,Jewellery and devotional work,Gemcraft,Renaissance personal adornment catalogue; culture admission Colonial Atlantic; availability Renaissance. Description is form-led and makes no unsupported devotional or mechanical claim.
renaissance_jewellery_col_signet_ring_692,Renaissance,Renaissance,Jewellery & devotional,personal adornment,Colonial Atlantic,ring,a bird lapis lazuli ring,lapis lazuli,Tiny,VeryGood,83,107,Era / Renaissance Era; Functions / Worn Items / Jewellery; Functions / Worn Items / Jewellery / Rings; Market / Jewellery / Standard Jewellery; Culture / Renaissance / Shared / Colonial Atlantic,Holdable; Wear_Ring; Destroyable_Misc,Jewellery and devotional work,Gemcraft,Renaissance personal adornment catalogue; culture admission Colonial Atlantic; availability Renaissance. Description is form-led and makes no unsupported devotional or mechanical claim.
renaissance_jewellery_col_pendant_693,Renaissance,Renaissance,Jewellery & devotional,personal adornment,Colonial Atlantic,pendant,a vine turquoise pendant,turquoise,Tiny,VeryGood,90,116,Era / Renaissance Era; Functions / Worn Items / Jewellery; Functions / Worn Items / Jewellery / Pendants; Market / Jewellery / Standard Jewellery; Culture / Renaissance / Shared / Colonial Atlantic,Holdable; Wear_Necklace; Destroyable_Misc,Jewellery and devotional work,Gemcraft,Renaissance personal adornment catalogue; culture admission Colonial Atlantic; availability Renaissance. Description is form-led and makes no unsupported devotional or mechanical claim.
renaissance_jewellery_col_bead_necklace_694,Renaissance,Renaissance,Jewellery & devotional,personal adornment,Colonial Atlantic,necklace,a geometric jade necklace,jade,Tiny,Good,20,125,Era / Renaissance Era; Functions / Worn Items / Jewellery; Functions / Worn Items / Jewellery / Bead Strings; Market / Jewellery / Standard Jewellery; Culture / Renaissance / Shared / Colonial Atlantic,Holdable; Wear_Necklace; Destroyable_Misc,Jewellery and devotional work,Gemcraft,Renaissance personal adornment catalogue; culture admission Colonial Atlantic; availability Renaissance. Description is form-led and makes no unsupported devotional or mechanical claim.
renaissance_jewellery_col_chain_necklace_695,Renaissance,Renaissance,Jewellery & devotional,personal adornment,Colonial Atlantic,necklace,a cloud quartz necklace,quartz,Tiny,Standard,27,134,Era / Renaissance Era; Functions / Worn Items / Jewellery; Functions / Worn Items / Jewellery / Necklaces; Market / Jewellery / Standard Jewellery; Culture / Renaissance / Shared / Colonial Atlantic,Holdable; Wear_Necklace; Destroyable_Misc,Jewellery and devotional work,Gemcraft,Renaissance personal adornment catalogue; culture admission Colonial Atlantic; availability Renaissance. Description is form-led and makes no unsupported devotional or mechanical claim.
renaissance_jewellery_col_bracelet_696,Renaissance,Renaissance,Jewellery & devotional,personal adornment,Colonial Atlantic,bracelet,a shell faience bracelet,faience,Tiny,Poor,34,143,Era / Renaissance Era; Functions / Worn Items / Jewellery; Functions / Worn Items / Jewellery / Bracelets; Market / Jewellery / Standard Jewellery; Culture / Renaissance / Shared / Colonial Atlantic,Holdable; Wear_Bracelet; Destroyable_Glassware,Jewellery and devotional work,Glassworking,Renaissance personal adornment catalogue; culture admission Colonial Atlantic; availability Renaissance. Description is form-led and makes no unsupported devotional or mechanical claim.
renaissance_jewellery_col_armlet_697,Renaissance,Renaissance,Jewellery & devotional,personal adornment,Colonial Atlantic,armlet,a reed pewter armlet,pewter,Tiny,Standard,41,152,Era / Renaissance Era; Functions / Worn Items / Jewellery; Functions / Worn Items / Jewellery / Armlets; Market / Jewellery / Standard Jewellery; Culture / Renaissance / Shared / Colonial Atlantic,Holdable; Wear_Armlet; Destroyable_HeavyMetal,Jewellery and devotional work,Silversmithing,Renaissance personal adornment catalogue; culture admission Colonial Atlantic; availability Renaissance. Description is form-led and makes no unsupported devotional or mechanical claim.
renaissance_jewellery_col_anklet_698,Renaissance,Renaissance,Jewellery & devotional,personal adornment,Colonial Atlantic,anklet,a rosette copper anklet,copper,Tiny,Good,48,8,Era / Renaissance Era; Functions / Worn Items / Jewellery; Functions / Worn Items / Jewellery / Anklets; Market / Jewellery / Standard Jewellery; Culture / Renaissance / Shared / Colonial Atlantic,Holdable; Wear_Anklet; Destroyable_HeavyMetal,Jewellery and devotional work,Silversmithing,Renaissance personal adornment catalogue; culture admission Colonial Atlantic; availability Renaissance. Description is form-led and makes no unsupported devotional or mechanical claim.
renaissance_jewellery_col_earrings_699,Renaissance,Renaissance,Jewellery & devotional,personal adornment,Colonial Atlantic,earrings,a checker bronze earrings,bronze,Tiny,Good,55,17,Era / Renaissance Era; Functions / Worn Items / Jewellery; Functions / Worn Items / Jewellery / Earrings; Market / Jewellery / Standard Jewellery; Culture / Renaissance / Shared / Colonial Atlantic,Holdable; Wear_Earrings; Destroyable_HeavyMetal,Jewellery and devotional work,Silversmithing,Renaissance personal adornment catalogue; culture admission Colonial Atlantic; availability Renaissance. Description is form-led and makes no unsupported devotional or mechanical claim.
renaissance_jewellery_col_brooch_700,Renaissance,Renaissance,Jewellery & devotional,personal adornment,Colonial Atlantic,brooch,a braided silver brooch,silver,Tiny,Standard,62,26,Era / Renaissance Era; Functions / Worn Items / Jewellery; Functions / Worn Items / Jewellery / Brooches; Market / Jewellery / Standard Jewellery; Culture / Renaissance / Shared / Colonial Atlantic,Holdable; Wear_Brooch; Destroyable_HeavyMetal,Jewellery and devotional work,Silversmithing,Renaissance personal adornment catalogue; culture admission Colonial Atlantic; availability Renaissance. Description is form-led and makes no unsupported devotional or mechanical claim.
renaissance_jewellery_col_pin_701,Renaissance,Renaissance,Jewellery & devotional,personal adornment,Colonial Atlantic,pin,a radiating gold pin,gold,Tiny,VeryGood,69,35,Era / Renaissance Era; Functions / Worn Items / Jewellery; Functions / Worn Items / Jewellery / Pins; Market / Jewellery / Standard Jewellery; Culture / Renaissance / Shared / Colonial Atlantic,Holdable; Wear_Pin; Destroyable_HeavyMetal,Jewellery and devotional work,Silversmithing,Renaissance personal adornment catalogue; culture admission Colonial Atlantic; availability Renaissance. Description is form-led and makes no unsupported devotional or mechanical claim.
renaissance_jewellery_col_hairpin_702,Renaissance,Renaissance,Jewellery & devotional,personal adornment,Colonial Atlantic,hairpin,a leaf-scroll brass hairpin,brass,Tiny,Good,76,44,Era / Renaissance Era; Functions / Worn Items / Jewellery; Functions / Worn Items / Jewellery / Hair Ornaments; Market / Jewellery / Standard Jewellery; Culture / Renaissance / Shared / Colonial Atlantic,Holdable; Wear_Hairpin; Destroyable_HeavyMetal,Jewellery and devotional work,Silversmithing,Renaissance personal adornment catalogue; culture admission Colonial Atlantic; availability Renaissance. Description is form-led and makes no unsupported devotional or mechanical claim.
renaissance_jewellery_col_circlet_703,Renaissance,Renaissance,Jewellery & devotional,personal adornment,Colonial Atlantic,circlet,a sunburst glass circlet,glass,Tiny,Standard,83,53,Era / Renaissance Era; Functions / Worn Items / Jewellery; Functions / Worn Items / Jewellery / Circlets; Market / Jewellery / Standard Jewellery; Culture / Renaissance / Shared / Colonial Atlantic,Holdable; Wear_Circlet; Destroyable_Glassware,Jewellery and devotional work,Glassworking,Renaissance personal adornment catalogue; culture admission Colonial Atlantic; availability Renaissance. Description is form-led and makes no unsupported devotional or mechanical claim.
renaissance_jewellery_col_diadem_704,Renaissance,Renaissance,Jewellery & devotional,personal adornment,Colonial Atlantic,diadem,a water-wave bone diadem,bone,Tiny,Poor,90,62,Era / Renaissance Era; Functions / Worn Items / Jewellery; Functions / Worn Items / Jewellery / Diadems; Market / Jewellery / Standard Jewellery; Culture / Renaissance / Shared / Colonial Atlantic,Holdable; Wear_Diadem; Destroyable_Misc,Jewellery and devotional work,Scrimshawing,Renaissance personal adornment catalogue; culture admission Colonial Atlantic; availability Renaissance. Description is form-led and makes no unsupported devotional or mechanical claim.
renaissance_jewellery_col_waist_chain_705,Renaissance,Renaissance,Jewellery & devotional,personal adornment,Colonial Atlantic,waist chain,a knotted shell waist chain,shell,Tiny,Standard,20,71,Era / Renaissance Era; Functions / Worn Items / Jewellery; Functions / Worn Items / Jewellery / Waist Chains; Market / Jewellery / Standard Jewellery; Culture / Renaissance / Shared / Colonial Atlantic,Holdable; Wear_Waist_Chain; Destroyable_Misc,Jewellery and devotional work,Scrimshawing,Renaissance personal adornment catalogue; culture admission Colonial Atlantic; availability Renaissance. Description is form-led and makes no unsupported devotional or mechanical claim.
renaissance_jewellery_col_belt_ornament_706,Renaissance,Renaissance,Jewellery & devotional,personal adornment,Colonial Atlantic,belt ornament,a flower-head ivory belt ornament,ivory,Tiny,Good,27,80,Era / Renaissance Era; Functions / Worn Items / Jewellery; Functions / Worn Items / Jewellery / Belt Ornaments; Market / Jewellery / Standard Jewellery; Culture / Renaissance / Shared / Colonial Atlantic,Holdable; Wear_Belt_Ornament; Destroyable_Misc,Jewellery and devotional work,Scrimshawing,Renaissance personal adornment catalogue; culture admission Colonial Atlantic; availability Renaissance. Description is form-led and makes no unsupported devotional or mechanical claim.
renaissance_jewellery_col_badge_707,Renaissance,Renaissance,Jewellery & devotional,personal adornment,Colonial Atlantic,badge,a star pearl badge,pearl,Tiny,Good,34,89,Era / Renaissance Era; Functions / Worn Items / Jewellery; Functions / Worn Items / Jewellery / Badges; Market / Jewellery / Standard Jewellery; Culture / Renaissance / Shared / Colonial Atlantic,Holdable; Wear_Badge; Destroyable_Misc,Jewellery and devotional work,Gemcraft,Renaissance personal adornment catalogue; culture admission Colonial Atlantic; availability Renaissance. Description is form-led and makes no unsupported devotional or mechanical claim.
renaissance_jewellery_col_temple_ring_708,Renaissance,Renaissance,Jewellery & devotional,personal adornment,Colonial Atlantic,temple ring,a bird amber temple ring,amber,Tiny,Standard,41,98,Era / Renaissance Era; Functions / Worn Items / Jewellery; Functions / Worn Items / Jewellery / Temple Rings; Market / Jewellery / Standard Jewellery; Culture / Renaissance / Shared / Colonial Atlantic,Holdable; Wear_Temple_Rings; Destroyable_Misc,Jewellery and devotional work,Gemcraft,Renaissance personal adornment catalogue; culture admission Colonial Atlantic; availability Renaissance. Description is form-led and makes no unsupported devotional or mechanical claim.
renaissance_jewellery_col_torc_709,Renaissance,Renaissance,Jewellery & devotional,personal adornment,Colonial Atlantic,torc,a vine coral torc,coral,Tiny,VeryGood,48,107,Era / Renaissance Era; Functions / Worn Items / Jewellery; Functions / Worn Items / Jewellery / Torcs; Market / Jewellery / Standard Jewellery; Culture / Renaissance / Shared / Colonial Atlantic,Holdable; Wear_Torc; Destroyable_Misc,Jewellery and devotional work,Scrimshawing,Renaissance personal adornment catalogue; culture admission Colonial Atlantic; availability Renaissance. Description is form-led and makes no unsupported devotional or mechanical claim.
renaissance_jewellery_col_wreath_710,Renaissance,Renaissance,Jewellery & devotional,personal adornment,Colonial Atlantic,wreath,a geometric garnet wreath,garnet,Tiny,Good,55,116,Era / Renaissance Era; Functions / Worn Items / Jewellery; Functions / Worn Items / Jewellery / Wreaths; Market / Jewellery / Standard Jewellery; Culture / Renaissance / Shared / Colonial Atlantic,Holdable; Wear_Wreath; Destroyable_Misc,Jewellery and devotional work,Gemcraft,Renaissance personal adornment catalogue; culture admission Colonial Atlantic; availability Renaissance. Description is form-led and makes no unsupported devotional or mechanical claim.
renaissance_jewellery_col_prayer_beads_711,Renaissance,Renaissance,Jewellery & devotional,personal devotional,Colonial Atlantic,prayer bead strand,a cloud agate prayer bead strand,agate,Tiny,Standard,62,125,Era / Renaissance Era; Functions / Worn Items / Jewellery; Functions / Worn Items / Jewellery / Bead Strings; Market / Jewellery / Standard Jewellery; Functions / Household Items / Household Religious Items; Market / Religious Goods / Devotional Goods; Culture / Renaissance / Shared / Colonial Atlantic,Holdable; Wear_Necklace; Destroyable_Misc,Jewellery and devotional work,Gemcraft,Renaissance personal devotional catalogue; culture admission Colonial Atlantic; availability Renaissance. Description is form-led and makes no unsupported devotional or mechanical claim.
renaissance_jewellery_col_devotional_medal_712,Renaissance,Renaissance,Jewellery & devotional,personal devotional,Colonial Atlantic,devotional medal,a shell carnelian devotional medal,carnelian,Tiny,Poor,69,134,Era / Renaissance Era; Functions / Worn Items / Jewellery; Functions / Worn Items / Jewellery / Pendants; Market / Jewellery / Standard Jewellery; Functions / Household Items / Household Religious Items; Market / Religious Goods / Devotional Goods; Culture / Renaissance / Shared / Colonial Atlantic,Holdable; Wear_Necklace; Destroyable_Misc,Jewellery and devotional work,Gemcraft,Renaissance personal devotional catalogue; culture admission Colonial Atlantic; availability Renaissance. Description is form-led and makes no unsupported devotional or mechanical claim.
renaissance_jewellery_col_devotional_badge_713,Renaissance,Renaissance,Jewellery & devotional,personal devotional,Colonial Atlantic,devotional badge,a reed lapis lazuli devotional badge,lapis lazuli,Tiny,Standard,76,143,Era / Renaissance Era; Functions / Worn Items / Jewellery; Functions / Worn Items / Jewellery / Badges; Market / Jewellery / Standard Jewellery; Functions / Household Items / Household Religious Items; Market / Religious Goods / Devotional Goods; Culture / Renaissance / Shared / Colonial Atlantic,Holdable; Wear_Badge; Destroyable_Misc,Jewellery and devotional work,Gemcraft,Renaissance personal devotional catalogue; culture admission Colonial Atlantic; availability Renaissance. Description is form-led and makes no unsupported devotional or mechanical claim.
renaissance_jewellery_col_prayer_cord_714,Renaissance,Renaissance,Jewellery & devotional,personal devotional,Colonial Atlantic,prayer cord,a rosette linen prayer cord,linen,Tiny,Good,83,152,Era / Renaissance Era; Functions / Worn Items / Jewellery; Functions / Worn Items / Jewellery / Neck Garlands; Market / Jewellery / Standard Jewellery; Functions / Household Items / Household Religious Items; Market / Religious Goods / Devotional Goods; Culture / Renaissance / Shared / Colonial Atlantic,Holdable; Wear_Neck_Garland; Destroyable_Clothing,Jewellery and devotional work,Weaving,Renaissance personal devotional catalogue; culture admission Colonial Atlantic; availability Renaissance. Description is form-led and makes no unsupported devotional or mechanical claim.
renaissance_jewellery_col_votive_token_715,Renaissance,Renaissance,Jewellery & devotional,institutional devotional,Colonial Atlantic,votive token,a checker jade votive token,jade,Small,Good,90,8,Era / Renaissance Era; Functions / Household Items / Household Religious Items; Market / Religious Goods / Devotional Goods; Culture / Renaissance / Shared / Colonial Atlantic,Holdable; Destroyable_Misc,Jewellery and devotional work,Gemcraft,Renaissance institutional devotional catalogue; culture admission Colonial Atlantic; availability Renaissance. Description is form-led and makes no unsupported devotional or mechanical claim.
renaissance_jewellery_col_scripture_box_716,Renaissance,Renaissance,Jewellery & devotional,institutional devotional,Colonial Atlantic,small scripture box,a braided quartz small scripture box,quartz,Small,Standard,20,17,Era / Renaissance Era; Functions / Household Items / Household Religious Items; Market / Religious Goods / Devotional Goods; Culture / Renaissance / Shared / Colonial Atlantic,Holdable; Destroyable_Misc,Jewellery and devotional work,Gemcraft,Renaissance institutional devotional catalogue; culture admission Colonial Atlantic; availability Renaissance. Description is form-led and makes no unsupported devotional or mechanical claim.
renaissance_jewellery_col_offering_bowl_717,Renaissance,Renaissance,Jewellery & devotional,institutional devotional,Colonial Atlantic,offering bowl,a radiating bronze offering bowl,bronze,Small,VeryGood,27,26,Era / Renaissance Era; Functions / Household Items / Household Religious Items; Market / Religious Goods / Devotional Goods; Culture / Renaissance / Shared / Colonial Atlantic,Holdable; Destroyable_HeavyMetal,Jewellery and devotional work,Silversmithing,Renaissance institutional devotional catalogue; culture admission Colonial Atlantic; availability Renaissance. Description is form-led and makes no unsupported devotional or mechanical claim.
renaissance_jewellery_col_incense_holder_718,Renaissance,Renaissance,Jewellery & devotional,institutional devotional,Colonial Atlantic,incense holder,a leaf-scroll brass incense holder,brass,Small,Good,34,35,Era / Renaissance Era; Functions / Household Items / Household Religious Items; Market / Religious Goods / Devotional Goods; Culture / Renaissance / Shared / Colonial Atlantic,Holdable; Destroyable_HeavyMetal,Jewellery and devotional work,Silversmithing,Renaissance institutional devotional catalogue; culture admission Colonial Atlantic; availability Renaissance. Description is form-led and makes no unsupported devotional or mechanical claim.
renaissance_jewellery_col_portable_panel_719,Renaissance,Renaissance,Jewellery & devotional,institutional devotional,Colonial Atlantic,small devotional panel,a sunburst wood small devotional panel,wood,Small,Standard,41,44,Era / Renaissance Era; Functions / Household Items / Household Religious Items; Market / Religious Goods / Devotional Goods; Culture / Renaissance / Shared / Colonial Atlantic,Holdable; Destroyable_Misc,Jewellery and devotional work,Carpentry,Renaissance institutional devotional catalogue; culture admission Colonial Atlantic; availability Renaissance. Description is form-led and makes no unsupported devotional or mechanical claim.
renaissance_jewellery_col_processional_ornament_720,Renaissance,Renaissance,Jewellery & devotional,institutional devotional,Colonial Atlantic,processional ornament,a water-wave pewter processional ornament,pewter,Small,Poor,48,53,Era / Renaissance Era; Functions / Household Items / Household Religious Items; Market / Religious Goods / Devotional Goods; Culture / Renaissance / Shared / Colonial Atlantic,Holdable; Destroyable_HeavyMetal,Jewellery and devotional work,Silversmithing,Renaissance institutional devotional catalogue; culture admission Colonial Atlantic; availability Renaissance. Description is form-led and makes no unsupported devotional or mechanical claim.
